race_id,race_progress,pit_stops_so_far,current_compound,race_track,fulfilled_second_compound,rained_yet,is_raining,minutes_rain,y_compound
1,0.20689655172413793,0,MEDIUM,Melbourne,0,,,,MEDIUM
1,0.6551724137931034,1,MEDIUM,Melbourne,0,,,,HARD
1,0.20689655172413793,0,MEDIUM,Melbourne,0,,,,MEDIUM
1,0.6379310344827587,1,MEDIUM,Melbourne,0,,,,HARD
1,0.20689655172413793,0,MEDIUM,Melbourne,0,,,,MEDIUM
1,0.603448275862069,1,MEDIUM,Melbourne,0,,,,HARD
1,0.20689655172413793,0,MEDIUM,Melbourne,0,,,,MEDIUM
1,0.5689655172413793,1,MEDIUM,Melbourne,0,,,,HARD
1,0.20689655172413793,0,MEDIUM,Melbourne,0,,,,MEDIUM
1,0.5689655172413793,1,MEDIUM,Melbourne,0,,,,HARD
1,0.20689655172413793,0,MEDIUM,Melbourne,0,,,,HARD
1,0.6206896551724138,1,HARD,Melbourne,1,,,,MEDIUM
1,0.1896551724137931,0,MEDIUM,Melbourne,0,,,,MEDIUM
1,0.5517241379310345,1,MEDIUM,Melbourne,0,,,,HARD
1,0.20689655172413793,0,MEDIUM,Melbourne,0,,,,MEDIUM
1,0.6206896551724138,1,MEDIUM,Melbourne,0,,,,HARD
1,0.603448275862069,0,MEDIUM,Melbourne,0,,,,HARD
1,0.1724137931034483,0,MEDIUM,Melbourne,0,,,,MEDIUM
1,0.6206896551724138,1,MEDIUM,Melbourne,0,,,,HARD
1,0.017241379310344827,0,MEDIUM,Melbourne,0,,,,HARD
1,0.1896551724137931,1,HARD,Melbourne,1,,,,MEDIUM
1,0.5517241379310345,2,MEDIUM,Melbourne,1,,,,MEDIUM
1,0.41379310344827586,0,MEDIUM,Melbourne,0,,,,MEDIUM
1,0.7068965517241379,1,MEDIUM,Melbourne,0,,,,HARD
1,0.3448275862068966,0,MEDIUM,Melbourne,0,,,,MEDIUM
1,0.603448275862069,1,MEDIUM,Melbourne,0,,,,HARD
1,0.017241379310344827,0,HARD,Melbourne,0,,,,MEDIUM
1,0.5172413793103449,1,MEDIUM,Melbourne,1,,,,MEDIUM
1,0.017241379310344827,0,MEDIUM,Melbourne,0,,,,
1,0.4827586206896552,1,MEDIUM,Melbourne,0,,,,MEDIUM
2,0.26785714285714285,0,HARD,KualaLumpur,0,,,,HARD
2,0.5892857142857143,1,HARD,KualaLumpur,0,,,,HARD
2,0.9107142857142857,2,HARD,KualaLumpur,0,,,,
2,0.25,0,HARD,KualaLumpur,0,,,,HARD
2,0.5714285714285714,1,HARD,KualaLumpur,0,,,,HARD
2,0.8928571428571429,2,HARD,KualaLumpur,0,,,,
2,0.16071428571428573,0,HARD,KualaLumpur,0,,,,HARD
2,0.42857142857142855,1,HARD,KualaLumpur,0,,,,HARD
2,0.6964285714285714,2,HARD,KualaLumpur,0,,,,
2,0.19642857142857142,0,HARD,KualaLumpur,0,,,,HARD
2,0.48214285714285715,1,HARD,KualaLumpur,0,,,,
2,0.75,2,,KualaLumpur,0,,,,HARD
2,0.2857142857142857,0,HARD,KualaLumpur,0,,,,HARD
2,0.6071428571428571,1,HARD,KualaLumpur,0,,,,
2,0.17857142857142858,0,HARD,KualaLumpur,0,,,,HARD
2,0.39285714285714285,1,HARD,KualaLumpur,0,,,,
2,0.6071428571428571,2,,KualaLumpur,0,,,,HARD
2,0.21428571428571427,0,HARD,KualaLumpur,0,,,,HARD
2,0.48214285714285715,1,HARD,KualaLumpur,0,,,,HARD
2,0.75,2,HARD,KualaLumpur,0,,,,
2,0.23214285714285715,0,HARD,KualaLumpur,0,,,,HARD
2,0.44642857142857145,1,HARD,KualaLumpur,0,,,,HARD
2,0.6964285714285714,2,HARD,KualaLumpur,0,,,,
2,0.03571428571428571,0,HARD,KualaLumpur,0,,,,HARD
2,0.32142857142857145,1,HARD,KualaLumpur,0,,,,
2,0.6071428571428571,2,,KualaLumpur,0,,,,HARD
2,0.23214285714285715,0,HARD,KualaLumpur,0,,,,HARD
2,0.5535714285714286,1,HARD,KualaLumpur,0,,,,HARD
2,0.875,2,HARD,KualaLumpur,0,,,,
2,0.26785714285714285,0,HARD,KualaLumpur,0,,,,HARD
2,0.5535714285714286,1,HARD,KualaLumpur,0,,,,
2,0.25,0,HARD,KualaLumpur,0,,,,HARD
2,0.5178571428571429,1,HARD,KualaLumpur,0,,,,HARD
2,0.7857142857142857,2,HARD,KualaLumpur,0,,,,
2,0.17857142857142858,0,HARD,KualaLumpur,0,,,,HARD
2,0.48214285714285715,1,HARD,KualaLumpur,0,,,,HARD
2,0.7321428571428571,2,HARD,KualaLumpur,0,,,,
2,0.19642857142857142,0,HARD,KualaLumpur,0,,,,HARD
2,0.4642857142857143,1,HARD,KualaLumpur,0,,,,HARD
2,0.6785714285714286,2,HARD,KualaLumpur,0,,,,
2,0.21428571428571427,0,HARD,KualaLumpur,0,,,,HARD
2,0.44642857142857145,1,HARD,KualaLumpur,0,,,,HARD
2,0.7142857142857143,2,HARD,KualaLumpur,0,,,,
3,0.3333333333333333,0,MEDIUM,Sakhir,0,,,,MEDIUM
3,0.7192982456140351,1,MEDIUM,Sakhir,0,,,,HARD
3,0.3157894736842105,0,MEDIUM,Sakhir,0,,,,HARD
3,0.6140350877192983,1,HARD,Sakhir,1,,,,MEDIUM
3,0.3684210526315789,0,MEDIUM,Sakhir,0,,,,HARD
3,0.7192982456140351,1,HARD,Sakhir,1,,,,MEDIUM
3,0.21052631578947367,0,MEDIUM,Sakhir,0,,,,MEDIUM
3,0.49122807017543857,1,MEDIUM,Sakhir,0,,,,HARD
3,0.7192982456140351,2,HARD,Sakhir,1,,,,HARD
3,0.2631578947368421,0,MEDIUM,Sakhir,0,,,,MEDIUM
3,0.6140350877192983,1,MEDIUM,Sakhir,0,,,,HARD
3,0.17543859649122806,0,MEDIUM,Sakhir,0,,,,MEDIUM
3,0.42105263157894735,1,MEDIUM,Sakhir,0,,,,HARD
3,0.6842105263157895,2,HARD,Sakhir,1,,,,MEDIUM
3,0.22807017543859648,0,MEDIUM,Sakhir,0,,,,MEDIUM
3,0.49122807017543857,1,MEDIUM,Sakhir,0,,,,MEDIUM
3,0.6666666666666666,2,MEDIUM,Sakhir,0,,,,HARD
3,0.22807017543859648,0,MEDIUM,Sakhir,0,,,,MEDIUM
3,0.5789473684210527,1,MEDIUM,Sakhir,0,,,,HARD
3,0.7192982456140351,2,HARD,Sakhir,1,,,,HARD
3,0.2807017543859649,0,HARD,Sakhir,0,,,,MEDIUM
3,0.5964912280701754,1,MEDIUM,Sakhir,1,,,,MEDIUM
3,0.2631578947368421,0,MEDIUM,Sakhir,0,,,,MEDIUM
3,0.6140350877192983,1,MEDIUM,Sakhir,0,,,,HARD
3,0.17543859649122806,0,MEDIUM,Sakhir,0,,,,MEDIUM
3,0.43859649122807015,1,MEDIUM,Sakhir,0,,,,MEDIUM
3,0.7017543859649122,2,MEDIUM,Sakhir,0,,,,HARD
3,0.2807017543859649,0,MEDIUM,Sakhir,0,,,,MEDIUM
3,0.5964912280701754,1,MEDIUM,Sakhir,0,,,,HARD
3,0.19298245614035087,0,MEDIUM,Sakhir,0,,,,MEDIUM
3,0.49122807017543857,1,MEDIUM,Sakhir,0,,,,HARD
3,0.7017543859649122,2,HARD,Sakhir,1,,,,MEDIUM
3,0.22807017543859648,0,MEDIUM,Sakhir,0,,,,MEDIUM
3,0.49122807017543857,1,MEDIUM,Sakhir,0,,,,HARD
3,0.6491228070175439,2,HARD,Sakhir,1,,,,MEDIUM
4,0.30357142857142855,0,MEDIUM,Shanghai,0,,,,HARD
4,0.6785714285714286,1,HARD,Shanghai,1,,,,HARD
4,0.26785714285714285,0,MEDIUM,Shanghai,0,,,,HARD
4,0.6607142857142857,1,HARD,Shanghai,1,,,,HARD
4,0.23214285714285715,0,MEDIUM,Shanghai,0,,,,HARD
4,0.6607142857142857,1,HARD,Shanghai,1,,,,HARD
4,0.30357142857142855,0,HARD,Shanghai,0,,,,MEDIUM
4,0.5535714285714286,1,MEDIUM,Shanghai,1,,,,HARD
4,0.19642857142857142,0,MEDIUM,Shanghai,0,,,,HARD
4,0.5892857142857143,1,HARD,Shanghai,1,,,,HARD
4,0.26785714285714285,0,MEDIUM,Shanghai,0,,,,MEDIUM
4,0.5714285714285714,1,MEDIUM,Shanghai,0,,,,HARD
4,0.19642857142857142,0,MEDIUM,Shanghai,0,,,,HARD
4,0.5535714285714286,1,HARD,Shanghai,1,,,,HARD
4,0.25,0,MEDIUM,Shanghai,0,,,,HARD
4,0.5535714285714286,1,HARD,Shanghai,1,,,,HARD
4,0.17857142857142858,0,MEDIUM,Shanghai,0,,,,HARD
4,0.5535714285714286,1,HARD,Shanghai,1,,,,HARD
4,0.125,0,MEDIUM,Shanghai,0,,,,HARD
4,0.5,1,HARD,Shanghai,1,,,,HARD
4,0.17857142857142858,0,MEDIUM,Shanghai,0,,,,HARD
4,0.5535714285714286,1,HARD,Shanghai,1,,,,HARD
4,0.21428571428571427,0,MEDIUM,Shanghai,0,,,,HARD
4,0.6071428571428571,1,HARD,Shanghai,1,,,,HARD
4,0.21428571428571427,0,MEDIUM,Shanghai,0,,,,HARD
4,0.5535714285714286,1,HARD,Shanghai,1,,,,HARD
4,0.17857142857142858,0,MEDIUM,Shanghai,0,,,,HARD
4,0.5357142857142857,1,HARD,Shanghai,1,,,,HARD
4,0.19642857142857142,0,MEDIUM,Shanghai,0,,,,HARD
4,0.5714285714285714,1,HARD,Shanghai,1,,,,HARD
5,0.2727272727272727,0,HARD,Catalunya,0,,,,HARD
5,0.6515151515151515,1,HARD,Catalunya,0,,,,
5,0.21212121212121213,0,HARD,Catalunya,0,,,,HARD
5,0.6818181818181818,1,HARD,Catalunya,0,,,,
5,0.3181818181818182,0,HARD,Catalunya,0,,,,
5,0.6818181818181818,1,,Catalunya,0,,,,HARD
5,0.2878787878787879,0,HARD,Catalunya,0,,,,HARD
5,0.6212121212121212,1,HARD,Catalunya,0,,,,
5,0.24242424242424243,0,HARD,Catalunya,0,,,,HARD
5,0.5303030303030303,1,HARD,Catalunya,0,,,,
5,0.803030303030303,2,,Catalunya,0,,,,HARD
5,0.25757575757575757,0,HARD,Catalunya,0,,,,HARD
5,0.5454545454545454,1,HARD,Catalunya,0,,,,
5,0.2727272727272727,0,HARD,Catalunya,0,,,,HARD
5,0.5454545454545454,1,HARD,Catalunya,0,,,,
5,0.803030303030303,2,,Catalunya,0,,,,HARD
5,0.22727272727272727,0,HARD,Catalunya,0,,,,HARD
5,0.42424242424242425,1,HARD,Catalunya,0,,,,
5,0.696969696969697,2,,Catalunya,0,,,,
5,0.25757575757575757,0,HARD,Catalunya,0,,,,HARD
5,0.5454545454545454,1,HARD,Catalunya,0,,,,
5,0.25757575757575757,0,HARD,Catalunya,0,,,,HARD
5,0.6515151515151515,1,HARD,Catalunya,0,,,,
5,0.18181818181818182,0,HARD,Catalunya,0,,,,
5,0.5,1,,Catalunya,0,,,,HARD
5,0.7878787878787878,2,HARD,Catalunya,0,,,,HARD
5,0.30303030303030304,0,HARD,Catalunya,0,,,,HARD
5,0.6818181818181818,1,HARD,Catalunya,0,,,,
5,0.2727272727272727,0,HARD,Catalunya,0,,,,
5,0.5606060606060606,1,,Catalunya,0,,,,HARD
5,0.22727272727272727,0,HARD,Catalunya,0,,,,HARD
5,0.5606060606060606,1,HARD,Catalunya,0,,,,
5,0.22727272727272727,0,HARD,Catalunya,0,,,,HARD
5,0.5151515151515151,1,HARD,Catalunya,0,,,,
6,0.3333333333333333,0,MEDIUM,MonteCarlo,0,,,,HARD
6,0.3333333333333333,0,MEDIUM,MonteCarlo,0,,,,HARD
6,0.3333333333333333,0,MEDIUM,MonteCarlo,0,,,,HARD
6,0.3333333333333333,0,MEDIUM,MonteCarlo,0,,,,HARD
6,0.3333333333333333,0,MEDIUM,MonteCarlo,0,,,,HARD
6,0.3333333333333333,0,HARD,MonteCarlo,0,,,,MEDIUM
6,0.5769230769230769,0,MEDIUM,MonteCarlo,0,,,,HARD
6,0.32051282051282054,0,MEDIUM,MonteCarlo,0,,,,HARD
6,0.3333333333333333,0,MEDIUM,MonteCarlo,0,,,,HARD
6,0.358974358974359,1,HARD,MonteCarlo,1,,,,HARD
6,0.9358974358974359,2,HARD,MonteCarlo,1,,,,MEDIUM
6,0.32051282051282054,0,MEDIUM,MonteCarlo,0,,,,HARD
6,0.7948717948717948,1,HARD,MonteCarlo,1,,,,MEDIUM
6,0.3076923076923077,0,HARD,MonteCarlo,0,,,,MEDIUM
6,0.34615384615384615,1,MEDIUM,MonteCarlo,1,,,,MEDIUM
6,0.8461538461538461,2,MEDIUM,MonteCarlo,1,,,,MEDIUM
6,0.32051282051282054,0,HARD,MonteCarlo,0,,,,MEDIUM
6,0.32051282051282054,0,HARD,MonteCarlo,0,,,,MEDIUM
6,0.6538461538461539,1,MEDIUM,MonteCarlo,1,,,,MEDIUM
6,0.32051282051282054,0,MEDIUM,MonteCarlo,0,,,,HARD
6,0.01282051282051282,0,MEDIUM,MonteCarlo,0,,,,HARD
6,0.2948717948717949,1,HARD,MonteCarlo,1,,,,MEDIUM
7,0.18571428571428572,0,MEDIUM,Montreal,0,,,,HARD
7,0.5285714285714286,1,HARD,Montreal,1,,,,HARD
7,0.2571428571428571,0,MEDIUM,Montreal,0,,,,HARD
7,0.6285714285714286,1,HARD,Montreal,1,,,,HARD
7,0.21428571428571427,0,MEDIUM,Montreal,0,,,,HARD
7,0.6428571428571429,1,HARD,Montreal,1,,,,HARD
7,0.22857142857142856,0,MEDIUM,Montreal,0,,,,HARD
7,0.6285714285714286,1,HARD,Montreal,1,,,,HARD
7,0.21428571428571427,0,MEDIUM,Montreal,0,,,,HARD
7,0.5571428571428572,1,HARD,Montreal,1,,,,HARD
7,0.5857142857142857,0,HARD,Montreal,0,,,,MEDIUM
7,0.21428571428571427,0,MEDIUM,Montreal,0,,,,HARD
7,0.6857142857142857,1,HARD,Montreal,1,,,,HARD
7,0.2,0,MEDIUM,Montreal,0,,,,HARD
7,0.5428571428571428,1,HARD,Montreal,1,,,,HARD
7,0.24285714285714285,0,MEDIUM,Montreal,0,,,,HARD
7,0.5571428571428572,1,HARD,Montreal,1,,,,HARD
7,0.21428571428571427,0,MEDIUM,Montreal,0,,,,HARD
7,0.5142857142857142,1,HARD,Montreal,1,,,,HARD
7,0.21428571428571427,0,MEDIUM,Montreal,0,,,,HARD
7,0.5714285714285714,1,HARD,Montreal,1,,,,HARD
7,0.2,0,MEDIUM,Montreal,0,,,,HARD
7,0.5,1,HARD,Montreal,1,,,,HARD
7,0.4857142857142857,0,MEDIUM,Montreal,0,,,,HARD
7,0.014285714285714285,0,HARD,Montreal,0,,,,MEDIUM
7,0.02857142857142857,1,MEDIUM,Montreal,1,,,,HARD
7,0.45714285714285713,2,HARD,Montreal,1,,,,HARD
7,0.15714285714285714,0,MEDIUM,Montreal,0,,,,HARD
7,0.6571428571428571,1,HARD,Montreal,1,,,,HARD
8,0.18309859154929578,0,MEDIUM,Spielberg,0,,,,HARD
8,0.5492957746478874,1,HARD,Spielberg,1,,,,HARD
8,0.14084507042253522,0,MEDIUM,Spielberg,0,,,,HARD
8,0.6056338028169014,1,HARD,Spielberg,1,,,,HARD
8,0.15492957746478872,0,MEDIUM,Spielberg,0,,,,HARD
8,0.5633802816901409,1,HARD,Spielberg,1,,,,HARD
8,0.14084507042253522,0,MEDIUM,Spielberg,0,,,,HARD
8,0.5633802816901409,1,HARD,Spielberg,1,,,,HARD
8,0.19718309859154928,0,MEDIUM,Spielberg,0,,,,HARD
8,0.6619718309859155,1,HARD,Spielberg,1,,,,HARD
8,0.1267605633802817,0,MEDIUM,Spielberg,0,,,,HARD
8,0.5492957746478874,1,HARD,Spielberg,1,,,,HARD
8,0.19718309859154928,0,MEDIUM,Spielberg,0,,,,HARD
8,0.6056338028169014,1,HARD,Spielberg,1,,,,HARD
8,0.38028169014084506,0,HARD,Spielberg,0,,,,HARD
8,0.8169014084507042,1,HARD,Spielberg,0,,,,MEDIUM
8,0.2112676056338028,0,MEDIUM,Spielberg,0,,,,HARD
8,0.6197183098591549,1,HARD,Spielberg,1,,,,HARD
8,0.15492957746478872,0,MEDIUM,Spielberg,0,,,,HARD
8,0.6056338028169014,1,HARD,Spielberg,1,,,,HARD
8,0.2112676056338028,0,MEDIUM,Spielberg,0,,,,HARD
8,0.5774647887323944,1,HARD,Spielberg,1,,,,HARD
8,0.4084507042253521,0,HARD,Spielberg,0,,,,HARD
8,0.7746478873239436,1,HARD,Spielberg,0,,,,MEDIUM
8,0.5633802816901409,0,HARD,Spielberg,0,,,,MEDIUM
8,0.36619718309859156,0,HARD,Spielberg,0,,,,HARD
8,0.7887323943661971,1,HARD,Spielberg,0,,,,MEDIUM
8,0.04225352112676056,0,MEDIUM,Spielberg,0,,,,HARD
8,0.38028169014084506,1,HARD,Spielberg,1,,,,HARD
9,0.46153846153846156,0,HARD,Silverstone,0,,,,
9,0.7884615384615384,1,,Silverstone,0,,,,
9,0.28846153846153844,0,,Silverstone,0,,,,HARD
9,0.5192307692307693,0,HARD,Silverstone,0,,,,
9,0.4807692307692308,0,HARD,Silverstone,0,,,,HARD
9,0.5192307692307693,0,,Silverstone,0,,,,HARD
9,0.5576923076923077,0,HARD,Silverstone,0,,,,
9,0.2692307692307692,0,HARD,Silverstone,0,,,,HARD
9,0.6730769230769231,1,HARD,Silverstone,0,,,,
9,0.5384615384615384,0,HARD,Silverstone,0,,,,
9,0.19230769230769232,0,,Silverstone,0,,,,HARD
9,0.6346153846153846,1,HARD,Silverstone,0,,,,HARD
9,0.4423076923076923,0,HARD,Silverstone,0,,,,
9,0.34615384615384615,0,HARD,Silverstone,0,,,,
9,0.5576923076923077,1,,Silverstone,0,,,,HARD
9,0.5961538461538461,0,HARD,Silverstone,0,,,,
9,0.5,0,,Silverstone,0,,,,HARD
9,0.5576923076923077,0,HARD,Silverstone,0,,,,
9,0.5769230769230769,0,,Silverstone,0,,,,HARD
10,0.3880597014925373,0,HARD,Hockenheim,0,,,,HARD
10,0.6268656716417911,1,HARD,Hockenheim,0,,,,MEDIUM
10,0.746268656716418,2,MEDIUM,Hockenheim,1,,,,MEDIUM
10,0.19402985074626866,0,MEDIUM,Hockenheim,0,,,,HARD
10,0.5223880597014925,1,HARD,Hockenheim,1,,,,MEDIUM
10,0.6865671641791045,2,MEDIUM,Hockenheim,1,,,,HARD
10,0.22388059701492538,0,MEDIUM,Hockenheim,0,,,,HARD
10,0.6119402985074627,1,HARD,Hockenheim,1,,,,HARD
10,0.014925373134328358,0,MEDIUM,Hockenheim,0,,,,HARD
10,0.43283582089552236,1,HARD,Hockenheim,1,,,,HARD
10,0.7910447761194029,2,HARD,Hockenheim,1,,,,MEDIUM
10,0.1791044776119403,0,MEDIUM,Hockenheim,0,,,,HARD
10,0.4925373134328358,1,HARD,Hockenheim,1,,,,HARD
10,0.8208955223880597,2,HARD,Hockenheim,1,,,,MEDIUM
10,0.19402985074626866,0,MEDIUM,Hockenheim,0,,,,HARD
10,0.5522388059701493,1,HARD,Hockenheim,1,,,,MEDIUM
10,0.7313432835820896,2,MEDIUM,Hockenheim,1,,,,HARD
10,0.208955223880597,0,MEDIUM,Hockenheim,0,,,,HARD
10,0.582089552238806,1,HARD,Hockenheim,1,,,,HARD
10,0.19402985074626866,0,MEDIUM,Hockenheim,0,,,,HARD
10,0.4626865671641791,1,HARD,Hockenheim,1,,,,HARD
10,0.9104477611940298,2,HARD,Hockenheim,1,,,,MEDIUM
10,0.29850746268656714,0,HARD,Hockenheim,0,,,,MEDIUM
10,0.5074626865671642,1,MEDIUM,Hockenheim,1,,,,HARD
10,0.7910447761194029,2,HARD,Hockenheim,1,,,,MEDIUM
10,0.208955223880597,0,MEDIUM,Hockenheim,0,,,,HARD
10,0.5074626865671642,1,HARD,Hockenheim,1,,,,MEDIUM
10,0.6716417910447762,2,MEDIUM,Hockenheim,1,,,,HARD
10,0.22388059701492538,0,MEDIUM,Hockenheim,0,,,,HARD
10,0.5970149253731343,1,HARD,Hockenheim,1,,,,HARD
10,0.208955223880597,0,MEDIUM,Hockenheim,0,,,,HARD
10,0.5074626865671642,1,HARD,Hockenheim,1,,,,HARD
10,0.7761194029850746,2,HARD,Hockenheim,1,,,,MEDIUM
10,0.29850746268656714,0,MEDIUM,Hockenheim,0,,,,HARD
10,0.6716417910447762,1,HARD,Hockenheim,1,,,,MEDIUM
10,0.208955223880597,0,MEDIUM,Hockenheim,0,,,,MEDIUM
10,0.4626865671641791,1,MEDIUM,Hockenheim,0,,,,HARD
10,0.746268656716418,2,HARD,Hockenheim,1,,,,HARD
10,0.26865671641791045,0,MEDIUM,Hockenheim,0,,,,MEDIUM
10,0.5671641791044776,1,MEDIUM,Hockenheim,0,,,,HARD
11,0.11428571428571428,0,INTERMEDIATE,Budapest,0,,,,MEDIUM
11,0.5571428571428572,1,MEDIUM,Budapest,1,,,,HARD
11,0.11428571428571428,0,INTERMEDIATE,Budapest,0,,,,MEDIUM
11,0.32857142857142857,1,MEDIUM,Budapest,1,,,,MEDIUM
11,0.7714285714285715,2,MEDIUM,Budapest,1,,,,MEDIUM
11,0.12857142857142856,0,INTERMEDIATE,Budapest,0,,,,MEDIUM
11,0.45714285714285713,1,MEDIUM,Budapest,1,,,,MEDIUM
11,0.8,2,MEDIUM,Budapest,1,,,,MEDIUM
11,0.21428571428571427,0,INTERMEDIATE,Budapest,0,,,,MEDIUM
11,0.5571428571428572,1,MEDIUM,Budapest,1,,,,HARD
11,0.12857142857142856,0,INTERMEDIATE,Budapest,0,,,,MEDIUM
11,0.5428571428571428,1,MEDIUM,Budapest,1,,,,MEDIUM
11,0.11428571428571428,0,INTERMEDIATE,Budapest,0,,,,MEDIUM
11,0.4857142857142857,1,MEDIUM,Budapest,1,,,,HARD
11,0.11428571428571428,0,INTERMEDIATE,Budapest,0,,,,MEDIUM
11,0.42857142857142855,1,MEDIUM,Budapest,1,,,,HARD
11,0.11428571428571428,0,INTERMEDIATE,Budapest,0,,,,MEDIUM
11,0.32857142857142857,1,MEDIUM,Budapest,1,,,,HARD
11,0.6428571428571429,2,HARD,Budapest,1,,,,HARD
11,0.11428571428571428,0,INTERMEDIATE,Budapest,0,,,,INTERMEDIATE
11,0.21428571428571427,1,INTERMEDIATE,Budapest,0,,,,MEDIUM
11,0.5285714285714286,2,MEDIUM,Budapest,1,,,,HARD
11,0.11428571428571428,0,INTERMEDIATE,Budapest,0,,,,MEDIUM
11,0.5857142857142857,1,MEDIUM,Budapest,1,,,,MEDIUM
11,0.12857142857142856,0,INTERMEDIATE,Budapest,0,,,,MEDIUM
11,0.4714285714285714,1,MEDIUM,Budapest,1,,,,HARD
11,0.11428571428571428,0,INTERMEDIATE,Budapest,0,,,,MEDIUM
11,0.5571428571428572,1,MEDIUM,Budapest,1,,,,MEDIUM
11,0.12857142857142856,0,INTERMEDIATE,Budapest,0,,,,MEDIUM
11,0.32857142857142857,1,MEDIUM,Budapest,1,,,,HARD
11,0.8428571428571429,2,HARD,Budapest,1,,,,MEDIUM
11,0.12857142857142856,0,INTERMEDIATE,Budapest,0,,,,MEDIUM
11,0.24285714285714285,1,MEDIUM,Budapest,1,,,,MEDIUM
11,0.6,2,MEDIUM,Budapest,1,,,,MEDIUM
11,0.11428571428571428,0,INTERMEDIATE,Budapest,0,,,,MEDIUM
11,0.24285714285714285,1,MEDIUM,Budapest,1,,,,MEDIUM
11,0.6142857142857143,2,MEDIUM,Budapest,1,,,,MEDIUM
12,0.25,0,MEDIUM,Spa,0,,,,MEDIUM
12,0.6136363636363636,1,MEDIUM,Spa,0,,,,HARD
12,0.18181818181818182,0,MEDIUM,Spa,0,,,,HARD
12,0.4318181818181818,1,HARD,Spa,1,,,,HARD
12,0.7727272727272727,2,HARD,Spa,1,,,,MEDIUM
12,0.25,0,MEDIUM,Spa,0,,,,MEDIUM
12,0.5227272727272727,1,MEDIUM,Spa,0,,,,HARD
12,0.2727272727272727,0,MEDIUM,Spa,0,,,,MEDIUM
12,0.5681818181818182,1,MEDIUM,Spa,0,,,,HARD
12,0.3409090909090909,0,MEDIUM,Spa,0,,,,HARD
12,0.6590909090909091,1,HARD,Spa,1,,,,MEDIUM
12,0.22727272727272727,0,MEDIUM,Spa,0,,,,HARD
12,0.6818181818181818,1,HARD,Spa,1,,,,MEDIUM
12,0.22727272727272727,0,MEDIUM,Spa,0,,,,MEDIUM
12,0.5454545454545454,1,MEDIUM,Spa,0,,,,HARD
12,0.20454545454545456,0,MEDIUM,Spa,0,,,,HARD
12,0.4772727272727273,1,HARD,Spa,1,,,,MEDIUM
12,0.7954545454545454,2,MEDIUM,Spa,1,,,,MEDIUM
12,0.29545454545454547,0,MEDIUM,Spa,0,,,,MEDIUM
12,0.6590909090909091,1,MEDIUM,Spa,0,,,,HARD
12,0.18181818181818182,0,MEDIUM,Spa,0,,,,MEDIUM
12,0.4772727272727273,1,MEDIUM,Spa,0,,,,HARD
12,0.22727272727272727,0,MEDIUM,Spa,0,,,,MEDIUM
12,0.5,1,MEDIUM,Spa,0,,,,HARD
12,0.7727272727272727,2,HARD,Spa,1,,,,MEDIUM
12,0.25,0,HARD,Spa,0,,,,MEDIUM
12,0.4772727272727273,1,MEDIUM,Spa,1,,,,MEDIUM
12,0.7727272727272727,2,MEDIUM,Spa,1,,,,MEDIUM
12,0.2727272727272727,0,MEDIUM,Spa,0,,,,MEDIUM
12,0.6363636363636364,1,MEDIUM,Spa,0,,,,HARD
12,0.20454545454545456,0,MEDIUM,Spa,0,,,,MEDIUM
12,0.5,1,MEDIUM,Spa,0,,,,HARD
12,0.3181818181818182,0,MEDIUM,Spa,0,,,,MEDIUM
12,0.6818181818181818,1,MEDIUM,Spa,0,,,,HARD
13,0.4716981132075472,0,HARD,Monza,0,,,,
13,0.49056603773584906,0,HARD,Monza,0,,,,
13,0.4528301886792453,0,HARD,Monza,0,,,,
13,0.39622641509433965,0,HARD,Monza,0,,,,
13,0.4528301886792453,0,HARD,Monza,0,,,,
13,0.3584905660377358,0,,Monza,0,,,,HARD
13,0.5660377358490566,0,,Monza,0,,,,HARD
13,0.4339622641509434,0,HARD,Monza,0,,,,
13,0.41509433962264153,0,HARD,Monza,0,,,,
13,0.37735849056603776,0,HARD,Monza,0,,,,
13,0.33962264150943394,0,HARD,Monza,0,,,,
13,0.4528301886792453,0,,Monza,0,,,,HARD
13,0.4528301886792453,0,HARD,Monza,0,,,,
13,0.3584905660377358,0,HARD,Monza,0,,,,
13,0.39622641509433965,0,HARD,Monza,0,,,,
14,0.21311475409836064,0,MEDIUM,Singapore,0,,,,MEDIUM
14,0.4262295081967213,1,MEDIUM,Singapore,0,,,,MEDIUM
14,0.8524590163934426,2,MEDIUM,Singapore,0,,,,HARD
14,0.19672131147540983,0,MEDIUM,Singapore,0,,,,MEDIUM
14,0.4426229508196721,1,MEDIUM,Singapore,0,,,,HARD
14,0.21311475409836064,0,MEDIUM,Singapore,0,,,,HARD
14,0.4262295081967213,1,HARD,Singapore,1,,,,MEDIUM
14,0.7540983606557377,2,MEDIUM,Singapore,1,,,,MEDIUM
14,0.19672131147540983,0,MEDIUM,Singapore,0,,,,MEDIUM
14,0.39344262295081966,1,MEDIUM,Singapore,0,,,,MEDIUM
14,0.5081967213114754,2,MEDIUM,Singapore,0,,,,HARD
14,0.18032786885245902,0,MEDIUM,Singapore,0,,,,MEDIUM
14,0.39344262295081966,1,MEDIUM,Singapore,0,,,,MEDIUM
14,0.7213114754098361,2,MEDIUM,Singapore,0,,,,HARD
14,0.14754098360655737,0,MEDIUM,Singapore,0,,,,MEDIUM
14,0.4098360655737705,1,MEDIUM,Singapore,0,,,,HARD
14,0.5081967213114754,2,HARD,Singapore,1,,,,HARD
14,0.16393442622950818,0,MEDIUM,Singapore,0,,,,HARD
14,0.3770491803278688,1,HARD,Singapore,1,,,,MEDIUM
14,0.7049180327868853,2,MEDIUM,Singapore,1,,,,HARD
14,0.16393442622950818,0,MEDIUM,Singapore,0,,,,MEDIUM
14,0.36065573770491804,1,MEDIUM,Singapore,0,,,,HARD
14,0.18032786885245902,0,MEDIUM,Singapore,0,,,,MEDIUM
14,0.4098360655737705,1,MEDIUM,Singapore,0,,,,MEDIUM
14,0.5081967213114754,2,MEDIUM,Singapore,0,,,,HARD
14,0.19672131147540983,0,MEDIUM,Singapore,0,,,,MEDIUM
14,0.4098360655737705,1,MEDIUM,Singapore,0,,,,HARD
14,0.18032786885245902,0,MEDIUM,Singapore,0,,,,MEDIUM
14,0.3770491803278688,1,MEDIUM,Singapore,0,,,,HARD
14,0.19672131147540983,0,MEDIUM,Singapore,0,,,,MEDIUM
14,0.4918032786885246,1,MEDIUM,Singapore,0,,,,HARD
14,0.16393442622950818,0,MEDIUM,Singapore,0,,,,MEDIUM
14,0.36065573770491804,1,MEDIUM,Singapore,0,,,,MEDIUM
14,0.4918032786885246,2,MEDIUM,Singapore,0,,,,HARD
15,0.03773584905660377,0,WET,Suzuka,0,,,,
15,0.2641509433962264,1,WET,Suzuka,0,,,,INTERMEDIATE
15,0.660377358490566,2,INTERMEDIATE,Suzuka,1,,,,INTERMEDIATE
15,0.03773584905660377,0,WET,Suzuka,0,,,,
15,0.20754716981132076,1,WET,Suzuka,0,,,,INTERMEDIATE
15,0.6792452830188679,2,INTERMEDIATE,Suzuka,1,,,,INTERMEDIATE
15,0.03773584905660377,0,WET,Suzuka,0,,,,
15,0.24528301886792453,1,WET,Suzuka,0,,,,INTERMEDIATE
15,0.6226415094339622,2,INTERMEDIATE,Suzuka,1,,,,INTERMEDIATE
15,0.03773584905660377,0,WET,Suzuka,0,,,,
15,0.20754716981132076,1,WET,Suzuka,0,,,,INTERMEDIATE
15,0.3584905660377358,2,INTERMEDIATE,Suzuka,1,,,,INTERMEDIATE
15,0.03773584905660377,0,WET,Suzuka,0,,,,
15,0.22641509433962265,1,WET,Suzuka,0,,,,INTERMEDIATE
15,0.6981132075471698,2,INTERMEDIATE,Suzuka,1,,,,INTERMEDIATE
15,0.03773584905660377,0,WET,Suzuka,0,,,,
15,0.22641509433962265,1,WET,Suzuka,0,,,,INTERMEDIATE
15,0.5471698113207547,2,INTERMEDIATE,Suzuka,1,,,,INTERMEDIATE
15,0.03773584905660377,0,WET,Suzuka,0,,,,
15,0.20754716981132076,1,WET,Suzuka,0,,,,INTERMEDIATE
15,0.7169811320754716,2,INTERMEDIATE,Suzuka,1,,,,INTERMEDIATE
15,0.03773584905660377,0,WET,Suzuka,0,,,,
15,0.20754716981132076,1,WET,Suzuka,0,,,,INTERMEDIATE
15,0.6415094339622641,2,INTERMEDIATE,Suzuka,1,,,,INTERMEDIATE
16,0.5094339622641509,0,MEDIUM,Sochi,0,,,,HARD
16,0.20754716981132076,0,MEDIUM,Sochi,0,,,,HARD
16,0.018867924528301886,0,MEDIUM,Sochi,0,,,,HARD
16,0.49056603773584906,0,MEDIUM,Sochi,0,,,,HARD
16,0.4716981132075472,0,MEDIUM,Sochi,0,,,,HARD
16,0.4339622641509434,0,MEDIUM,Sochi,0,,,,HARD
16,0.4528301886792453,0,HARD,Sochi,0,,,,MEDIUM
16,0.37735849056603776,0,MEDIUM,Sochi,0,,,,HARD
16,0.6981132075471698,1,HARD,Sochi,1,,,,MEDIUM
16,0.018867924528301886,0,HARD,Sochi,0,,,,MEDIUM
16,0.5094339622641509,1,MEDIUM,Sochi,1,,,,MEDIUM
16,0.41509433962264153,0,MEDIUM,Sochi,0,,,,HARD
16,0.49056603773584906,0,MEDIUM,Sochi,0,,,,HARD
16,0.5660377358490566,0,MEDIUM,Sochi,0,,,,HARD
16,0.49056603773584906,0,MEDIUM,Sochi,0,,,,HARD
16,0.4716981132075472,0,HARD,Sochi,0,,,,MEDIUM
16,0.7358490566037735,0,MEDIUM,Sochi,0,,,,HARD
17,0.2857142857142857,0,MEDIUM,Austin,0,,,,HARD
17,0.5892857142857143,1,HARD,Austin,1,,,,HARD
17,0.25,0,MEDIUM,Austin,0,,,,HARD
17,0.5535714285714286,1,HARD,Austin,1,,,,HARD
17,0.26785714285714285,0,MEDIUM,Austin,0,,,,HARD
17,0.6071428571428571,1,HARD,Austin,1,,,,HARD
17,0.017857142857142856,0,MEDIUM,Austin,0,,,,HARD
17,0.48214285714285715,1,HARD,Austin,1,,,,HARD
17,0.2857142857142857,0,MEDIUM,Austin,0,,,,HARD
17,0.7678571428571429,1,HARD,Austin,1,,,,MEDIUM
17,0.26785714285714285,0,MEDIUM,Austin,0,,,,MEDIUM
17,0.5178571428571429,1,MEDIUM,Austin,0,,,,HARD
17,0.375,0,HARD,Austin,0,,,,HARD
17,0.7321428571428571,1,HARD,Austin,0,,,,MEDIUM
17,0.9107142857142857,2,MEDIUM,Austin,1,,,,MEDIUM
17,0.25,0,MEDIUM,Austin,0,,,,MEDIUM
17,0.5714285714285714,1,MEDIUM,Austin,0,,,,HARD
17,0.017857142857142856,0,MEDIUM,Austin,0,,,,HARD
17,0.5,1,HARD,Austin,1,,,,HARD
17,0.30357142857142855,0,MEDIUM,Austin,0,,,,HARD
17,0.75,1,HARD,Austin,1,,,,MEDIUM
17,0.9285714285714286,2,MEDIUM,Austin,1,,,,MEDIUM
17,0.26785714285714285,0,MEDIUM,Austin,0,,,,MEDIUM
17,0.5357142857142857,1,MEDIUM,Austin,0,,,,HARD
17,0.017857142857142856,0,MEDIUM,Austin,0,,,,HARD
17,0.35714285714285715,1,HARD,Austin,1,,,,HARD
17,0.7142857142857143,2,HARD,Austin,1,,,,MEDIUM
17,0.26785714285714285,0,MEDIUM,Austin,0,,,,HARD
17,0.625,1,HARD,Austin,1,,,,HARD
17,0.2857142857142857,0,MEDIUM,Austin,0,,,,MEDIUM
17,0.5178571428571429,1,MEDIUM,Austin,0,,,,HARD
18,0.11267605633802817,0,MEDIUM,SaoPaulo,0,,,,HARD
18,0.39436619718309857,1,HARD,SaoPaulo,1,,,,HARD
18,0.7183098591549296,2,HARD,SaoPaulo,1,,,,HARD
18,0.09859154929577464,0,MEDIUM,SaoPaulo,0,,,,HARD
18,0.36619718309859156,1,HARD,SaoPaulo,1,,,,HARD
18,0.704225352112676,2,HARD,SaoPaulo,1,,,,HARD
18,0.09859154929577464,0,MEDIUM,SaoPaulo,0,,,,HARD
18,0.36619718309859156,1,HARD,SaoPaulo,1,,,,HARD
18,0.6619718309859155,2,HARD,SaoPaulo,1,,,,HARD
18,0.09859154929577464,0,MEDIUM,SaoPaulo,0,,,,HARD
18,0.39436619718309857,1,HARD,SaoPaulo,1,,,,HARD
18,0.7323943661971831,2,HARD,SaoPaulo,1,,,,HARD
18,0.1267605633802817,0,MEDIUM,SaoPaulo,0,,,,HARD
18,0.38028169014084506,1,HARD,SaoPaulo,1,,,,HARD
18,0.647887323943662,2,HARD,SaoPaulo,1,,,,HARD
18,0.22535211267605634,0,HARD,SaoPaulo,0,,,,HARD
18,0.5070422535211268,1,HARD,SaoPaulo,0,,,,HARD
18,0.8450704225352113,2,HARD,SaoPaulo,0,,,,MEDIUM
18,0.2535211267605634,0,HARD,SaoPaulo,0,,,,HARD
18,0.5352112676056338,1,HARD,SaoPaulo,0,,,,HARD
18,0.8309859154929577,2,HARD,SaoPaulo,0,,,,MEDIUM
18,0.07042253521126761,0,MEDIUM,SaoPaulo,0,,,,HARD
18,0.352112676056338,1,HARD,SaoPaulo,1,,,,HARD
18,0.704225352112676,2,HARD,SaoPaulo,1,,,,HARD
18,0.08450704225352113,0,MEDIUM,SaoPaulo,0,,,,HARD
18,0.38028169014084506,1,HARD,SaoPaulo,1,,,,HARD
18,0.704225352112676,2,HARD,SaoPaulo,1,,,,HARD
18,0.11267605633802817,0,MEDIUM,SaoPaulo,0,,,,HARD
18,0.49295774647887325,1,HARD,SaoPaulo,1,,,,HARD
18,0.08450704225352113,0,MEDIUM,SaoPaulo,0,,,,HARD
18,0.3380281690140845,1,HARD,SaoPaulo,1,,,,HARD
18,0.676056338028169,2,HARD,SaoPaulo,1,,,,HARD
18,0.08450704225352113,0,MEDIUM,SaoPaulo,0,,,,HARD
18,0.36619718309859156,1,HARD,SaoPaulo,1,,,,HARD
18,0.5915492957746479,2,HARD,SaoPaulo,1,,,,HARD
18,0.07042253521126761,0,MEDIUM,SaoPaulo,0,,,,HARD
18,0.352112676056338,1,HARD,SaoPaulo,1,,,,HARD
18,0.6619718309859155,2,HARD,SaoPaulo,1,,,,HARD
18,0.11267605633802817,0,MEDIUM,SaoPaulo,0,,,,HARD
18,0.38028169014084506,1,HARD,SaoPaulo,1,,,,HARD
18,0.676056338028169,2,HARD,SaoPaulo,1,,,,HARD
18,0.056338028169014086,0,MEDIUM,SaoPaulo,0,,,,HARD
18,0.38028169014084506,1,HARD,SaoPaulo,1,,,,HARD
18,0.6338028169014085,2,HARD,SaoPaulo,1,,,,HARD
19,0.18181818181818182,0,MEDIUM,YasMarina,0,,,,HARD
19,0.5636363636363636,1,HARD,YasMarina,1,,,,HARD
19,0.4909090909090909,0,HARD,YasMarina,0,,,,HARD
19,0.8545454545454545,1,HARD,YasMarina,0,,,,MEDIUM
19,0.2,0,MEDIUM,YasMarina,0,,,,HARD
19,0.6181818181818182,1,HARD,YasMarina,1,,,,HARD
19,0.38181818181818183,0,HARD,YasMarina,0,,,,MEDIUM
19,0.5272727272727272,1,MEDIUM,YasMarina,1,,,,HARD
19,0.09090909090909091,0,MEDIUM,YasMarina,0,,,,HARD
19,0.4909090909090909,1,HARD,YasMarina,1,,,,HARD
19,0.23636363636363636,0,HARD,YasMarina,0,,,,HARD
19,0.5454545454545454,1,HARD,YasMarina,0,,,,HARD
19,0.8,2,HARD,YasMarina,0,,,,MEDIUM
19,0.2727272727272727,0,HARD,YasMarina,0,,,,HARD
19,0.6727272727272727,1,HARD,YasMarina,0,,,,MEDIUM
19,0.23636363636363636,0,MEDIUM,YasMarina,0,,,,HARD
19,0.7818181818181819,1,HARD,YasMarina,1,,,,MEDIUM
19,0.10909090909090909,0,MEDIUM,YasMarina,0,,,,HARD
19,0.509090909090909,1,HARD,YasMarina,1,,,,HARD
19,0.10909090909090909,0,MEDIUM,YasMarina,0,,,,HARD
19,0.4727272727272727,1,HARD,YasMarina,1,,,,HARD
19,0.38181818181818183,0,HARD,YasMarina,0,,,,HARD
19,0.8363636363636363,1,HARD,YasMarina,0,,,,MEDIUM
19,0.18181818181818182,0,MEDIUM,YasMarina,0,,,,HARD
19,0.6363636363636364,1,HARD,YasMarina,1,,,,HARD
19,0.2545454545454545,0,HARD,YasMarina,0,,,,HARD
19,0.7454545454545455,1,HARD,YasMarina,0,,,,MEDIUM
19,0.12727272727272726,0,MEDIUM,YasMarina,0,,,,HARD
19,0.509090909090909,1,HARD,YasMarina,1,,,,HARD
19,0.01818181818181818,0,MEDIUM,YasMarina,0,,,,MEDIUM
19,0.14545454545454545,1,MEDIUM,YasMarina,0,,,,HARD
19,0.38181818181818183,2,HARD,YasMarina,1,,,,HARD
20,0.43103448275862066,0,MEDIUM,Melbourne,0,,,,HARD
20,0.39655172413793105,0,MEDIUM,Melbourne,0,,,,HARD
20,0.4482758620689655,0,MEDIUM,Melbourne,0,,,,HARD
20,0.3620689655172414,0,MEDIUM,Melbourne,0,,,,HARD
20,0.7586206896551724,1,HARD,Melbourne,1,,,,MEDIUM
20,0.3620689655172414,0,MEDIUM,Melbourne,0,,,,HARD
20,0.46551724137931033,0,MEDIUM,Melbourne,0,,,,HARD
20,0.27586206896551724,0,MEDIUM,Melbourne,0,,,,MEDIUM
20,0.6896551724137931,1,MEDIUM,Melbourne,0,,,,
20,0.41379310344827586,0,MEDIUM,Melbourne,0,,,,HARD
20,0.6551724137931034,0,HARD,Melbourne,0,,,,MEDIUM
20,0.017241379310344827,0,HARD,Melbourne,0,,,,MEDIUM
20,0.4482758620689655,1,MEDIUM,Melbourne,1,,,,MEDIUM
20,0.7413793103448276,2,MEDIUM,Melbourne,1,,,,MEDIUM
20,0.41379310344827586,0,MEDIUM,Melbourne,0,,,,HARD
20,0.43103448275862066,0,MEDIUM,Melbourne,0,,,,HARD
20,0.5517241379310345,0,HARD,Melbourne,0,,,,
21,0.07142857142857142,0,HARD,KualaLumpur,0,,,,
21,0.42857142857142855,1,,KualaLumpur,0,,,,HARD
21,0.6785714285714286,2,HARD,KualaLumpur,0,,,,
21,0.07142857142857142,0,HARD,KualaLumpur,0,,,,HARD
21,0.32142857142857145,1,HARD,KualaLumpur,0,,,,
21,0.6071428571428571,2,,KualaLumpur,0,,,,
21,0.07142857142857142,0,HARD,KualaLumpur,0,,,,
21,0.4642857142857143,1,,KualaLumpur,0,,,,
21,0.7321428571428571,2,,KualaLumpur,0,,,,HARD
21,0.26785714285714285,0,HARD,KualaLumpur,0,,,,HARD
21,0.5535714285714286,1,HARD,KualaLumpur,0,,,,
21,0.7857142857142857,2,,KualaLumpur,0,,,,
21,0.07142857142857142,0,HARD,KualaLumpur,0,,,,HARD
21,0.375,1,HARD,KualaLumpur,0,,,,
21,0.6964285714285714,2,,KualaLumpur,0,,,,
21,0.07142857142857142,0,HARD,KualaLumpur,0,,,,HARD
21,0.42857142857142855,1,HARD,KualaLumpur,0,,,,HARD
21,0.6785714285714286,2,HARD,KualaLumpur,0,,,,
21,0.03571428571428571,0,HARD,KualaLumpur,0,,,,HARD
21,0.25,1,HARD,KualaLumpur,0,,,,HARD
21,0.6071428571428571,2,HARD,KualaLumpur,0,,,,
21,0.30357142857142855,0,HARD,KualaLumpur,0,,,,HARD
21,0.6607142857142857,1,HARD,KualaLumpur,0,,,,
21,0.07142857142857142,0,HARD,KualaLumpur,0,,,,HARD
21,0.44642857142857145,1,HARD,KualaLumpur,0,,,,HARD
21,0.7142857142857143,2,HARD,KualaLumpur,0,,,,
21,0.30357142857142855,0,HARD,KualaLumpur,0,,,,
21,0.625,1,,KualaLumpur,0,,,,HARD
21,0.26785714285714285,0,HARD,KualaLumpur,0,,,,HARD
21,0.4642857142857143,1,HARD,KualaLumpur,0,,,,HARD
21,0.6071428571428571,2,HARD,KualaLumpur,0,,,,
21,0.25,0,HARD,KualaLumpur,0,,,,
21,0.5714285714285714,1,,KualaLumpur,0,,,,
21,0.07142857142857142,0,HARD,KualaLumpur,0,,,,
21,0.35714285714285715,1,,KualaLumpur,0,,,,
21,0.7142857142857143,2,,KualaLumpur,0,,,,HARD
21,0.08928571428571429,0,HARD,KualaLumpur,0,,,,
21,0.39285714285714285,1,,KualaLumpur,0,,,,HARD
21,0.75,2,HARD,KualaLumpur,0,,,,HARD
22,0.25,0,MEDIUM,Shanghai,0,,,,MEDIUM
22,0.5892857142857143,1,MEDIUM,Shanghai,0,,,,HARD
22,0.25,0,MEDIUM,Shanghai,0,,,,MEDIUM
22,0.6428571428571429,1,MEDIUM,Shanghai,0,,,,HARD
22,0.26785714285714285,0,MEDIUM,Shanghai,0,,,,MEDIUM
22,0.5535714285714286,1,MEDIUM,Shanghai,0,,,,HARD
22,0.21428571428571427,0,MEDIUM,Shanghai,0,,,,HARD
22,0.625,1,HARD,Shanghai,1,,,,MEDIUM
22,0.23214285714285715,0,MEDIUM,Shanghai,0,,,,HARD
22,0.6071428571428571,1,HARD,Shanghai,1,,,,HARD
22,0.25,0,MEDIUM,Shanghai,0,,,,MEDIUM
22,0.5714285714285714,1,MEDIUM,Shanghai,0,,,,HARD
22,0.26785714285714285,0,MEDIUM,Shanghai,0,,,,MEDIUM
22,0.6071428571428571,1,MEDIUM,Shanghai,0,,,,HARD
22,0.23214285714285715,0,MEDIUM,Shanghai,0,,,,MEDIUM
22,0.5357142857142857,1,MEDIUM,Shanghai,0,,,,HARD
22,0.25,0,MEDIUM,Shanghai,0,,,,HARD
22,0.625,1,HARD,Shanghai,1,,,,HARD
22,0.19642857142857142,0,MEDIUM,Shanghai,0,,,,MEDIUM
22,0.4642857142857143,1,MEDIUM,Shanghai,0,,,,MEDIUM
22,0.7321428571428571,2,MEDIUM,Shanghai,0,,,,HARD
22,0.25,0,MEDIUM,Shanghai,0,,,,MEDIUM
22,0.5357142857142857,1,MEDIUM,Shanghai,0,,,,HARD
22,0.21428571428571427,0,MEDIUM,Shanghai,0,,,,HARD
22,0.5714285714285714,1,HARD,Shanghai,1,,,,HARD
22,0.2857142857142857,0,MEDIUM,Shanghai,0,,,,HARD
22,0.6785714285714286,1,HARD,Shanghai,1,,,,MEDIUM
22,0.3392857142857143,0,HARD,Shanghai,0,,,,MEDIUM
22,0.6964285714285714,1,MEDIUM,Shanghai,1,,,,MEDIUM
22,0.17857142857142858,0,MEDIUM,Shanghai,0,,,,HARD
22,0.5535714285714286,1,HARD,Shanghai,1,,,,HARD
23,0.2631578947368421,0,MEDIUM,Sakhir,0,,,,MEDIUM
23,0.5789473684210527,1,MEDIUM,Sakhir,0,,,,HARD
23,0.24561403508771928,0,MEDIUM,Sakhir,0,,,,MEDIUM
23,0.6140350877192983,1,MEDIUM,Sakhir,0,,,,HARD
23,0.24561403508771928,0,MEDIUM,Sakhir,0,,,,MEDIUM
23,0.5964912280701754,1,MEDIUM,Sakhir,0,,,,HARD
23,0.22807017543859648,0,MEDIUM,Sakhir,0,,,,HARD
23,0.6140350877192983,1,HARD,Sakhir,1,,,,MEDIUM
23,0.17543859649122806,0,MEDIUM,Sakhir,0,,,,MEDIUM
23,0.43859649122807015,1,MEDIUM,Sakhir,0,,,,HARD
23,0.6666666666666666,2,HARD,Sakhir,1,,,,HARD
23,0.2631578947368421,0,MEDIUM,Sakhir,0,,,,MEDIUM
23,0.5964912280701754,1,MEDIUM,Sakhir,0,,,,HARD
23,0.17543859649122806,0,MEDIUM,Sakhir,0,,,,MEDIUM
23,0.42105263157894735,1,MEDIUM,Sakhir,0,,,,HARD
23,0.2982456140350877,0,MEDIUM,Sakhir,0,,,,HARD
23,0.7017543859649122,1,HARD,Sakhir,1,,,,MEDIUM
23,0.22807017543859648,0,MEDIUM,Sakhir,0,,,,MEDIUM
23,0.5614035087719298,1,MEDIUM,Sakhir,0,,,,HARD
23,0.631578947368421,2,HARD,Sakhir,1,,,,HARD
23,0.24561403508771928,0,MEDIUM,Sakhir,0,,,,MEDIUM
23,0.5789473684210527,1,MEDIUM,Sakhir,0,,,,HARD
23,0.2982456140350877,0,MEDIUM,Sakhir,0,,,,MEDIUM
23,0.6491228070175439,1,MEDIUM,Sakhir,0,,,,HARD
23,0.19298245614035087,0,MEDIUM,Sakhir,0,,,,MEDIUM
23,0.43859649122807015,1,MEDIUM,Sakhir,0,,,,MEDIUM
23,0.6491228070175439,2,MEDIUM,Sakhir,0,,,,HARD
23,0.17543859649122806,0,HARD,Sakhir,0,,,,MEDIUM
23,0.42105263157894735,1,MEDIUM,Sakhir,1,,,,MEDIUM
23,0.7192982456140351,2,MEDIUM,Sakhir,1,,,,MEDIUM
23,0.21052631578947367,0,MEDIUM,Sakhir,0,,,,MEDIUM
23,0.543859649122807,1,MEDIUM,Sakhir,0,,,,HARD
23,0.17543859649122806,0,MEDIUM,Sakhir,0,,,,MEDIUM
23,0.42105263157894735,1,MEDIUM,Sakhir,0,,,,MEDIUM
23,0.7192982456140351,2,MEDIUM,Sakhir,0,,,,HARD
24,0.19696969696969696,0,HARD,Catalunya,0,,,,HARD
24,0.48484848484848486,1,HARD,Catalunya,0,,,,
24,0.7727272727272727,2,,Catalunya,0,,,,HARD
24,0.19696969696969696,0,HARD,Catalunya,0,,,,HARD
24,0.6363636363636364,1,HARD,Catalunya,0,,,,
24,0.22727272727272727,0,HARD,Catalunya,0,,,,HARD
24,0.6818181818181818,1,HARD,Catalunya,0,,,,
24,0.15151515151515152,0,HARD,Catalunya,0,,,,HARD
24,0.3939393939393939,1,HARD,Catalunya,0,,,,HARD
24,0.7424242424242424,2,HARD,Catalunya,0,,,,
24,0.16666666666666666,0,HARD,Catalunya,0,,,,HARD
24,0.5757575757575758,1,HARD,Catalunya,0,,,,
24,0.21212121212121213,0,HARD,Catalunya,0,,,,HARD
24,0.48484848484848486,1,HARD,Catalunya,0,,,,
24,0.7121212121212122,2,,Catalunya,0,,,,HARD
24,0.25757575757575757,0,HARD,Catalunya,0,,,,
24,0.6212121212121212,1,,Catalunya,0,,,,HARD
24,0.21212121212121213,0,HARD,Catalunya,0,,,,HARD
24,0.6060606060606061,1,HARD,Catalunya,0,,,,
24,0.22727272727272727,0,HARD,Catalunya,0,,,,HARD
24,0.6363636363636364,1,HARD,Catalunya,0,,,,
24,0.2878787878787879,0,HARD,Catalunya,0,,,,
24,0.5454545454545454,1,,Catalunya,0,,,,HARD
24,0.2727272727272727,0,HARD,Catalunya,0,,,,HARD
24,0.6818181818181818,1,HARD,Catalunya,0,,,,
24,0.22727272727272727,0,HARD,Catalunya,0,,,,HARD
24,0.6060606060606061,1,HARD,Catalunya,0,,,,
24,0.21212121212121213,0,HARD,Catalunya,0,,,,
24,0.6363636363636364,1,,Catalunya,0,,,,HARD
24,0.18181818181818182,0,HARD,Catalunya,0,,,,HARD
24,0.5909090909090909,1,HARD,Catalunya,0,,,,
24,0.19696969696969696,0,HARD,Catalunya,0,,,,
24,0.5606060606060606,1,,Catalunya,0,,,,
25,0.48717948717948717,0,MEDIUM,MonteCarlo,0,,,,HARD
25,0.8333333333333334,1,HARD,MonteCarlo,1,,,,MEDIUM
25,0.46153846153846156,0,MEDIUM,MonteCarlo,0,,,,HARD
25,0.8333333333333334,1,HARD,MonteCarlo,1,,,,MEDIUM
25,0.47435897435897434,0,MEDIUM,MonteCarlo,0,,,,HARD
25,0.01282051282051282,0,HARD,MonteCarlo,0,,,,MEDIUM
25,0.3974358974358974,1,MEDIUM,MonteCarlo,1,,,,HARD
25,0.358974358974359,0,MEDIUM,MonteCarlo,0,,,,HARD
25,0.01282051282051282,0,MEDIUM,MonteCarlo,0,,,,HARD
25,0.5,1,HARD,MonteCarlo,1,,,,MEDIUM
25,0.7948717948717948,2,MEDIUM,MonteCarlo,1,,,,MEDIUM
25,0.44871794871794873,0,MEDIUM,MonteCarlo,0,,,,HARD
25,0.8205128205128205,1,HARD,MonteCarlo,1,,,,MEDIUM
25,0.47435897435897434,0,MEDIUM,MonteCarlo,0,,,,HARD
25,0.46153846153846156,0,MEDIUM,MonteCarlo,0,,,,HARD
25,0.1794871794871795,0,HARD,MonteCarlo,0,,,,MEDIUM
25,0.717948717948718,1,MEDIUM,MonteCarlo,1,,,,MEDIUM
25,0.46153846153846156,0,MEDIUM,MonteCarlo,0,,,,HARD
25,0.8205128205128205,1,HARD,MonteCarlo,1,,,,MEDIUM
25,0.1794871794871795,0,MEDIUM,MonteCarlo,0,,,,HARD
25,0.48717948717948717,1,HARD,MonteCarlo,1,,,,MEDIUM
25,0.8846153846153846,2,MEDIUM,MonteCarlo,1,,,,MEDIUM
25,0.21794871794871795,0,MEDIUM,MonteCarlo,0,,,,HARD
25,0.15384615384615385,0,MEDIUM,MonteCarlo,0,,,,HARD
25,0.23076923076923078,0,MEDIUM,MonteCarlo,0,,,,HARD
25,0.8205128205128205,1,HARD,MonteCarlo,1,,,,MEDIUM
26,0.4142857142857143,0,MEDIUM,Montreal,0,,,,HARD
26,0.32857142857142857,0,MEDIUM,Montreal,0,,,,HARD
26,0.42857142857142855,0,MEDIUM,Montreal,0,,,,HARD
26,0.4,0,MEDIUM,Montreal,0,,,,HARD
26,0.38571428571428573,0,MEDIUM,Montreal,0,,,,HARD
26,0.5285714285714286,0,HARD,Montreal,0,,,,MEDIUM
26,0.37142857142857144,0,MEDIUM,Montreal,0,,,,HARD
26,0.5714285714285714,1,HARD,Montreal,1,,,,MEDIUM
26,0.1,0,MEDIUM,Montreal,0,,,,HARD
26,0.5,1,HARD,Montreal,1,,,,HARD
26,0.4,0,MEDIUM,Montreal,0,,,,HARD
26,0.34285714285714286,0,MEDIUM,Montreal,0,,,,HARD
26,0.4,0,MEDIUM,Montreal,0,,,,HARD
26,0.24285714285714285,0,MEDIUM,Montreal,0,,,,HARD
26,0.38571428571428573,0,MEDIUM,Montreal,0,,,,HARD
26,0.38571428571428573,0,MEDIUM,Montreal,0,,,,HARD
26,0.5571428571428572,0,HARD,Montreal,0,,,,MEDIUM
27,0.49295774647887325,0,MEDIUM,Spielberg,0,,,,HARD
27,0.704225352112676,0,HARD,Spielberg,0,,,,MEDIUM
27,0.4647887323943662,0,MEDIUM,Spielberg,0,,,,HARD
27,0.352112676056338,0,MEDIUM,Spielberg,0,,,,HARD
27,0.014084507042253521,0,MEDIUM,Spielberg,0,,,,HARD
27,0.6338028169014085,1,HARD,Spielberg,1,,,,MEDIUM
27,0.4788732394366197,0,MEDIUM,Spielberg,0,,,,HARD
27,0.5070422535211268,0,MEDIUM,Spielberg,0,,,,HARD
27,0.36619718309859156,0,MEDIUM,Spielberg,0,,,,HARD
27,0.5352112676056338,0,HARD,Spielberg,0,,,,MEDIUM
27,0.028169014084507043,0,MEDIUM,Spielberg,0,,,,HARD
27,0.16901408450704225,1,HARD,Spielberg,1,,,,HARD
27,0.6338028169014085,2,HARD,Spielberg,1,,,,MEDIUM
27,0.5211267605633803,0,HARD,Spielberg,0,,,,MEDIUM
27,0.323943661971831,0,MEDIUM,Spielberg,0,,,,HARD
27,0.3380281690140845,0,MEDIUM,Spielberg,0,,,,HARD
27,0.36619718309859156,0,MEDIUM,Spielberg,0,,,,HARD
27,0.4788732394366197,0,MEDIUM,Spielberg,0,,,,HARD
28,0.36538461538461536,0,HARD,Silverstone,0,,,,
28,0.8269230769230769,1,,Silverstone,0,,,,INTERMEDIATE
28,0.21153846153846154,0,HARD,Silverstone,0,,,,
28,0.38461538461538464,1,,Silverstone,0,,,,
28,0.38461538461538464,0,HARD,Silverstone,0,,,,
28,0.8461538461538461,1,,Silverstone,0,,,,INTERMEDIATE
28,0.019230769230769232,0,HARD,Silverstone,0,,,,
28,0.3269230769230769,1,,Silverstone,0,,,,HARD
28,0.7115384615384616,2,HARD,Silverstone,0,,,,INTERMEDIATE
28,0.36538461538461536,0,HARD,Silverstone,0,,,,
28,0.8461538461538461,1,,Silverstone,0,,,,INTERMEDIATE
28,0.34615384615384615,0,HARD,Silverstone,0,,,,
28,0.8461538461538461,1,,Silverstone,0,,,,INTERMEDIATE
28,0.38461538461538464,0,HARD,Silverstone,0,,,,
28,0.8461538461538461,1,,Silverstone,0,,,,INTERMEDIATE
28,0.25,0,HARD,Silverstone,0,,,,
28,0.7307692307692307,1,,Silverstone,0,,,,INTERMEDIATE
28,0.9038461538461539,2,INTERMEDIATE,Silverstone,1,,,,INTERMEDIATE
28,0.2692307692307692,0,HARD,Silverstone,0,,,,
28,0.8269230769230769,1,,Silverstone,0,,,,INTERMEDIATE
28,0.40384615384615385,0,HARD,Silverstone,0,,,,
28,0.8461538461538461,1,,Silverstone,0,,,,INTERMEDIATE
28,0.38461538461538464,0,HARD,Silverstone,0,,,,
28,0.8461538461538461,1,,Silverstone,0,,,,INTERMEDIATE
28,0.6923076923076923,0,HARD,Silverstone,0,,,,INTERMEDIATE
28,0.8653846153846154,1,INTERMEDIATE,Silverstone,1,,,,INTERMEDIATE
28,0.23076923076923078,0,HARD,Silverstone,0,,,,
28,0.6923076923076923,0,HARD,Silverstone,0,,,,INTERMEDIATE
28,0.8461538461538461,1,INTERMEDIATE,Silverstone,1,,,,INTERMEDIATE
30,0.29545454545454547,0,MEDIUM,Spa,0,,,,HARD
30,0.6818181818181818,1,HARD,Spa,1,,,,MEDIUM
30,0.2727272727272727,0,MEDIUM,Spa,0,,,,HARD
30,0.7045454545454546,1,HARD,Spa,1,,,,MEDIUM
30,0.18181818181818182,0,HARD,Spa,0,,,,MEDIUM
30,0.45454545454545453,1,MEDIUM,Spa,1,,,,MEDIUM
30,0.7272727272727273,2,MEDIUM,Spa,1,,,,MEDIUM
30,0.20454545454545456,0,MEDIUM,Spa,0,,,,HARD
30,0.6136363636363636,1,HARD,Spa,1,,,,MEDIUM
30,0.20454545454545456,0,MEDIUM,Spa,0,,,,HARD
30,0.4772727272727273,1,HARD,Spa,1,,,,HARD
30,0.25,0,HARD,Spa,0,,,,MEDIUM
30,0.45454545454545453,1,MEDIUM,Spa,1,,,,MEDIUM
30,0.7954545454545454,2,MEDIUM,Spa,1,,,,MEDIUM
30,0.25,0,MEDIUM,Spa,0,,,,MEDIUM
30,0.4772727272727273,1,MEDIUM,Spa,0,,,,HARD
30,0.3181818181818182,0,MEDIUM,Spa,0,,,,HARD
30,0.18181818181818182,0,MEDIUM,Spa,0,,,,MEDIUM
30,0.3409090909090909,1,MEDIUM,Spa,0,,,,MEDIUM
30,0.4772727272727273,2,MEDIUM,Spa,0,,,,HARD
30,0.18181818181818182,0,MEDIUM,Spa,0,,,,MEDIUM
30,0.45454545454545453,1,MEDIUM,Spa,0,,,,HARD
30,0.20454545454545456,0,MEDIUM,Spa,0,,,,HARD
30,0.6363636363636364,1,HARD,Spa,1,,,,MEDIUM
30,0.20454545454545456,0,MEDIUM,Spa,0,,,,MEDIUM
30,0.4772727272727273,1,MEDIUM,Spa,0,,,,HARD
30,0.22727272727272727,0,HARD,Spa,0,,,,MEDIUM
30,0.6136363636363636,1,MEDIUM,Spa,1,,,,MEDIUM
30,0.20454545454545456,0,MEDIUM,Spa,0,,,,MEDIUM
30,0.4772727272727273,1,MEDIUM,Spa,0,,,,HARD
30,0.7272727272727273,2,HARD,Spa,1,,,,MEDIUM
30,0.3409090909090909,0,MEDIUM,Spa,0,,,,MEDIUM
30,0.6590909090909091,1,MEDIUM,Spa,0,,,,HARD
31,0.49056603773584906,0,MEDIUM,Monza,0,,,,HARD
31,0.5660377358490566,0,HARD,Monza,0,,,,MEDIUM
31,0.33962264150943394,0,MEDIUM,Monza,0,,,,HARD
31,0.5094339622641509,0,HARD,Monza,0,,,,MEDIUM
31,0.3584905660377358,0,MEDIUM,Monza,0,,,,HARD
31,0.4716981132075472,0,MEDIUM,Monza,0,,,,HARD
31,0.5283018867924528,0,MEDIUM,Monza,0,,,,HARD
31,0.4716981132075472,0,MEDIUM,Monza,0,,,,HARD
31,0.41509433962264153,0,MEDIUM,Monza,0,,,,HARD
31,0.4339622641509434,0,MEDIUM,Monza,0,,,,HARD
31,0.37735849056603776,0,MEDIUM,Monza,0,,,,HARD
31,0.49056603773584906,0,MEDIUM,Monza,0,,,,HARD
31,0.18867924528301888,0,HARD,Monza,0,,,,MEDIUM
31,0.5660377358490566,1,MEDIUM,Monza,1,,,,MEDIUM
31,0.018867924528301886,0,MEDIUM,Monza,0,,,,HARD
31,0.4528301886792453,1,HARD,Monza,1,,,,HARD
31,0.018867924528301886,0,MEDIUM,Monza,0,,,,MEDIUM
31,0.3584905660377358,1,MEDIUM,Monza,0,,,,HARD
31,0.6226415094339622,2,HARD,Monza,1,,,,MEDIUM
32,0.21311475409836064,0,MEDIUM,Singapore,0,,,,MEDIUM
32,0.6065573770491803,1,MEDIUM,Singapore,0,,,,HARD
32,0.21311475409836064,0,MEDIUM,Singapore,0,,,,HARD
32,0.6065573770491803,1,HARD,Singapore,1,,,,HARD
32,0.19672131147540983,0,MEDIUM,Singapore,0,,,,MEDIUM
32,0.5409836065573771,1,MEDIUM,Singapore,0,,,,HARD
32,0.21311475409836064,0,MEDIUM,Singapore,0,,,,MEDIUM
32,0.6065573770491803,1,MEDIUM,Singapore,0,,,,HARD
32,0.21311475409836064,0,MEDIUM,Singapore,0,,,,MEDIUM
32,0.6065573770491803,1,MEDIUM,Singapore,0,,,,HARD
32,0.21311475409836064,0,MEDIUM,Singapore,0,,,,MEDIUM
32,0.6065573770491803,1,MEDIUM,Singapore,0,,,,HARD
32,0.21311475409836064,0,MEDIUM,Singapore,0,,,,HARD
32,0.5573770491803278,1,HARD,Singapore,1,,,,HARD
32,0.16393442622950818,0,MEDIUM,Singapore,0,,,,HARD
32,0.45901639344262296,1,HARD,Singapore,1,,,,MEDIUM
32,0.5901639344262295,2,MEDIUM,Singapore,1,,,,HARD
32,0.16393442622950818,0,MEDIUM,Singapore,0,,,,MEDIUM
32,0.4426229508196721,1,MEDIUM,Singapore,0,,,,HARD
32,0.8852459016393442,2,HARD,Singapore,1,,,,MEDIUM
32,0.14754098360655737,0,MEDIUM,Singapore,0,,,,HARD
32,0.4262295081967213,1,HARD,Singapore,1,,,,HARD
32,0.22950819672131148,0,MEDIUM,Singapore,0,,,,HARD
32,0.6065573770491803,1,HARD,Singapore,1,,,,MEDIUM
32,0.16393442622950818,0,MEDIUM,Singapore,0,,,,HARD
32,0.45901639344262296,1,HARD,Singapore,1,,,,MEDIUM
32,0.6065573770491803,2,MEDIUM,Singapore,1,,,,MEDIUM
32,0.21311475409836064,0,MEDIUM,Singapore,0,,,,HARD
32,0.5573770491803278,1,HARD,Singapore,1,,,,HARD
32,0.19672131147540983,0,MEDIUM,Singapore,0,,,,HARD
32,0.5901639344262295,1,HARD,Singapore,1,,,,MEDIUM
32,0.21311475409836064,0,MEDIUM,Singapore,0,,,,HARD
32,0.5901639344262295,1,HARD,Singapore,1,,,,MEDIUM
33,0.3018867924528302,0,HARD,Suzuka,0,,,,HARD
33,0.5849056603773585,1,HARD,Suzuka,0,,,,
33,0.018867924528301886,0,HARD,Suzuka,0,,,,
33,0.4528301886792453,1,,Suzuka,0,,,,
33,0.2830188679245283,0,HARD,Suzuka,0,,,,
33,0.5471698113207547,1,,Suzuka,0,,,,
33,0.16981132075471697,0,HARD,Suzuka,0,,,,HARD
33,0.5283018867924528,1,HARD,Suzuka,0,,,,
33,0.18867924528301888,0,HARD,Suzuka,0,,,,
33,0.5849056603773585,1,,Suzuka,0,,,,
33,0.1509433962264151,0,HARD,Suzuka,0,,,,
33,0.37735849056603776,1,,Suzuka,0,,,,HARD
33,0.6415094339622641,2,HARD,Suzuka,0,,,,
33,0.2641509433962264,0,HARD,Suzuka,0,,,,
33,0.5283018867924528,1,,Suzuka,0,,,,
33,0.24528301886792453,0,HARD,Suzuka,0,,,,
33,0.5660377358490566,1,,Suzuka,0,,,,
33,0.20754716981132076,0,HARD,Suzuka,0,,,,HARD
33,0.5471698113207547,1,HARD,Suzuka,0,,,,
33,0.018867924528301886,0,HARD,Suzuka,0,,,,
33,0.33962264150943394,1,,Suzuka,0,,,,
33,0.6792452830188679,2,,Suzuka,0,,,,
33,0.24528301886792453,0,HARD,Suzuka,0,,,,HARD
33,0.49056603773584906,1,HARD,Suzuka,0,,,,
33,0.22641509433962265,0,HARD,Suzuka,0,,,,HARD
33,0.6792452830188679,1,HARD,Suzuka,0,,,,
33,0.20754716981132076,0,HARD,Suzuka,0,,,,HARD
33,0.6226415094339622,1,HARD,Suzuka,0,,,,
33,0.2641509433962264,0,HARD,Suzuka,0,,,,
33,0.5094339622641509,1,,Suzuka,0,,,,
33,0.16981132075471697,0,HARD,Suzuka,0,,,,
33,0.5660377358490566,1,,Suzuka,0,,,,HARD
34,0.6037735849056604,0,MEDIUM,Sochi,0,,,,HARD
34,0.22641509433962265,0,MEDIUM,Sochi,0,,,,HARD
34,0.24528301886792453,0,HARD,Sochi,0,,,,MEDIUM
34,0.6226415094339622,0,MEDIUM,Sochi,0,,,,HARD
34,0.5660377358490566,0,HARD,Sochi,0,,,,MEDIUM
34,0.22641509433962265,0,MEDIUM,Sochi,0,,,,HARD
34,0.5849056603773585,0,MEDIUM,Sochi,0,,,,HARD
34,0.5660377358490566,0,MEDIUM,Sochi,0,,,,HARD
34,0.49056603773584906,0,MEDIUM,Sochi,0,,,,HARD
34,0.22641509433962265,0,MEDIUM,Sochi,0,,,,HARD
34,0.5660377358490566,0,HARD,Sochi,0,,,,MEDIUM
34,0.2641509433962264,0,MEDIUM,Sochi,0,,,,HARD
34,0.32075471698113206,1,HARD,Sochi,1,,,,MEDIUM
34,0.6415094339622641,0,MEDIUM,Sochi,0,,,,HARD
34,0.018867924528301886,0,MEDIUM,Sochi,0,,,,HARD
34,0.4528301886792453,1,HARD,Sochi,1,,,,MEDIUM
34,0.24528301886792453,0,MEDIUM,Sochi,0,,,,HARD
35,0.32142857142857145,0,INTERMEDIATE,Austin,0,,,,MEDIUM
35,0.7678571428571429,1,MEDIUM,Austin,1,,,,MEDIUM
35,0.3392857142857143,0,INTERMEDIATE,Austin,0,,,,MEDIUM
35,0.6785714285714286,1,MEDIUM,Austin,1,,,,MEDIUM
35,0.8928571428571429,2,MEDIUM,Austin,1,,,,MEDIUM
35,0.3392857142857143,0,INTERMEDIATE,Austin,0,,,,MEDIUM
35,0.6785714285714286,1,MEDIUM,Austin,1,,,,MEDIUM
35,0.017857142857142856,0,INTERMEDIATE,Austin,0,,,,INTERMEDIATE
35,0.32142857142857145,1,INTERMEDIATE,Austin,0,,,,MEDIUM
35,0.4642857142857143,2,MEDIUM,Austin,1,,,,MEDIUM
35,0.3392857142857143,0,INTERMEDIATE,Austin,0,,,,MEDIUM
35,0.48214285714285715,1,MEDIUM,Austin,1,,,,HARD
35,0.3392857142857143,0,INTERMEDIATE,Austin,0,,,,MEDIUM
35,0.6785714285714286,1,MEDIUM,Austin,1,,,,HARD
35,0.30357142857142855,0,INTERMEDIATE,Austin,0,,,,MEDIUM
35,0.48214285714285715,1,MEDIUM,Austin,1,,,,MEDIUM
35,0.7857142857142857,2,MEDIUM,Austin,1,,,,MEDIUM
35,0.32142857142857145,0,INTERMEDIATE,Austin,0,,,,MEDIUM
35,0.48214285714285715,1,MEDIUM,Austin,1,,,,HARD
35,0.7678571428571429,2,HARD,Austin,1,,,,MEDIUM
35,0.3392857142857143,0,INTERMEDIATE,Austin,0,,,,MEDIUM
35,0.48214285714285715,1,MEDIUM,Austin,1,,,,HARD
35,0.2857142857142857,0,INTERMEDIATE,Austin,0,,,,MEDIUM
35,0.3392857142857143,1,MEDIUM,Austin,1,,,,MEDIUM
35,0.32142857142857145,0,INTERMEDIATE,Austin,0,,,,MEDIUM
35,0.48214285714285715,1,MEDIUM,Austin,1,,,,MEDIUM
35,0.7678571428571429,2,MEDIUM,Austin,1,,,,MEDIUM
35,0.3392857142857143,0,INTERMEDIATE,Austin,0,,,,MEDIUM
35,0.48214285714285715,1,MEDIUM,Austin,1,,,,HARD
35,0.7678571428571429,2,HARD,Austin,1,,,,MEDIUM
35,0.32142857142857145,0,INTERMEDIATE,Austin,0,,,,MEDIUM
35,0.5,1,MEDIUM,Austin,1,,,,MEDIUM
35,0.017857142857142856,0,INTERMEDIATE,Austin,0,,,,INTERMEDIATE
35,0.30357142857142855,1,INTERMEDIATE,Austin,0,,,,MEDIUM
35,0.48214285714285715,2,MEDIUM,Austin,1,,,,HARD
36,0.39436619718309857,0,MEDIUM,MexicoCity,0,,,,HARD
36,0.676056338028169,1,HARD,MexicoCity,1,,,,HARD
36,0.3380281690140845,0,MEDIUM,MexicoCity,0,,,,HARD
36,0.7323943661971831,1,HARD,MexicoCity,1,,,,MEDIUM
36,0.36619718309859156,0,MEDIUM,MexicoCity,0,,,,HARD
36,0.647887323943662,1,HARD,MexicoCity,1,,,,HARD
36,0.1267605633802817,0,MEDIUM,MexicoCity,0,,,,HARD
36,0.7323943661971831,1,HARD,MexicoCity,1,,,,HARD
36,0.29577464788732394,0,MEDIUM,MexicoCity,0,,,,HARD
36,0.7323943661971831,1,HARD,MexicoCity,1,,,,MEDIUM
36,0.1267605633802817,0,MEDIUM,MexicoCity,0,,,,HARD
36,0.7323943661971831,1,HARD,MexicoCity,1,,,,HARD
36,0.4225352112676056,0,HARD,MexicoCity,0,,,,MEDIUM
36,0.6619718309859155,1,MEDIUM,MexicoCity,1,,,,MEDIUM
36,0.11267605633802817,0,MEDIUM,MexicoCity,0,,,,HARD
36,0.7464788732394366,1,HARD,MexicoCity,1,,,,HARD
36,0.2535211267605634,0,MEDIUM,MexicoCity,0,,,,HARD
36,0.14084507042253522,0,MEDIUM,MexicoCity,0,,,,HARD
36,0.5492957746478874,1,HARD,MexicoCity,1,,,,HARD
36,0.7183098591549296,2,HARD,MexicoCity,1,,,,MEDIUM
36,0.14084507042253522,0,MEDIUM,MexicoCity,0,,,,HARD
36,0.7323943661971831,1,HARD,MexicoCity,1,,,,MEDIUM
36,0.15492957746478872,0,MEDIUM,MexicoCity,0,,,,HARD
36,0.7323943661971831,1,HARD,MexicoCity,1,,,,MEDIUM
36,0.18309859154929578,0,MEDIUM,MexicoCity,0,,,,HARD
36,0.6056338028169014,1,HARD,MexicoCity,1,,,,MEDIUM
36,0.7183098591549296,2,MEDIUM,MexicoCity,1,,,,MEDIUM
36,0.352112676056338,0,MEDIUM,MexicoCity,0,,,,HARD
36,0.7323943661971831,1,HARD,MexicoCity,1,,,,MEDIUM
36,0.38028169014084506,0,MEDIUM,MexicoCity,0,,,,HARD
36,0.704225352112676,1,HARD,MexicoCity,1,,,,MEDIUM
37,0.19718309859154928,0,MEDIUM,SaoPaulo,0,,,,HARD
37,0.4788732394366197,1,HARD,SaoPaulo,1,,,,HARD
37,0.6901408450704225,2,HARD,SaoPaulo,1,,,,HARD
37,0.04225352112676056,0,MEDIUM,SaoPaulo,0,,,,HARD
37,0.39436619718309857,1,HARD,SaoPaulo,1,,,,HARD
37,0.7323943661971831,2,HARD,SaoPaulo,1,,,,MEDIUM
37,0.18309859154929578,0,MEDIUM,SaoPaulo,0,,,,HARD
37,0.4647887323943662,1,HARD,SaoPaulo,1,,,,HARD
37,0.676056338028169,2,HARD,SaoPaulo,1,,,,HARD
37,0.18309859154929578,0,MEDIUM,SaoPaulo,0,,,,HARD
37,0.4507042253521127,1,HARD,SaoPaulo,1,,,,MEDIUM
37,0.7323943661971831,2,MEDIUM,SaoPaulo,1,,,,MEDIUM
37,0.1267605633802817,0,MEDIUM,SaoPaulo,0,,,,HARD
37,0.49295774647887325,1,HARD,SaoPaulo,1,,,,HARD
37,0.14084507042253522,0,MEDIUM,SaoPaulo,0,,,,HARD
37,0.5492957746478874,1,HARD,SaoPaulo,1,,,,HARD
37,0.16901408450704225,0,MEDIUM,SaoPaulo,0,,,,HARD
37,0.43661971830985913,1,HARD,SaoPaulo,1,,,,MEDIUM
37,0.7183098591549296,2,MEDIUM,SaoPaulo,1,,,,MEDIUM
37,0.16901408450704225,0,MEDIUM,SaoPaulo,0,,,,HARD
37,0.647887323943662,1,HARD,SaoPaulo,1,,,,HARD
37,0.18309859154929578,0,MEDIUM,SaoPaulo,0,,,,HARD
37,0.4507042253521127,1,HARD,SaoPaulo,1,,,,MEDIUM
37,0.6619718309859155,2,MEDIUM,SaoPaulo,1,,,,HARD
37,0.15492957746478872,0,MEDIUM,SaoPaulo,0,,,,HARD
37,0.5774647887323944,1,HARD,SaoPaulo,1,,,,HARD
37,0.14084507042253522,0,MEDIUM,SaoPaulo,0,,,,HARD
37,0.4647887323943662,1,HARD,SaoPaulo,1,,,,HARD
37,0.7183098591549296,2,HARD,SaoPaulo,1,,,,MEDIUM
37,0.352112676056338,0,HARD,SaoPaulo,0,,,,MEDIUM
37,0.6197183098591549,1,MEDIUM,SaoPaulo,1,,,,HARD
37,0.14084507042253522,0,MEDIUM,SaoPaulo,0,,,,HARD
37,0.49295774647887325,1,HARD,SaoPaulo,1,,,,HARD
37,0.7605633802816901,2,HARD,SaoPaulo,1,,,,MEDIUM
37,0.19718309859154928,0,MEDIUM,SaoPaulo,0,,,,HARD
37,0.5492957746478874,1,HARD,SaoPaulo,1,,,,HARD
37,0.15492957746478872,0,MEDIUM,SaoPaulo,0,,,,HARD
37,0.4788732394366197,1,HARD,SaoPaulo,1,,,,HARD
37,0.7464788732394366,2,HARD,SaoPaulo,1,,,,MEDIUM
38,0.2,0,MEDIUM,YasMarina,0,,,,HARD
38,0.7454545454545455,1,HARD,YasMarina,1,,,,HARD
38,0.10909090909090909,0,MEDIUM,YasMarina,0,,,,HARD
38,0.4727272727272727,1,HARD,YasMarina,1,,,,HARD
38,0.18181818181818182,0,MEDIUM,YasMarina,0,,,,HARD
38,0.5636363636363636,1,HARD,YasMarina,1,,,,HARD
38,0.12727272727272726,0,MEDIUM,YasMarina,0,,,,HARD
38,0.43636363636363634,1,HARD,YasMarina,1,,,,HARD
38,0.09090909090909091,0,MEDIUM,YasMarina,0,,,,HARD
38,0.45454545454545453,1,HARD,YasMarina,1,,,,HARD
38,0.10909090909090909,0,MEDIUM,YasMarina,0,,,,HARD
38,0.4727272727272727,1,HARD,YasMarina,1,,,,HARD
38,0.14545454545454545,0,MEDIUM,YasMarina,0,,,,HARD
38,0.4909090909090909,1,HARD,YasMarina,1,,,,HARD
38,0.18181818181818182,0,MEDIUM,YasMarina,0,,,,HARD
38,0.5818181818181818,1,HARD,YasMarina,1,,,,HARD
38,0.41818181818181815,0,HARD,YasMarina,0,,,,HARD
38,0.7090909090909091,1,HARD,YasMarina,0,,,,MEDIUM
38,0.14545454545454545,0,MEDIUM,YasMarina,0,,,,HARD
38,0.16363636363636364,1,HARD,YasMarina,1,,,,HARD
38,0.5272727272727272,2,HARD,YasMarina,1,,,,HARD
38,0.10909090909090909,0,MEDIUM,YasMarina,0,,,,HARD
38,0.4909090909090909,1,HARD,YasMarina,1,,,,HARD
38,0.2727272727272727,0,HARD,YasMarina,0,,,,HARD
38,0.7454545454545455,1,HARD,YasMarina,0,,,,MEDIUM
38,0.41818181818181815,0,HARD,YasMarina,0,,,,HARD
38,0.7818181818181819,1,HARD,YasMarina,0,,,,MEDIUM
38,0.12727272727272726,0,MEDIUM,YasMarina,0,,,,HARD
38,0.509090909090909,1,HARD,YasMarina,1,,,,HARD
38,0.07272727272727272,0,MEDIUM,YasMarina,0,,,,HARD
38,0.4727272727272727,1,HARD,YasMarina,1,,,,HARD
38,0.8,2,HARD,YasMarina,1,,,,MEDIUM
39,0.27586206896551724,0,SOFT,Melbourne,0,,,,HARD
39,0.3103448275862069,1,HARD,Melbourne,1,,,,HARD
39,0.20689655172413793,0,SOFT,Melbourne,0,,,,SOFT
39,0.3103448275862069,1,SOFT,Melbourne,0,,,,MEDIUM
39,0.7241379310344828,2,MEDIUM,Melbourne,1,,,,SOFT
39,0.20689655172413793,0,SOFT,Melbourne,0,,,,MEDIUM
39,0.3103448275862069,1,MEDIUM,Melbourne,1,,,,HARD
39,0.017241379310344827,0,SOFT,Melbourne,0,,,,MEDIUM
39,0.27586206896551724,1,MEDIUM,Melbourne,1,,,,MEDIUM
39,0.29310344827586204,2,MEDIUM,Melbourne,1,,,,HARD
39,0.27586206896551724,0,MEDIUM,Melbourne,0,,,,HARD
39,0.3103448275862069,1,HARD,Melbourne,1,,,,HARD
39,0.1896551724137931,0,SOFT,Melbourne,0,,,,MEDIUM
39,0.3103448275862069,1,MEDIUM,Melbourne,1,,,,HARD
39,0.25862068965517243,0,MEDIUM,Melbourne,0,,,,MEDIUM
39,0.3103448275862069,1,MEDIUM,Melbourne,0,,,,SOFT
39,0.5172413793103449,2,SOFT,Melbourne,1,,,,HARD
39,0.22413793103448276,0,SOFT,Melbourne,0,,,,SOFT
39,0.3103448275862069,1,SOFT,Melbourne,0,,,,SOFT
39,0.603448275862069,2,SOFT,Melbourne,0,,,,MEDIUM
39,0.29310344827586204,0,MEDIUM,Melbourne,0,,,,HARD
39,0.3103448275862069,1,HARD,Melbourne,1,,,,HARD
39,0.27586206896551724,0,MEDIUM,Melbourne,0,,,,HARD
39,0.3103448275862069,1,HARD,Melbourne,1,,,,HARD
39,0.3103448275862069,0,MEDIUM,Melbourne,0,,,,HARD
39,0.13793103448275862,0,SOFT,Melbourne,0,,,,MEDIUM
39,0.3103448275862069,1,MEDIUM,Melbourne,1,,,,MEDIUM
39,0.5344827586206896,2,MEDIUM,Melbourne,1,,,,HARD
39,0.1724137931034483,0,SOFT,Melbourne,0,,,,MEDIUM
39,0.3103448275862069,1,MEDIUM,Melbourne,1,,,,HARD
39,0.22413793103448276,0,SOFT,Melbourne,0,,,,MEDIUM
39,0.3103448275862069,1,MEDIUM,Melbourne,1,,,,MEDIUM
39,0.5517241379310345,2,MEDIUM,Melbourne,1,,,,HARD
39,0.20689655172413793,0,SOFT,Melbourne,0,,,,MEDIUM
39,0.3103448275862069,1,MEDIUM,Melbourne,1,,,,HARD
40,0.22807017543859648,0,SOFT,Sakhir,0,,,,HARD
40,0.49122807017543857,1,HARD,Sakhir,1,,,,SOFT
40,0.7192982456140351,2,SOFT,Sakhir,1,,,,MEDIUM
40,0.10526315789473684,0,SOFT,Sakhir,0,,,,MEDIUM
40,0.42105263157894735,1,MEDIUM,Sakhir,1,,,,MEDIUM
40,0.7368421052631579,2,MEDIUM,Sakhir,1,,,,HARD
40,0.22807017543859648,0,SOFT,Sakhir,0,,,,MEDIUM
40,0.5263157894736842,1,MEDIUM,Sakhir,1,,,,SOFT
40,0.6842105263157895,2,SOFT,Sakhir,1,,,,MEDIUM
40,0.21052631578947367,0,MEDIUM,Sakhir,0,,,,SOFT
40,0.42105263157894735,1,SOFT,Sakhir,1,,,,SOFT
40,0.6666666666666666,2,SOFT,Sakhir,1,,,,SOFT
40,0.2807017543859649,0,MEDIUM,Sakhir,0,,,,MEDIUM
40,0.5964912280701754,1,MEDIUM,Sakhir,0,,,,SOFT
40,0.7719298245614035,2,SOFT,Sakhir,1,,,,SOFT
40,0.12280701754385964,0,SOFT,Sakhir,0,,,,HARD
40,0.5087719298245614,1,HARD,Sakhir,1,,,,HARD
40,0.21052631578947367,0,SOFT,Sakhir,0,,,,MEDIUM
40,0.5087719298245614,1,MEDIUM,Sakhir,1,,,,SOFT
40,0.6491228070175439,2,SOFT,Sakhir,1,,,,MEDIUM
40,0.14035087719298245,0,SOFT,Sakhir,0,,,,HARD
40,0.15789473684210525,1,HARD,Sakhir,1,,,,HARD
40,0.5964912280701754,2,HARD,Sakhir,1,,,,MEDIUM
40,0.22807017543859648,0,MEDIUM,Sakhir,0,,,,MEDIUM
40,0.5087719298245614,1,MEDIUM,Sakhir,0,,,,HARD
40,0.19298245614035087,0,SOFT,Sakhir,0,,,,SOFT
40,0.47368421052631576,1,SOFT,Sakhir,0,,,,SOFT
40,0.7017543859649122,2,SOFT,Sakhir,0,,,,MEDIUM
40,0.17543859649122806,0,MEDIUM,Sakhir,0,,,,MEDIUM
40,0.5263157894736842,1,MEDIUM,Sakhir,0,,,,HARD
40,0.8245614035087719,2,HARD,Sakhir,1,,,,SOFT
40,0.17543859649122806,0,SOFT,Sakhir,0,,,,MEDIUM
40,0.45614035087719296,1,MEDIUM,Sakhir,1,,,,HARD
40,0.8070175438596491,2,HARD,Sakhir,1,,,,SOFT
40,0.19298245614035087,0,MEDIUM,Sakhir,0,,,,MEDIUM
40,0.5087719298245614,1,MEDIUM,Sakhir,0,,,,SOFT
40,0.7192982456140351,2,SOFT,Sakhir,1,,,,SOFT
40,0.15789473684210525,0,SOFT,Sakhir,0,,,,MEDIUM
40,0.43859649122807015,1,MEDIUM,Sakhir,1,,,,MEDIUM
40,0.7192982456140351,2,MEDIUM,Sakhir,1,,,,SOFT
41,0.05357142857142857,0,SOFT,Shanghai,0,,,,MEDIUM
41,0.3392857142857143,1,MEDIUM,Shanghai,1,,,,MEDIUM
41,0.6607142857142857,2,MEDIUM,Shanghai,1,,,,HARD
41,0.35714285714285715,0,MEDIUM,Shanghai,0,,,,MEDIUM
41,0.6428571428571429,1,MEDIUM,Shanghai,0,,,,HARD
41,0.2857142857142857,0,MEDIUM,Shanghai,0,,,,HARD
41,0.5714285714285714,1,HARD,Shanghai,1,,,,HARD
41,0.07142857142857142,0,SOFT,Shanghai,0,,,,MEDIUM
41,0.3392857142857143,1,MEDIUM,Shanghai,1,,,,MEDIUM
41,0.625,2,MEDIUM,Shanghai,1,,,,HARD
41,0.3392857142857143,0,MEDIUM,Shanghai,0,,,,MEDIUM
41,0.5535714285714286,1,MEDIUM,Shanghai,0,,,,HARD
41,0.07142857142857142,0,SOFT,Shanghai,0,,,,HARD
41,0.48214285714285715,1,HARD,Shanghai,1,,,,HARD
41,0.7857142857142857,2,HARD,Shanghai,1,,,,SOFT
41,0.017857142857142856,0,SOFT,Shanghai,0,,,,MEDIUM
41,0.25,1,MEDIUM,Shanghai,1,,,,HARD
41,0.6607142857142857,2,HARD,Shanghai,1,,,,MEDIUM
41,0.07142857142857142,0,SOFT,Shanghai,0,,,,SOFT
41,0.30357142857142855,1,SOFT,Shanghai,0,,,,MEDIUM
41,0.625,2,MEDIUM,Shanghai,1,,,,MEDIUM
41,0.07142857142857142,0,SOFT,Shanghai,0,,,,MEDIUM
41,0.375,1,MEDIUM,Shanghai,1,,,,MEDIUM
41,0.5357142857142857,2,MEDIUM,Shanghai,1,,,,HARD
41,0.07142857142857142,0,SOFT,Shanghai,0,,,,MEDIUM
41,0.32142857142857145,1,MEDIUM,Shanghai,1,,,,MEDIUM
41,0.5,2,MEDIUM,Shanghai,1,,,,HARD
41,0.3392857142857143,0,MEDIUM,Shanghai,0,,,,MEDIUM
41,0.6071428571428571,1,MEDIUM,Shanghai,0,,,,SOFT
41,0.7678571428571429,2,SOFT,Shanghai,1,,,,SOFT
41,0.07142857142857142,0,SOFT,Shanghai,0,,,,MEDIUM
41,0.3392857142857143,1,MEDIUM,Shanghai,1,,,,MEDIUM
41,0.5892857142857143,2,MEDIUM,Shanghai,1,,,,HARD
41,0.07142857142857142,0,SOFT,Shanghai,0,,,,MEDIUM
41,0.35714285714285715,1,MEDIUM,Shanghai,1,,,,HARD
41,0.6964285714285714,2,HARD,Shanghai,1,,,,MEDIUM
42,0.32075471698113206,0,SOFT,Sochi,0,,,,MEDIUM
42,0.018867924528301886,0,SOFT,Sochi,0,,,,HARD
42,0.5471698113207547,1,HARD,Sochi,1,,,,MEDIUM
42,0.39622641509433965,0,SOFT,Sochi,0,,,,MEDIUM
42,0.3018867924528302,0,SOFT,Sochi,0,,,,MEDIUM
42,0.39622641509433965,0,SOFT,Sochi,0,,,,MEDIUM
42,0.018867924528301886,0,SOFT,Sochi,0,,,,HARD
42,0.1509433962264151,1,HARD,Sochi,1,,,,
42,0.33962264150943394,0,SOFT,Sochi,0,,,,MEDIUM
42,0.8679245283018868,1,MEDIUM,Sochi,1,,,,SOFT
42,0.37735849056603776,0,SOFT,Sochi,0,,,,MEDIUM
42,0.37735849056603776,0,SOFT,Sochi,0,,,,MEDIUM
42,0.3018867924528302,0,SOFT,Sochi,0,,,,MEDIUM
42,0.018867924528301886,0,SOFT,Sochi,0,,,,MEDIUM
42,0.5094339622641509,1,MEDIUM,Sochi,1,,,,MEDIUM
42,0.018867924528301886,0,MEDIUM,Sochi,0,,,,SOFT
42,0.5283018867924528,1,SOFT,Sochi,1,,,,SOFT
42,0.32075471698113206,0,SOFT,Sochi,0,,,,MEDIUM
42,0.20754716981132076,0,SOFT,Sochi,0,,,,MEDIUM
42,0.2641509433962264,0,SOFT,Sochi,0,,,,MEDIUM
43,0.15151515151515152,0,MEDIUM,Catalunya,0,,,,HARD
43,0.45454545454545453,1,HARD,Catalunya,1,,,,
43,0.8333333333333334,2,,Catalunya,1,,,,MEDIUM
43,0.13636363636363635,0,MEDIUM,Catalunya,0,,,,HARD
43,0.3787878787878788,1,HARD,Catalunya,1,,,,HARD
43,0.7727272727272727,2,HARD,Catalunya,1,,,,MEDIUM
43,0.12121212121212122,0,MEDIUM,Catalunya,0,,,,HARD
43,0.3787878787878788,1,HARD,Catalunya,1,,,,MEDIUM
43,0.6212121212121212,2,MEDIUM,Catalunya,1,,,,HARD
43,0.15151515151515152,0,MEDIUM,Catalunya,0,,,,HARD
43,0.5454545454545454,1,HARD,Catalunya,1,,,,HARD
43,0.18181818181818182,0,MEDIUM,Catalunya,0,,,,HARD
43,0.5303030303030303,1,HARD,Catalunya,1,,,,HARD
43,0.22727272727272727,0,MEDIUM,Catalunya,0,,,,HARD
43,0.4393939393939394,1,HARD,Catalunya,1,,,,MEDIUM
43,0.5606060606060606,2,MEDIUM,Catalunya,1,,,,HARD
43,0.18181818181818182,0,MEDIUM,Catalunya,0,,,,HARD
43,0.5909090909090909,1,HARD,Catalunya,1,,,,HARD
43,0.13636363636363635,0,MEDIUM,Catalunya,0,,,,HARD
43,0.5303030303030303,1,HARD,Catalunya,1,,,,HARD
43,0.13636363636363635,0,MEDIUM,Catalunya,0,,,,MEDIUM
43,0.36363636363636365,1,MEDIUM,Catalunya,0,,,,HARD
43,0.6060606060606061,2,HARD,Catalunya,1,,,,HARD
43,0.24242424242424243,0,MEDIUM,Catalunya,0,,,,MEDIUM
43,0.45454545454545453,1,MEDIUM,Catalunya,0,,,,HARD
43,0.15151515151515152,0,MEDIUM,Catalunya,0,,,,HARD
43,0.5757575757575758,1,HARD,Catalunya,1,,,,HARD
43,0.18181818181818182,0,MEDIUM,Catalunya,0,,,,HARD
43,0.5454545454545454,1,HARD,Catalunya,1,,,,HARD
43,0.18181818181818182,0,MEDIUM,Catalunya,0,,,,HARD
43,0.5151515151515151,1,HARD,Catalunya,1,,,,HARD
43,0.16666666666666666,0,MEDIUM,Catalunya,0,,,,HARD
43,0.5,1,HARD,Catalunya,1,,,,
44,0.3974358974358974,0,WET,MonteCarlo,0,,,,
44,0.2948717948717949,0,WET,MonteCarlo,0,,,,INTERMEDIATE
44,0.41025641025641024,1,INTERMEDIATE,MonteCarlo,1,,,,MEDIUM
44,0.2564102564102564,0,WET,MonteCarlo,0,,,,INTERMEDIATE
44,0.3974358974358974,1,INTERMEDIATE,MonteCarlo,1,,,,
44,0.1794871794871795,0,WET,MonteCarlo,0,,,,INTERMEDIATE
44,0.41025641025641024,1,INTERMEDIATE,MonteCarlo,1,,,,MEDIUM
44,0.19230769230769232,0,WET,MonteCarlo,0,,,,INTERMEDIATE
44,0.3974358974358974,1,INTERMEDIATE,MonteCarlo,1,,,,HARD
44,0.2564102564102564,0,WET,MonteCarlo,0,,,,INTERMEDIATE
44,0.41025641025641024,1,INTERMEDIATE,MonteCarlo,1,,,,MEDIUM
44,0.10256410256410256,0,WET,MonteCarlo,0,,,,INTERMEDIATE
44,0.38461538461538464,1,INTERMEDIATE,MonteCarlo,1,,,,MEDIUM
44,0.16666666666666666,0,WET,MonteCarlo,0,,,,INTERMEDIATE
44,0.3974358974358974,1,INTERMEDIATE,MonteCarlo,1,,,,HARD
44,0.19230769230769232,0,WET,MonteCarlo,0,,,,INTERMEDIATE
44,0.38461538461538464,1,INTERMEDIATE,MonteCarlo,1,,,,MEDIUM
44,0.6282051282051282,2,MEDIUM,MonteCarlo,1,,,,
44,0.2692307692307692,0,WET,MonteCarlo,0,,,,INTERMEDIATE
44,0.38461538461538464,1,INTERMEDIATE,MonteCarlo,1,,,,HARD
44,0.20512820512820512,0,WET,MonteCarlo,0,,,,INTERMEDIATE
44,0.41025641025641024,1,INTERMEDIATE,MonteCarlo,1,,,,
44,0.19230769230769232,0,WET,MonteCarlo,0,,,,INTERMEDIATE
44,0.38461538461538464,1,INTERMEDIATE,MonteCarlo,1,,,,
44,0.2692307692307692,0,WET,MonteCarlo,0,,,,INTERMEDIATE
44,0.3974358974358974,1,INTERMEDIATE,MonteCarlo,1,,,,MEDIUM
44,0.3974358974358974,0,WET,MonteCarlo,0,,,,
44,0.14102564102564102,0,WET,MonteCarlo,0,,,,INTERMEDIATE
44,0.4358974358974359,1,INTERMEDIATE,MonteCarlo,1,,,,
44,0.6025641025641025,2,,MonteCarlo,1,,,,
45,0.34285714285714286,0,,Montreal,0,,,,HARD
45,0.3,0,,Montreal,0,,,,HARD
45,0.5428571428571428,1,HARD,Montreal,0,,,,HARD
45,0.3,0,,Montreal,0,,,,HARD
45,0.7285714285714285,1,HARD,Montreal,0,,,,HARD
45,0.24285714285714285,0,,Montreal,0,,,,HARD
45,0.3,0,,Montreal,0,,,,HARD
45,0.7285714285714285,1,HARD,Montreal,0,,,,HARD
45,0.24285714285714285,0,,Montreal,0,,,,HARD
45,0.6285714285714286,1,HARD,Montreal,0,,,,
45,0.15714285714285714,0,,Montreal,0,,,,MEDIUM
45,0.4714285714285714,1,MEDIUM,Montreal,0,,,,HARD
45,0.15714285714285714,0,,Montreal,0,,,,MEDIUM
45,0.5285714285714286,1,MEDIUM,Montreal,0,,,,HARD
45,0.32857142857142857,0,,Montreal,0,,,,HARD
45,0.42857142857142855,0,HARD,Montreal,0,,,,MEDIUM
45,0.6571428571428571,1,MEDIUM,Montreal,1,,,,HARD
45,0.2,0,,Montreal,0,,,,HARD
45,0.5571428571428572,1,HARD,Montreal,0,,,,HARD
45,0.18571428571428572,0,,Montreal,0,,,,HARD
45,0.5857142857142857,1,HARD,Montreal,0,,,,
45,0.24285714285714285,0,,Montreal,0,,,,HARD
45,0.5571428571428572,1,HARD,Montreal,0,,,,
45,0.6571428571428571,2,,Montreal,0,,,,
45,0.18571428571428572,0,,Montreal,0,,,,HARD
45,0.6857142857142857,1,HARD,Montreal,0,,,,
45,0.2857142857142857,0,,Montreal,0,,,,HARD
45,0.6571428571428571,1,HARD,Montreal,0,,,,
46,0.29411764705882354,0,SOFT,Baku,0,,,,MEDIUM
46,0.11764705882352941,0,SOFT,Baku,0,,,,MEDIUM
46,0.43137254901960786,1,MEDIUM,Baku,1,,,,HARD
46,0.4117647058823529,0,SOFT,Baku,0,,,,MEDIUM
46,0.11764705882352941,0,SOFT,Baku,0,,,,MEDIUM
46,0.39215686274509803,0,MEDIUM,Baku,0,,,,SOFT
46,0.13725490196078433,0,SOFT,Baku,0,,,,MEDIUM
46,0.5490196078431373,1,MEDIUM,Baku,1,,,,MEDIUM
46,0.11764705882352941,0,SOFT,Baku,0,,,,MEDIUM
46,0.49019607843137253,1,MEDIUM,Baku,1,,,,MEDIUM
46,0.1568627450980392,0,SOFT,Baku,0,,,,MEDIUM
46,0.39215686274509803,0,SOFT,Baku,0,,,,MEDIUM
46,0.37254901960784315,0,SOFT,Baku,0,,,,MEDIUM
46,0.3137254901960784,0,SOFT,Baku,0,,,,MEDIUM
46,0.19607843137254902,0,SOFT,Baku,0,,,,MEDIUM
46,0.5098039215686274,1,MEDIUM,Baku,1,,,,HARD
46,0.13725490196078433,0,SOFT,Baku,0,,,,MEDIUM
46,0.47058823529411764,1,MEDIUM,Baku,1,,,,MEDIUM
46,0.09803921568627451,0,SOFT,Baku,0,,,,MEDIUM
46,0.39215686274509803,1,MEDIUM,Baku,1,,,,HARD
46,0.21568627450980393,0,SOFT,Baku,0,,,,MEDIUM
46,0.6078431372549019,1,MEDIUM,Baku,1,,,,SOFT
47,0.30985915492957744,0,MEDIUM,Spielberg,0,,,,HARD
47,0.39436619718309857,1,HARD,Spielberg,1,,,,
47,0.4084507042253521,2,HARD,Spielberg,1,,,,
47,0.36619718309859156,0,MEDIUM,Spielberg,0,,,,HARD
47,0.39436619718309857,1,HARD,Spielberg,1,,,,
47,0.4084507042253521,2,HARD,Spielberg,1,,,,
47,0.1267605633802817,0,MEDIUM,Spielberg,0,,,,HARD
47,0.39436619718309857,1,HARD,Spielberg,1,,,,HARD
47,0.4084507042253521,2,HARD,Spielberg,1,,,,
47,0.39436619718309857,0,HARD,Spielberg,0,,,,
47,0.4084507042253521,1,HARD,Spielberg,0,,,,
47,0.6056338028169014,2,HARD,Spielberg,0,,,,MEDIUM
47,0.2112676056338028,0,MEDIUM,Spielberg,0,,,,HARD
47,0.39436619718309857,1,HARD,Spielberg,1,,,,
47,0.4084507042253521,2,HARD,Spielberg,1,,,,
48,0.1346153846153846,0,WET,Silverstone,0,,,,INTERMEDIATE
48,0.3269230769230769,1,INTERMEDIATE,Silverstone,1,,,,HARD
48,0.11538461538461539,0,WET,Silverstone,0,,,,INTERMEDIATE
48,0.3269230769230769,1,INTERMEDIATE,Silverstone,1,,,,HARD
48,0.1346153846153846,0,WET,Silverstone,0,,,,INTERMEDIATE
48,0.3269230769230769,1,INTERMEDIATE,Silverstone,1,,,,HARD
48,0.09615384615384616,0,WET,Silverstone,0,,,,INTERMEDIATE
48,0.3269230769230769,1,INTERMEDIATE,Silverstone,1,,,,HARD
48,0.75,2,HARD,Silverstone,1,,,,HARD
48,0.09615384615384616,0,WET,Silverstone,0,,,,INTERMEDIATE
48,0.3269230769230769,1,INTERMEDIATE,Silverstone,1,,,,HARD
48,0.11538461538461539,0,WET,Silverstone,0,,,,INTERMEDIATE
48,0.3076923076923077,1,INTERMEDIATE,Silverstone,1,,,,HARD
48,0.11538461538461539,0,WET,Silverstone,0,,,,INTERMEDIATE
48,0.3076923076923077,1,INTERMEDIATE,Silverstone,1,,,,HARD
48,0.7307692307692307,2,HARD,Silverstone,1,,,,MEDIUM
48,0.11538461538461539,0,WET,Silverstone,0,,,,INTERMEDIATE
48,0.3269230769230769,1,INTERMEDIATE,Silverstone,1,,,,HARD
48,0.09615384615384616,0,WET,Silverstone,0,,,,INTERMEDIATE
48,0.3076923076923077,1,INTERMEDIATE,Silverstone,1,,,,HARD
48,0.09615384615384616,0,WET,Silverstone,0,,,,INTERMEDIATE
48,0.28846153846153844,1,INTERMEDIATE,Silverstone,1,,,,HARD
48,0.09615384615384616,0,WET,Silverstone,0,,,,INTERMEDIATE
48,0.3076923076923077,1,INTERMEDIATE,Silverstone,1,,,,HARD
48,0.1346153846153846,0,WET,Silverstone,0,,,,INTERMEDIATE
48,0.3269230769230769,1,INTERMEDIATE,Silverstone,1,,,,HARD
48,0.09615384615384616,0,WET,Silverstone,0,,,,INTERMEDIATE
48,0.3269230769230769,1,INTERMEDIATE,Silverstone,1,,,,HARD
48,0.1346153846153846,0,WET,Silverstone,0,,,,INTERMEDIATE
48,0.3076923076923077,1,INTERMEDIATE,Silverstone,1,,,,HARD
48,0.1346153846153846,0,WET,Silverstone,0,,,,INTERMEDIATE
48,0.34615384615384615,1,INTERMEDIATE,Silverstone,1,,,,HARD
49,0.22857142857142856,0,SOFT,Budapest,0,,,,MEDIUM
49,0.5857142857142857,1,MEDIUM,Budapest,1,,,,MEDIUM
49,0.21428571428571427,0,SOFT,Budapest,0,,,,MEDIUM
49,0.4714285714285714,1,MEDIUM,Budapest,1,,,,MEDIUM
49,0.24285714285714285,0,SOFT,Budapest,0,,,,MEDIUM
49,0.6,1,MEDIUM,Budapest,1,,,,MEDIUM
49,0.34285714285714286,0,SOFT,Budapest,0,,,,SOFT
49,0.5142857142857142,1,SOFT,Budapest,0,,,,MEDIUM
49,0.21428571428571427,0,SOFT,Budapest,0,,,,MEDIUM
49,0.6285714285714286,1,MEDIUM,Budapest,1,,,,MEDIUM
49,0.2,0,SOFT,Budapest,0,,,,MEDIUM
49,0.5571428571428572,1,MEDIUM,Budapest,1,,,,MEDIUM
49,0.4142857142857143,0,MEDIUM,Budapest,0,,,,SOFT
49,0.7142857142857143,1,SOFT,Budapest,1,,,,SOFT
49,0.2,0,SOFT,Budapest,0,,,,MEDIUM
49,0.5857142857142857,1,MEDIUM,Budapest,1,,,,MEDIUM
49,0.22857142857142856,0,SOFT,Budapest,0,,,,MEDIUM
49,0.6142857142857143,1,MEDIUM,Budapest,1,,,,MEDIUM
49,0.38571428571428573,0,MEDIUM,Budapest,0,,,,HARD
49,0.5714285714285714,1,HARD,Budapest,1,,,,MEDIUM
49,0.21428571428571427,0,SOFT,Budapest,0,,,,MEDIUM
49,0.5285714285714286,1,MEDIUM,Budapest,1,,,,MEDIUM
49,0.2,0,SOFT,Budapest,0,,,,MEDIUM
49,0.5142857142857142,1,MEDIUM,Budapest,1,,,,MEDIUM
49,0.22857142857142856,0,SOFT,Budapest,0,,,,MEDIUM
49,0.6,1,MEDIUM,Budapest,1,,,,MEDIUM
49,0.22857142857142856,0,SOFT,Budapest,0,,,,MEDIUM
49,0.5428571428571428,1,MEDIUM,Budapest,1,,,,MEDIUM
49,0.37142857142857144,0,MEDIUM,Budapest,0,,,,SOFT
49,0.5571428571428572,1,SOFT,Budapest,1,,,,MEDIUM
50,0.208955223880597,0,SOFT,Hockenheim,0,,,,MEDIUM
50,0.5074626865671642,1,MEDIUM,Hockenheim,1,,,,SOFT
50,0.7014925373134329,2,SOFT,Hockenheim,1,,,,MEDIUM
50,0.1791044776119403,0,SOFT,Hockenheim,0,,,,MEDIUM
50,0.4925373134328358,1,MEDIUM,Hockenheim,1,,,,SOFT
50,0.6865671641791045,2,SOFT,Hockenheim,1,,,,SOFT
50,0.16417910447761194,0,SOFT,Hockenheim,0,,,,SOFT
50,0.40298507462686567,1,SOFT,Hockenheim,0,,,,MEDIUM
50,0.6567164179104478,2,MEDIUM,Hockenheim,1,,,,MEDIUM
50,0.208955223880597,0,SOFT,Hockenheim,0,,,,MEDIUM
50,0.417910447761194,1,MEDIUM,Hockenheim,1,,,,SOFT
50,0.7014925373134329,2,SOFT,Hockenheim,1,,,,SOFT
50,0.1791044776119403,0,SOFT,Hockenheim,0,,,,MEDIUM
50,0.47761194029850745,1,MEDIUM,Hockenheim,1,,,,SOFT
50,0.6567164179104478,2,SOFT,Hockenheim,1,,,,MEDIUM
50,0.1044776119402985,0,SOFT,Hockenheim,0,,,,MEDIUM
50,0.417910447761194,1,MEDIUM,Hockenheim,1,,,,SOFT
50,0.7313432835820896,2,SOFT,Hockenheim,1,,,,SOFT
50,0.19402985074626866,0,SOFT,Hockenheim,0,,,,MEDIUM
50,0.4626865671641791,1,MEDIUM,Hockenheim,1,,,,SOFT
50,0.6865671641791045,2,SOFT,Hockenheim,1,,,,SOFT
50,0.208955223880597,0,SOFT,Hockenheim,0,,,,MEDIUM
50,0.47761194029850745,1,MEDIUM,Hockenheim,1,,,,SOFT
50,0.7014925373134329,2,SOFT,Hockenheim,1,,,,MEDIUM
50,0.19402985074626866,0,SOFT,Hockenheim,0,,,,MEDIUM
50,0.4626865671641791,1,MEDIUM,Hockenheim,1,,,,SOFT
50,0.6865671641791045,2,SOFT,Hockenheim,1,,,,MEDIUM
50,0.1791044776119403,0,SOFT,Hockenheim,0,,,,MEDIUM
50,0.4925373134328358,1,MEDIUM,Hockenheim,1,,,,MEDIUM
50,0.11940298507462686,0,SOFT,Hockenheim,0,,,,MEDIUM
50,0.40298507462686567,1,MEDIUM,Hockenheim,1,,,,SOFT
50,0.6417910447761194,2,SOFT,Hockenheim,1,,,,MEDIUM
50,0.373134328358209,0,MEDIUM,Hockenheim,0,,,,SOFT
50,0.7014925373134329,1,SOFT,Hockenheim,1,,,,SOFT
50,0.2537313432835821,0,SOFT,Hockenheim,0,,,,MEDIUM
50,0.6417910447761194,1,MEDIUM,Hockenheim,1,,,,SOFT
50,0.13432835820895522,0,SOFT,Hockenheim,0,,,,SOFT
50,0.43283582089552236,1,SOFT,Hockenheim,0,,,,MEDIUM
50,0.7611940298507462,2,MEDIUM,Hockenheim,1,,,,SOFT
50,0.16417910447761194,0,SOFT,Hockenheim,0,,,,SOFT
50,0.417910447761194,1,SOFT,Hockenheim,0,,,,MEDIUM
50,0.6716417910447762,2,MEDIUM,Hockenheim,1,,,,SOFT
51,0.20454545454545456,0,HARD,Spa,0,,,,MEDIUM
51,0.4772727272727273,1,MEDIUM,Spa,1,,,,MEDIUM
51,0.7272727272727273,2,MEDIUM,Spa,1,,,,HARD
51,0.20454545454545456,0,MEDIUM,Spa,0,,,,MEDIUM
51,0.5681818181818182,1,MEDIUM,Spa,0,,,,HARD
51,0.20454545454545456,0,MEDIUM,Spa,0,,,,HARD
51,0.5909090909090909,1,HARD,Spa,1,,,,HARD
51,0.20454545454545456,0,HARD,Spa,0,,,,MEDIUM
51,0.5227272727272727,1,MEDIUM,Spa,1,,,,HARD
51,0.13636363636363635,0,SOFT,Spa,0,,,,MEDIUM
51,0.20454545454545456,1,MEDIUM,Spa,1,,,,MEDIUM
51,0.5227272727272727,2,MEDIUM,Spa,1,,,,HARD
51,0.20454545454545456,0,MEDIUM,Spa,0,,,,MEDIUM
51,0.4772727272727273,1,MEDIUM,Spa,0,,,,HARD
51,0.7954545454545454,2,HARD,Spa,1,,,,SOFT
51,0.045454545454545456,0,SOFT,Spa,0,,,,MEDIUM
51,0.20454545454545456,1,MEDIUM,Spa,1,,,,MEDIUM
51,0.5,2,MEDIUM,Spa,1,,,,HARD
51,0.022727272727272728,0,MEDIUM,Spa,0,,,,MEDIUM
51,0.20454545454545456,1,MEDIUM,Spa,0,,,,MEDIUM
51,0.5227272727272727,2,MEDIUM,Spa,0,,,,HARD
51,0.1590909090909091,0,SOFT,Spa,0,,,,MEDIUM
51,0.20454545454545456,1,MEDIUM,Spa,1,,,,MEDIUM
51,0.5227272727272727,2,MEDIUM,Spa,1,,,,HARD
51,0.13636363636363635,0,SOFT,Spa,0,,,,MEDIUM
51,0.20454545454545456,1,MEDIUM,Spa,1,,,,HARD
51,0.5454545454545454,2,HARD,Spa,1,,,,HARD
51,0.1590909090909091,0,MEDIUM,Spa,0,,,,MEDIUM
51,0.20454545454545456,1,MEDIUM,Spa,0,,,,MEDIUM
51,0.5,2,MEDIUM,Spa,0,,,,HARD
51,0.13636363636363635,0,MEDIUM,Spa,0,,,,MEDIUM
51,0.20454545454545456,1,MEDIUM,Spa,0,,,,MEDIUM
51,0.5227272727272727,2,MEDIUM,Spa,0,,,,HARD
52,0.4716981132075472,0,MEDIUM,Monza,0,,,,HARD
52,0.3018867924528302,0,SOFT,Monza,0,,,,MEDIUM
52,0.6981132075471698,1,MEDIUM,Monza,1,,,,SOFT
52,0.4528301886792453,0,MEDIUM,Monza,0,,,,HARD
52,0.24528301886792453,0,SOFT,Monza,0,,,,MEDIUM
52,0.6226415094339622,1,MEDIUM,Monza,1,,,,MEDIUM
52,0.9245283018867925,2,MEDIUM,Monza,1,,,,SOFT
52,0.2641509433962264,0,SOFT,Monza,0,,,,MEDIUM
52,0.6226415094339622,1,MEDIUM,Monza,1,,,,MEDIUM
52,0.3018867924528302,0,MEDIUM,Monza,0,,,,MEDIUM
52,0.6792452830188679,1,MEDIUM,Monza,0,,,,SOFT
52,0.2830188679245283,0,SOFT,Monza,0,,,,MEDIUM
52,0.7169811320754716,1,MEDIUM,Monza,1,,,,SOFT
52,0.2830188679245283,0,SOFT,Monza,0,,,,SOFT
52,0.6415094339622641,1,SOFT,Monza,0,,,,MEDIUM
52,0.3018867924528302,0,SOFT,Monza,0,,,,SOFT
52,0.6226415094339622,1,SOFT,Monza,0,,,,MEDIUM
52,0.24528301886792453,0,SOFT,Monza,0,,,,MEDIUM
52,0.5660377358490566,1,MEDIUM,Monza,1,,,,MEDIUM
52,0.2830188679245283,0,SOFT,Monza,0,,,,MEDIUM
52,0.5283018867924528,1,MEDIUM,Monza,1,,,,MEDIUM
52,0.3018867924528302,0,SOFT,Monza,0,,,,MEDIUM
52,0.6415094339622641,1,MEDIUM,Monza,1,,,,SOFT
52,0.5283018867924528,0,MEDIUM,Monza,0,,,,SOFT
52,0.4339622641509434,0,MEDIUM,Monza,0,,,,SOFT
52,0.7358490566037735,1,SOFT,Monza,1,,,,SOFT
52,0.24528301886792453,0,SOFT,Monza,0,,,,MEDIUM
52,0.660377358490566,1,MEDIUM,Monza,1,,,,MEDIUM
53,0.01639344262295082,0,,Singapore,0,,,,
53,0.26229508196721313,1,,Singapore,0,,,,HARD
53,0.5409836065573771,2,HARD,Singapore,0,,,,HARD
53,0.01639344262295082,0,,Singapore,0,,,,
53,0.2786885245901639,1,,Singapore,0,,,,MEDIUM
53,0.6229508196721312,2,MEDIUM,Singapore,0,,,,MEDIUM
53,0.01639344262295082,0,,Singapore,0,,,,
53,0.22950819672131148,1,,Singapore,0,,,,MEDIUM
53,0.5573770491803278,2,MEDIUM,Singapore,0,,,,HARD
53,0.01639344262295082,0,,Singapore,0,,,,
53,0.2459016393442623,1,,Singapore,0,,,,MEDIUM
53,0.6065573770491803,2,MEDIUM,Singapore,0,,,,MEDIUM
53,0.01639344262295082,0,HARD,Singapore,0,,,,
53,0.39344262295081966,1,HARD,Singapore,0,,,,
53,0.6885245901639344,2,,Singapore,0,,,,
53,0.01639344262295082,0,,Singapore,0,,,,HARD
53,0.4098360655737705,1,HARD,Singapore,0,,,,HARD
53,0.01639344262295082,0,,Singapore,0,,,,
53,0.29508196721311475,1,,Singapore,0,,,,
53,0.5901639344262295,2,,Singapore,0,,,,HARD
53,0.01639344262295082,0,MEDIUM,Singapore,0,,,,
53,0.2786885245901639,1,MEDIUM,Singapore,0,,,,MEDIUM
53,0.5737704918032787,2,MEDIUM,Singapore,0,,,,HARD
53,0.01639344262295082,0,MEDIUM,Singapore,0,,,,
53,0.18032786885245902,1,MEDIUM,Singapore,0,,,,MEDIUM
53,0.5573770491803278,2,MEDIUM,Singapore,0,,,,HARD
54,0.375,0,MEDIUM,KualaLumpur,0,,,,
54,0.7321428571428571,1,,KualaLumpur,0,,,,MEDIUM
54,0.16071428571428573,0,MEDIUM,KualaLumpur,0,,,,
54,0.5535714285714286,1,,KualaLumpur,0,,,,
54,0.7321428571428571,2,,KualaLumpur,0,,,,MEDIUM
54,0.16071428571428573,0,MEDIUM,KualaLumpur,0,,,,
54,0.48214285714285715,1,,KualaLumpur,0,,,,MEDIUM
54,0.7142857142857143,2,MEDIUM,KualaLumpur,0,,,,MEDIUM
54,0.16071428571428573,0,MEDIUM,KualaLumpur,0,,,,HARD
54,0.5,1,HARD,KualaLumpur,1,,,,
54,0.7142857142857143,2,,KualaLumpur,1,,,,MEDIUM
54,0.017857142857142856,0,MEDIUM,KualaLumpur,0,,,,
54,0.5178571428571429,1,,KualaLumpur,0,,,,MEDIUM
54,0.7142857142857143,2,MEDIUM,KualaLumpur,0,,,,MEDIUM
54,0.017857142857142856,0,MEDIUM,KualaLumpur,0,,,,
54,0.10714285714285714,1,,KualaLumpur,0,,,,
54,0.5535714285714286,2,,KualaLumpur,0,,,,HARD
54,0.16071428571428573,0,MEDIUM,KualaLumpur,0,,,,
54,0.6607142857142857,1,,KualaLumpur,0,,,,MEDIUM
54,0.35714285714285715,0,MEDIUM,KualaLumpur,0,,,,
54,0.5714285714285714,1,,KualaLumpur,0,,,,
54,0.7142857142857143,2,,KualaLumpur,0,,,,MEDIUM
54,0.5178571428571429,0,HARD,KualaLumpur,0,,,,
54,0.16071428571428573,0,MEDIUM,KualaLumpur,0,,,,HARD
54,0.5714285714285714,1,HARD,KualaLumpur,1,,,,
54,0.375,0,MEDIUM,KualaLumpur,0,,,,MEDIUM
54,0.6607142857142857,1,MEDIUM,KualaLumpur,0,,,,
54,0.35714285714285715,0,MEDIUM,KualaLumpur,0,,,,
54,0.6607142857142857,1,,KualaLumpur,0,,,,MEDIUM
54,0.16071428571428573,0,MEDIUM,KualaLumpur,0,,,,MEDIUM
54,0.48214285714285715,1,MEDIUM,KualaLumpur,0,,,,
54,0.7321428571428571,2,,KualaLumpur,0,,,,MEDIUM
54,0.5535714285714286,0,,KualaLumpur,0,,,,MEDIUM
54,0.16071428571428573,0,MEDIUM,KualaLumpur,0,,,,
54,0.5357142857142857,1,,KualaLumpur,0,,,,
54,0.7321428571428571,2,,KualaLumpur,0,,,,MEDIUM
55,0.24528301886792453,0,MEDIUM,Suzuka,0,,,,
55,0.6226415094339622,1,,Suzuka,0,,,,
55,0.18867924528301888,0,MEDIUM,Suzuka,0,,,,
55,0.6037735849056604,1,,Suzuka,0,,,,
55,0.22641509433962265,0,MEDIUM,Suzuka,0,,,,
55,0.5471698113207547,1,,Suzuka,0,,,,
55,0.4716981132075472,0,,Suzuka,0,,,,HARD
55,0.20754716981132076,0,MEDIUM,Suzuka,0,,,,
55,0.5283018867924528,1,,Suzuka,0,,,,HARD
55,0.18867924528301888,0,MEDIUM,Suzuka,0,,,,MEDIUM
55,0.4339622641509434,1,MEDIUM,Suzuka,0,,,,
55,0.4528301886792453,0,HARD,Suzuka,0,,,,
55,0.22641509433962265,0,MEDIUM,Suzuka,0,,,,
55,0.49056603773584906,1,,Suzuka,0,,,,
55,0.22641509433962265,0,MEDIUM,Suzuka,0,,,,
55,0.6415094339622641,1,,Suzuka,0,,,,MEDIUM
55,0.49056603773584906,0,HARD,Suzuka,0,,,,
55,0.22641509433962265,0,MEDIUM,Suzuka,0,,,,
55,0.5471698113207547,1,,Suzuka,0,,,,HARD
55,0.49056603773584906,0,HARD,Suzuka,0,,,,
55,0.18867924528301888,0,MEDIUM,Suzuka,0,,,,
55,0.5660377358490566,1,,Suzuka,0,,,,
55,0.18867924528301888,0,MEDIUM,Suzuka,0,,,,
55,0.5283018867924528,1,,Suzuka,0,,,,
55,0.4716981132075472,0,HARD,Suzuka,0,,,,
56,0.19642857142857142,0,MEDIUM,Austin,0,,,,MEDIUM
56,0.5535714285714286,1,MEDIUM,Austin,0,,,,HARD
56,0.14285714285714285,0,SOFT,Austin,0,,,,MEDIUM
56,0.44642857142857145,1,MEDIUM,Austin,1,,,,HARD
56,0.17857142857142858,0,MEDIUM,Austin,0,,,,HARD
56,0.5535714285714286,1,HARD,Austin,1,,,,HARD
56,0.23214285714285715,0,MEDIUM,Austin,0,,,,MEDIUM
56,0.48214285714285715,1,MEDIUM,Austin,0,,,,HARD
56,0.7678571428571429,2,HARD,Austin,1,,,,SOFT
56,0.19642857142857142,0,MEDIUM,Austin,0,,,,HARD
56,0.5357142857142857,1,HARD,Austin,1,,,,HARD
56,0.375,0,MEDIUM,Austin,0,,,,HARD
56,0.19642857142857142,0,SOFT,Austin,0,,,,MEDIUM
56,0.5178571428571429,1,MEDIUM,Austin,1,,,,HARD
56,0.9642857142857143,2,HARD,Austin,1,,,,SOFT
56,0.17857142857142858,0,SOFT,Austin,0,,,,HARD
56,0.5,1,HARD,Austin,1,,,,HARD
56,0.25,0,SOFT,Austin,0,,,,MEDIUM
56,0.5178571428571429,1,MEDIUM,Austin,1,,,,HARD
56,0.9464285714285714,2,HARD,Austin,1,,,,SOFT
56,0.17857142857142858,0,SOFT,Austin,0,,,,HARD
56,0.48214285714285715,1,HARD,Austin,1,,,,HARD
56,0.30357142857142855,0,MEDIUM,Austin,0,,,,HARD
56,0.17857142857142858,0,SOFT,Austin,0,,,,MEDIUM
56,0.48214285714285715,1,MEDIUM,Austin,1,,,,HARD
56,0.19642857142857142,0,SOFT,Austin,0,,,,MEDIUM
56,0.5357142857142857,1,MEDIUM,Austin,1,,,,MEDIUM
56,0.5178571428571429,0,HARD,Austin,0,,,,MEDIUM
56,0.26785714285714285,0,MEDIUM,Austin,0,,,,MEDIUM
56,0.4642857142857143,1,MEDIUM,Austin,0,,,,HARD
57,0.23943661971830985,0,MEDIUM,MexicoCity,0,,,,HARD
57,0.014084507042253521,0,SOFT,MexicoCity,0,,,,HARD
57,0.704225352112676,1,HARD,MexicoCity,1,,,,MEDIUM
57,0.28169014084507044,0,MEDIUM,MexicoCity,0,,,,HARD
57,0.22535211267605634,0,MEDIUM,MexicoCity,0,,,,HARD
57,0.6338028169014085,1,HARD,MexicoCity,1,,,,MEDIUM
57,0.19718309859154928,0,SOFT,MexicoCity,0,,,,HARD
57,0.19718309859154928,0,SOFT,MexicoCity,0,,,,HARD
57,0.23943661971830985,0,MEDIUM,MexicoCity,0,,,,HARD
57,0.28169014084507044,0,MEDIUM,MexicoCity,0,,,,HARD
57,0.6338028169014085,1,HARD,MexicoCity,1,,,,HARD
57,0.4507042253521127,0,MEDIUM,MexicoCity,0,,,,HARD
57,0.2676056338028169,0,SOFT,MexicoCity,0,,,,HARD
57,0.28169014084507044,0,MEDIUM,MexicoCity,0,,,,HARD
57,0.014084507042253521,0,MEDIUM,MexicoCity,0,,,,HARD
57,0.6901408450704225,0,HARD,MexicoCity,0,,,,SOFT
57,0.16901408450704225,0,SOFT,MexicoCity,0,,,,HARD
57,0.014084507042253521,0,SOFT,MexicoCity,0,,,,HARD
58,0.28169014084507044,0,WET,SaoPaulo,0,,,,WET
58,0.39436619718309857,1,WET,SaoPaulo,0,,,,WET
58,0.28169014084507044,0,WET,SaoPaulo,0,,,,WET
58,0.39436619718309857,1,WET,SaoPaulo,0,,,,WET
58,0.1267605633802817,0,WET,SaoPaulo,0,,,,INTERMEDIATE
58,0.28169014084507044,1,INTERMEDIATE,SaoPaulo,1,,,,WET
58,0.39436619718309857,2,WET,SaoPaulo,1,,,,WET
58,0.28169014084507044,0,WET,SaoPaulo,0,,,,WET
58,0.30985915492957744,1,WET,SaoPaulo,0,,,,WET
58,0.39436619718309857,2,WET,SaoPaulo,0,,,,WET
58,0.14084507042253522,0,WET,SaoPaulo,0,,,,INTERMEDIATE
58,0.28169014084507044,1,INTERMEDIATE,SaoPaulo,1,,,,WET
58,0.39436619718309857,2,WET,SaoPaulo,1,,,,WET
58,0.28169014084507044,0,WET,SaoPaulo,0,,,,WET
58,0.39436619718309857,1,WET,SaoPaulo,0,,,,WET
58,0.28169014084507044,0,WET,SaoPaulo,0,,,,WET
58,0.39436619718309857,1,WET,SaoPaulo,0,,,,WET
58,0.28169014084507044,0,WET,SaoPaulo,0,,,,WET
58,0.39436619718309857,1,WET,SaoPaulo,0,,,,WET
58,0.28169014084507044,0,WET,SaoPaulo,0,,,,WET
58,0.39436619718309857,1,WET,SaoPaulo,0,,,,WET
58,0.7323943661971831,2,WET,SaoPaulo,0,,,,WET
58,0.28169014084507044,0,WET,SaoPaulo,0,,,,WET
58,0.39436619718309857,1,WET,SaoPaulo,0,,,,WET
59,0.12727272727272726,0,,YasMarina,0,,,,HARD
59,0.509090909090909,1,HARD,YasMarina,0,,,,HARD
59,0.16363636363636364,0,MEDIUM,YasMarina,0,,,,HARD
59,0.43636363636363634,1,HARD,YasMarina,1,,,,HARD
59,0.14545454545454545,0,,YasMarina,0,,,,HARD
59,0.5272727272727272,1,HARD,YasMarina,0,,,,HARD
59,0.12727272727272726,0,,YasMarina,0,,,,HARD
59,0.6909090909090909,1,HARD,YasMarina,0,,,,MEDIUM
59,0.14545454545454545,0,,YasMarina,0,,,,HARD
59,0.4727272727272727,1,HARD,YasMarina,0,,,,HARD
59,0.14545454545454545,0,,YasMarina,0,,,,HARD
59,0.5454545454545454,1,HARD,YasMarina,0,,,,HARD
59,0.12727272727272726,0,,YasMarina,0,,,,HARD
59,0.45454545454545453,1,HARD,YasMarina,0,,,,HARD
59,0.14545454545454545,0,,YasMarina,0,,,,HARD
59,0.6727272727272727,1,HARD,YasMarina,0,,,,MEDIUM
59,0.16363636363636364,0,,YasMarina,0,,,,HARD
59,0.4909090909090909,1,HARD,YasMarina,0,,,,HARD
59,0.6909090909090909,0,HARD,YasMarina,0,,,,MEDIUM
59,0.14545454545454545,0,MEDIUM,YasMarina,0,,,,HARD
59,0.509090909090909,1,HARD,YasMarina,1,,,,HARD
59,0.36363636363636365,0,HARD,YasMarina,0,,,,HARD
59,0.6909090909090909,1,HARD,YasMarina,0,,,,MEDIUM
59,0.38181818181818183,0,MEDIUM,YasMarina,0,,,,HARD
59,0.10909090909090909,0,,YasMarina,0,,,,HARD
59,0.43636363636363634,1,HARD,YasMarina,0,,,,HARD
59,0.4,0,HARD,YasMarina,0,,,,HARD
59,0.6545454545454545,1,HARD,YasMarina,0,,,,MEDIUM
60,0.29310344827586204,0,,Melbourne,0,,,,HARD
60,0.017241379310344827,0,HARD,Melbourne,0,,,,MEDIUM
60,0.7586206896551724,1,MEDIUM,Melbourne,1,,,,
60,0.27586206896551724,0,,Melbourne,0,,,,MEDIUM
60,0.27586206896551724,0,,Melbourne,0,,,,HARD
60,0.5172413793103449,1,HARD,Melbourne,0,,,,
60,0.5862068965517241,0,,Melbourne,0,,,,MEDIUM
60,0.8448275862068966,1,MEDIUM,Melbourne,0,,,,
60,0.3448275862068966,0,,Melbourne,0,,,,MEDIUM
60,0.4482758620689655,0,,Melbourne,0,,,,HARD
60,0.39655172413793105,0,,Melbourne,0,,,,HARD
60,0.43103448275862066,0,,Melbourne,0,,,,HARD
60,0.29310344827586204,0,,Melbourne,0,,,,HARD
60,0.3103448275862069,0,,Melbourne,0,,,,HARD
60,0.43103448275862066,0,,Melbourne,0,,,,MEDIUM
60,0.15517241379310345,0,,Melbourne,0,,,,HARD
60,0.25862068965517243,0,,Melbourne,0,,,,HARD
60,0.25862068965517243,0,HARD,Melbourne,0,,,,MEDIUM
62,0.22807017543859648,0,SOFT,Sakhir,0,,,,MEDIUM
62,0.7192982456140351,1,MEDIUM,Sakhir,1,,,,MEDIUM
62,0.22807017543859648,0,SOFT,Sakhir,0,,,,MEDIUM
62,0.6842105263157895,1,MEDIUM,Sakhir,1,,,,SOFT
62,0.22807017543859648,0,SOFT,Sakhir,0,,,,MEDIUM
62,0.631578947368421,1,MEDIUM,Sakhir,1,,,,SOFT
62,0.22807017543859648,0,SOFT,Sakhir,0,,,,MEDIUM
62,0.631578947368421,1,MEDIUM,Sakhir,1,,,,SOFT
62,0.22807017543859648,0,SOFT,Sakhir,0,,,,MEDIUM
62,0.7192982456140351,1,MEDIUM,Sakhir,1,,,,SOFT
62,0.22807017543859648,0,SOFT,Sakhir,0,,,,MEDIUM
62,0.6491228070175439,1,MEDIUM,Sakhir,1,,,,MEDIUM
62,0.21052631578947367,0,SOFT,Sakhir,0,,,,SOFT
62,0.6491228070175439,1,SOFT,Sakhir,0,,,,MEDIUM
62,0.17543859649122806,0,SOFT,Sakhir,0,,,,SOFT
62,0.5789473684210527,1,SOFT,Sakhir,0,,,,MEDIUM
62,0.22807017543859648,0,SOFT,Sakhir,0,,,,SOFT
62,0.5263157894736842,1,SOFT,Sakhir,0,,,,MEDIUM
62,0.22807017543859648,0,SOFT,Sakhir,0,,,,SOFT
62,0.631578947368421,1,SOFT,Sakhir,0,,,,MEDIUM
62,0.5789473684210527,0,MEDIUM,Sakhir,0,,,,SOFT
62,0.21052631578947367,0,SOFT,Sakhir,0,,,,SOFT
62,0.543859649122807,1,SOFT,Sakhir,0,,,,MEDIUM
62,0.22807017543859648,0,SOFT,Sakhir,0,,,,MEDIUM
62,0.6491228070175439,1,MEDIUM,Sakhir,1,,,,SOFT
62,0.19298245614035087,0,SOFT,Sakhir,0,,,,MEDIUM
62,0.19298245614035087,0,SOFT,Sakhir,0,,,,SOFT
62,0.6491228070175439,1,SOFT,Sakhir,0,,,,MEDIUM
63,0.5660377358490566,0,,Sochi,0,,,,MEDIUM
63,0.39622641509433965,0,,Sochi,0,,,,MEDIUM
63,0.7547169811320755,0,,Sochi,0,,,,MEDIUM
63,0.39622641509433965,0,,Sochi,0,,,,MEDIUM
63,0.39622641509433965,0,,Sochi,0,,,,MEDIUM
63,0.7735849056603774,1,MEDIUM,Sochi,0,,,,
63,0.5471698113207547,0,,Sochi,0,,,,MEDIUM
63,0.6415094339622641,0,,Sochi,0,,,,MEDIUM
63,0.5094339622641509,0,,Sochi,0,,,,MEDIUM
63,0.5094339622641509,0,,Sochi,0,,,,MEDIUM
63,0.018867924528301886,0,MEDIUM,Sochi,0,,,,
63,0.39622641509433965,1,,Sochi,0,,,,
63,0.4528301886792453,0,,Sochi,0,,,,MEDIUM
63,0.5471698113207547,0,,Sochi,0,,,,MEDIUM
63,0.018867924528301886,0,MEDIUM,Sochi,0,,,,
63,0.4528301886792453,1,,Sochi,0,,,,
63,0.49056603773584906,0,,Sochi,0,,,,MEDIUM
63,0.49056603773584906,0,,Sochi,0,,,,MEDIUM
64,0.3181818181818182,0,MEDIUM,Catalunya,0,,,,HARD
64,0.5454545454545454,1,HARD,Catalunya,1,,,,MEDIUM
64,0.3181818181818182,0,MEDIUM,Catalunya,0,,,,HARD
64,0.5757575757575758,1,HARD,Catalunya,1,,,,MEDIUM
64,0.19696969696969696,0,MEDIUM,Catalunya,0,,,,MEDIUM
64,0.5,1,MEDIUM,Catalunya,0,,,,HARD
64,0.9545454545454546,2,HARD,Catalunya,1,,,,MEDIUM
64,0.18181818181818182,0,MEDIUM,Catalunya,0,,,,MEDIUM
64,0.4696969696969697,1,MEDIUM,Catalunya,0,,,,HARD
64,0.7727272727272727,2,HARD,Catalunya,1,,,,MEDIUM
64,0.22727272727272727,0,MEDIUM,Catalunya,0,,,,MEDIUM
64,0.5,1,MEDIUM,Catalunya,0,,,,HARD
64,0.015151515151515152,0,HARD,Catalunya,0,,,,MEDIUM
64,0.5,1,MEDIUM,Catalunya,1,,,,MEDIUM
64,0.015151515151515152,0,MEDIUM,Catalunya,0,,,,MEDIUM
64,0.19696969696969696,1,MEDIUM,Catalunya,0,,,,MEDIUM
64,0.5,2,MEDIUM,Catalunya,0,,,,HARD
64,0.21212121212121213,0,MEDIUM,Catalunya,0,,,,MEDIUM
64,0.5606060606060606,1,MEDIUM,Catalunya,0,,,,HARD
64,0.2727272727272727,0,MEDIUM,Catalunya,0,,,,MEDIUM
64,0.5151515151515151,1,MEDIUM,Catalunya,0,,,,HARD
64,0.2727272727272727,0,MEDIUM,Catalunya,0,,,,MEDIUM
64,0.48484848484848486,1,MEDIUM,Catalunya,0,,,,HARD
64,0.2878787878787879,0,MEDIUM,Catalunya,0,,,,MEDIUM
64,0.5151515151515151,1,MEDIUM,Catalunya,0,,,,HARD
64,0.19696969696969696,0,MEDIUM,Catalunya,0,,,,MEDIUM
64,0.5151515151515151,1,MEDIUM,Catalunya,0,,,,HARD
64,0.030303030303030304,0,HARD,Catalunya,0,,,,MEDIUM
64,0.3181818181818182,1,MEDIUM,Catalunya,1,,,,MEDIUM
64,0.6363636363636364,2,MEDIUM,Catalunya,1,,,,MEDIUM
64,0.5,0,MEDIUM,Catalunya,0,,,,HARD
64,0.24242424242424243,0,MEDIUM,Catalunya,0,,,,MEDIUM
64,0.5151515151515151,1,MEDIUM,Catalunya,0,,,,HARD
65,0.5897435897435898,0,,MonteCarlo,0,,,,MEDIUM
65,0.48717948717948717,0,,MonteCarlo,0,,,,MEDIUM
65,0.47435897435897434,0,,MonteCarlo,0,,,,MEDIUM
65,0.5384615384615384,1,MEDIUM,MonteCarlo,0,,,,
65,0.46153846153846156,0,,MonteCarlo,0,,,,MEDIUM
65,0.48717948717948717,0,,MonteCarlo,0,,,,MEDIUM
65,0.7948717948717948,1,MEDIUM,MonteCarlo,0,,,,
65,0.4358974358974359,0,,MonteCarlo,0,,,,MEDIUM
65,0.5,0,,MonteCarlo,0,,,,MEDIUM
65,0.4230769230769231,0,,MonteCarlo,0,,,,MEDIUM
65,0.20512820512820512,0,,MonteCarlo,0,,,,MEDIUM
65,0.8076923076923077,1,MEDIUM,MonteCarlo,0,,,,
65,0.9230769230769231,2,,MonteCarlo,0,,,,
65,0.5128205128205128,0,,MonteCarlo,0,,,,MEDIUM
65,0.47435897435897434,0,,MonteCarlo,0,,,,MEDIUM
65,0.41025641025641024,0,,MonteCarlo,0,,,,MEDIUM
65,0.7692307692307693,1,MEDIUM,MonteCarlo,0,,,,
65,0.5384615384615384,0,,MonteCarlo,0,,,,MEDIUM
65,0.46153846153846156,0,,MonteCarlo,0,,,,MEDIUM
65,0.5,1,MEDIUM,MonteCarlo,0,,,,
65,0.7692307692307693,2,,MonteCarlo,0,,,,
65,0.5256410256410257,0,,MonteCarlo,0,,,,MEDIUM
65,0.8589743589743589,1,MEDIUM,MonteCarlo,0,,,,
66,0.45714285714285713,0,,Montreal,0,,,,MEDIUM
66,0.2571428571428571,0,,Montreal,0,,,,HARD
66,0.6571428571428571,0,MEDIUM,Montreal,0,,,,
66,0.15714285714285714,0,,Montreal,0,,,,MEDIUM
66,0.24285714285714285,0,,Montreal,0,,,,MEDIUM
66,0.5857142857142857,1,MEDIUM,Montreal,0,,,,
66,0.07142857142857142,0,,Montreal,0,,,,MEDIUM
66,0.7,1,MEDIUM,Montreal,0,,,,
66,0.32857142857142857,0,,Montreal,0,,,,HARD
66,0.2714285714285714,0,,Montreal,0,,,,MEDIUM
66,0.15714285714285714,0,,Montreal,0,,,,MEDIUM
66,0.014285714285714285,0,,Montreal,0,,,,MEDIUM
66,0.15714285714285714,0,,Montreal,0,,,,MEDIUM
66,0.014285714285714285,0,MEDIUM,Montreal,0,,,,
66,0.5714285714285714,1,,Montreal,0,,,,
66,0.6428571428571429,0,,Montreal,0,,,,MEDIUM
66,0.45714285714285713,0,,Montreal,0,,,,MEDIUM
66,0.35714285714285715,0,,Montreal,0,,,,MEDIUM
67,0.23529411764705882,0,SOFT,Baku,0,,,,MEDIUM
67,0.3333333333333333,1,MEDIUM,Baku,1,,,,
67,0.43137254901960786,2,MEDIUM,Baku,1,,,,SOFT
67,0.23529411764705882,0,SOFT,Baku,0,,,,MEDIUM
67,0.3333333333333333,1,MEDIUM,Baku,1,,,,
67,0.43137254901960786,2,MEDIUM,Baku,1,,,,SOFT
67,0.23529411764705882,0,MEDIUM,Baku,0,,,,SOFT
67,0.3333333333333333,1,SOFT,Baku,1,,,,
67,0.43137254901960786,2,SOFT,Baku,1,,,,SOFT
67,0.23529411764705882,0,SOFT,Baku,0,,,,MEDIUM
67,0.3333333333333333,1,MEDIUM,Baku,1,,,,
67,0.43137254901960786,2,MEDIUM,Baku,1,,,,SOFT
67,0.2549019607843137,0,SOFT,Baku,0,,,,MEDIUM
67,0.3333333333333333,1,MEDIUM,Baku,1,,,,
67,0.43137254901960786,2,MEDIUM,Baku,1,,,,SOFT
68,0.43661971830985913,0,MEDIUM,Spielberg,0,,,,
68,0.4647887323943662,0,,Spielberg,0,,,,MEDIUM
68,0.19718309859154928,0,MEDIUM,Spielberg,0,,,,HARD
68,0.6619718309859155,0,HARD,Spielberg,0,,,,
68,0.6197183098591549,0,,Spielberg,0,,,,MEDIUM
68,0.4788732394366197,0,,Spielberg,0,,,,MEDIUM
68,0.5774647887323944,0,,Spielberg,0,,,,MEDIUM
68,0.49295774647887325,0,,Spielberg,0,,,,MEDIUM
68,0.4788732394366197,0,,Spielberg,0,,,,MEDIUM
68,0.5070422535211268,0,,Spielberg,0,,,,MEDIUM
68,0.4788732394366197,0,HARD,Spielberg,0,,,,
68,0.49295774647887325,0,MEDIUM,Spielberg,0,,,,
68,0.43661971830985913,0,,Spielberg,0,,,,MEDIUM
68,0.6197183098591549,1,MEDIUM,Spielberg,0,,,,
68,0.5915492957746479,0,,Spielberg,0,,,,MEDIUM
68,0.49295774647887325,0,MEDIUM,Spielberg,0,,,,
69,0.4807692307692308,0,SOFT,Silverstone,0,,,,MEDIUM
69,0.6153846153846154,0,SOFT,Silverstone,0,,,,MEDIUM
69,0.7115384615384616,0,MEDIUM,Silverstone,0,,,,SOFT
69,0.46153846153846156,0,SOFT,Silverstone,0,,,,MEDIUM
69,0.019230769230769232,0,SOFT,Silverstone,0,,,,MEDIUM
69,0.17307692307692307,1,MEDIUM,Silverstone,1,,,,
69,0.5192307692307693,2,MEDIUM,Silverstone,1,,,,SOFT
69,0.4807692307692308,0,MEDIUM,Silverstone,0,,,,SOFT
69,0.46153846153846156,0,SOFT,Silverstone,0,,,,MEDIUM
69,0.9423076923076923,1,MEDIUM,Silverstone,1,,,,SOFT
69,0.34615384615384615,0,SOFT,Silverstone,0,,,,MEDIUM
69,0.9615384615384616,1,MEDIUM,Silverstone,1,,,,SOFT
69,0.6153846153846154,0,MEDIUM,Silverstone,0,,,,SOFT
69,0.4423076923076923,0,SOFT,Silverstone,0,,,,MEDIUM
69,0.5384615384615384,0,MEDIUM,Silverstone,0,,,,SOFT
69,0.4423076923076923,0,SOFT,Silverstone,0,,,,MEDIUM
69,0.8269230769230769,1,MEDIUM,Silverstone,1,,,,SOFT
69,0.36538461538461536,0,SOFT,Silverstone,0,,,,MEDIUM
69,0.9423076923076923,1,MEDIUM,Silverstone,1,,,,SOFT
69,0.5,0,SOFT,Silverstone,0,,,,MEDIUM
69,0.38461538461538464,0,SOFT,Silverstone,0,,,,MEDIUM
70,0.44285714285714284,0,SOFT,Budapest,0,,,,MEDIUM
70,0.44285714285714284,0,SOFT,Budapest,0,,,,MEDIUM
70,0.5,0,SOFT,Budapest,0,,,,MEDIUM
70,0.5714285714285714,0,MEDIUM,Budapest,0,,,,SOFT
70,0.4714285714285714,0,SOFT,Budapest,0,,,,MEDIUM
70,0.45714285714285713,0,SOFT,Budapest,0,,,,MEDIUM
70,0.42857142857142855,0,SOFT,Budapest,0,,,,MEDIUM
70,0.4857142857142857,0,SOFT,Budapest,0,,,,MEDIUM
70,0.5,0,SOFT,Budapest,0,,,,MEDIUM
70,0.6,0,SOFT,Budapest,0,,,,MEDIUM
70,0.6571428571428571,0,SOFT,Budapest,0,,,,MEDIUM
70,0.04285714285714286,0,SOFT,Budapest,0,,,,MEDIUM
70,0.4,1,MEDIUM,Budapest,1,,,,MEDIUM
70,0.6,0,SOFT,Budapest,0,,,,MEDIUM
70,0.5,0,SOFT,Budapest,0,,,,MEDIUM
70,0.4142857142857143,0,SOFT,Budapest,0,,,,MEDIUM
71,0.2727272727272727,0,,Spa,0,,,,HARD
71,0.6818181818181818,1,HARD,Spa,0,,,,HARD
71,0.3181818181818182,0,,Spa,0,,,,MEDIUM
71,0.6818181818181818,1,MEDIUM,Spa,0,,,,
71,0.20454545454545456,0,,Spa,0,,,,HARD
71,0.6818181818181818,1,HARD,Spa,0,,,,MEDIUM
71,0.7727272727272727,2,MEDIUM,Spa,1,,,,
71,0.25,0,,Spa,0,,,,HARD
71,0.6590909090909091,1,HARD,Spa,0,,,,
71,0.4090909090909091,0,MEDIUM,Spa,0,,,,
71,0.6818181818181818,1,,Spa,0,,,,
71,0.25,0,MEDIUM,Spa,0,,,,HARD
71,0.6590909090909091,1,HARD,Spa,1,,,,
71,0.3409090909090909,0,,Spa,0,,,,HARD
71,0.38636363636363635,1,HARD,Spa,0,,,,
71,0.6590909090909091,2,HARD,Spa,0,,,,
71,0.3181818181818182,0,,Spa,0,,,,HARD
71,0.6818181818181818,1,HARD,Spa,0,,,,
71,0.29545454545454547,0,,Spa,0,,,,HARD
71,0.6818181818181818,1,HARD,Spa,0,,,,HARD
71,0.22727272727272727,0,,Spa,0,,,,HARD
71,0.6590909090909091,1,HARD,Spa,0,,,,MEDIUM
71,0.4318181818181818,0,,Spa,0,,,,HARD
71,0.6590909090909091,1,HARD,Spa,0,,,,MEDIUM
71,0.18181818181818182,0,,Spa,0,,,,HARD
71,0.6818181818181818,1,HARD,Spa,0,,,,
71,0.4090909090909091,0,MEDIUM,Spa,0,,,,
71,0.6818181818181818,1,,Spa,0,,,,
71,0.22727272727272727,0,,Spa,0,,,,MEDIUM
71,0.6136363636363636,1,MEDIUM,Spa,0,,,,MEDIUM
71,0.6590909090909091,2,MEDIUM,Spa,0,,,,
71,0.20454545454545456,0,MEDIUM,Spa,0,,,,HARD
71,0.6590909090909091,1,HARD,Spa,1,,,,
72,0.6037735849056604,0,SOFT,Monza,0,,,,MEDIUM
72,0.6981132075471698,0,MEDIUM,Monza,0,,,,SOFT
72,0.20754716981132076,0,SOFT,Monza,0,,,,MEDIUM
72,0.16981132075471697,0,SOFT,Monza,0,,,,MEDIUM
72,0.3584905660377358,0,SOFT,Monza,0,,,,MEDIUM
72,0.39622641509433965,0,SOFT,Monza,0,,,,MEDIUM
72,0.2830188679245283,0,SOFT,Monza,0,,,,MEDIUM
72,0.5849056603773585,0,SOFT,Monza,0,,,,MEDIUM
72,0.6226415094339622,0,SOFT,Monza,0,,,,MEDIUM
72,0.6037735849056604,0,SOFT,Monza,0,,,,MEDIUM
72,0.05660377358490566,0,SOFT,Monza,0,,,,MEDIUM
72,0.6415094339622641,1,MEDIUM,Monza,1,,,,SOFT
72,0.24528301886792453,0,SOFT,Monza,0,,,,MEDIUM
72,0.05660377358490566,0,MEDIUM,Monza,0,,,,SOFT
72,0.5094339622641509,1,SOFT,Monza,1,,,,SOFT
72,0.3018867924528302,0,SOFT,Monza,0,,,,MEDIUM
72,0.32075471698113206,0,SOFT,Monza,0,,,,MEDIUM
74,0.4642857142857143,0,SOFT,KualaLumpur,0,,,,MEDIUM
74,0.5178571428571429,0,SOFT,KualaLumpur,0,,,,MEDIUM
74,0.17857142857142858,0,SOFT,KualaLumpur,0,,,,MEDIUM
74,0.4642857142857143,0,SOFT,KualaLumpur,0,,,,MEDIUM
74,0.19642857142857142,0,SOFT,KualaLumpur,0,,,,MEDIUM
74,0.48214285714285715,0,MEDIUM,KualaLumpur,0,,,,SOFT
74,0.5,0,SOFT,KualaLumpur,0,,,,MEDIUM
74,0.5357142857142857,0,SOFT,KualaLumpur,0,,,,MEDIUM
74,0.19642857142857142,0,SOFT,KualaLumpur,0,,,,MEDIUM
74,0.5892857142857143,1,MEDIUM,KualaLumpur,1,,,,SOFT
74,0.48214285714285715,0,SOFT,KualaLumpur,0,,,,MEDIUM
74,0.23214285714285715,0,SOFT,KualaLumpur,0,,,,MEDIUM
74,0.23214285714285715,0,SOFT,KualaLumpur,0,,,,MEDIUM
74,0.03571428571428571,0,SOFT,KualaLumpur,0,,,,MEDIUM
74,0.21428571428571427,0,SOFT,KualaLumpur,0,,,,MEDIUM
74,0.21428571428571427,0,SOFT,KualaLumpur,0,,,,MEDIUM
75,0.41509433962264153,0,SOFT,Suzuka,0,,,,MEDIUM
75,0.4716981132075472,0,SOFT,Suzuka,0,,,,MEDIUM
75,0.3584905660377358,0,SOFT,Suzuka,0,,,,MEDIUM
75,0.4716981132075472,0,SOFT,Suzuka,0,,,,MEDIUM
75,0.32075471698113206,0,SOFT,Suzuka,0,,,,MEDIUM
75,0.5283018867924528,0,MEDIUM,Suzuka,0,,,,SOFT
75,0.5660377358490566,0,MEDIUM,Suzuka,0,,,,SOFT
75,0.39622641509433965,0,SOFT,Suzuka,0,,,,MEDIUM
75,0.4339622641509434,0,SOFT,Suzuka,0,,,,MEDIUM
75,0.39622641509433965,0,SOFT,Suzuka,0,,,,MEDIUM
75,0.7358490566037735,0,MEDIUM,Suzuka,0,,,,SOFT
75,0.03773584905660377,0,MEDIUM,Suzuka,0,,,,SOFT
75,0.05660377358490566,1,SOFT,Suzuka,1,,,,MEDIUM
75,0.4716981132075472,2,MEDIUM,Suzuka,1,,,,MEDIUM
75,0.16981132075471697,0,SOFT,Suzuka,0,,,,MEDIUM
75,0.6415094339622641,1,MEDIUM,Suzuka,1,,,,SOFT
75,0.37735849056603776,0,SOFT,Suzuka,0,,,,MEDIUM
75,0.41509433962264153,0,SOFT,Suzuka,0,,,,MEDIUM
75,0.7358490566037735,1,MEDIUM,Suzuka,1,,,,SOFT
76,0.3392857142857143,0,,Austin,0,,,,HARD
76,0.30357142857142855,0,,Austin,0,,,,HARD
76,0.5178571428571429,0,MEDIUM,Austin,0,,,,
76,0.35714285714285715,0,,Austin,0,,,,HARD
76,0.2857142857142857,0,,Austin,0,,,,HARD
76,0.6785714285714286,1,HARD,Austin,0,,,,MEDIUM
76,0.32142857142857145,0,,Austin,0,,,,HARD
76,0.9285714285714286,1,HARD,Austin,0,,,,
76,0.21428571428571427,0,,Austin,0,,,,HARD
76,0.375,0,MEDIUM,Austin,0,,,,HARD
76,0.2857142857142857,0,,Austin,0,,,,HARD
76,0.3392857142857143,0,,Austin,0,,,,HARD
76,0.42857142857142855,0,MEDIUM,Austin,0,,,,HARD
76,0.6607142857142857,1,HARD,Austin,1,,,,MEDIUM
76,0.44642857142857145,0,MEDIUM,Austin,0,,,,
76,0.25,0,,Austin,0,,,,HARD
76,0.17857142857142858,0,MEDIUM,Austin,0,,,,HARD
76,0.6428571428571429,1,HARD,Austin,1,,,,
76,0.14285714285714285,0,,Austin,0,,,,MEDIUM
76,0.625,1,MEDIUM,Austin,0,,,,MEDIUM
77,0.014084507042253521,0,,MexicoCity,0,,,,HARD
77,0.43661971830985913,1,HARD,MexicoCity,0,,,,MEDIUM
77,0.43661971830985913,0,,MexicoCity,0,,,,HARD
77,0.4507042253521127,0,MEDIUM,MexicoCity,0,,,,
77,0.04225352112676056,0,,MexicoCity,0,,,,HARD
77,0.4507042253521127,0,,MexicoCity,0,,,,HARD
77,0.014084507042253521,0,,MexicoCity,0,,,,HARD
77,0.4507042253521127,1,HARD,MexicoCity,0,,,,
77,0.4507042253521127,0,,MexicoCity,0,,,,MEDIUM
77,0.2535211267605634,0,,MexicoCity,0,,,,HARD
77,0.704225352112676,1,HARD,MexicoCity,0,,,,
77,0.43661971830985913,0,MEDIUM,MexicoCity,0,,,,HARD
77,0.8732394366197183,1,HARD,MexicoCity,1,,,,
77,0.4507042253521127,0,,MexicoCity,0,,,,MEDIUM
77,0.056338028169014086,0,,MexicoCity,0,,,,HARD
77,0.43661971830985913,0,,MexicoCity,0,,,,MEDIUM
77,0.28169014084507044,0,,MexicoCity,0,,,,HARD
77,0.4507042253521127,0,,MexicoCity,0,,,,MEDIUM
77,0.43661971830985913,0,,MexicoCity,0,,,,MEDIUM
78,0.014084507042253521,0,SOFT,SaoPaulo,0,,,,MEDIUM
78,0.028169014084507043,1,MEDIUM,SaoPaulo,1,,,,
78,0.04225352112676056,2,MEDIUM,SaoPaulo,1,,,,
79,0.43636363636363634,0,,YasMarina,0,,,,MEDIUM
79,0.4,0,,YasMarina,0,,,,MEDIUM
79,0.38181818181818183,0,,YasMarina,0,,,,MEDIUM
79,0.3090909090909091,0,,YasMarina,0,,,,MEDIUM
79,0.4,0,,YasMarina,0,,,,MEDIUM
79,0.2727272727272727,0,,YasMarina,0,,,,MEDIUM
79,0.36363636363636365,0,,YasMarina,0,,,,MEDIUM
79,0.38181818181818183,0,,YasMarina,0,,,,MEDIUM
79,0.2909090909090909,0,,YasMarina,0,,,,MEDIUM
79,0.5818181818181818,0,,YasMarina,0,,,,MEDIUM
79,0.2545454545454545,0,,YasMarina,0,,,,MEDIUM
79,0.509090909090909,0,MEDIUM,YasMarina,0,,,,
79,0.21818181818181817,0,,YasMarina,0,,,,MEDIUM
79,0.5636363636363636,0,,YasMarina,0,,,,MEDIUM
79,0.4727272727272727,0,MEDIUM,YasMarina,0,,,,
80,0.3275862068965517,0,MEDIUM,Melbourne,0,,,,HARD
80,0.4482758620689655,0,,Melbourne,0,,,,HARD
80,0.4482758620689655,0,MEDIUM,Melbourne,0,,,,HARD
80,0.41379310344827586,0,MEDIUM,Melbourne,0,,,,HARD
80,0.3103448275862069,0,MEDIUM,Melbourne,0,,,,HARD
80,0.4482758620689655,0,MEDIUM,Melbourne,0,,,,HARD
80,0.43103448275862066,0,MEDIUM,Melbourne,0,,,,
80,0.41379310344827586,0,MEDIUM,Melbourne,0,,,,HARD
80,0.3793103448275862,0,MEDIUM,Melbourne,0,,,,HARD
80,0.3620689655172414,0,,Melbourne,0,,,,HARD
80,0.43103448275862066,0,MEDIUM,Melbourne,0,,,,
80,0.39655172413793105,0,MEDIUM,Melbourne,0,,,,HARD
80,0.43103448275862066,0,,Melbourne,0,,,,HARD
80,0.5,1,HARD,Melbourne,0,,,,MEDIUM
80,0.017241379310344827,0,,Melbourne,0,,,,HARD
80,0.3793103448275862,1,HARD,Melbourne,0,,,,MEDIUM
80,0.3448275862068966,0,,Melbourne,0,,,,HARD
80,0.46551724137931033,1,HARD,Melbourne,0,,,,MEDIUM
81,0.45614035087719296,0,MEDIUM,Sakhir,0,,,,HARD
81,0.22807017543859648,0,,Sakhir,0,,,,
81,0.47368421052631576,1,,Sakhir,0,,,,MEDIUM
81,0.24561403508771928,0,MEDIUM,Sakhir,0,,,,HARD
81,0.6842105263157895,1,HARD,Sakhir,1,,,,
81,0.2631578947368421,0,,Sakhir,0,,,,MEDIUM
81,0.6842105263157895,1,MEDIUM,Sakhir,0,,,,
81,0.3157894736842105,0,,Sakhir,0,,,,MEDIUM
81,0.3508771929824561,0,,Sakhir,0,,,,HARD
81,0.40350877192982454,0,MEDIUM,Sakhir,0,,,,HARD
81,0.3157894736842105,0,,Sakhir,0,,,,MEDIUM
81,0.5263157894736842,1,MEDIUM,Sakhir,0,,,,
81,0.7894736842105263,2,,Sakhir,0,,,,
81,0.2807017543859649,0,,Sakhir,0,,,,
81,0.45614035087719296,1,,Sakhir,0,,,,MEDIUM
81,0.17543859649122806,0,,Sakhir,0,,,,MEDIUM
81,0.49122807017543857,1,MEDIUM,Sakhir,0,,,,HARD
81,0.2631578947368421,0,,Sakhir,0,,,,HARD
81,0.6140350877192983,1,HARD,Sakhir,0,,,,MEDIUM
81,0.17543859649122806,0,MEDIUM,Sakhir,0,,,,
81,0.5263157894736842,1,,Sakhir,0,,,,HARD
81,0.2631578947368421,0,,Sakhir,0,,,,MEDIUM
81,0.5964912280701754,1,MEDIUM,Sakhir,0,,,,
81,0.05263157894736842,0,MEDIUM,Sakhir,0,,,,HARD
81,0.5964912280701754,1,HARD,Sakhir,1,,,,
81,0.38596491228070173,0,MEDIUM,Sakhir,0,,,,HARD
81,0.7017543859649122,1,HARD,Sakhir,1,,,,
82,0.32142857142857145,0,MEDIUM,Shanghai,0,,,,HARD
82,0.30357142857142855,0,SOFT,Shanghai,0,,,,HARD
82,0.5535714285714286,1,HARD,Shanghai,1,,,,MEDIUM
82,0.42857142857142855,0,MEDIUM,Shanghai,0,,,,HARD
82,0.5178571428571429,0,MEDIUM,Shanghai,0,,,,HARD
82,0.23214285714285715,0,SOFT,Shanghai,0,,,,HARD
82,0.5535714285714286,1,HARD,Shanghai,1,,,,MEDIUM
82,0.48214285714285715,0,MEDIUM,Shanghai,0,,,,HARD
82,0.35714285714285715,0,MEDIUM,Shanghai,0,,,,HARD
82,0.3392857142857143,0,MEDIUM,Shanghai,0,,,,HARD
82,0.21428571428571427,0,SOFT,Shanghai,0,,,,MEDIUM
82,0.5714285714285714,1,MEDIUM,Shanghai,1,,,,MEDIUM
82,0.21428571428571427,0,SOFT,Shanghai,0,,,,HARD
82,0.5535714285714286,1,HARD,Shanghai,1,,,,MEDIUM
82,0.30357142857142855,0,SOFT,Shanghai,0,,,,HARD
82,0.5535714285714286,1,HARD,Shanghai,1,,,,MEDIUM
82,0.39285714285714285,0,MEDIUM,Shanghai,0,,,,HARD
82,0.19642857142857142,0,MEDIUM,Shanghai,0,,,,MEDIUM
82,0.5535714285714286,1,MEDIUM,Shanghai,0,,,,SOFT
82,0.4107142857142857,0,MEDIUM,Shanghai,0,,,,HARD
82,0.5,0,MEDIUM,Shanghai,0,,,,HARD
82,0.5892857142857143,1,HARD,Shanghai,1,,,,MEDIUM
83,0.43137254901960786,0,,Baku,0,,,,HARD
83,0.7843137254901961,1,HARD,Baku,0,,,,MEDIUM
83,0.0196078431372549,0,,Baku,0,,,,HARD
83,0.7647058823529411,1,HARD,Baku,0,,,,MEDIUM
83,0.0196078431372549,0,,Baku,0,,,,HARD
83,0.7843137254901961,1,HARD,Baku,0,,,,MEDIUM
83,0.0196078431372549,0,MEDIUM,Baku,0,,,,HARD
83,0.7843137254901961,1,HARD,Baku,1,,,,MEDIUM
83,0.5882352941176471,0,,Baku,0,,,,HARD
83,0.7843137254901961,1,HARD,Baku,0,,,,MEDIUM
83,0.7843137254901961,0,,Baku,0,,,,MEDIUM
83,0.0392156862745098,0,MEDIUM,Baku,0,,,,HARD
83,0.7843137254901961,1,HARD,Baku,1,,,,
83,0.0392156862745098,0,HARD,Baku,0,,,,
83,0.7843137254901961,1,,Baku,0,,,,MEDIUM
83,0.29411764705882354,0,MEDIUM,Baku,0,,,,HARD
83,0.7843137254901961,1,HARD,Baku,1,,,,MEDIUM
83,0.45098039215686275,0,,Baku,0,,,,HARD
83,0.7843137254901961,1,HARD,Baku,0,,,,MEDIUM
83,0.23529411764705882,0,MEDIUM,Baku,0,,,,HARD
83,0.7647058823529411,1,HARD,Baku,1,,,,MEDIUM
83,0.0196078431372549,0,HARD,Baku,0,,,,MEDIUM
83,0.43137254901960786,1,MEDIUM,Baku,1,,,,
83,0.7647058823529411,2,,Baku,1,,,,MEDIUM
83,0.47058823529411764,0,,Baku,0,,,,HARD
83,0.7843137254901961,1,HARD,Baku,0,,,,MEDIUM
84,0.3787878787878788,0,MEDIUM,Catalunya,0,,,,HARD
84,0.5,0,MEDIUM,Catalunya,0,,,,HARD
84,0.48484848484848486,0,MEDIUM,Catalunya,0,,,,HARD
84,0.3181818181818182,0,,Catalunya,0,,,,HARD
84,0.25757575757575757,0,MEDIUM,Catalunya,0,,,,HARD
84,0.6212121212121212,1,HARD,Catalunya,1,,,,HARD
84,0.2878787878787879,0,MEDIUM,Catalunya,0,,,,HARD
84,0.3939393939393939,0,MEDIUM,Catalunya,0,,,,HARD
84,0.6060606060606061,1,HARD,Catalunya,1,,,,MEDIUM
84,0.5303030303030303,0,HARD,Catalunya,0,,,,MEDIUM
84,0.3787878787878788,0,MEDIUM,Catalunya,0,,,,HARD
84,0.5151515151515151,0,MEDIUM,Catalunya,0,,,,HARD
84,0.5151515151515151,0,MEDIUM,Catalunya,0,,,,HARD
84,0.30303030303030304,0,MEDIUM,Catalunya,0,,,,HARD
84,0.015151515151515152,0,MEDIUM,Catalunya,0,,,,HARD
84,0.5,1,HARD,Catalunya,1,,,,HARD
84,0.30303030303030304,0,MEDIUM,Catalunya,0,,,,HARD
84,0.015151515151515152,0,MEDIUM,Catalunya,0,,,,HARD
84,0.36363636363636365,1,HARD,Catalunya,1,,,,HARD
84,0.6212121212121212,2,HARD,Catalunya,1,,,,
85,0.15384615384615385,0,MEDIUM,MonteCarlo,0,,,,HARD
85,0.21794871794871795,0,MEDIUM,MonteCarlo,0,,,,HARD
85,0.21794871794871795,0,HARD,MonteCarlo,0,,,,
85,0.6410256410256411,0,HARD,MonteCarlo,0,,,,MEDIUM
85,0.21794871794871795,0,MEDIUM,MonteCarlo,0,,,,HARD
85,0.20512820512820512,0,MEDIUM,MonteCarlo,0,,,,HARD
85,0.21794871794871795,0,MEDIUM,MonteCarlo,0,,,,
85,0.2692307692307692,0,MEDIUM,MonteCarlo,0,,,,
85,0.21794871794871795,0,HARD,MonteCarlo,0,,,,
85,0.19230769230769232,0,HARD,MonteCarlo,0,,,,
85,0.8717948717948718,1,,MonteCarlo,0,,,,MEDIUM
85,0.20512820512820512,0,MEDIUM,MonteCarlo,0,,,,HARD
85,0.6025641025641025,0,HARD,MonteCarlo,0,,,,MEDIUM
85,0.2564102564102564,0,HARD,MonteCarlo,0,,,,
85,0.9230769230769231,1,,MonteCarlo,0,,,,MEDIUM
85,0.2948717948717949,0,MEDIUM,MonteCarlo,0,,,,
85,0.47435897435897434,0,MEDIUM,MonteCarlo,0,,,,
86,0.22857142857142856,0,HARD,Montreal,0,,,,
86,0.24285714285714285,0,MEDIUM,Montreal,0,,,,
86,0.3142857142857143,0,HARD,Montreal,0,,,,
86,0.18571428571428572,0,MEDIUM,Montreal,0,,,,
86,0.45714285714285713,0,HARD,Montreal,0,,,,
86,0.5285714285714286,0,HARD,Montreal,0,,,,
86,0.5142857142857142,0,HARD,Montreal,0,,,,
86,0.12857142857142856,0,MEDIUM,Montreal,0,,,,
86,0.6285714285714286,1,,Montreal,0,,,,
86,0.014285714285714285,0,HARD,Montreal,0,,,,
86,0.6857142857142857,0,HARD,Montreal,0,,,,
86,0.2,0,MEDIUM,Montreal,0,,,,
86,0.22857142857142856,0,MEDIUM,Montreal,0,,,,
86,0.15714285714285714,0,MEDIUM,Montreal,0,,,,
86,0.32857142857142857,0,MEDIUM,Montreal,0,,,,
86,0.2714285714285714,0,HARD,Montreal,0,,,,
87,0.6226415094339622,0,,LeCastellet,0,,,,HARD
87,0.5283018867924528,0,,LeCastellet,0,,,,HARD
87,0.5283018867924528,0,MEDIUM,LeCastellet,0,,,,HARD
87,0.6981132075471698,0,HARD,LeCastellet,0,,,,MEDIUM
87,0.6415094339622641,0,MEDIUM,LeCastellet,0,,,,
87,0.018867924528301886,0,MEDIUM,LeCastellet,0,,,,HARD
87,0.7547169811320755,1,HARD,LeCastellet,1,,,,MEDIUM
87,0.018867924528301886,0,,LeCastellet,0,,,,HARD
87,0.7358490566037735,1,HARD,LeCastellet,0,,,,
87,0.660377358490566,0,,LeCastellet,0,,,,MEDIUM
87,0.6415094339622641,0,MEDIUM,LeCastellet,0,,,,
87,0.49056603773584906,0,MEDIUM,LeCastellet,0,,,,HARD
87,0.4716981132075472,0,,LeCastellet,0,,,,HARD
87,0.7547169811320755,0,,LeCastellet,0,,,,MEDIUM
87,0.7169811320754716,0,MEDIUM,LeCastellet,0,,,,
87,0.5849056603773585,0,MEDIUM,LeCastellet,0,,,,
87,0.018867924528301886,0,MEDIUM,LeCastellet,0,,,,HARD
88,0.39436619718309857,0,MEDIUM,Spielberg,0,,,,HARD
88,0.2112676056338028,0,,Spielberg,0,,,,HARD
88,0.2112676056338028,0,MEDIUM,Spielberg,0,,,,HARD
88,0.2112676056338028,0,MEDIUM,Spielberg,0,,,,HARD
88,0.38028169014084506,0,,Spielberg,0,,,,HARD
88,0.6338028169014085,0,HARD,Spielberg,0,,,,
88,0.2112676056338028,0,MEDIUM,Spielberg,0,,,,HARD
88,0.2112676056338028,0,MEDIUM,Spielberg,0,,,,HARD
88,0.4788732394366197,1,HARD,Spielberg,1,,,,
88,0.2112676056338028,0,,Spielberg,0,,,,HARD
88,0.014084507042253521,0,,Spielberg,0,,,,HARD
88,0.5633802816901409,1,HARD,Spielberg,0,,,,HARD
88,0.2112676056338028,0,,Spielberg,0,,,,HARD
88,0.2112676056338028,0,MEDIUM,Spielberg,0,,,,HARD
88,0.9154929577464789,1,HARD,Spielberg,1,,,,
88,0.2112676056338028,0,,Spielberg,0,,,,HARD
88,0.2112676056338028,0,,Spielberg,0,,,,HARD
88,0.3380281690140845,0,,Spielberg,0,,,,HARD
88,0.8450704225352113,1,HARD,Spielberg,0,,,,MEDIUM
89,0.4807692307692308,0,SOFT,Silverstone,0,,,,MEDIUM
89,0.34615384615384615,0,SOFT,Silverstone,0,,,,MEDIUM
89,0.5769230769230769,1,MEDIUM,Silverstone,1,,,,SOFT
89,0.4807692307692308,0,SOFT,Silverstone,0,,,,MEDIUM
89,0.25,0,SOFT,Silverstone,0,,,,MEDIUM
89,0.6153846153846154,1,MEDIUM,Silverstone,1,,,,SOFT
89,0.38461538461538464,0,MEDIUM,Silverstone,0,,,,HARD
89,0.25,0,SOFT,Silverstone,0,,,,MEDIUM
89,0.6346153846153846,1,MEDIUM,Silverstone,1,,,,SOFT
89,0.38461538461538464,0,SOFT,Silverstone,0,,,,MEDIUM
89,0.6346153846153846,1,MEDIUM,Silverstone,1,,,,SOFT
89,0.40384615384615385,0,SOFT,Silverstone,0,,,,MEDIUM
89,0.25,0,SOFT,Silverstone,0,,,,MEDIUM
89,0.6153846153846154,1,MEDIUM,Silverstone,1,,,,SOFT
89,0.3269230769230769,0,SOFT,Silverstone,0,,,,MEDIUM
89,0.6346153846153846,1,MEDIUM,Silverstone,1,,,,SOFT
89,0.40384615384615385,0,SOFT,Silverstone,0,,,,MEDIUM
89,0.6346153846153846,1,MEDIUM,Silverstone,1,,,,SOFT
89,0.36538461538461536,0,SOFT,Silverstone,0,,,,MEDIUM
89,0.5769230769230769,0,MEDIUM,Silverstone,0,,,,SOFT
89,0.38461538461538464,0,SOFT,Silverstone,0,,,,MEDIUM
89,0.6153846153846154,1,MEDIUM,Silverstone,1,,,,SOFT
89,0.40384615384615385,0,SOFT,Silverstone,0,,,,MEDIUM
90,0.6268656716417911,0,MEDIUM,Hockenheim,0,,,,SOFT
90,0.29850746268656714,0,SOFT,Hockenheim,0,,,,HARD
90,0.7611940298507462,1,HARD,Hockenheim,1,,,,INTERMEDIATE
90,0.8208955223880597,2,INTERMEDIATE,Hockenheim,1,,,,SOFT
90,0.26865671641791045,0,SOFT,Hockenheim,0,,,,HARD
90,0.7611940298507462,1,HARD,Hockenheim,1,,,,INTERMEDIATE
90,0.8208955223880597,2,INTERMEDIATE,Hockenheim,1,,,,SOFT
90,0.208955223880597,0,SOFT,Hockenheim,0,,,,MEDIUM
90,0.7910447761194029,1,MEDIUM,Hockenheim,1,,,,SOFT
90,0.417910447761194,0,SOFT,Hockenheim,0,,,,MEDIUM
90,0.7761194029850746,1,MEDIUM,Hockenheim,1,,,,SOFT
90,0.3283582089552239,0,SOFT,Hockenheim,0,,,,MEDIUM
90,0.5671641791044776,0,MEDIUM,Hockenheim,0,,,,SOFT
90,0.31343283582089554,0,SOFT,Hockenheim,0,,,,HARD
90,0.7611940298507462,1,HARD,Hockenheim,1,,,,INTERMEDIATE
90,0.8208955223880597,2,INTERMEDIATE,Hockenheim,1,,,,SOFT
90,0.29850746268656714,0,SOFT,Hockenheim,0,,,,HARD
90,0.746268656716418,1,HARD,Hockenheim,1,,,,INTERMEDIATE
90,0.835820895522388,2,INTERMEDIATE,Hockenheim,1,,,,SOFT
90,0.43283582089552236,0,SOFT,Hockenheim,0,,,,MEDIUM
90,0.6865671641791045,1,MEDIUM,Hockenheim,1,,,,INTERMEDIATE
90,0.7164179104477612,2,INTERMEDIATE,Hockenheim,1,,,,SOFT
90,0.43283582089552236,0,MEDIUM,Hockenheim,0,,,,HARD
90,0.7761194029850746,1,HARD,Hockenheim,1,,,,SOFT
90,0.373134328358209,0,SOFT,Hockenheim,0,,,,MEDIUM
90,0.6417910447761194,0,MEDIUM,Hockenheim,0,,,,WET
90,0.6865671641791045,1,WET,Hockenheim,1,,,,SOFT
90,0.417910447761194,0,MEDIUM,Hockenheim,0,,,,HARD
90,0.7761194029850746,1,HARD,Hockenheim,1,,,,SOFT
90,0.29850746268656714,0,SOFT,Hockenheim,0,,,,MEDIUM
90,0.6417910447761194,1,MEDIUM,Hockenheim,1,,,,INTERMEDIATE
90,0.6865671641791045,2,INTERMEDIATE,Hockenheim,1,,,,SOFT
91,0.35714285714285715,0,SOFT,Budapest,0,,,,MEDIUM
91,0.6285714285714286,0,MEDIUM,Budapest,0,,,,SOFT
91,0.44285714285714284,0,SOFT,Budapest,0,,,,MEDIUM
91,0.5571428571428572,0,MEDIUM,Budapest,0,,,,HARD
91,0.32857142857142857,0,MEDIUM,Budapest,0,,,,HARD
91,0.7142857142857143,1,HARD,Budapest,1,,,,SOFT
91,0.2,0,SOFT,Budapest,0,,,,MEDIUM
91,0.5428571428571428,1,MEDIUM,Budapest,1,,,,MEDIUM
91,0.5571428571428572,0,MEDIUM,Budapest,0,,,,SOFT
91,0.21428571428571427,0,SOFT,Budapest,0,,,,MEDIUM
91,0.3142857142857143,0,SOFT,Budapest,0,,,,MEDIUM
91,0.08571428571428572,0,SOFT,Budapest,0,,,,HARD
91,0.4142857142857143,0,SOFT,Budapest,0,,,,MEDIUM
91,0.35714285714285715,0,MEDIUM,Budapest,0,,,,HARD
91,0.5571428571428572,0,MEDIUM,Budapest,0,,,,SOFT
91,0.45714285714285713,0,SOFT,Budapest,0,,,,MEDIUM
91,0.34285714285714286,0,SOFT,Budapest,0,,,,HARD
92,0.022727272727272728,0,,Spa,0,,,,
92,0.4772727272727273,1,,Spa,0,,,,MEDIUM
92,0.022727272727272728,0,,Spa,0,,,,
92,0.5909090909090909,1,,Spa,0,,,,MEDIUM
92,0.022727272727272728,0,,Spa,0,,,,
92,0.5,1,,Spa,0,,,,MEDIUM
92,0.022727272727272728,0,MEDIUM,Spa,0,,,,
92,0.045454545454545456,1,MEDIUM,Spa,0,,,,
92,0.6590909090909091,2,,Spa,0,,,,MEDIUM
92,0.022727272727272728,0,,Spa,0,,,,
92,0.5681818181818182,1,,Spa,0,,,,MEDIUM
92,0.022727272727272728,0,MEDIUM,Spa,0,,,,
92,0.5909090909090909,1,MEDIUM,Spa,0,,,,
92,0.022727272727272728,0,,Spa,0,,,,
92,0.5227272727272727,1,,Spa,0,,,,MEDIUM
92,0.022727272727272728,0,HARD,Spa,0,,,,
92,0.5,1,HARD,Spa,0,,,,
92,0.022727272727272728,0,,Spa,0,,,,
92,0.5909090909090909,1,,Spa,0,,,,MEDIUM
92,0.022727272727272728,0,MEDIUM,Spa,0,,,,
92,0.045454545454545456,1,MEDIUM,Spa,0,,,,HARD
92,0.6363636363636364,2,HARD,Spa,1,,,,
92,0.022727272727272728,0,,Spa,0,,,,
92,0.5454545454545454,1,,Spa,0,,,,MEDIUM
92,0.022727272727272728,0,MEDIUM,Spa,0,,,,
92,0.5227272727272727,1,MEDIUM,Spa,0,,,,
92,0.022727272727272728,0,,Spa,0,,,,
92,0.5681818181818182,1,,Spa,0,,,,MEDIUM
92,0.022727272727272728,0,MEDIUM,Spa,0,,,,
92,0.7045454545454546,1,MEDIUM,Spa,0,,,,
92,0.022727272727272728,0,MEDIUM,Spa,0,,,,
92,0.5454545454545454,1,MEDIUM,Spa,0,,,,
93,0.5283018867924528,0,,Monza,0,,,,MEDIUM
93,0.018867924528301886,0,,Monza,0,,,,MEDIUM
93,0.7735849056603774,1,MEDIUM,Monza,0,,,,
93,0.37735849056603776,0,,Monza,0,,,,MEDIUM
93,0.018867924528301886,0,,Monza,0,,,,MEDIUM
93,0.5471698113207547,1,MEDIUM,Monza,0,,,,
93,0.6792452830188679,0,,Monza,0,,,,MEDIUM
93,0.7358490566037735,0,,Monza,0,,,,MEDIUM
93,0.018867924528301886,0,MEDIUM,Monza,0,,,,
93,0.7924528301886793,1,,Monza,0,,,,
93,0.7358490566037735,0,,Monza,0,,,,MEDIUM
93,0.49056603773584906,0,,Monza,0,,,,MEDIUM
93,0.4528301886792453,0,,Monza,0,,,,MEDIUM
93,0.7169811320754716,0,,Monza,0,,,,MEDIUM
93,0.660377358490566,0,,Monza,0,,,,MEDIUM
93,0.6415094339622641,0,,Monza,0,,,,MEDIUM
93,0.6415094339622641,0,MEDIUM,Monza,0,,,,
93,0.6981132075471698,0,,Monza,0,,,,MEDIUM
94,0.2459016393442623,0,SOFT,Singapore,0,,,,HARD
94,0.4426229508196721,0,SOFT,Singapore,0,,,,MEDIUM
94,0.6229508196721312,0,MEDIUM,Singapore,0,,,,HARD
94,0.2459016393442623,0,SOFT,Singapore,0,,,,MEDIUM
94,0.36065573770491804,0,SOFT,Singapore,0,,,,HARD
94,0.22950819672131148,0,SOFT,Singapore,0,,,,MEDIUM
94,0.26229508196721313,0,SOFT,Singapore,0,,,,HARD
94,0.7213114754098361,0,MEDIUM,Singapore,0,,,,SOFT
94,0.26229508196721313,0,SOFT,Singapore,0,,,,HARD
94,0.6065573770491803,0,MEDIUM,Singapore,0,,,,HARD
94,0.2786885245901639,0,SOFT,Singapore,0,,,,HARD
94,0.7049180327868853,0,MEDIUM,Singapore,0,,,,HARD
94,0.6557377049180327,0,HARD,Singapore,0,,,,MEDIUM
94,0.4262295081967213,0,SOFT,Singapore,0,,,,MEDIUM
94,0.6229508196721312,0,MEDIUM,Singapore,0,,,,SOFT
95,0.2641509433962264,0,MEDIUM,Sochi,0,,,,HARD
95,0.7358490566037735,0,HARD,Sochi,0,,,,MEDIUM
95,0.16981132075471697,0,SOFT,Sochi,0,,,,HARD
95,0.09433962264150944,0,MEDIUM,Sochi,0,,,,HARD
95,0.660377358490566,0,HARD,Sochi,0,,,,MEDIUM
95,0.33962264150943394,0,MEDIUM,Sochi,0,,,,HARD
95,0.24528301886792453,0,MEDIUM,Sochi,0,,,,HARD
95,0.22641509433962265,0,MEDIUM,Sochi,0,,,,HARD
95,0.22641509433962265,0,SOFT,Sochi,0,,,,HARD
95,0.20754716981132076,0,SOFT,Sochi,0,,,,HARD
95,0.6981132075471698,1,HARD,Sochi,1,,,,MEDIUM
95,0.1509433962264151,0,SOFT,Sochi,0,,,,HARD
95,0.8113207547169812,0,HARD,Sochi,0,,,,MEDIUM
95,0.18867924528301888,0,SOFT,Sochi,0,,,,HARD
95,0.1320754716981132,0,MEDIUM,Sochi,0,,,,HARD
95,0.18867924528301888,0,SOFT,Sochi,0,,,,HARD
96,0.4528301886792453,0,MEDIUM,Suzuka,0,,,,HARD
96,0.4339622641509434,0,MEDIUM,Suzuka,0,,,,HARD
96,0.49056603773584906,0,MEDIUM,Suzuka,0,,,,HARD
96,0.32075471698113206,0,,Suzuka,0,,,,HARD
96,0.49056603773584906,0,,Suzuka,0,,,,MEDIUM
96,0.4339622641509434,0,MEDIUM,Suzuka,0,,,,HARD
96,0.4528301886792453,0,,Suzuka,0,,,,MEDIUM
96,0.09433962264150944,0,MEDIUM,Suzuka,0,,,,HARD
96,0.5471698113207547,0,MEDIUM,Suzuka,0,,,,HARD
96,0.6037735849056604,0,MEDIUM,Suzuka,0,,,,HARD
96,0.39622641509433965,0,,Suzuka,0,,,,MEDIUM
96,0.4339622641509434,0,MEDIUM,Suzuka,0,,,,HARD
96,0.49056603773584906,0,,Suzuka,0,,,,HARD
96,0.5471698113207547,0,,Suzuka,0,,,,MEDIUM
96,0.5283018867924528,0,,Suzuka,0,,,,MEDIUM
97,0.19642857142857142,0,,Austin,0,,,,HARD
97,0.6607142857142857,1,HARD,Austin,0,,,,HARD
97,0.4107142857142857,0,MEDIUM,Austin,0,,,,HARD
97,0.375,0,MEDIUM,Austin,0,,,,HARD
97,0.4642857142857143,0,,Austin,0,,,,HARD
97,0.4107142857142857,0,,Austin,0,,,,HARD
97,0.44642857142857145,0,MEDIUM,Austin,0,,,,HARD
97,0.5357142857142857,0,HARD,Austin,0,,,,
97,0.42857142857142855,0,,Austin,0,,,,HARD
97,0.39285714285714285,0,HARD,Austin,0,,,,
97,0.17857142857142858,0,,Austin,0,,,,HARD
97,0.7142857142857143,1,HARD,Austin,0,,,,HARD
97,0.017857142857142856,0,,Austin,0,,,,HARD
97,0.08928571428571429,1,HARD,Austin,0,,,,
97,0.6785714285714286,2,HARD,Austin,0,,,,MEDIUM
97,0.17857142857142858,0,,Austin,0,,,,HARD
97,0.6428571428571429,1,HARD,Austin,0,,,,MEDIUM
97,0.48214285714285715,0,,Austin,0,,,,HARD
97,0.017857142857142856,0,MEDIUM,Austin,0,,,,HARD
97,0.17857142857142858,0,,Austin,0,,,,HARD
97,0.5178571428571429,1,HARD,Austin,0,,,,
98,0.15492957746478872,0,HARD,MexicoCity,0,,,,
98,0.6619718309859155,1,,MexicoCity,0,,,,HARD
98,0.6056338028169014,0,,MexicoCity,0,,,,HARD
98,0.16901408450704225,0,MEDIUM,MexicoCity,0,,,,
98,0.23943661971830985,0,HARD,MexicoCity,0,,,,
98,0.23943661971830985,0,HARD,MexicoCity,0,,,,
98,0.6619718309859155,1,,MexicoCity,0,,,,HARD
98,0.15492957746478872,0,HARD,MexicoCity,0,,,,
98,0.676056338028169,1,,MexicoCity,0,,,,HARD
98,0.8732394366197183,2,HARD,MexicoCity,0,,,,MEDIUM
98,0.22535211267605634,0,MEDIUM,MexicoCity,0,,,,
98,0.18309859154929578,0,HARD,MexicoCity,0,,,,
98,0.676056338028169,1,,MexicoCity,0,,,,
98,0.16901408450704225,0,HARD,MexicoCity,0,,,,
98,0.014084507042253521,0,,MexicoCity,0,,,,
98,0.4225352112676056,1,,MexicoCity,0,,,,HARD
98,0.14084507042253522,0,HARD,MexicoCity,0,,,,HARD
98,0.323943661971831,1,HARD,MexicoCity,0,,,,
98,0.07042253521126761,0,MEDIUM,MexicoCity,0,,,,
98,0.36619718309859156,1,,MexicoCity,0,,,,
98,0.014084507042253521,0,,MexicoCity,0,,,,HARD
98,0.3380281690140845,1,HARD,MexicoCity,0,,,,
98,0.18309859154929578,0,MEDIUM,MexicoCity,0,,,,
98,0.15492957746478872,0,HARD,MexicoCity,0,,,,
99,0.2676056338028169,0,,SaoPaulo,0,,,,HARD
99,0.5492957746478874,0,,SaoPaulo,0,,,,MEDIUM
99,0.5774647887323944,0,MEDIUM,SaoPaulo,0,,,,
99,0.43661971830985913,0,MEDIUM,SaoPaulo,0,,,,HARD
99,0.38028169014084506,0,MEDIUM,SaoPaulo,0,,,,HARD
99,0.7464788732394366,1,HARD,SaoPaulo,1,,,,
99,0.2535211267605634,0,,SaoPaulo,0,,,,HARD
99,0.8309859154929577,1,HARD,SaoPaulo,0,,,,MEDIUM
99,0.5492957746478874,0,,SaoPaulo,0,,,,MEDIUM
99,0.4507042253521127,0,,SaoPaulo,0,,,,HARD
99,0.352112676056338,0,MEDIUM,SaoPaulo,0,,,,HARD
99,0.676056338028169,1,HARD,SaoPaulo,1,,,,
99,0.49295774647887325,0,,SaoPaulo,0,,,,MEDIUM
99,0.39436619718309857,0,MEDIUM,SaoPaulo,0,,,,HARD
99,0.5633802816901409,0,MEDIUM,SaoPaulo,0,,,,
99,0.8028169014084507,1,,SaoPaulo,0,,,,
99,0.30985915492957744,0,,SaoPaulo,0,,,,HARD
99,0.6901408450704225,0,HARD,SaoPaulo,0,,,,
99,0.49295774647887325,0,,SaoPaulo,0,,,,HARD
100,0.12727272727272726,0,HARD,YasMarina,0,,,,
100,0.6,0,HARD,YasMarina,0,,,,
100,0.7454545454545455,0,,YasMarina,0,,,,HARD
100,0.4909090909090909,0,HARD,YasMarina,0,,,,
100,0.2727272727272727,0,HARD,YasMarina,0,,,,
100,0.2909090909090909,0,HARD,YasMarina,0,,,,
100,0.7272727272727273,1,,YasMarina,0,,,,HARD
100,0.4727272727272727,0,HARD,YasMarina,0,,,,
100,0.12727272727272726,0,MEDIUM,YasMarina,0,,,,
100,0.6727272727272727,0,HARD,YasMarina,0,,,,
100,0.3090909090909091,0,MEDIUM,YasMarina,0,,,,
100,0.6363636363636364,0,,YasMarina,0,,,,HARD
100,0.7272727272727273,0,,YasMarina,0,,,,HARD
100,0.01818181818181818,0,HARD,YasMarina,0,,,,
100,0.12727272727272726,0,MEDIUM,YasMarina,0,,,,
100,0.6363636363636364,0,,YasMarina,0,,,,HARD
101,0.25862068965517243,0,SOFT,Melbourne,0,,,,MEDIUM
101,0.2413793103448276,0,SOFT,Melbourne,0,,,,MEDIUM
101,0.22413793103448276,0,SOFT,Melbourne,0,,,,HARD
101,0.4482758620689655,0,MEDIUM,Melbourne,0,,,,HARD
101,0.20689655172413793,0,SOFT,Melbourne,0,,,,MEDIUM
101,0.2413793103448276,0,SOFT,Melbourne,0,,,,MEDIUM
101,0.39655172413793105,0,SOFT,Melbourne,0,,,,MEDIUM
101,0.22413793103448276,0,SOFT,Melbourne,0,,,,HARD
101,0.43103448275862066,0,SOFT,Melbourne,0,,,,MEDIUM
101,0.46551724137931033,0,MEDIUM,Melbourne,0,,,,SOFT
101,0.46551724137931033,0,MEDIUM,Melbourne,0,,,,HARD
101,0.6379310344827587,0,MEDIUM,Melbourne,0,,,,SOFT
101,0.4827586206896552,0,SOFT,Melbourne,0,,,,HARD
101,0.25862068965517243,0,SOFT,Melbourne,0,,,,HARD
101,0.2413793103448276,0,SOFT,Melbourne,0,,,,MEDIUM
102,0.22807017543859648,0,SOFT,Sakhir,0,,,,SOFT
102,0.5964912280701754,1,SOFT,Sakhir,0,,,,MEDIUM
102,0.17543859649122806,0,SOFT,Sakhir,0,,,,MEDIUM
102,0.6666666666666666,1,MEDIUM,Sakhir,1,,,,SOFT
102,0.21052631578947367,0,SOFT,Sakhir,0,,,,MEDIUM
102,0.6666666666666666,1,MEDIUM,Sakhir,1,,,,SOFT
102,0.15789473684210525,0,SOFT,Sakhir,0,,,,MEDIUM
102,0.5789473684210527,1,MEDIUM,Sakhir,1,,,,SOFT
102,0.24561403508771928,0,SOFT,Sakhir,0,,,,MEDIUM
102,0.6140350877192983,1,MEDIUM,Sakhir,1,,,,MEDIUM
102,0.6666666666666666,2,MEDIUM,Sakhir,1,,,,SOFT
102,0.21052631578947367,0,SOFT,Sakhir,0,,,,MEDIUM
102,0.6491228070175439,1,MEDIUM,Sakhir,1,,,,SOFT
102,0.14035087719298245,0,SOFT,Sakhir,0,,,,MEDIUM
102,0.5789473684210527,1,MEDIUM,Sakhir,1,,,,MEDIUM
102,0.19298245614035087,0,SOFT,Sakhir,0,,,,MEDIUM
102,0.5614035087719298,1,MEDIUM,Sakhir,1,,,,MEDIUM
102,0.2807017543859649,0,SOFT,Sakhir,0,,,,MEDIUM
102,0.7017543859649122,1,MEDIUM,Sakhir,1,,,,SOFT
102,0.017543859649122806,0,SOFT,Sakhir,0,,,,MEDIUM
102,0.40350877192982454,1,MEDIUM,Sakhir,1,,,,MEDIUM
102,0.15789473684210525,0,SOFT,Sakhir,0,,,,SOFT
102,0.6842105263157895,1,SOFT,Sakhir,0,,,,MEDIUM
102,0.22807017543859648,0,SOFT,Sakhir,0,,,,MEDIUM
102,0.631578947368421,1,MEDIUM,Sakhir,1,,,,MEDIUM
102,0.17543859649122806,0,SOFT,Sakhir,0,,,,MEDIUM
102,0.5964912280701754,1,MEDIUM,Sakhir,1,,,,SOFT
102,0.15789473684210525,0,SOFT,Sakhir,0,,,,SOFT
102,0.43859649122807015,1,SOFT,Sakhir,0,,,,MEDIUM
102,0.21052631578947367,0,SOFT,Sakhir,0,,,,MEDIUM
102,0.45614035087719296,1,MEDIUM,Sakhir,1,,,,MEDIUM
103,0.39285714285714285,0,MEDIUM,Shanghai,0,,,,HARD
103,0.6428571428571429,1,HARD,Shanghai,1,,,,MEDIUM
103,0.32142857142857145,0,SOFT,Shanghai,0,,,,HARD
103,0.16071428571428573,0,SOFT,Shanghai,0,,,,HARD
103,0.5892857142857143,1,HARD,Shanghai,1,,,,MEDIUM
103,0.44642857142857145,0,MEDIUM,Shanghai,0,,,,HARD
103,0.32142857142857145,0,MEDIUM,Shanghai,0,,,,HARD
103,0.625,1,HARD,Shanghai,1,,,,MEDIUM
103,0.375,0,MEDIUM,Shanghai,0,,,,HARD
103,0.6428571428571429,1,HARD,Shanghai,1,,,,MEDIUM
103,0.35714285714285715,0,MEDIUM,Shanghai,0,,,,HARD
103,0.14285714285714285,0,SOFT,Shanghai,0,,,,HARD
103,0.625,1,HARD,Shanghai,1,,,,MEDIUM
103,0.017857142857142856,0,MEDIUM,Shanghai,0,,,,HARD
103,0.6428571428571429,1,HARD,Shanghai,1,,,,SOFT
103,0.30357142857142855,0,MEDIUM,Shanghai,0,,,,HARD
103,0.6071428571428571,1,HARD,Shanghai,1,,,,MEDIUM
103,0.125,0,SOFT,Shanghai,0,,,,MEDIUM
103,0.5357142857142857,1,MEDIUM,Shanghai,1,,,,MEDIUM
103,0.35714285714285715,0,MEDIUM,Shanghai,0,,,,HARD
103,0.7857142857142857,1,HARD,Shanghai,1,,,,SOFT
103,0.3392857142857143,0,SOFT,Shanghai,0,,,,HARD
103,0.6964285714285714,1,HARD,Shanghai,1,,,,MEDIUM
103,0.9464285714285714,2,MEDIUM,Shanghai,1,,,,SOFT
103,0.39285714285714285,0,MEDIUM,Shanghai,0,,,,HARD
103,0.75,1,HARD,Shanghai,1,,,,MEDIUM
103,0.3392857142857143,0,SOFT,Shanghai,0,,,,HARD
104,0.2549019607843137,0,SOFT,Baku,0,,,,MEDIUM
104,0.13725490196078433,0,SOFT,Baku,0,,,,MEDIUM
104,0.7647058823529411,1,MEDIUM,Baku,1,,,,SOFT
104,0.1568627450980392,0,SOFT,Baku,0,,,,MEDIUM
104,0.6666666666666666,1,MEDIUM,Baku,1,,,,SOFT
104,0.11764705882352941,0,SOFT,Baku,0,,,,MEDIUM
104,0.21568627450980393,0,SOFT,Baku,0,,,,MEDIUM
104,0.23529411764705882,0,SOFT,Baku,0,,,,MEDIUM
104,0.19607843137254902,0,SOFT,Baku,0,,,,MEDIUM
104,0.23529411764705882,0,SOFT,Baku,0,,,,MEDIUM
104,0.27450980392156865,0,SOFT,Baku,0,,,,MEDIUM
104,0.13725490196078433,0,SOFT,Baku,0,,,,MEDIUM
104,0.19607843137254902,0,SOFT,Baku,0,,,,MEDIUM
104,0.6666666666666666,0,MEDIUM,Baku,0,,,,SOFT
104,0.9215686274509803,1,SOFT,Baku,1,,,,SOFT
104,0.17647058823529413,0,SOFT,Baku,0,,,,MEDIUM
104,0.7647058823529411,1,MEDIUM,Baku,1,,,,SOFT
104,0.23529411764705882,0,SOFT,Baku,0,,,,MEDIUM
104,0.49019607843137253,0,MEDIUM,Baku,0,,,,MEDIUM
104,0.7450980392156863,1,MEDIUM,Baku,0,,,,SOFT
105,0.4090909090909091,0,SOFT,Catalunya,0,,,,MEDIUM
105,0.696969696969697,1,MEDIUM,Catalunya,1,,,,SOFT
105,0.36363636363636365,0,SOFT,Catalunya,0,,,,HARD
105,0.6818181818181818,1,HARD,Catalunya,1,,,,MEDIUM
105,0.3484848484848485,0,SOFT,Catalunya,0,,,,MEDIUM
105,0.6818181818181818,1,MEDIUM,Catalunya,1,,,,SOFT
105,0.5303030303030303,0,MEDIUM,Catalunya,0,,,,SOFT
105,0.3181818181818182,0,SOFT,Catalunya,0,,,,MEDIUM
105,0.6818181818181818,1,MEDIUM,Catalunya,1,,,,MEDIUM
105,0.42424242424242425,0,MEDIUM,Catalunya,0,,,,HARD
105,0.6818181818181818,1,HARD,Catalunya,1,,,,SOFT
105,0.2878787878787879,0,SOFT,Catalunya,0,,,,MEDIUM
105,0.6060606060606061,1,MEDIUM,Catalunya,1,,,,MEDIUM
105,0.3939393939393939,0,SOFT,Catalunya,0,,,,MEDIUM
105,0.6818181818181818,1,MEDIUM,Catalunya,1,,,,SOFT
105,0.36363636363636365,0,SOFT,Catalunya,0,,,,MEDIUM
105,0.6818181818181818,1,MEDIUM,Catalunya,1,,,,SOFT
105,0.3939393939393939,0,SOFT,Catalunya,0,,,,MEDIUM
105,0.696969696969697,1,MEDIUM,Catalunya,1,,,,SOFT
105,0.36363636363636365,0,SOFT,Catalunya,0,,,,MEDIUM
105,0.696969696969697,1,MEDIUM,Catalunya,1,,,,SOFT
105,0.30303030303030304,0,SOFT,Catalunya,0,,,,SOFT
105,0.6515151515151515,1,SOFT,Catalunya,0,,,,MEDIUM
105,0.3333333333333333,0,SOFT,Catalunya,0,,,,MEDIUM
105,0.696969696969697,1,MEDIUM,Catalunya,1,,,,SOFT
105,0.3787878787878788,0,SOFT,Catalunya,0,,,,HARD
105,0.696969696969697,1,HARD,Catalunya,1,,,,MEDIUM
105,0.3787878787878788,0,SOFT,Catalunya,0,,,,MEDIUM
105,0.6818181818181818,1,MEDIUM,Catalunya,1,,,,MEDIUM
106,0.14102564102564102,0,SOFT,MonteCarlo,0,,,,MEDIUM
106,0.14102564102564102,0,SOFT,MonteCarlo,0,,,,MEDIUM
106,0.14102564102564102,0,SOFT,MonteCarlo,0,,,,MEDIUM
106,0.11538461538461539,0,MEDIUM,MonteCarlo,0,,,,HARD
106,0.41025641025641024,0,SOFT,MonteCarlo,0,,,,MEDIUM
106,0.14102564102564102,0,SOFT,MonteCarlo,0,,,,HARD
106,0.14102564102564102,0,SOFT,MonteCarlo,0,,,,MEDIUM
106,0.15384615384615385,1,MEDIUM,MonteCarlo,1,,,,HARD
106,0.14102564102564102,0,MEDIUM,MonteCarlo,0,,,,HARD
106,0.6410256410256411,0,SOFT,MonteCarlo,0,,,,MEDIUM
106,0.38461538461538464,0,SOFT,MonteCarlo,0,,,,MEDIUM
106,0.14102564102564102,0,SOFT,MonteCarlo,0,,,,HARD
106,0.34615384615384615,0,SOFT,MonteCarlo,0,,,,MEDIUM
106,0.7948717948717948,1,MEDIUM,MonteCarlo,1,,,,SOFT
106,0.6025641025641025,0,MEDIUM,MonteCarlo,0,,,,SOFT
106,0.5128205128205128,0,SOFT,MonteCarlo,0,,,,MEDIUM
106,0.1282051282051282,0,MEDIUM,MonteCarlo,0,,,,HARD
107,0.4,0,MEDIUM,Montreal,0,,,,HARD
107,0.11428571428571428,0,SOFT,Montreal,0,,,,HARD
107,0.22857142857142856,0,SOFT,Montreal,0,,,,HARD
107,0.17142857142857143,0,MEDIUM,Montreal,0,,,,HARD
107,0.08571428571428572,0,MEDIUM,Montreal,0,,,,HARD
107,0.8285714285714286,1,HARD,Montreal,1,,,,SOFT
107,0.37142857142857144,0,MEDIUM,Montreal,0,,,,HARD
107,0.42857142857142855,0,MEDIUM,Montreal,0,,,,HARD
107,0.9571428571428572,1,HARD,Montreal,1,,,,SOFT
107,0.15714285714285714,0,MEDIUM,Montreal,0,,,,HARD
107,0.4857142857142857,0,MEDIUM,Montreal,0,,,,HARD
107,0.04285714285714286,0,SOFT,Montreal,0,,,,HARD
107,0.6857142857142857,0,HARD,Montreal,0,,,,MEDIUM
107,0.4714285714285714,0,HARD,Montreal,0,,,,MEDIUM
107,0.6428571428571429,0,HARD,Montreal,0,,,,MEDIUM
107,0.1,0,SOFT,Montreal,0,,,,HARD
107,0.4714285714285714,0,MEDIUM,Montreal,0,,,,HARD
108,0.4528301886792453,0,MEDIUM,LeCastellet,0,,,,HARD
108,0.3018867924528302,0,MEDIUM,LeCastellet,0,,,,HARD
108,0.6415094339622641,0,HARD,LeCastellet,0,,,,MEDIUM
108,0.6037735849056604,0,HARD,LeCastellet,0,,,,MEDIUM
108,0.5849056603773585,0,HARD,LeCastellet,0,,,,MEDIUM
108,0.4716981132075472,0,MEDIUM,LeCastellet,0,,,,HARD
108,0.9622641509433962,1,HARD,LeCastellet,1,,,,SOFT
108,0.4339622641509434,0,MEDIUM,LeCastellet,0,,,,HARD
108,0.33962264150943394,0,MEDIUM,LeCastellet,0,,,,HARD
108,0.3584905660377358,0,MEDIUM,LeCastellet,0,,,,HARD
108,0.37735849056603776,0,MEDIUM,LeCastellet,0,,,,HARD
108,0.7358490566037735,0,HARD,LeCastellet,0,,,,MEDIUM
108,0.32075471698113206,0,SOFT,LeCastellet,0,,,,HARD
108,0.39622641509433965,0,MEDIUM,LeCastellet,0,,,,HARD
108,0.33962264150943394,0,MEDIUM,LeCastellet,0,,,,HARD
108,0.4716981132075472,0,MEDIUM,LeCastellet,0,,,,HARD
109,0.4225352112676056,0,MEDIUM,Spielberg,0,,,,HARD
109,0.647887323943662,0,MEDIUM,Spielberg,0,,,,SOFT
109,0.36619718309859156,0,MEDIUM,Spielberg,0,,,,HARD
109,0.323943661971831,0,SOFT,Spielberg,0,,,,HARD
109,0.29577464788732394,0,SOFT,Spielberg,0,,,,HARD
109,0.704225352112676,1,HARD,Spielberg,1,,,,SOFT
109,0.29577464788732394,0,MEDIUM,Spielberg,0,,,,HARD
109,0.39436619718309857,0,MEDIUM,Spielberg,0,,,,HARD
109,0.5774647887323944,0,MEDIUM,Spielberg,0,,,,HARD
109,0.43661971830985913,0,MEDIUM,Spielberg,0,,,,HARD
109,0.3380281690140845,0,SOFT,Spielberg,0,,,,HARD
109,0.352112676056338,0,MEDIUM,Spielberg,0,,,,HARD
109,0.352112676056338,0,SOFT,Spielberg,0,,,,HARD
109,0.30985915492957744,0,SOFT,Spielberg,0,,,,HARD
109,0.352112676056338,0,SOFT,Spielberg,0,,,,MEDIUM
109,0.49295774647887325,0,MEDIUM,Spielberg,0,,,,HARD
110,0.38461538461538464,0,MEDIUM,Silverstone,0,,,,HARD
110,0.23076923076923078,0,SOFT,Silverstone,0,,,,MEDIUM
110,0.38461538461538464,1,MEDIUM,Silverstone,1,,,,HARD
110,0.25,0,SOFT,Silverstone,0,,,,HARD
110,0.23076923076923078,0,SOFT,Silverstone,0,,,,MEDIUM
110,0.40384615384615385,1,MEDIUM,Silverstone,1,,,,HARD
110,0.3269230769230769,0,MEDIUM,Silverstone,0,,,,HARD
110,0.3076923076923077,0,MEDIUM,Silverstone,0,,,,MEDIUM
110,0.8653846153846154,1,MEDIUM,Silverstone,0,,,,SOFT
110,0.38461538461538464,0,MEDIUM,Silverstone,0,,,,HARD
110,0.25,0,MEDIUM,Silverstone,0,,,,MEDIUM
110,0.38461538461538464,1,MEDIUM,Silverstone,0,,,,HARD
110,0.25,0,MEDIUM,Silverstone,0,,,,HARD
110,0.75,1,HARD,Silverstone,1,,,,SOFT
110,0.23076923076923078,0,MEDIUM,Silverstone,0,,,,HARD
110,0.25,0,SOFT,Silverstone,0,,,,MEDIUM
110,0.40384615384615385,1,MEDIUM,Silverstone,1,,,,HARD
110,0.25,0,SOFT,Silverstone,0,,,,MEDIUM
110,0.6730769230769231,1,MEDIUM,Silverstone,1,,,,HARD
110,0.25,0,SOFT,Silverstone,0,,,,MEDIUM
110,0.40384615384615385,0,MEDIUM,Silverstone,0,,,,HARD
110,0.38461538461538464,0,MEDIUM,Silverstone,0,,,,HARD
111,0.04477611940298507,0,WET,Hockenheim,0,,,,INTERMEDIATE
111,0.40298507462686567,1,INTERMEDIATE,Hockenheim,1,,,,INTERMEDIATE
111,0.6865671641791045,2,INTERMEDIATE,Hockenheim,1,,,,SOFT
112,0.44285714285714284,0,MEDIUM,Budapest,0,,,,HARD
112,0.6857142857142857,1,HARD,Budapest,1,,,,MEDIUM
112,0.6571428571428571,0,HARD,Budapest,0,,,,SOFT
112,0.5428571428571428,0,MEDIUM,Budapest,0,,,,SOFT
112,0.5142857142857142,0,MEDIUM,Budapest,0,,,,SOFT
112,0.3,0,MEDIUM,Budapest,0,,,,HARD
112,0.4142857142857143,0,SOFT,Budapest,0,,,,MEDIUM
112,0.5571428571428572,0,MEDIUM,Budapest,0,,,,SOFT
112,0.07142857142857142,0,MEDIUM,Budapest,0,,,,HARD
112,0.6571428571428571,1,HARD,Budapest,1,,,,MEDIUM
112,0.2571428571428571,0,MEDIUM,Budapest,0,,,,HARD
112,0.4142857142857143,0,SOFT,Budapest,0,,,,HARD
112,0.35714285714285715,0,MEDIUM,Budapest,0,,,,HARD
112,0.9571428571428572,1,HARD,Budapest,1,,,,SOFT
112,0.4,0,MEDIUM,Budapest,0,,,,HARD
112,0.38571428571428573,0,MEDIUM,Budapest,0,,,,HARD
112,0.4,0,SOFT,Budapest,0,,,,HARD
112,0.4,0,MEDIUM,Budapest,0,,,,HARD
113,0.5,0,SOFT,Spa,0,,,,MEDIUM
113,0.022727272727272728,0,SOFT,Spa,0,,,,MEDIUM
113,0.5681818181818182,0,SOFT,Spa,0,,,,MEDIUM
113,0.25,0,SOFT,Spa,0,,,,MEDIUM
113,0.7045454545454546,1,MEDIUM,Spa,1,,,,SOFT
113,0.5454545454545454,0,MEDIUM,Spa,0,,,,SOFT
113,0.3409090909090909,0,SOFT,Spa,0,,,,MEDIUM
113,0.75,1,MEDIUM,Spa,1,,,,SOFT
113,0.5227272727272727,0,SOFT,Spa,0,,,,MEDIUM
113,0.3409090909090909,0,SOFT,Spa,0,,,,MEDIUM
113,0.36363636363636365,0,SOFT,Spa,0,,,,MEDIUM
113,0.3181818181818182,0,SOFT,Spa,0,,,,MEDIUM
113,0.6818181818181818,1,MEDIUM,Spa,1,,,,SOFT
113,0.29545454545454547,0,SOFT,Spa,0,,,,MEDIUM
113,0.4772727272727273,0,SOFT,Spa,0,,,,MEDIUM
113,0.4318181818181818,0,SOFT,Spa,0,,,,MEDIUM
113,0.5227272727272727,0,MEDIUM,Spa,0,,,,SOFT
113,0.6818181818181818,0,MEDIUM,Spa,0,,,,SOFT
114,0.3584905660377358,0,SOFT,Monza,0,,,,MEDIUM
114,0.9245283018867925,1,MEDIUM,Monza,1,,,,SOFT
114,0.5660377358490566,0,SOFT,Monza,0,,,,MEDIUM
114,0.5471698113207547,0,SOFT,Monza,0,,,,MEDIUM
114,0.3584905660377358,0,MEDIUM,Monza,0,,,,
114,0.49056603773584906,1,MEDIUM,Monza,0,,,,SOFT
114,0.11320754716981132,0,SOFT,Monza,0,,,,HARD
114,0.22641509433962265,1,HARD,Monza,1,,,,
114,0.7735849056603774,2,HARD,Monza,1,,,,MEDIUM
114,0.5094339622641509,0,SOFT,Monza,0,,,,MEDIUM
114,0.5283018867924528,0,MEDIUM,Monza,0,,,,SOFT
114,0.018867924528301886,0,MEDIUM,Monza,0,,,,SOFT
114,0.5094339622641509,1,SOFT,Monza,1,,,,MEDIUM
114,0.39622641509433965,0,SOFT,Monza,0,,,,MEDIUM
114,0.2830188679245283,0,SOFT,Monza,0,,,,
114,0.41509433962264153,1,SOFT,Monza,0,,,,MEDIUM
114,0.5283018867924528,0,MEDIUM,Monza,0,,,,SOFT
114,0.37735849056603776,0,SOFT,Monza,0,,,,HARD
114,0.4339622641509434,0,MEDIUM,Monza,0,,,,HARD
114,0.49056603773584906,0,SOFT,Monza,0,,,,MEDIUM
114,0.4339622641509434,0,MEDIUM,Monza,0,,,,HARD
115,0.4262295081967213,0,SOFT,Singapore,0,,,,HARD
115,0.5573770491803278,0,MEDIUM,Singapore,0,,,,HARD
115,0.01639344262295082,0,SOFT,Singapore,0,,,,HARD
115,0.5901639344262295,1,HARD,Singapore,1,,,,MEDIUM
115,0.19672131147540983,0,MEDIUM,Singapore,0,,,,HARD
115,0.5901639344262295,1,HARD,Singapore,1,,,,SOFT
115,0.3114754098360656,0,SOFT,Singapore,0,,,,HARD
115,0.36065573770491804,0,SOFT,Singapore,0,,,,HARD
115,0.3770491803278688,0,MEDIUM,Singapore,0,,,,HARD
115,0.5737704918032787,1,HARD,Singapore,1,,,,SOFT
115,0.01639344262295082,0,SOFT,Singapore,0,,,,HARD
115,0.5737704918032787,1,HARD,Singapore,1,,,,MEDIUM
115,0.3114754098360656,0,SOFT,Singapore,0,,,,HARD
115,0.5573770491803278,0,MEDIUM,Singapore,0,,,,HARD
115,0.5901639344262295,1,HARD,Singapore,1,,,,SOFT
115,0.5081967213114754,0,MEDIUM,Singapore,0,,,,HARD
115,0.6721311475409836,1,HARD,Singapore,1,,,,SOFT
115,0.7213114754098361,2,SOFT,Singapore,1,,,,SOFT
115,0.5245901639344263,0,HARD,Singapore,0,,,,MEDIUM
115,0.32786885245901637,0,SOFT,Singapore,0,,,,HARD
115,0.32786885245901637,0,SOFT,Singapore,0,,,,HARD
115,0.32786885245901637,0,SOFT,Singapore,0,,,,HARD
116,0.5283018867924528,0,MEDIUM,Sochi,0,,,,SOFT
116,0.5094339622641509,0,SOFT,Sochi,0,,,,MEDIUM
116,0.3018867924528302,0,SOFT,Sochi,0,,,,MEDIUM
116,0.5471698113207547,1,MEDIUM,Sochi,1,,,,SOFT
116,0.5094339622641509,0,HARD,Sochi,0,,,,SOFT
116,0.5471698113207547,1,SOFT,Sochi,1,,,,SOFT
116,0.16981132075471697,0,MEDIUM,Sochi,0,,,,
116,0.5094339622641509,1,MEDIUM,Sochi,0,,,,SOFT
116,0.5283018867924528,0,MEDIUM,Sochi,0,,,,SOFT
116,0.4339622641509434,0,SOFT,Sochi,0,,,,MEDIUM
116,0.39622641509433965,0,SOFT,Sochi,0,,,,MEDIUM
116,0.5283018867924528,0,SOFT,Sochi,0,,,,MEDIUM
116,0.03773584905660377,0,SOFT,Sochi,0,,,,HARD
116,0.5094339622641509,1,HARD,Sochi,1,,,,MEDIUM
116,0.5094339622641509,0,MEDIUM,Sochi,0,,,,SOFT
116,0.49056603773584906,0,MEDIUM,Sochi,0,,,,SOFT
116,0.41509433962264153,0,SOFT,Sochi,0,,,,MEDIUM
116,0.5660377358490566,1,MEDIUM,Sochi,1,,,,SOFT
116,0.37735849056603776,0,SOFT,Sochi,0,,,,MEDIUM
116,0.5471698113207547,0,MEDIUM,Sochi,0,,,,SOFT
117,0.39622641509433965,0,SOFT,Suzuka,0,,,,MEDIUM
117,0.7924528301886793,1,MEDIUM,Suzuka,1,,,,SOFT
117,0.5471698113207547,0,MEDIUM,Suzuka,0,,,,SOFT
117,0.3584905660377358,0,SOFT,Suzuka,0,,,,MEDIUM
117,0.5094339622641509,0,SOFT,Suzuka,0,,,,MEDIUM
117,0.2830188679245283,0,MEDIUM,Suzuka,0,,,,HARD
117,0.6792452830188679,1,HARD,Suzuka,1,,,,SOFT
117,0.3018867924528302,0,SOFT,Suzuka,0,,,,SOFT
117,0.5849056603773585,1,SOFT,Suzuka,0,,,,MEDIUM
117,0.32075471698113206,0,SOFT,Suzuka,0,,,,MEDIUM
117,0.6792452830188679,1,MEDIUM,Suzuka,1,,,,SOFT
117,0.3584905660377358,0,SOFT,Suzuka,0,,,,MEDIUM
117,0.7735849056603774,1,MEDIUM,Suzuka,1,,,,SOFT
117,0.3018867924528302,0,SOFT,Suzuka,0,,,,HARD
117,0.49056603773584906,0,SOFT,Suzuka,0,,,,MEDIUM
117,0.33962264150943394,0,SOFT,Suzuka,0,,,,MEDIUM
117,0.33962264150943394,0,SOFT,Suzuka,0,,,,MEDIUM
117,0.05660377358490566,0,SOFT,Suzuka,0,,,,MEDIUM
117,0.4716981132075472,1,MEDIUM,Suzuka,1,,,,SOFT
117,0.8679245283018868,2,SOFT,Suzuka,1,,,,SOFT
117,0.07547169811320754,0,SOFT,Suzuka,0,,,,MEDIUM
117,0.4716981132075472,1,MEDIUM,Suzuka,1,,,,HARD
117,0.2830188679245283,0,SOFT,Suzuka,0,,,,MEDIUM
117,0.6415094339622641,1,MEDIUM,Suzuka,1,,,,SOFT
118,0.323943661971831,0,MEDIUM,MexicoCity,0,,,,HARD
118,0.704225352112676,0,HARD,MexicoCity,0,,,,MEDIUM
118,0.39436619718309857,0,MEDIUM,MexicoCity,0,,,,HARD
118,0.2535211267605634,0,MEDIUM,MexicoCity,0,,,,HARD
118,0.14084507042253522,0,SOFT,MexicoCity,0,,,,HARD
118,0.6197183098591549,1,HARD,MexicoCity,1,,,,MEDIUM
118,0.5211267605633803,0,MEDIUM,MexicoCity,0,,,,HARD
118,0.5070422535211268,0,MEDIUM,MexicoCity,0,,,,HARD
118,0.28169014084507044,0,MEDIUM,MexicoCity,0,,,,HARD
118,0.2112676056338028,0,SOFT,MexicoCity,0,,,,HARD
118,0.49295774647887325,1,HARD,MexicoCity,1,,,,MEDIUM
118,0.07042253521126761,0,MEDIUM,MexicoCity,0,,,,HARD
118,0.29577464788732394,0,MEDIUM,MexicoCity,0,,,,HARD
118,0.5211267605633803,0,MEDIUM,MexicoCity,0,,,,HARD
118,0.1267605633802817,0,SOFT,MexicoCity,0,,,,HARD
118,0.6901408450704225,1,HARD,MexicoCity,1,,,,MEDIUM
118,0.2112676056338028,0,MEDIUM,MexicoCity,0,,,,MEDIUM
118,0.6056338028169014,1,MEDIUM,MexicoCity,0,,,,HARD
118,0.19718309859154928,0,MEDIUM,MexicoCity,0,,,,MEDIUM
118,0.6197183098591549,1,MEDIUM,MexicoCity,0,,,,HARD
119,0.42857142857142855,0,MEDIUM,Austin,0,,,,HARD
119,0.375,0,SOFT,Austin,0,,,,HARD
119,0.48214285714285715,0,HARD,Austin,0,,,,MEDIUM
119,0.6964285714285714,1,MEDIUM,Austin,1,,,,SOFT
119,0.375,0,HARD,Austin,0,,,,MEDIUM
119,0.6964285714285714,1,MEDIUM,Austin,1,,,,SOFT
119,0.32142857142857145,0,SOFT,Austin,0,,,,HARD
119,0.7142857142857143,1,HARD,Austin,1,,,,SOFT
119,0.25,0,MEDIUM,Austin,0,,,,HARD
119,0.625,1,HARD,Austin,1,,,,MEDIUM
119,0.42857142857142855,0,MEDIUM,Austin,0,,,,HARD
119,0.42857142857142855,0,MEDIUM,Austin,0,,,,HARD
119,0.32142857142857145,0,SOFT,Austin,0,,,,HARD
119,0.23214285714285715,0,MEDIUM,Austin,0,,,,HARD
119,0.6071428571428571,1,HARD,Austin,1,,,,MEDIUM
119,0.30357142857142855,0,MEDIUM,Austin,0,,,,HARD
119,0.6964285714285714,1,HARD,Austin,1,,,,SOFT
119,0.16071428571428573,0,MEDIUM,Austin,0,,,,HARD
119,0.5178571428571429,1,HARD,Austin,1,,,,SOFT
119,0.35714285714285715,0,MEDIUM,Austin,0,,,,HARD
119,0.75,1,HARD,Austin,1,,,,SOFT
119,0.3392857142857143,0,SOFT,Austin,0,,,,HARD
119,0.75,1,HARD,Austin,1,,,,MEDIUM
119,0.017857142857142856,0,SOFT,Austin,0,,,,MEDIUM
119,0.35714285714285715,1,MEDIUM,Austin,1,,,,MEDIUM
119,0.7142857142857143,2,MEDIUM,Austin,1,,,,SOFT
120,0.28169014084507044,0,SOFT,SaoPaulo,0,,,,SOFT
120,0.6056338028169014,1,SOFT,SaoPaulo,0,,,,MEDIUM
120,0.9295774647887324,2,MEDIUM,SaoPaulo,1,,,,SOFT
120,0.11267605633802817,0,MEDIUM,SaoPaulo,0,,,,SOFT
120,0.5633802816901409,1,SOFT,SaoPaulo,1,,,,SOFT
120,0.38028169014084506,0,SOFT,SaoPaulo,0,,,,MEDIUM
120,0.7464788732394366,1,MEDIUM,SaoPaulo,1,,,,SOFT
120,0.38028169014084506,0,MEDIUM,SaoPaulo,0,,,,HARD
120,0.6197183098591549,1,HARD,SaoPaulo,1,,,,SOFT
120,0.7464788732394366,2,SOFT,SaoPaulo,1,,,,SOFT
120,0.323943661971831,0,MEDIUM,SaoPaulo,0,,,,SOFT
120,0.647887323943662,1,SOFT,SaoPaulo,1,,,,SOFT
120,0.29577464788732394,0,SOFT,SaoPaulo,0,,,,MEDIUM
120,0.6619718309859155,1,MEDIUM,SaoPaulo,1,,,,SOFT
120,0.23943661971830985,0,SOFT,SaoPaulo,0,,,,MEDIUM
120,0.6338028169014085,1,MEDIUM,SaoPaulo,1,,,,SOFT
120,0.36619718309859156,0,SOFT,SaoPaulo,0,,,,MEDIUM
120,0.9154929577464789,1,MEDIUM,SaoPaulo,1,,,,SOFT
120,0.4084507042253521,0,SOFT,SaoPaulo,0,,,,MEDIUM
120,0.29577464788732394,0,SOFT,SaoPaulo,0,,,,SOFT
120,0.6197183098591549,1,SOFT,SaoPaulo,0,,,,MEDIUM
120,0.7605633802816901,2,MEDIUM,SaoPaulo,1,,,,SOFT
120,0.28169014084507044,0,SOFT,SaoPaulo,0,,,,MEDIUM
120,0.647887323943662,1,MEDIUM,SaoPaulo,1,,,,SOFT
120,0.30985915492957744,0,SOFT,SaoPaulo,0,,,,MEDIUM
120,0.6619718309859155,1,MEDIUM,SaoPaulo,1,,,,SOFT
120,0.38028169014084506,0,SOFT,SaoPaulo,0,,,,HARD
120,0.7464788732394366,1,HARD,SaoPaulo,1,,,,MEDIUM
120,0.3380281690140845,0,SOFT,SaoPaulo,0,,,,MEDIUM
120,0.704225352112676,1,MEDIUM,SaoPaulo,1,,,,SOFT
120,0.323943661971831,0,MEDIUM,SaoPaulo,0,,,,MEDIUM
120,0.7605633802816901,1,MEDIUM,SaoPaulo,0,,,,SOFT
120,0.9295774647887324,2,SOFT,SaoPaulo,1,,,,SOFT
121,0.4727272727272727,0,MEDIUM,YasMarina,0,,,,HARD
121,0.2,0,SOFT,YasMarina,0,,,,HARD
121,0.7636363636363637,1,HARD,YasMarina,1,,,,SOFT
121,0.36363636363636365,0,MEDIUM,YasMarina,0,,,,HARD
121,0.32727272727272727,0,SOFT,YasMarina,0,,,,MEDIUM
121,0.7272727272727273,0,HARD,YasMarina,0,,,,MEDIUM
121,0.4,0,MEDIUM,YasMarina,0,,,,HARD
121,0.21818181818181817,0,SOFT,YasMarina,0,,,,HARD
121,0.6909090909090909,1,HARD,YasMarina,1,,,,MEDIUM
121,0.5272727272727272,0,MEDIUM,YasMarina,0,,,,HARD
121,0.6727272727272727,0,MEDIUM,YasMarina,0,,,,HARD
121,0.32727272727272727,0,MEDIUM,YasMarina,0,,,,HARD
121,0.21818181818181817,0,SOFT,YasMarina,0,,,,HARD
121,0.7454545454545455,1,HARD,YasMarina,1,,,,MEDIUM
121,0.45454545454545453,0,MEDIUM,YasMarina,0,,,,HARD
121,0.21818181818181817,0,MEDIUM,YasMarina,0,,,,HARD
121,0.6909090909090909,1,HARD,YasMarina,1,,,,SOFT
121,0.14545454545454545,0,SOFT,YasMarina,0,,,,HARD
121,0.23636363636363636,0,MEDIUM,YasMarina,0,,,,HARD
