race_id,driver_id,lapno,race_progress,position,fcy_status,pit_stops_so_far,tyre_change_pursuer,track_category,y_pit,current_compound,lap_time,interval,tyre_age,gap_behind_s,n_cars_within_5s_ahead,tyre_age_diff_to_ahead,rejoin_gap_ahead_est_s,rejoin_gap_behind_est_s,close_ahead,race_track,rained_yet,is_raining,minutes_rain,fulfilled_second_compound
33,2,1,0.015625,14,0,1,False,2,0,WET,114.607,0.8760000000002037,1.0,0.7930000000000064,3,0.0,16.061999999999983,,0,German Grand Prix,1,1,1.2748,1
33,2,2,0.03125,12,0,0,False,2,1,WET,107.381,1.3330000000000837,2.0,2.0730000000000075,2,0.0,13.046999999999969,,1,German Grand Prix,1,1,3.0644833333333334,1
33,2,3,0.046875,18,0,1,True,2,0,INTERMEDIATE,131.854,7.1419999999998245,1.0,2.2239999999999895,0,-2.0,18.339,,0,German Grand Prix,1,1,5.26205,1
33,2,4,0.0625,12,0,1,True,2,0,INTERMEDIATE,118.171,0.5010000000002037,2.0,0.4300000000000068,2,-2.0,14.87999999999994,,0,German Grand Prix,1,1,7.231566666666667,1
33,2,5,0.078125,10,0,1,False,2,0,INTERMEDIATE,98.21,0.7040000000001783,3.0,1.177000000000021,1,-2.0,13.610999999999876,,1,German Grand Prix,1,1,8.8684,1
33,2,6,0.09375,8,0,1,False,2,0,INTERMEDIATE,94.977,2.6390000000001237,4.0,1.6619999999999209,1,-2.0,8.225000000000023,,1,German Grand Prix,1,1,10.45135,1
33,2,7,0.109375,8,0,1,False,2,0,INTERMEDIATE,95.021,0.0599999999999454,5.0,1.8540000000000416,1,-2.0,7.1749999999999545,3.368000000000052,0,German Grand Prix,1,1,12.035033333333333,1
33,2,8,0.125,7,0,1,False,2,0,INTERMEDIATE,93.961,1.6329999999998108,6.0,1.4739999999999327,0,1.0,6.956000000000017,7.360000000000014,0,German Grand Prix,1,1,13.60105,1
33,2,9,0.140625,7,0,1,False,2,0,INTERMEDIATE,91.234,2.492999999999938,7.0,2.0559999999999263,0,1.0,4.0639999999999645,5.588999999999942,1,German Grand Prix,1,1,15.121616666666666,1
33,2,10,0.15625,7,0,1,False,2,0,INTERMEDIATE,91.47,3.5019999999999527,8.0,2.6130000000000564,0,1.0,2.7350000000001273,5.932999999999993,0,German Grand Prix,1,1,16.646116666666668,1
33,2,11,0.171875,7,0,1,False,2,0,INTERMEDIATE,90.81,2.3789999999999054,9.0,3.259999999999991,0,1.0,1.0119999999999436,6.652000000000044,0,German Grand Prix,1,1,18.15961666666667,1
33,2,12,0.1875,7,0,1,False,2,0,INTERMEDIATE,91.77,3.086999999999989,10.0,2.716000000000122,0,1.0,5.4659999999998945,0.5930000000000746,0,German Grand Prix,1,1,19.689116666666667,1
33,2,13,0.203125,7,0,1,False,2,0,INTERMEDIATE,91.356,3.100999999999658,11.0,2.812999999999647,0,1.0,3.5220000000003893,2.3249999999995907,0,German Grand Prix,1,1,21.211716666666668,1
33,2,14,0.21875,7,0,1,False,2,0,INTERMEDIATE,92.824,3.9589999999998327,12.0,2.04300000000012,0,1.0,3.201999999999998,3.7609999999999673,0,German Grand Prix,1,1,22.758783333333337,1
33,2,15,0.234375,7,0,1,False,2,0,INTERMEDIATE,111.66,4.7960000000002765,13.0,3.47199999999998,0,1.0,1.6380000000001471,4.544999999999845,0,German Grand Prix,1,1,24.619783333333334,1
33,2,16,0.25,7,0,1,False,2,0,INTERMEDIATE,93.145,3.788000000000011,14.0,2.06899999999996,0,1.0,2.286000000000058,3.439999999999827,0,German Grand Prix,1,1,26.1722,1
33,2,17,0.265625,7,0,1,False,2,0,INTERMEDIATE,92.195,5.641000000000531,15.0,1.6480000000001382,0,1.0,2.2390000000000327,3.071999999999889,0,German Grand Prix,1,1,27.708783333333333,1
33,2,18,0.28125,7,0,1,False,2,0,INTERMEDIATE,91.386,5.0,16.0,6.182000000000016,0,1.0,14.381000000000084,0.7239999999999327,0,German Grand Prix,1,1,29.231883333333332,1
33,2,19,0.296875,7,0,1,False,2,0,INTERMEDIATE,92.416,4.969000000000051,17.0,6.492999999999938,0,1.0,14.070000000000164,1.311999999999898,0,German Grand Prix,1,1,30.77215,1
33,2,20,0.3125,7,0,1,False,2,0,INTERMEDIATE,93.28,6.014999999999419,18.0,6.138999999999896,0,1.0,14.424000000000206,0.2189999999998235,0,German Grand Prix,1,1,32.326816666666666,1
33,2,21,0.328125,7,0,1,False,2,0,INTERMEDIATE,93.105,5.61200000000008,19.0,6.048999999999978,0,1.0,14.514000000000124,0.4359999999996944,0,German Grand Prix,1,1,33.878566666666664,1
33,2,22,0.34375,7,0,1,False,2,0,INTERMEDIATE,94.196,5.360000000000581,20.0,5.739000000000033,0,1.0,14.82400000000007,0.0619999999998981,0,German Grand Prix,1,1,35.4485,1
33,2,23,0.359375,8,0,1,False,2,1,INTERMEDIATE,98.863,0.2640000000001237,21.0,15.715000000000146,1,0.0,4.847999999999956,0.4920000000001892,0,German Grand Prix,1,1,37.09621666666666,1
33,2,24,0.375,11,0,2,False,2,0,SOFT,113.154,3.1649999999999636,1.0,2.4890000000000327,1,-20.0,8.65099999999984,15.697000000000116,0,German Grand Prix,1,1,38.98211666666667,1
33,2,25,0.390625,11,0,2,False,2,0,SOFT,93.479,1.717000000000553,2.0,5.626999999999953,1,-20.0,4.637000000000171,15.769999999999982,0,German Grand Prix,1,1,40.5401,1
33,2,26,0.40625,10,0,2,False,2,0,SOFT,95.814,7.488999999999578,3.0,1.8020000000001344,0,-21.0,16.320000000000164,7.4409999999998035,0,German Grand Prix,1,1,42.137,1
33,2,27,0.421875,8,3,2,False,2,0,SOFT,115.695,5.940000000000509,4.0,5.139999999999873,0,-21.0,4.113350000000082,22.94965000000002,0,German Grand Prix,1,1,44.06525,1
33,2,28,0.4375,7,4,2,False,2,1,SOFT,122.599,0.5910000000003492,5.0,1.7330000000001746,0,4.0,7.52034999999978,21.74765000000025,0,German Grand Prix,1,1,46.10856666666667,1
33,2,29,0.453125,8,0,3,False,2,0,INTERMEDIATE,128.131,1.0379999999995562,1.0,31.646999999999935,0,-1.0,27.821000000000367,11.083999999999833,0,German Grand Prix,1,1,48.244083333333336,1
33,2,30,0.46875,8,0,3,False,2,0,INTERMEDIATE,102.224,0.8170000000000073,2.0,35.51000000000022,1,-1.0,22.608999999999924,14.947000000000116,0,German Grand Prix,1,1,49.94781666666667,1
33,2,31,0.484375,8,0,3,False,2,0,INTERMEDIATE,108.255,0.9830000000001746,3.0,22.182999999999993,1,-1.0,23.08100000000013,1.6199999999998909,0,German Grand Prix,1,1,51.752066666666664,1
33,2,32,0.5,8,0,3,False,2,0,INTERMEDIATE,135.185,1.6809999999995853,4.0,3.13799999999992,1,-1.0,15.768999999999778,62.9079999999999,0,German Grand Prix,1,1,54.00515,1
33,2,33,0.515625,8,0,3,False,2,0,INTERMEDIATE,132.267,0.6450000000004366,5.0,1.2830000000003563,2,-1.0,18.687999999999647,25.934000000000196,0,German Grand Prix,1,1,56.2096,1
33,2,34,0.53125,8,0,3,False,2,0,INTERMEDIATE,95.315,1.0330000000003563,6.0,2.0919999999996435,2,-1.0,17.294000000000324,25.35900000000038,0,German Grand Prix,1,1,57.798183333333334,1
33,2,35,0.546875,8,0,3,False,2,0,INTERMEDIATE,91.912,1.149000000000342,7.0,3.6460000000001855,1,-1.0,14.878000000000156,28.25799999999981,0,German Grand Prix,1,1,59.33005,1
33,2,36,0.5625,8,0,3,False,2,0,INTERMEDIATE,90.825,1.155999999999949,8.0,4.9050000000002,2,-1.0,12.614000000000033,32.30000000000018,0,German Grand Prix,1,1,60.8438,1
33,2,37,0.578125,8,0,3,False,2,0,INTERMEDIATE,90.576,1.3460000000004584,9.0,5.996000000000095,2,-1.0,11.797000000000024,36.02300000000014,0,German Grand Prix,1,1,62.3534,1
33,2,38,0.59375,8,1,3,False,2,0,INTERMEDIATE,90.169,1.4769999999998618,10.0,6.64600000000064,1,-1.0,3.768949999999222,46.50805000000082,0,German Grand Prix,1,1,63.85621666666667,1
33,2,39,0.609375,7,0,3,False,2,0,INTERMEDIATE,90.138,2.5799999999999272,11.0,7.445999999999913,1,-1.0,9.87900000000036,42.39399999999978,0,German Grand Prix,1,1,65.35851666666667,1
33,2,40,0.625,6,0,3,False,2,0,INTERMEDIATE,90.207,2.2539999999999054,12.0,9.221000000000004,2,-1.0,5.695999999999913,57.66000000000031,0,German Grand Prix,1,1,66.86196666666666,1
33,2,41,0.640625,7,0,3,False,2,1,INTERMEDIATE,114.838,0.5879999999997381,13.0,9.615999999999984,1,-1.0,2.2979999999997744,61.34699999999975,0,German Grand Prix,1,1,68.77593333333333,1
33,2,42,0.65625,10,0,4,False,2,0,INTERMEDIATE,131.163,2.0440000000007785,1.0,9.100000000000364,1,-13.0,11.462999999999738,26.340000000000146,0,German Grand Prix,1,1,70.96198333333334,1
33,2,43,0.671875,10,0,4,False,2,0,INTERMEDIATE,107.306,1.3260000000000218,2.0,-148.09600000000046,1,-13.0,6.2830000000003565,16.09400000000005,0,German Grand Prix,1,1,72.75041666666667,1
33,2,44,0.6875,10,0,4,False,2,0,INTERMEDIATE,117.124,0.9829999999992652,3.0,-149.95399999999972,2,-13.0,3.2200000000002547,,1,German Grand Prix,1,1,74.70248333333333,1
33,2,45,0.703125,9,0,4,False,2,0,INTERMEDIATE,118.984,0.3919999999998254,4.0,-151.08600000000024,0,-14.0,15.523000000000138,,1,German Grand Prix,1,1,76.68555,1
33,2,46,0.71875,5,0,4,False,2,0,INTERMEDIATE,87.031,0.4170000000003711,5.0,1.9409999999998035,0,0.0,0.0840000000007421,,1,German Grand Prix,1,1,78.13606666666666,1
33,2,47,0.734375,3,0,4,False,2,1,INTERMEDIATE,91.812,0.693000000000211,6.0,-151.59299999999985,0,,6.030000000000655,8.773999999999432,0,German Grand Prix,1,1,79.66626666666667,1
33,2,48,0.75,9,0,5,False,2,0,SOFT,98.078,2.365000000000691,1.0,-149.65200000000004,2,-1.0,4.507999999999811,,1,German Grand Prix,1,1,81.3009,1
33,2,49,0.765625,9,0,5,False,2,0,SOFT,78.592,1.824999999999818,2.0,-148.3010000000004,2,-1.0,1.1500000000005457,,1,German Grand Prix,1,1,82.61076666666666,1
33,2,50,0.78125,9,1,5,False,2,0,SOFT,79.527,0.6679999999996653,3.0,-148.5660000000007,2,-5.0,14.56395000000066,7.333049999999275,1,German Grand Prix,1,1,83.93621666666667,1
33,2,51,0.796875,7,3,5,False,2,0,SOFT,77.59,1.4809999999997674,4.0,1.9200000000000728,1,-1.0,7.333349999999882,13.747650000000249,1,German Grand Prix,1,1,85.22938333333333,1
33,2,52,0.8125,7,4,5,False,2,0,SOFT,78.499,0.9309999999995852,5.0,3.8649999999997817,2,-1.0,5.388350000000173,15.624649999999749,0,German Grand Prix,1,1,86.5377,1
33,2,53,0.828125,7,4,5,False,2,0,SOFT,78.273,0.7910000000001673,6.0,7.63799999999992,2,-1.0,1.615350000000035,18.300650000000132,0,German Grand Prix,1,1,87.84225,1
33,2,54,0.84375,6,4,5,False,2,0,SOFT,77.045,2.9940000000005966,7.0,1.1000000000003638,1,-4.0,8.153349999999591,3.4736500000008164,0,German Grand Prix,1,1,89.12633333333333,1
33,2,55,0.859375,6,4,5,False,2,0,SOFT,77.664,2.1729999999997744,8.0,1.8969999999999343,1,-4.0,7.35635000000002,5.928649999999834,1,German Grand Prix,1,1,90.42073333333332,1
33,2,56,0.875,6,4,5,False,2,0,SOFT,77.723,0.8519999999998618,9.0,2.0450000000000728,1,-4.0,7.208349999999882,9.238650000000234,0,German Grand Prix,1,1,91.71611666666666,1
33,2,57,0.890625,5,4,5,False,2,0,SOFT,107.711,0.6770000000005894,10.0,3.787000000000262,1,-4.0,5.466349999999693,21.282650000000103,0,German Grand Prix,1,1,93.5113,1
33,2,58,0.90625,5,4,5,False,2,0,SOFT,120.494,1.425000000000182,11.0,2.2409999999999854,1,-4.0,7.012349999999969,32.44865000000027,0,German Grand Prix,1,1,95.51953333333331,1
33,2,59,0.921875,5,0,5,False,2,0,SOFT,119.763,0.5570000000006985,12.0,0.2640000000001237,1,-4.0,13.375,,0,German Grand Prix,1,1,97.51558333333334,1
33,2,60,0.9375,4,0,5,False,2,0,SOFT,77.85,0.6719999999986612,13.0,0.8329999999996289,0,-3.0,11.662000000000262,,1,German Grand Prix,1,1,98.81308333333334,1
33,2,61,0.953125,4,0,5,False,2,0,SOFT,77.741,0.5819999999985157,14.0,1.2970000000013897,0,-3.0,9.751999999998588,,1,German Grand Prix,1,1,100.10876666666668,1
33,2,62,0.96875,3,0,5,False,2,0,SOFT,76.823,0.8130000000001019,15.0,-150.28499999999983,2,-2.0,5.8840000000000146,,1,German Grand Prix,1,1,101.38915,1
33,2,63,0.984375,2,0,5,False,2,0,SOFT,76.794,4.332999999998719,16.0,1.1030000000000657,1,-1.0,2.6210000000000946,,1,German Grand Prix,1,1,102.66905,1
33,2,64,1.0,2,0,5,False,2,0,SOFT,80.346,7.333000000000539,17.0,0.9719999999997526,0,-1.0,2.90900000000056,,1,German Grand Prix,1,1,104.00815,1
33,3,1,0.015625,4,0,5,False,2,0,WET,105.105,0.5530000000003383,1.0,5.093999999999994,0,,6.560000000000002,,0,German Grand Prix,1,1,1.1164333333333334,1
33,3,2,0.03125,3,0,0,False,2,0,WET,95.883,2.518999999999778,2.0,12.358000000000004,0,,2.134999999999991,0.4370000000000118,0,German Grand Prix,1,1,2.714483333333334,1
33,3,3,0.046875,3,0,0,False,2,1,WET,123.343,0.6799999999998363,3.0,10.476999999999975,0,,3.86099999999999,0.84699999999998,0,German Grand Prix,1,1,4.7702,1
33,3,4,0.0625,4,0,1,False,2,0,INTERMEDIATE,142.095,0.7310000000002219,1.0,1.198000000000036,1,-3.0,9.29299999999995,,0,German Grand Prix,1,1,7.13845,1
33,3,5,0.078125,3,0,1,False,2,0,INTERMEDIATE,93.888,1.54300000000012,2.0,3.465000000000032,0,,3.701999999999885,,1,German Grand Prix,1,1,8.70325,1
33,3,6,0.09375,3,0,1,False,2,0,INTERMEDIATE,91.181,1.722999999999956,3.0,10.557999999999993,0,,2.4429999999999836,2.69500000000005,0,German Grand Prix,1,1,10.222933333333334,1
33,3,7,0.109375,3,0,1,False,2,0,INTERMEDIATE,90.413,1.4110000000000582,4.0,17.937000000000012,0,,0.3959999999999581,3.3590000000000373,0,German Grand Prix,1,1,11.729816666666666,1
33,3,8,0.125,3,0,1,False,2,0,INTERMEDIATE,90.148,1.5750000000002728,5.0,22.125999999999976,0,,,1.5629999999999882,0,German Grand Prix,1,1,13.232283333333331,1
33,3,9,0.140625,3,0,1,False,2,0,INTERMEDIATE,89.794,1.6840000000001965,6.0,23.56600000000003,0,,,3.0030000000000427,0,German Grand Prix,1,1,14.72885,1
33,3,10,0.15625,3,0,1,False,2,0,INTERMEDIATE,89.574,1.776000000000295,7.0,25.46199999999999,0,,,4.898999999999887,0,German Grand Prix,1,1,16.22175,1
33,3,11,0.171875,3,0,1,False,2,0,INTERMEDIATE,89.934,1.5369999999998072,8.0,26.337999999999965,0,,,5.774999999999864,0,German Grand Prix,1,1,17.72065,1
33,3,12,0.1875,3,0,1,False,2,0,INTERMEDIATE,90.54,1.777000000000044,9.0,27.567999999999984,0,,,7.004999999999882,0,German Grand Prix,1,1,19.22965,1
33,3,13,0.203125,3,0,1,False,2,0,INTERMEDIATE,90.778,1.8139999999998508,10.0,28.146000000000413,0,,,7.583000000000311,0,German Grand Prix,1,1,20.742616666666667,1
33,3,14,0.21875,3,0,1,False,2,0,INTERMEDIATE,91.075,1.780999999999949,11.0,29.894999999999985,0,,,9.33199999999988,0,German Grand Prix,1,1,22.260533333333335,1
33,3,15,0.234375,3,0,1,False,2,0,INTERMEDIATE,104.444,2.5329999999999018,12.0,37.111000000000104,0,,,16.548000000000002,0,German Grand Prix,1,1,24.001266666666663,1
33,3,16,0.25,3,0,1,False,2,0,INTERMEDIATE,101.017,1.211999999999989,13.0,29.239000000000033,0,,,8.67599999999993,0,German Grand Prix,1,1,25.68488333333333,1
33,3,17,0.265625,3,0,1,False,2,0,INTERMEDIATE,92.388,0.9960000000000946,14.0,29.04600000000005,0,,,8.482999999999947,0,German Grand Prix,1,1,27.224683333333335,1
33,3,18,0.28125,3,0,1,False,2,0,INTERMEDIATE,91.512,1.4600000000000364,15.0,28.919999999999845,0,,,8.356999999999744,0,German Grand Prix,1,1,28.749883333333333,1
33,3,19,0.296875,3,0,1,False,2,0,INTERMEDIATE,90.893,1.587999999999738,16.0,30.442999999999984,0,,,9.879999999999882,0,German Grand Prix,1,1,30.264766666666667,1
33,3,20,0.3125,3,0,1,False,2,0,INTERMEDIATE,91.306,1.480000000000473,17.0,32.417000000000144,0,,,11.854000000000042,0,German Grand Prix,1,1,31.786533333333335,1
33,3,21,0.328125,3,0,1,False,2,0,INTERMEDIATE,92.1,1.1719999999995707,18.0,33.422000000000025,0,,,12.858999999999924,0,German Grand Prix,1,1,33.321533333333335,1
33,3,22,0.34375,3,0,1,False,2,0,INTERMEDIATE,92.216,1.1549999999997451,19.0,35.402000000000044,0,,,14.838999999999942,0,German Grand Prix,1,1,34.858466666666665,1
33,3,23,0.359375,3,0,1,False,2,0,INTERMEDIATE,92.674,0.8090000000001965,20.0,41.327000000000226,0,,,20.764000000000124,0,German Grand Prix,1,1,36.40303333333333,1
33,3,24,0.375,3,0,1,False,2,0,INTERMEDIATE,92.827,1.048000000000684,21.0,41.38499999999976,0,,,20.82199999999966,0,German Grand Prix,1,1,37.95015,1
33,3,25,0.390625,3,0,1,False,2,1,INTERMEDIATE,96.187,4.229000000000269,22.0,38.42900000000009,0,,,17.865999999999985,0,German Grand Prix,1,1,39.553266666666666,1
33,3,26,0.40625,4,0,2,False,2,0,MEDIUM,114.632,20.48899999999958,3.0,17.205999999999676,0,,3.3570000000004256,19.828999999999724,0,German Grand Prix,1,1,41.4638,1
33,3,27,0.421875,4,3,2,False,2,0,MEDIUM,101.121,1.472999999999956,4.0,22.798999999999975,0,,29.089350000000195,13.545650000000023,0,German Grand Prix,1,1,43.14915,1
33,3,28,0.4375,3,4,2,False,2,0,MEDIUM,111.331,0.8569999999999709,5.0,47.08100000000013,0,,48.202350000000024,3.547649999999976,0,German Grand Prix,1,1,45.004666666666665,1
33,3,29,0.453125,3,0,2,False,2,1,MEDIUM,125.52,4.928999999999178,6.0,53.20000000000027,0,,14.605999999999767,32.63700000000017,0,German Grand Prix,1,1,47.096666666666664,1
33,3,30,0.46875,1,0,3,False,2,0,INTERMEDIATE,131.942,0.0,1.0,19.731000000000225,0,,0.83199999999988,16.51800000000003,0,German Grand Prix,1,1,49.2957,1
33,3,31,0.484375,1,0,3,False,2,0,INTERMEDIATE,137.029,0.0,2.0,4.9650000000001455,0,,10.210000000000036,11.972999999999956,0,German Grand Prix,1,1,51.57951666666666,1
33,3,32,0.5,1,0,3,False,2,0,INTERMEDIATE,137.52,0.0,3.0,2.411000000000058,0,,7.750999999999749,70.92599999999993,0,German Grand Prix,1,1,53.871516666666665,1
33,3,33,0.515625,1,0,3,False,2,0,INTERMEDIATE,134.58,0.0,4.0,3.288000000000011,0,,12.98299999999972,31.639000000000124,0,German Grand Prix,1,1,56.11451666666667,1
33,3,34,0.53125,1,0,3,False,2,0,INTERMEDIATE,88.662,0.0,5.0,8.378999999999905,0,,4.936000000000149,37.71700000000055,0,German Grand Prix,1,1,57.592216666666666,1
33,3,35,0.546875,1,0,3,False,2,0,INTERMEDIATE,88.56,0.0,6.0,10.54300000000012,0,,1.20699999999988,0.83199999999988,0,German Grand Prix,1,1,59.068216666666665,1
33,3,36,0.5625,1,0,3,False,2,0,INTERMEDIATE,88.516,0.0,7.0,13.13000000000011,0,,2.544000000000324,2.3609999999998763,0,German Grand Prix,1,1,60.543483333333334,1
33,3,37,0.578125,1,0,3,False,2,0,INTERMEDIATE,88.144,0.0,8.0,15.477000000000317,0,,0.11200000000008,5.8840000000000146,0,German Grand Prix,1,1,62.01255,1
33,3,38,0.59375,1,1,3,False,2,0,INTERMEDIATE,88.052,0.0,9.0,17.40599999999995,0,,104.62795000000006,4.040050000000065,0,German Grand Prix,1,1,63.48008333333333,1
33,3,39,0.609375,1,0,3,False,2,0,INTERMEDIATE,87.623,0.0,10.0,19.550000000000185,0,,1.01299999999992,1.9400000000000543,0,German Grand Prix,1,1,64.94046666666667,1
33,3,40,0.625,1,0,3,False,2,0,INTERMEDIATE,88.71,0.0,11.0,21.630999999999855,0,,101.9090000000001,1.0679999999997565,0,German Grand Prix,1,1,66.41896666666666,1
33,3,41,0.640625,1,0,3,False,2,1,INTERMEDIATE,103.455,0.0,12.0,30.03399999999965,0,,81.57000000000062,9.470999999999547,0,German Grand Prix,1,1,68.14321666666666,1
33,3,42,0.65625,1,0,4,False,2,0,INTERMEDIATE,137.795,0.0,1.0,13.994000000000597,0,,3.1359999999995125,8.72400000000016,0,German Grand Prix,1,1,70.4398,1
33,3,43,0.671875,1,0,4,False,2,0,INTERMEDIATE,127.412,0.0,2.0,3.8779999999997017,0,,9.337999999999738,4.942000000000007,0,German Grand Prix,1,1,72.56333333333333,1
33,3,44,0.6875,1,0,4,False,2,0,INTERMEDIATE,118.571,0.0,3.0,3.729000000000269,0,,8.19799999999941,6.557999999999993,0,German Grand Prix,1,1,74.53951666666667,1
33,3,45,0.703125,1,0,4,False,2,0,INTERMEDIATE,122.356,0.0,4.0,3.2020000000002256,0,,9.11699999999928,,0,German Grand Prix,1,1,76.57878333333333,1
33,3,46,0.71875,1,0,4,False,2,1,INTERMEDIATE,86.24,0.0,5.0,7.197000000000116,0,,8.639000000000124,2.282999999999447,0,German Grand Prix,1,1,78.01611666666666,1
33,3,47,0.734375,5,0,5,False,2,0,SOFT,99.704,0.5199999999995271,1.0,4.572000000000116,0,-2.0,6.725000000000364,8.078999999999724,0,German Grand Prix,1,1,79.67785,1
33,3,48,0.75,1,0,5,False,2,0,SOFT,80.306,0.0,2.0,-150.08999999999924,0,,3.4859999999998763,12.569000000000417,0,German Grand Prix,1,1,81.01628333333333,1
33,3,49,0.765625,1,0,5,False,2,0,SOFT,78.386,0.0,3.0,-147.933,0,,3.2799999999997453,16.13299999999981,1,German Grand Prix,1,1,82.32271666666666,1
33,3,50,0.78125,1,1,5,False,2,0,SOFT,78.157,0.0,4.0,-143.83799999999974,0,,1.0789500000000771,2.65204999999969,1,German Grand Prix,1,1,83.62533333333333,1
33,3,51,0.796875,1,0,5,False,2,0,SOFT,78.145,0.0,5.0,9.150000000000546,0,,0.5450000000000728,20.536000000000055,1,German Grand Prix,1,1,84.92775,1
33,3,52,0.8125,1,3,5,False,2,0,SOFT,78.018,0.0,6.0,9.75,0,,137.0353499999992,0.4966500000000451,0,German Grand Prix,1,1,86.22805,1
33,3,53,0.828125,1,4,5,False,2,0,SOFT,77.982,0.0,7.0,10.217000000000551,0,,134.20534999999927,0.963650000000598,0,German Grand Prix,1,1,87.52775,1
33,3,54,0.84375,1,4,5,False,2,0,SOFT,78.406,0.0,8.0,9.88300000000072,0,,133.68434999999954,0.6296500000007654,0,German Grand Prix,1,1,88.83451666666667,1
33,3,55,0.859375,1,4,5,False,2,0,SOFT,77.912,0.0,9.0,10.351000000000568,0,,131.54234999999971,1.0976500000006126,0,German Grand Prix,1,1,90.13305,1
33,3,56,0.875,1,4,5,False,2,0,SOFT,77.864,0.0,10.0,11.221999999999753,0,,130.03035,1.9686499999997975,0,German Grand Prix,1,1,91.43078333333334,1
33,3,57,0.890625,1,4,5,False,2,0,SOFT,106.78,0.0,11.0,10.404999999999744,0,,120.54535000000033,1.1516499999997905,0,German Grand Prix,1,1,93.21045,1
33,3,58,0.90625,1,4,5,False,2,0,SOFT,124.908,0.0,12.0,5.1299999999992,0,,4.123350000000755,2.958649999999579,0,German Grand Prix,1,1,95.29225,1
33,3,59,0.921875,1,0,5,False,2,0,SOFT,130.518,0.0,13.0,0.925000000000182,0,,10.492999999999483,,0,German Grand Prix,1,1,97.46755,1
33,3,60,0.9375,1,0,5,False,2,0,SOFT,77.121,0.0,14.0,1.555000000000291,0,,8.050999999999476,,1,German Grand Prix,1,1,98.7529,1
33,3,61,0.953125,1,0,5,False,2,0,SOFT,76.645,0.0,15.0,2.6179999999994834,0,,5.045000000000073,,0,German Grand Prix,1,1,100.03031666666666,1
33,3,62,0.96875,1,0,5,False,2,0,SOFT,76.652,0.0,16.0,4.0649999999996,0,,1.0060000000003129,,0,German Grand Prix,1,1,101.30785,1
33,3,63,0.984375,1,0,5,False,2,0,SOFT,77.339,0.0,17.0,4.332999999999629,0,,3.963999999999942,1.7119999999995343,0,German Grand Prix,1,1,102.59683333333334,1
33,3,64,1.0,1,0,5,False,2,0,SOFT,77.346,0.0,18.0,7.333000000000538,0,,1.7979999999997744,4.423999999999978,0,German Grand Prix,1,1,103.88593333333333,1
33,6,1,0.015625,9,0,5,False,2,0,WET,112.114,0.7240000000001602,1.0,0.1910000000000025,1,0.0,13.568999999999988,,0,German Grand Prix,1,1,1.23325,1
33,6,2,0.03125,9,0,0,False,2,0,WET,106.637,3.1679999999996653,2.0,0.664999999999992,0,0.0,9.809999999999974,,1,German Grand Prix,1,1,3.0105333333333335,1
33,6,3,0.046875,10,0,0,False,2,1,WET,119.561,1.1140000000000327,3.0,2.7210000000000036,2,0.0,2.809000000000026,,1,German Grand Prix,1,1,5.003216666666667,1
33,6,4,0.0625,13,0,1,False,2,0,INTERMEDIATE,134.131,0.4299999999998363,1.0,1.1280000000000427,3,-1.0,15.309999999999944,,0,German Grand Prix,1,1,7.238733333333333,1
33,6,5,0.078125,11,0,1,False,2,0,INTERMEDIATE,98.957,1.1769999999996796,2.0,2.63900000000001,2,-1.0,14.787999999999895,,1,German Grand Prix,1,1,8.888016666666667,1
33,6,6,0.09375,10,0,1,False,2,0,INTERMEDIATE,95.64,0.1779999999998835,3.0,2.5750000000000455,3,-3.0,10.06499999999994,,0,German Grand Prix,1,1,10.482016666666668,1
33,6,7,0.109375,9,0,1,False,2,0,INTERMEDIATE,95.035,1.8539999999998145,4.0,3.754999999999995,2,-1.0,9.028999999999996,1.51400000000001,0,German Grand Prix,1,1,12.065933333333334,1
33,6,8,0.125,8,0,1,False,2,0,INTERMEDIATE,93.581,1.47400000000016,5.0,3.08400000000006,1,-1.0,8.42999999999995,5.886000000000081,0,German Grand Prix,1,1,13.625616666666666,1
33,6,9,0.140625,8,0,1,False,2,0,INTERMEDIATE,91.816,2.05600000000004,6.0,2.75,1,-1.0,6.119999999999891,3.5330000000000155,0,German Grand Prix,1,1,15.155883333333334,1
33,6,10,0.15625,8,0,1,False,2,0,INTERMEDIATE,92.027,2.612999999999829,7.0,2.508000000000038,1,-1.0,5.348000000000184,3.3199999999999363,0,German Grand Prix,1,1,16.689666666666668,1
33,6,11,0.171875,8,0,1,False,2,0,INTERMEDIATE,91.457,3.2599999999997635,8.0,2.4760000000001128,1,-1.0,4.2719999999999345,3.3920000000000528,0,German Grand Prix,1,1,18.21395,1
33,6,12,0.1875,8,0,1,False,2,0,INTERMEDIATE,91.226,2.7159999999998945,9.0,3.0190000000000055,1,-1.0,2.1230000000000473,3.968999999999824,0,German Grand Prix,1,1,19.734383333333337,1
33,6,13,0.203125,8,0,1,False,2,0,INTERMEDIATE,91.453,2.813000000000102,10.0,3.2840000000001055,1,-1.0,0.4880000000000564,5.12299999999982,0,German Grand Prix,1,1,21.2586,1
33,6,14,0.21875,8,0,1,False,2,0,INTERMEDIATE,92.054,2.04300000000012,11.0,3.507999999999811,1,-1.0,5.245000000000118,1.7179999999998472,0,German Grand Prix,1,1,22.792833333333338,1
33,6,15,0.234375,8,0,1,False,2,0,INTERMEDIATE,113.089,3.4719999999997526,12.0,3.9610000000000127,1,-1.0,5.110000000000127,1.0729999999998654,0,German Grand Prix,1,1,24.67765,1
33,6,16,0.25,8,0,1,False,2,0,INTERMEDIATE,91.742,2.06899999999996,13.0,3.644999999999982,1,-1.0,4.355000000000018,1.3709999999998672,0,German Grand Prix,1,1,26.206683333333338,1
33,6,17,0.265625,8,0,1,False,2,0,INTERMEDIATE,91.774,1.6479999999992287,14.0,4.086999999999989,1,-1.0,3.887000000000171,1.4239999999997508,0,German Grand Prix,1,1,27.73625,1
33,6,18,0.28125,14,0,1,False,2,0,INTERMEDIATE,118.644,1.7330000000001746,15.0,4.3599999999999,1,0.0,14.282000000000153,21.31299999999987,0,German Grand Prix,1,1,29.71365,1
33,6,19,0.296875,14,0,1,False,2,0,INTERMEDIATE,92.153,1.5529999999998836,16.0,7.6720000000000255,1,0.0,12.261999999999944,24.32400000000007,0,German Grand Prix,1,1,31.249533333333332,1
33,6,20,0.3125,14,0,1,False,2,0,INTERMEDIATE,92.928,1.431999999999789,17.0,8.302999999999884,1,0.0,9.562000000000126,28.0420000000006,0,German Grand Prix,1,1,32.79833333333333,1
33,6,21,0.328125,14,0,1,False,2,0,INTERMEDIATE,93.602,1.51299999999992,18.0,7.455999999999676,1,0.0,3.8079999999999927,31.243999999999687,0,German Grand Prix,1,1,34.35836666666667,1
33,6,22,0.34375,14,0,1,False,2,0,INTERMEDIATE,93.237,1.28899999999976,19.0,7.962999999999738,1,0.0,12.600000000000364,16.22799999999961,0,German Grand Prix,1,1,35.91231666666667,1
33,6,23,0.359375,14,0,1,False,2,0,INTERMEDIATE,94.166,1.2489999999997965,20.0,7.536000000000058,1,0.0,13.027000000000044,14.340999999999894,0,German Grand Prix,1,1,37.48175,1
33,6,24,0.375,14,0,1,False,2,0,INTERMEDIATE,94.101,0.6599999999998545,21.0,7.833000000000084,2,0.0,12.730000000000018,11.617999999999938,0,German Grand Prix,1,1,39.0501,1
33,6,25,0.390625,12,0,1,False,2,0,INTERMEDIATE,95.027,5.626999999999498,22.0,1.6720000000000257,0,20.0,10.264000000000124,10.143000000000027,0,German Grand Prix,1,1,40.63388333333333,1
33,6,26,0.40625,12,0,1,True,2,0,INTERMEDIATE,94.43,2.4409999999998035,23.0,23.760999999999967,2,0.0,23.003999999999905,3.1979999999998654,0,German Grand Prix,1,1,42.20771666666667,1
33,6,27,0.421875,9,3,1,False,2,1,INTERMEDIATE,116.592,5.139999999999419,24.0,27.063000000000105,0,20.0,14.393349999999828,17.809650000000147,0,German Grand Prix,1,1,44.15091666666667,1
33,6,28,0.4375,8,4,2,False,2,0,INTERMEDIATE,119.192,1.7329999999992651,1.0,29.26800000000003,1,-4.0,10.98635000000013,20.01465000000007,0,German Grand Prix,1,1,46.13745,1
33,6,29,0.453125,6,0,2,False,2,0,INTERMEDIATE,119.14,8.386999999999716,2.0,7.258000000000266,0,1.0,13.304999999999836,18.3420000000001,0,German Grand Prix,1,1,48.12311666666667,1
33,6,30,0.46875,6,0,2,False,2,0,INTERMEDIATE,107.436,0.9110000000000582,3.0,2.0459999999998217,0,1.0,18.51700000000028,16.992999999999938,0,German Grand Prix,1,1,49.913716666666666,1
33,6,31,0.484375,6,0,2,False,2,0,INTERMEDIATE,107.783,0.7860000000000582,4.0,2.518000000000029,1,1.0,18.045000000000073,4.13799999999992,0,German Grand Prix,1,1,51.7101,1
33,6,32,0.5,6,0,2,False,2,0,INTERMEDIATE,134.898,0.9769999999998618,5.0,2.8049999999998363,1,1.0,12.963999999999942,65.71299999999974,0,German Grand Prix,1,1,53.9584,1
33,6,33,0.515625,6,0,2,False,2,0,INTERMEDIATE,133.52,0.3980000000001382,6.0,1.55199999999968,2,1.0,17.135999999999967,27.485999999999876,0,German Grand Prix,1,1,56.183733333333336,1
33,6,34,0.53125,6,0,2,False,2,0,INTERMEDIATE,95.079,1.4909999999999854,7.0,1.788000000000011,1,1.0,15.506000000000313,27.14700000000039,0,German Grand Prix,1,1,57.76838333333333,1
33,6,35,0.546875,6,0,2,False,2,0,INTERMEDIATE,91.267,2.266999999999826,8.0,2.4329999999999927,1,1.0,12.445000000000164,30.690999999999804,0,German Grand Prix,1,1,59.2895,1
33,6,36,0.5625,6,0,2,False,2,0,INTERMEDIATE,90.775,2.4059999999999495,9.0,2.48299999999972,1,1.0,10.131000000000313,34.7829999999999,0,German Grand Prix,1,1,60.802416666666666,1
33,6,37,0.578125,6,0,2,False,2,0,INTERMEDIATE,90.809,2.72400000000016,10.0,2.25,1,1.0,9.547000000000024,38.27300000000014,0,German Grand Prix,1,1,62.3159,1
33,6,38,0.59375,6,1,2,False,2,0,INTERMEDIATE,89.76,2.503000000000611,11.0,2.658999999999196,1,1.0,1.1099500000000262,49.16705000000002,0,German Grand Prix,1,1,63.8119,1
33,6,39,0.609375,6,0,2,False,2,0,INTERMEDIATE,90.217,2.95299999999952,12.0,2.5799999999999272,1,1.0,7.299000000000433,44.973999999999705,0,German Grand Prix,1,1,65.31551666666667,1
33,6,40,0.625,5,0,2,False,2,0,INTERMEDIATE,90.533,2.6950000000006185,13.0,2.2539999999999054,1,1.0,3.4420000000000073,59.914000000000215,0,German Grand Prix,1,1,66.8244,1
33,6,41,0.640625,5,0,2,False,2,0,INTERMEDIATE,113.458,4.295000000000073,14.0,3.6340000000000146,1,1.0,7.313000000000102,1.33600000000024,0,German Grand Prix,1,1,68.71536666666667,1
33,6,42,0.65625,5,0,2,False,2,0,INTERMEDIATE,120.893,3.4329999999999927,15.0,11.859999999999673,1,1.0,6.65900000000056,2.4409999999998035,0,German Grand Prix,1,1,70.73025,1
33,6,43,0.671875,5,0,2,False,2,0,INTERMEDIATE,115.192,1.3289999999997235,16.0,4.692000000000007,1,1.0,0.2650000000003274,22.11200000000008,0,German Grand Prix,1,1,72.65011666666666,1
33,6,44,0.6875,5,0,2,False,2,0,INTERMEDIATE,118.225,1.1320000000005166,17.0,3.934000000000197,2,1.0,13.058999999999289,1.6970000000001164,0,German Grand Prix,1,1,74.62053333333333,1
33,6,45,0.703125,5,0,2,False,2,0,INTERMEDIATE,121.071,0.3739999999997963,18.0,2.8300000000008367,0,1.0,12.692999999999302,,0,German Grand Prix,1,1,76.63838333333334,1
33,6,46,0.71875,6,0,2,False,2,1,INTERMEDIATE,91.802,1.9409999999998035,19.0,2.786000000000058,0,14.0,2.0250000000005457,,0,German Grand Prix,1,1,78.16841666666667,1
33,6,47,0.734375,10,0,3,False,2,0,SOFT,100.413,0.8900000000003274,4.0,1.5090000000000146,0,2.0,1.768000000000029,,0,German Grand Prix,1,1,79.84196666666666,1
33,6,48,0.75,5,0,3,False,2,0,SOFT,80.571,1.1400000000003274,5.0,2.1520000000000437,0,2.0,13.597999999999956,2.4570000000003347,0,German Grand Prix,1,1,81.18481666666666,1
33,6,49,0.765625,5,0,3,False,2,0,SOFT,79.733,1.53400000000056,6.0,3.0410000000001673,0,2.0,14.738999999999578,4.673999999999978,0,German Grand Prix,1,1,82.5137,1
33,6,50,0.78125,5,1,3,False,2,0,SOFT,78.985,2.0159999999996217,7.0,3.730999999999767,1,2.0,6.999950000000354,13.69904999999926,0,German Grand Prix,1,1,83.83011666666667,1
33,6,51,0.796875,5,3,3,False,2,0,SOFT,78.599,1.1810000000004948,8.0,3.876000000000204,0,1.0,1.9763499999999112,19.10465000000022,0,German Grand Prix,1,1,85.1401,1
33,6,52,0.8125,5,4,3,False,2,0,SOFT,78.995,0.7690000000002328,9.0,3.9299999999993815,0,1.0,0.5273500000002969,20.485649999999623,0,German Grand Prix,1,1,86.45668333333333,1
33,6,53,0.828125,5,4,3,False,2,0,SOFT,78.843,0.8379999999997381,10.0,3.5,0,1.0,4.9623499999997875,2.6756500000001324,0,German Grand Prix,1,1,87.77073333333334,1
33,6,54,0.84375,5,4,3,False,2,0,SOFT,78.342,0.907999999999447,11.0,2.993999999999687,0,1.0,5.159349999999904,6.4676500000005035,0,German Grand Prix,1,1,89.07643333333333,1
33,6,55,0.859375,5,4,3,False,2,0,SOFT,78.485,0.9880000000002838,12.0,2.173000000000684,0,1.0,5.183349999999336,8.101650000000518,0,German Grand Prix,1,1,90.38451666666668,1
33,6,56,0.875,5,4,3,False,2,0,SOFT,79.044,1.7070000000003347,13.0,0.8519999999998618,0,1.0,6.35635000000002,10.090650000000096,0,German Grand Prix,1,1,91.70191666666666,1
33,6,57,0.890625,4,4,3,False,2,0,SOFT,107.886,3.5159999999996217,14.0,0.6769999999996799,0,1.0,4.789350000000013,21.959649999999783,1,German Grand Prix,1,1,93.50001666666668,1
33,6,58,0.90625,4,4,3,False,2,0,SOFT,119.746,3.409999999999855,15.0,1.425000000000182,0,1.0,5.5873499999997875,33.87365000000045,1,German Grand Prix,1,1,95.49578333333334,1
33,6,59,0.921875,4,0,3,False,2,0,SOFT,120.631,0.5180000000000291,16.0,0.556999999999789,0,1.0,12.818000000000213,,1,German Grand Prix,1,1,97.5063,1
33,6,60,0.9375,5,0,3,False,2,0,SOFT,79.24,0.8330000000005384,17.0,1.2799999999997451,1,4.0,12.49499999999989,,1,German Grand Prix,1,1,98.82696666666666,1
33,6,61,0.953125,5,0,3,False,2,0,SOFT,78.205,1.2970000000004802,18.0,1.0090000000000146,1,4.0,11.048999999999978,,1,German Grand Prix,1,1,100.13038333333331,1
33,6,62,0.96875,5,0,3,False,2,0,SOFT,77.949,0.9400000000005092,19.0,1.0579999999999927,3,1.0,8.306999999999789,,1,German Grand Prix,1,1,101.42953333333334,1
33,6,63,0.984375,5,0,3,False,2,0,SOFT,77.841,0.9140000000006694,20.0,1.0670000000000073,3,1.0,6.091000000000349,,1,German Grand Prix,1,1,102.72688333333332,1
33,6,64,1.0,5,0,3,False,2,0,SOFT,79.126,0.6090000000003783,21.0,0.4690000000000509,3,1.0,5.15900000000056,,1,German Grand Prix,1,1,104.04565,1
33,9,1,0.015625,7,0,3,False,2,0,WET,110.199,2.0160000000000764,1.0,1.9150000000000065,0,0.0,11.653999999999996,,0,German Grand Prix,1,1,1.2013333333333334,1
33,9,2,0.03125,7,0,0,False,2,0,WET,103.147,5.416000000000167,2.0,5.405000000000001,0,0.0,4.404999999999973,,0,German Grand Prix,1,1,2.92045,1
33,9,3,0.046875,7,0,0,False,2,1,WET,121.462,5.5090000000000146,3.0,1.1940000000000168,0,0.0,1.5289999999999964,0.6949999999999932,0,German Grand Prix,1,1,4.944816666666667,1
33,9,4,0.0625,15,0,1,False,2,0,INTERMEDIATE,139.203,0.4400000000000545,1.0,3.6850000000000023,4,-1.0,16.877999999999986,,1,German Grand Prix,1,1,7.264866666666666,1
33,9,5,0.078125,15,0,1,False,2,0,INTERMEDIATE,101.516,0.1620000000002619,2.0,1.6480000000000246,3,-3.0,18.914999999999964,,0,German Grand Prix,1,1,8.9568,1
33,9,6,0.09375,15,0,1,False,2,0,INTERMEDIATE,99.226,0.2339999999999236,3.0,2.649000000000001,0,-1.0,17.77800000000002,,0,German Grand Prix,1,1,10.610566666666667,1
33,9,7,0.109375,12,0,1,False,2,0,INTERMEDIATE,94.987,3.1390000000001237,4.0,0.8629999999999427,1,-1.0,6.150999999999954,,0,German Grand Prix,1,1,12.193683333333333,1
33,9,8,0.125,11,0,1,False,2,0,INTERMEDIATE,93.307,3.179000000000088,5.0,0.1319999999999481,1,-1.0,1.5049999999999957,12.678999999999974,1,German Grand Prix,1,1,13.7488,1
33,9,9,0.140625,11,0,1,False,2,0,INTERMEDIATE,92.774,4.05600000000004,6.0,6.094000000000051,0,-1.0,0.6310000000001992,12.69399999999996,1,German Grand Prix,1,1,15.295033333333333,1
33,9,10,0.15625,11,0,1,False,2,0,INTERMEDIATE,92.778,4.455999999999676,7.0,6.115000000000009,0,-1.0,0.7519999999999527,12.67899999999986,0,German Grand Prix,1,1,16.841333333333335,1
33,9,11,0.171875,11,0,1,False,2,0,INTERMEDIATE,92.689,5.335000000000037,8.0,5.95900000000006,0,-1.0,0.568000000000211,14.138999999999896,0,German Grand Prix,1,1,18.38615,1
33,9,12,0.1875,11,0,1,False,2,0,INTERMEDIATE,93.275,6.817000000000007,9.0,6.058999999999969,0,-1.0,1.5340000000001055,14.776999999999816,0,German Grand Prix,1,1,19.940733333333338,1
33,9,13,0.203125,11,0,1,False,2,0,INTERMEDIATE,93.3,7.226000000000113,10.0,5.84699999999998,0,-1.0,2.921000000000049,15.857999999999947,0,German Grand Prix,1,1,21.495733333333337,1
33,9,14,0.21875,11,0,1,False,2,0,INTERMEDIATE,93.144,7.040000000000419,11.0,6.962999999999965,0,-1.0,8.718000000000075,0.0869999999997617,0,German Grand Prix,1,1,23.048133333333332,1
33,9,15,0.234375,11,0,1,False,2,0,INTERMEDIATE,113.224,8.098999999999705,12.0,6.182999999999993,0,-1.0,3.7460000000000946,20.136999999999944,0,German Grand Prix,1,1,24.9352,1
33,9,16,0.25,11,0,1,False,2,0,INTERMEDIATE,92.497,7.3659999999999854,13.0,5.725999999999885,0,-1.0,4.531000000000176,22.514999999999873,0,German Grand Prix,1,1,26.476816666666668,1
33,9,17,0.265625,11,0,1,False,2,0,INTERMEDIATE,92.242,6.408999999999651,14.0,5.310999999999922,0,-1.0,5.078000000000202,28.044999999999845,0,German Grand Prix,1,1,28.01418333333333,1
33,9,18,0.28125,11,0,1,False,2,0,INTERMEDIATE,94.349,2.5910000000003492,15.0,3.6340000000000146,0,-1.0,6.663000000000011,28.932000000000016,0,German Grand Prix,1,1,29.586666666666662,1
33,9,19,0.296875,11,0,1,False,2,0,INTERMEDIATE,93.004,4.38799999999992,16.0,3.640999999999849,0,-1.0,5.494000000000142,31.09199999999987,0,German Grand Prix,1,1,31.136733333333332,1
33,9,20,0.3125,11,0,1,False,2,0,INTERMEDIATE,92.187,4.248999999999796,17.0,4.16800000000012,0,-1.0,2.053000000000111,35.55100000000061,0,German Grand Prix,1,1,32.673183333333334,1
33,9,21,0.328125,11,0,1,False,2,0,INTERMEDIATE,93.322,4.9669999999996435,18.0,4.4900000000002365,0,-1.0,5.318000000000211,3.981000000000222,0,German Grand Prix,1,1,34.22855,1
33,9,22,0.34375,11,0,1,False,2,0,INTERMEDIATE,93.822,5.970000000000255,19.0,4.786000000000058,0,-1.0,5.3960000000001855,23.43199999999979,0,German Grand Prix,1,1,35.79225,1
33,9,23,0.359375,11,0,1,False,2,0,INTERMEDIATE,93.953,6.770999999999731,20.0,5.3400000000001455,0,-1.0,5.610000000000127,21.75799999999981,0,German Grand Prix,1,1,37.358133333333335,1
33,9,24,0.375,10,0,1,True,2,0,INTERMEDIATE,94.274,7.581000000000131,21.0,3.1649999999999636,0,-1.0,5.485999999999876,18.86200000000008,0,German Grand Prix,1,1,38.92936666666667,1
33,9,25,0.390625,10,0,1,False,2,0,INTERMEDIATE,94.927,8.234999999999673,22.0,1.7170000000000982,0,-1.0,2.9200000000000728,17.48700000000008,0,German Grand Prix,1,1,40.51148333333333,1
33,9,26,0.40625,11,0,1,False,2,1,INTERMEDIATE,99.333,1.8020000000005896,23.0,2.4409999999998035,1,20.0,18.1220000000003,5.638999999999669,0,German Grand Prix,1,1,42.167033333333336,1
33,9,27,0.421875,13,0,2,False,2,0,SOFT,,5.576000000000022,4.0,,0,-1.0,,,0,German Grand Prix,0,0,,1
33,9,28,0.4375,13,3,2,False,2,1,SOFT,131.309,8.97400000000016,5.0,202.4270000000001,6,-2.0,,29.69565000000011,0,German Grand Prix,1,1,44.35551666666667,1
33,9,29,0.453125,13,4,3,False,2,0,INTERMEDIATE,142.792,23.451000000000025,1.0,161.43899999999985,6,0.0,,12.423649999999723,0,German Grand Prix,1,1,46.73538333333333,1
33,9,30,0.46875,13,0,3,False,2,0,INTERMEDIATE,125.024,39.85699999999997,2.0,167.2170000000001,6,1.0,0.9819999999999708,8.031999999999698,0,German Grand Prix,1,1,48.819116666666666,1
33,9,31,0.484375,13,0,3,False,2,0,INTERMEDIATE,96.247,41.14000000000033,3.0,187.4970000000003,6,1.0,,21.175000000000185,0,German Grand Prix,1,1,50.423233333333336,1
33,9,32,0.5,13,0,3,False,2,0,INTERMEDIATE,95.004,26.96699999999964,4.0,43.63500000000022,6,1.0,,23.072000000000116,0,German Grand Prix,1,1,52.00663333333333,1
33,9,33,0.515625,13,0,3,False,2,0,INTERMEDIATE,102.426,0.0450000000000727,5.0,36.07199999999966,6,1.0,,15.50899999999956,0,German Grand Prix,1,1,53.71373333333333,1
33,9,34,0.53125,12,0,3,False,2,0,INTERMEDIATE,96.028,0.5410000000001673,6.0,152.308,5,0.0,,12.609999999999673,0,German Grand Prix,1,1,55.3142,1
33,9,35,0.546875,12,0,3,False,2,0,INTERMEDIATE,94.132,1.2070000000003347,7.0,152.5039999999999,5,0.0,,10.717999999999847,0,German Grand Prix,1,1,56.883066666666664,1
33,9,36,0.5625,12,0,3,False,2,0,INTERMEDIATE,92.959,2.0820000000003347,8.0,152.634,5,0.0,,9.601999999999862,0,German Grand Prix,1,1,58.432383333333334,1
33,9,37,0.578125,12,0,3,False,2,0,INTERMEDIATE,91.12,1.5349999999998545,9.0,152.90699999999924,5,0.0,,9.332999999999174,0,German Grand Prix,1,1,59.95105,1
33,9,38,0.59375,12,0,3,False,2,0,INTERMEDIATE,91.198,1.9140000000006696,10.0,152.70899999999983,5,0.0,,8.718999999999596,0,German Grand Prix,1,1,61.471016666666664,1
33,9,39,0.609375,12,0,3,False,2,0,INTERMEDIATE,91.684,2.6599999999998545,11.0,152.25,5,0.0,,7.7020000000002256,0,German Grand Prix,1,1,62.99908333333333,1
33,9,40,0.625,11,1,3,False,2,0,INTERMEDIATE,91.923,2.601000000000567,12.0,154.7170000000001,5,0.0,,18.558050000000097,0,German Grand Prix,1,1,64.53113333333333,1
33,9,41,0.640625,11,0,3,False,2,1,INTERMEDIATE,117.482,4.850000000000364,13.0,155.47100000000046,5,0.0,,17.672999999999774,0,German Grand Prix,1,1,66.48916666666666,1
33,9,42,0.65625,12,0,4,False,2,0,INTERMEDIATE,132.543,6.746000000000095,1.0,14.53400000000056,6,-12.0,6.028999999999542,83.93199999999979,0,German Grand Prix,1,1,68.69821666666667,1
33,9,43,0.671875,11,0,4,False,2,0,INTERMEDIATE,95.036,3.576000000000022,2.0,162.3760000000002,5,0.0,6.614999999999782,116.308,0,German Grand Prix,1,1,70.28215,1
33,9,44,0.6875,11,0,4,False,2,0,INTERMEDIATE,115.266,1.7179999999998472,3.0,152.54100000000017,5,0.0,13.196000000000822,119.61299999999936,0,German Grand Prix,1,1,72.20325,1
33,9,45,0.703125,10,0,4,False,2,0,INTERMEDIATE,117.852,0.5860000000002401,4.0,154.2439999999997,4,0.0,16.076000000000022,124.11699999999928,0,German Grand Prix,1,1,74.16745,1
33,9,46,0.71875,12,0,4,True,2,1,INTERMEDIATE,92.974,0.4979999999995925,5.0,160.79199999999946,5,3.0,21.157000000000153,117.3829999999998,0,German Grand Prix,1,1,75.71701666666667,1
33,9,47,0.734375,14,0,5,True,2,0,SOFT,104.412,4.595999999999549,7.0,161.8800000000001,5,6.0,39.612999999999374,111.98000000000047,0,German Grand Prix,1,1,77.45721666666667,1
33,9,48,0.75,10,0,5,False,2,0,SOFT,80.969,2.019999999999527,8.0,165.7070000000003,5,7.0,38.07799999999952,112.01199999999972,0,German Grand Prix,1,1,78.8067,1
33,9,49,0.765625,10,0,5,False,2,0,SOFT,79.943,3.3710000000000946,9.0,167.71399999999994,5,7.0,37.478000000000065,110.45499999999991,0,German Grand Prix,1,1,80.13908333333333,1
33,9,50,0.78125,10,0,5,False,2,0,SOFT,79.262,3.105999999999767,10.0,169.26500000000033,5,7.0,34.487999999999374,109.35000000000036,0,German Grand Prix,1,1,81.46011666666666,1
33,9,51,0.796875,10,1,5,False,2,0,SOFT,79.437,2.527999999999338,11.0,169.72000000000023,4,2.0,25.666949999999815,115.25504999999976,0,German Grand Prix,1,1,82.78406666666666,1
33,9,52,0.8125,10,2,5,False,2,0,SOFT,78.857,1.445999999999913,12.0,171.23899999999958,4,2.0,25.080950000000485,114.4160499999989,0,German Grand Prix,1,1,84.09835,1
33,9,53,0.828125,10,3,5,False,2,0,SOFT,80.812,0.2119999999995343,13.0,171.3760000000002,4,2.0,22.964350000000195,115.69864999999936,0,German Grand Prix,1,1,85.44521666666667,1
33,9,54,0.84375,9,4,5,False,2,0,SOFT,78.927,3.064000000000305,14.0,154.66700000000037,3,6.0,23.57734999999957,115.17764999999964,0,German Grand Prix,1,1,86.76066666666667,1
33,9,55,0.859375,10,4,5,False,2,0,SOFT,80.054,1.5450000000000728,15.0,154.73199999999997,3,6.0,25.285350000000108,113.0356499999998,0,German Grand Prix,1,1,88.0949,1
33,9,56,0.875,10,4,5,False,2,0,SOFT,79.376,2.488999999999578,16.0,156.38900000000012,3,6.0,26.32835000000068,111.52365000000007,0,German Grand Prix,1,1,89.41783333333333,1
33,9,57,0.890625,9,4,5,False,2,0,SOFT,116.265,4.640000000000327,17.0,159.8789999999999,3,6.0,35.87134999999944,102.03865000000042,0,German Grand Prix,1,1,91.35558333333331,1
33,9,58,0.90625,9,4,5,False,2,0,SOFT,118.151,3.3909999999996217,18.0,173.387999999999,3,6.0,34.170350000001235,108.79564999999911,0,German Grand Prix,1,1,93.32476666666666,1
33,9,59,0.921875,9,4,5,False,2,0,SOFT,101.408,0.4140000000006694,19.0,153.40800000000036,6,6.0,12.055349999999637,137.9056499999997,0,German Grand Prix,1,1,95.0149,1
33,9,60,0.9375,9,0,5,False,2,0,SOFT,80.821,1.2029999999995198,20.0,152.88600000000042,3,6.0,25.932999999999993,122.89599999999972,0,German Grand Prix,1,1,96.36191666666669,1
33,9,61,0.953125,9,0,5,False,2,0,SOFT,78.837,1.7969999999986612,21.0,153.47199999999975,3,6.0,26.939000000000306,120.70399999999972,0,German Grand Prix,1,1,97.67586666666666,1
33,9,62,0.96875,9,0,5,False,2,0,SOFT,79.992,1.894000000000233,22.0,152.8030000000008,6,6.0,28.042999999999665,117.36400000000047,0,German Grand Prix,1,1,99.00906666666668,1
33,9,63,0.984375,9,0,5,False,2,0,SOFT,78.97,2.8050000000002906,23.0,152.89500000000044,6,6.0,29.14599999999973,115.73300000000016,0,German Grand Prix,1,1,100.32523333333332,1
33,9,64,1.0,9,0,5,False,2,0,SOFT,78.811,2.9920000000001887,24.0,153.59599999999955,6,6.0,28.52600000000075,114.26799999999912,0,German Grand Prix,1,1,101.63875,1
33,10,1,0.015625,10,0,5,False,2,0,WET,112.305,0.1909999999998035,1.0,2.3019999999999925,2,0.0,13.759999999999993,,0,German Grand Prix,1,1,1.2364333333333333,1
33,10,2,0.03125,10,0,0,False,2,0,WET,107.111,0.6649999999999636,2.0,2.5720000000000027,1,0.0,10.474999999999966,,0,German Grand Prix,1,1,3.0216166666666666,1
33,10,3,0.046875,8,0,0,False,2,0,WET,116.586,1.19399999999996,3.0,2.3100000000000023,1,0.0,0.4990000000000236,,0,German Grand Prix,1,1,4.964716666666667,1
33,10,4,0.0625,2,0,0,False,2,0,WET,129.203,1.1950000000001637,4.0,1.2210000000000036,0,,8.071999999999946,,0,German Grand Prix,1,1,7.1181,1
33,10,5,0.078125,4,0,0,False,2,0,WET,98.574,3.4650000000001455,5.0,3.645999999999958,1,3.0,7.166999999999916,,0,German Grand Prix,1,1,8.761,1
33,10,6,0.09375,6,0,0,False,2,0,WET,98.274,3.3659999999999854,6.0,3.147000000000048,0,3.0,5.0779999999999745,,0,German Grand Prix,1,1,10.3989,1
33,10,7,0.109375,6,0,0,False,2,0,WET,97.792,9.13799999999992,7.0,0.3759999999999763,0,3.0,6.798999999999978,3.744000000000028,0,German Grand Prix,1,1,12.028766666666666,1
33,10,8,0.125,12,0,0,False,2,1,WET,103.334,0.1319999999996071,8.0,4.610000000000014,2,3.0,1.6369999999999436,12.547000000000024,0,German Grand Prix,1,1,13.751,1
33,10,9,0.140625,16,0,1,False,2,0,INTERMEDIATE,108.389,5.7289999999998145,1.0,4.184999999999832,0,-5.0,3.0529999999999973,,0,German Grand Prix,1,1,15.557483333333334,1
33,10,10,0.15625,16,0,1,False,2,0,INTERMEDIATE,91.814,5.4650000000001455,2.0,5.02800000000002,0,-5.0,2.104000000000269,,0,German Grand Prix,1,1,17.087716666666665,1
33,10,11,0.171875,16,0,1,False,2,0,INTERMEDIATE,91.529,4.812000000000353,3.0,6.371999999999844,0,-5.0,14.191000000000258,0.515999999999849,0,German Grand Prix,1,1,18.6132,1
33,10,12,0.1875,16,0,1,False,2,0,INTERMEDIATE,91.803,3.902000000000044,4.0,6.878000000000156,0,-5.0,13.684999999999944,2.6259999999999764,0,German Grand Prix,1,1,20.14325,1
33,10,13,0.203125,16,0,1,False,2,0,INTERMEDIATE,92.607,3.48700000000008,5.0,6.1840000000001965,0,-5.0,14.378999999999904,4.400000000000091,0,German Grand Prix,1,1,21.6867,1
33,10,14,0.21875,15,0,1,False,2,0,INTERMEDIATE,93.531,2.5239999999998872,6.0,8.804999999999836,1,-5.0,11.758000000000266,14.892999999999802,0,German Grand Prix,1,1,23.24555,1
33,10,15,0.234375,15,0,1,False,2,0,INTERMEDIATE,112.887,1.5970000000002074,7.0,5.308999999999969,0,-5.0,15.254000000000133,8.628999999999905,0,German Grand Prix,1,1,25.127,1
33,10,16,0.25,15,0,1,False,2,0,INTERMEDIATE,92.458,2.973999999999705,8.0,4.563000000000102,0,-5.0,16.0,11.04600000000005,0,German Grand Prix,1,1,26.66796666666667,1
33,10,17,0.265625,15,0,1,False,2,0,INTERMEDIATE,93.053,4.059999999999491,9.0,3.2049999999999272,0,-5.0,17.358000000000175,15.764999999999873,0,German Grand Prix,1,1,28.21885,1
33,10,18,0.28125,15,0,1,False,2,0,INTERMEDIATE,94.048,4.360000000000582,10.0,1.9210000000000491,1,-5.0,18.642000000000053,16.952999999999975,0,German Grand Prix,1,1,29.786316666666668,1
33,10,19,0.296875,15,0,1,False,2,0,INTERMEDIATE,95.465,7.671999999999571,11.0,0.6290000000001328,0,-5.0,19.93399999999997,16.652000000000044,0,German Grand Prix,1,1,31.3774,1
33,10,20,0.3125,16,0,1,False,2,0,INTERMEDIATE,96.257,2.69800000000032,12.0,37.60400000000072,1,-1.0,23.261000000000195,17.041000000000622,1,German Grand Prix,1,1,32.981683333333336,1
33,10,21,0.328125,16,0,1,False,2,1,INTERMEDIATE,99.356,9.298999999999978,13.0,35.05199999999968,0,-1.0,29.862000000000535,14.488999999999578,0,German Grand Prix,1,1,34.637616666666666,1
33,10,22,0.34375,16,0,2,False,2,0,SOFT,113.273,28.82800000000043,1.0,19.889000000000124,0,-14.0,0.6739999999999782,,0,German Grand Prix,1,1,36.5255,1
33,10,23,0.359375,16,0,2,False,2,0,SOFT,92.279,27.367999999999483,2.0,30.381000000000313,0,-14.0,47.93100000000004,9.818000000000213,0,German Grand Prix,1,1,38.06348333333333,1
33,10,24,0.375,16,0,2,False,2,0,SOFT,91.378,24.347999999999953,3.0,49.11099999999987,0,-14.0,44.91100000000006,28.547999999999774,0,German Grand Prix,1,1,39.58645,1
33,10,25,0.390625,16,0,2,False,2,0,SOFT,93.552,20.407000000000153,4.0,50.52700000000005,0,-14.0,40.970000000000255,29.963999999999945,0,German Grand Prix,1,1,41.14565,1
33,10,26,0.40625,14,3,2,True,2,0,SOFT,93.501,6.015999999999621,5.0,,0,1.0,15.269350000000031,56.91265000000021,0,German Grand Prix,1,1,42.704,1
33,10,27,0.421875,14,4,2,False,2,0,SOFT,119.685,0.2309999999997672,6.0,-112.8119999999999,0,2.0,15.060349999999744,44.70965000000024,0,German Grand Prix,1,1,44.69875,1
33,10,28,0.4375,12,4,2,False,2,0,SOFT,122.104,6.514000000000124,7.0,-142.69800000000032,0,1.0,15.76735000000008,50.47564999999986,1,German Grand Prix,1,1,46.73381666666667,1
33,10,29,0.453125,11,0,2,True,2,1,SOFT,122.263,9.639000000000124,8.0,6.052000000000135,0,7.0,14.510999999999967,18.70699999999988,1,German Grand Prix,1,1,48.77153333333333,1
33,10,30,0.46875,12,0,3,False,2,0,INTERMEDIATE,114.67,8.582999999999629,1.0,-111.81500000000004,0,-1.0,29.146000000000186,34.83899999999994,0,German Grand Prix,1,1,50.6827,1
33,10,31,0.484375,12,0,3,False,2,0,INTERMEDIATE,94.964,8.618999999999687,2.0,-110.53200000000017,0,-1.0,29.182000000000244,56.40200000000005,1,German Grand Prix,1,1,52.265433333333334,1
33,10,32,0.5,12,0,3,False,2,0,INTERMEDIATE,109.177,1.655999999999949,3.0,-124.70500000000038,2,-1.0,22.219000000000506,58.11399999999958,1,German Grand Prix,1,1,54.08505,1
33,10,33,0.515625,12,0,3,False,2,0,INTERMEDIATE,129.348,0.592000000000553,4.0,-151.62699999999995,4,-1.0,21.1550000000002,24.05899999999974,1,German Grand Prix,1,1,56.24085,1
33,10,34,0.53125,13,0,3,False,2,0,INTERMEDIATE,96.709,0.636000000000422,5.0,-119.13500000000022,3,-1.0,21.740000000000236,22.0900000000006,1,German Grand Prix,1,1,57.852666666666664,1
33,10,35,0.546875,13,0,3,False,2,0,INTERMEDIATE,94.328,0.8319999999994252,6.0,-121.22299999999996,2,-1.0,22.60199999999986,22.572999999999865,0,German Grand Prix,1,1,59.4248,1
33,10,36,0.5625,13,0,3,False,2,0,INTERMEDIATE,93.089,0.9619999999995344,7.0,-122.46900000000004,2,-1.0,23.60699999999997,24.351000000000113,0,German Grand Prix,1,1,60.976283333333335,1
33,10,37,0.578125,13,0,3,False,2,0,INTERMEDIATE,91.393,1.2349999999996726,8.0,-123.01099999999995,2,-1.0,23.333000000000084,27.257000000000065,0,German Grand Prix,1,1,62.4995,1
33,10,38,0.59375,13,1,3,False,2,0,INTERMEDIATE,91.0,1.0369999999993524,9.0,-123.42700000000012,2,-1.0,16.316949999999906,36.91105000000016,0,German Grand Prix,1,1,64.01616666666666,1
33,10,39,0.609375,13,0,3,False,2,0,INTERMEDIATE,91.225,0.5780000000004293,10.0,-123.98499999999969,2,-1.0,23.80099999999993,31.710000000000036,0,German Grand Prix,1,1,65.53658333333334,1
33,10,40,0.625,12,0,3,False,2,0,INTERMEDIATE,94.39,3.0450000000000728,11.0,-122.79300000000012,0,-1.0,26.209000000000287,42.79300000000012,0,German Grand Prix,1,1,67.10975,1
33,10,41,0.640625,12,0,3,False,2,0,INTERMEDIATE,118.236,3.798999999999978,12.0,-117.23500000000058,0,-1.0,29.212000000000444,43.081999999999425,1,German Grand Prix,1,1,69.08035,1
33,10,42,0.65625,11,0,3,False,2,1,INTERMEDIATE,121.998,9.099999999999454,13.0,-144.9260000000004,0,12.0,29.663000000000466,17.23999999999978,1,German Grand Prix,1,1,71.11365,1
33,10,43,0.671875,12,0,4,False,2,0,INTERMEDIATE,112.486,10.703999999999722,1.0,-148.42799999999988,0,-1.0,34.84299999999985,1.8140000000003056,1,German Grand Prix,1,1,72.98841666666667,1
33,10,44,0.6875,12,0,4,False,2,0,INTERMEDIATE,105.431,0.8690000000005966,2.0,-145.1740000000009,3,-1.0,5.8070000000006985,,0,German Grand Prix,1,1,74.7456,1
33,10,45,0.703125,14,0,4,True,2,1,INTERMEDIATE,121.437,0.6400000000003274,3.0,-151.63900000000012,2,-11.0,21.20300000000043,,0,German Grand Prix,1,1,76.76955,1
33,10,46,0.71875,15,0,5,False,2,0,SOFT,102.47,4.141000000000531,4.0,,2,-11.0,24.703999999999724,,1,German Grand Prix,1,1,78.47738333333334,1
33,10,47,0.734375,11,0,5,False,2,0,SOFT,83.384,1.5090000000000146,5.0,2.481999999999971,1,1.0,3.2770000000000437,,0,German Grand Prix,1,1,79.86711666666666,1
33,10,48,0.75,6,0,5,False,2,0,SOFT,81.214,2.1520000000000437,6.0,1.5300000000006548,1,1.0,15.75,0.305000000000291,0,German Grand Prix,1,1,81.22068333333333,1
33,10,49,0.765625,6,0,5,False,2,0,SOFT,80.622,3.0409999999992574,7.0,0.4520000000002255,1,1.0,17.779999999999745,1.6329999999998108,0,German Grand Prix,1,1,82.56438333333334,1
33,10,50,0.78125,7,1,5,False,2,0,SOFT,81.112,1.436999999999898,8.0,1.19800000000032,1,4.0,12.16795000000002,8.531049999999595,1,German Grand Prix,1,1,83.91625,1
33,10,51,0.796875,8,3,5,False,2,0,SOFT,80.708,1.9200000000000728,9.0,-148.63900000000012,2,5.0,11.173350000000028,11.827650000000176,0,German Grand Prix,1,1,85.26138333333333,1
33,10,52,0.8125,9,4,5,False,2,0,SOFT,80.444,1.695999999999913,10.0,-150.22599999999966,2,5.0,13.118349999999737,11.759649999999963,0,German Grand Prix,1,1,86.60211666666666,1
33,10,53,0.828125,9,4,5,False,2,0,SOFT,82.046,4.520999999999731,11.0,-151.46000000000004,0,5.0,16.891349999999875,10.662650000000212,1,German Grand Prix,1,1,87.96955,1
33,10,54,0.84375,11,4,5,False,2,0,SOFT,82.134,2.231999999999971,12.0,19.081999999999425,0,-2.0,20.88035000000036,9.82864999999947,1,German Grand Prix,1,1,89.33845,1
33,10,55,0.859375,11,4,5,False,2,0,SOFT,80.119,3.0599999999994907,13.0,19.618000000001302,0,-2.0,22.53834999999981,10.364650000001348,0,German Grand Prix,1,1,90.67376666666668,1
33,10,56,0.875,12,4,5,False,2,0,SOFT,81.033,2.369999999999891,14.0,28.654999999999745,0,-2.0,25.70035000000007,19.40164999999979,0,German Grand Prix,1,1,92.02431666666666,1
33,10,57,0.890625,11,4,5,False,2,1,SOFT,119.755,5.512000000000626,15.0,28.967000000000553,0,-2.0,36.00234999999975,19.7136500000006,0,German Grand Prix,1,1,94.02023333333334,1
33,10,58,0.90625,11,0,6,False,2,0,SOFT,131.66,18.704999999999018,4.0,2.714999999999236,0,-14.0,17.848000000000866,,0,German Grand Prix,1,1,96.21456666666668,1
33,10,59,0.921875,11,0,6,False,2,0,SOFT,81.428,1.2510000000002035,5.0,3.8209999999999127,4,-14.0,16.74200000000019,,0,German Grand Prix,1,1,97.5717,1
33,10,60,0.9375,11,0,6,False,2,0,SOFT,80.299,0.6430000000000291,6.0,3.0850000000000364,3,-14.0,17.478000000000065,,0,German Grand Prix,1,1,98.91001666666666,1
33,10,61,0.953125,11,0,6,False,2,0,SOFT,79.423,1.209000000000742,7.0,3.313000000000102,0,-14.0,17.25,,0,German Grand Prix,1,1,100.23373333333332,1
33,10,62,0.96875,10,0,6,False,2,0,SOFT,79.323,1.1309999999994034,8.0,4.680999999999585,0,-14.0,15.882000000000517,,0,German Grand Prix,1,1,101.55578333333334,1
33,10,63,0.984375,10,0,6,False,2,0,SOFT,79.062,1.222999999999956,9.0,5.675999999999476,0,-14.0,14.887000000000626,,0,German Grand Prix,1,1,102.87348333333334,1
33,10,64,1.0,10,0,6,False,2,0,SOFT,79.512,1.923999999999069,10.0,6.221999999999753,0,-14.0,14.34100000000035,,0,German Grand Prix,1,1,104.19868333333334,1
33,13,1,0.015625,15,0,6,False,2,0,WET,115.4,0.7929999999996653,1.0,0.902000000000001,3,0.0,16.85499999999999,,0,German Grand Prix,1,1,1.2880166666666666,1
33,13,2,0.03125,14,0,0,False,2,0,WET,108.661,1.1520000000000437,2.0,0.936000000000007,2,0.0,15.119999999999976,,1,German Grand Prix,1,1,3.0990333333333333,1
33,13,3,0.046875,11,0,0,False,2,0,WET,116.972,2.7210000000000036,3.0,4.70799999999997,1,0.0,5.53000000000003,,1,German Grand Prix,1,1,5.048566666666667,1
33,13,4,0.0625,5,0,0,False,2,0,WET,126.591,1.1979999999998654,4.0,3.602999999999952,2,3.0,10.490999999999984,,0,German Grand Prix,1,1,7.158416666666667,1
33,13,5,0.078125,7,0,0,False,2,0,WET,99.801,2.6849999999999454,5.0,2.798000000000002,1,0.0,10.812999999999874,,0,German Grand Prix,1,1,8.821766666666667,1
33,13,6,0.09375,9,0,0,False,2,0,WET,99.437,1.662000000000262,6.0,0.1779999999999972,2,2.0,9.886999999999944,,0,German Grand Prix,1,1,10.47905,1
33,13,7,0.109375,13,0,0,False,2,1,WET,103.741,0.8630000000002838,7.0,3.0060000000000855,2,3.0,7.013999999999896,,1,German Grand Prix,1,1,12.208066666666667,1
33,13,8,0.125,17,0,1,False,2,0,INTERMEDIATE,111.502,7.676000000000386,1.0,14.183999999999967,0,-4.0,6.379000000000019,,0,German Grand Prix,1,1,14.066433333333332,1
33,13,9,0.140625,17,0,1,False,2,0,INTERMEDIATE,93.648,4.184999999999945,2.0,13.32500000000016,1,1.0,7.237999999999829,,0,German Grand Prix,1,1,15.627233333333333,1
33,13,10,0.15625,17,0,1,False,2,0,INTERMEDIATE,92.657,5.027999999999792,3.0,13.430999999999813,0,1.0,7.132000000000289,,0,German Grand Prix,1,1,17.171516666666665,1
33,13,11,0.171875,17,0,1,False,2,0,INTERMEDIATE,92.873,6.371999999999844,4.0,14.707000000000107,0,1.0,5.8559999999999945,,0,German Grand Prix,1,1,18.7194,1
33,13,12,0.1875,17,0,1,False,2,0,INTERMEDIATE,92.309,6.877999999999702,5.0,16.310999999999922,0,1.0,4.25200000000018,,0,German Grand Prix,1,1,20.257883333333332,1
33,13,13,0.203125,17,0,1,False,2,0,INTERMEDIATE,91.913,6.183999999999742,6.0,18.778999999999996,0,1.0,1.7840000000001055,,0,German Grand Prix,1,1,21.789766666666665,1
33,13,14,0.21875,16,0,1,False,2,0,INTERMEDIATE,96.152,8.804999999999836,7.0,26.651000000000067,0,1.0,29.367999999999935,6.087999999999965,0,German Grand Prix,1,1,23.3923,1
33,13,15,0.234375,16,0,1,False,2,0,INTERMEDIATE,109.391,5.308999999999742,8.0,23.88300000000004,0,1.0,25.87200000000007,3.3199999999999363,0,German Grand Prix,1,1,25.215483333333335,1
33,13,16,0.25,16,0,1,False,2,0,INTERMEDIATE,91.712,4.563000000000102,9.0,27.04600000000005,1,1.0,25.126000000000204,6.482999999999947,0,German Grand Prix,1,1,26.744016666666667,1
33,13,17,0.265625,16,0,1,False,2,0,INTERMEDIATE,91.695,3.2049999999999272,10.0,33.12300000000005,1,1.0,23.76800000000003,12.559999999999944,0,German Grand Prix,1,1,28.272266666666667,1
33,13,18,0.28125,16,0,1,False,2,0,INTERMEDIATE,92.764,1.920999999999367,11.0,35.59500000000003,1,1.0,22.48400000000015,15.031999999999924,0,German Grand Prix,1,1,29.81833333333333,1
33,13,19,0.296875,16,0,1,False,2,0,INTERMEDIATE,94.173,0.6290000000008149,12.0,36.58600000000001,1,1.0,21.192000000000235,16.02299999999991,0,German Grand Prix,1,1,31.387883333333335,1
33,13,20,0.3125,15,0,1,False,2,0,INTERMEDIATE,92.93,8.302999999999884,13.0,2.6980000000000928,0,-4.0,17.86500000000001,19.739000000000715,0,German Grand Prix,1,1,32.93671666666667,1
33,13,21,0.328125,15,0,1,False,2,0,INTERMEDIATE,92.755,7.456000000000131,14.0,9.299000000000431,0,-4.0,11.263999999999667,23.78800000000001,0,German Grand Prix,1,1,34.48263333333333,1
33,13,22,0.34375,15,0,1,True,2,0,INTERMEDIATE,93.744,7.962999999999738,15.0,28.827999999999975,0,-4.0,28.52599999999984,8.264999999999873,0,German Grand Prix,1,1,36.045033333333336,1
33,13,23,0.359375,15,0,1,False,2,0,INTERMEDIATE,93.739,7.536000000000058,16.0,27.367999999999935,0,-4.0,28.09900000000016,6.804999999999836,0,German Grand Prix,1,1,37.60735,1
33,13,24,0.375,15,0,1,False,2,0,INTERMEDIATE,94.398,7.833000000000539,17.0,24.347999999999956,0,-4.0,28.396000000000186,3.7849999999998545,0,German Grand Prix,1,1,39.18065,1
33,13,25,0.390625,15,0,1,False,2,1,INTERMEDIATE,97.493,6.960999999999331,18.0,20.407000000000153,0,-4.0,0.155999999999949,50.371000000000095,0,German Grand Prix,1,1,40.80553333333334,1
33,13,26,0.40625,15,0,2,False,2,0,MEDIUM,,37.85999999999967,1.0,,0,-4.0,,,0,German Grand Prix,0,0,,1
33,13,27,0.421875,15,3,2,False,2,0,MEDIUM,120.781,38.95600000000013,2.0,166.7750000000001,7,-4.0,,10.582650000000283,0,German Grand Prix,1,1,42.81855,1
33,13,28,0.4375,16,4,2,False,2,1,MEDIUM,143.968,1.0910000000003492,3.0,,7,-2.0,22.05434999999989,25.026650000000245,0,German Grand Prix,1,1,45.218016666666664,1
33,13,29,0.453125,16,0,3,False,2,0,INTERMEDIATE,118.676,17.962999999999738,1.0,,7,-5.0,26.520000000000437,26.679999999999836,0,German Grand Prix,1,1,47.19595,1
33,13,30,0.46875,16,0,3,False,2,0,INTERMEDIATE,116.971,4.132000000000517,2.0,,8,-5.0,11.549000000000431,8.181999999999789,0,German Grand Prix,1,1,49.145466666666664,1
33,13,31,0.484375,16,0,3,False,2,0,INTERMEDIATE,118.404,6.0090000000000146,3.0,,8,-5.0,62.301000000000386,7.075999999999567,0,German Grand Prix,1,1,51.11886666666667,1
33,13,32,0.5,15,0,3,False,2,0,INTERMEDIATE,96.901,10.105999999999764,4.0,159.74699999999984,7,0.0,64.19800000000032,47.69499999999971,0,German Grand Prix,1,1,52.73388333333333,1
33,13,33,0.515625,15,0,3,False,2,0,INTERMEDIATE,94.863,10.567000000000007,5.0,160.1770000000001,7,0.0,56.63499999999976,87.41199999999981,0,German Grand Prix,1,1,54.314933333333336,1
33,13,34,0.53125,15,0,3,False,2,0,INTERMEDIATE,93.129,10.52099999999973,6.0,161.78800000000092,7,1.0,53.73599999999987,82.94500000000016,0,German Grand Prix,1,1,55.86708333333333,1
33,13,35,0.546875,15,0,3,False,2,0,INTERMEDIATE,92.24,9.318999999999503,7.0,164.35899999999992,7,1.0,51.84400000000005,79.26499999999987,0,German Grand Prix,1,1,57.40441666666667,1
33,13,36,0.5625,15,0,3,False,2,0,INTERMEDIATE,91.843,7.898999999999432,8.0,167.3830000000003,7,1.0,50.728000000000065,75.9380000000001,0,German Grand Prix,1,1,58.93513333333333,1
33,13,37,0.578125,15,0,3,False,2,0,INTERMEDIATE,90.851,6.123000000000502,9.0,170.83100000000013,7,1.0,50.45899999999938,73.23099999999977,0,German Grand Prix,1,1,60.44931666666667,1
33,13,38,0.59375,15,0,3,False,2,0,INTERMEDIATE,90.584,3.730999999999767,10.0,173.70400000000018,7,1.0,49.8449999999998,70.69900000000007,0,German Grand Prix,1,1,61.95905,1
33,13,39,0.609375,15,1,3,False,2,0,INTERMEDIATE,90.667,1.5450000000000728,11.0,176.2579999999998,7,1.0,41.63095000000021,74.85204999999996,0,German Grand Prix,1,1,63.470166666666664,1
33,13,40,0.625,13,0,3,False,2,0,INTERMEDIATE,95.582,28.974999999999454,12.0,186.1490000000003,7,1.0,52.48700000000008,60.7829999999999,0,German Grand Prix,1,1,65.0632,1
33,13,41,0.640625,13,0,3,False,2,1,INTERMEDIATE,123.794,34.53299999999945,13.0,180.8800000000001,7,1.0,58.79899999999998,40.444000000000415,0,German Grand Prix,1,1,67.12643333333334,1
33,13,42,0.65625,14,0,4,False,2,0,INTERMEDIATE,108.841,1.4149999999999636,1.0,168.1949999999997,7,0.0,35.09700000000066,69.39799999999923,0,German Grand Prix,1,1,68.94045,1
33,13,43,0.671875,14,0,4,False,2,0,INTERMEDIATE,94.45,1.181999999999789,2.0,170.8050000000003,7,1.0,34.51100000000042,102.35999999999969,0,German Grand Prix,1,1,70.51461666666667,1
33,13,44,0.6875,14,0,4,False,2,1,INTERMEDIATE,108.685,5.210000000000037,3.0,159.9300000000003,7,1.0,27.92999999999938,112.2460000000001,0,German Grand Prix,1,1,72.32603333333333,1
33,13,45,0.703125,15,0,5,False,2,0,SOFT,114.972,0.1289999999999054,1.0,,8,-2.0,25.050000000000185,119.6299999999992,0,German Grand Prix,1,1,74.24223333333333,1
33,13,46,0.71875,11,0,5,False,2,0,SOFT,87.893,0.805000000000291,2.0,0.5940000000000509,4,-16.0,19.96900000000005,117.97699999999986,0,German Grand Prix,1,1,75.70711666666666,1
33,13,47,0.734375,4,0,5,True,2,0,SOFT,85.956,0.1750000000001819,3.0,152.28799999999956,1,-3.0,1.5130000000008297,131.02999999999977,1,German Grand Prix,1,1,77.13971666666667,1
33,13,48,0.75,2,0,5,False,2,0,SOFT,82.504,1.6779999999998836,4.0,154.38699999999972,1,2.0,3.048000000000684,129.52699999999913,0,German Grand Prix,1,1,78.51478333333333,1
33,13,49,0.765625,2,0,5,False,2,0,SOFT,80.543,3.835000000000037,5.0,153.20600000000013,1,2.0,3.6480000000001382,127.36999999999988,0,German Grand Prix,1,1,79.85716666666667,1
33,13,50,0.78125,2,0,5,False,2,0,SOFT,82.252,7.930000000000291,6.0,152.1899999999996,1,2.0,6.6380000000008295,123.27499999999964,0,German Grand Prix,1,1,81.22803333333333,1
33,13,51,0.796875,3,0,5,False,2,0,SOFT,81.061,1.695999999999913,7.0,153.66299999999956,2,1.0,8.262000000000626,120.35899999999948,0,German Grand Prix,1,1,82.57905,1
33,13,52,0.8125,3,1,5,False,2,0,SOFT,79.443,2.520999999999731,8.0,153.21500000000017,2,1.0,1.6509500000001935,126.13104999999904,0,German Grand Prix,1,1,83.9031,1
33,13,53,0.828125,3,3,5,False,2,0,SOFT,78.816,2.88799999999992,9.0,153.2420000000002,2,1.0,,4.457650000000285,0,German Grand Prix,1,1,85.2167,1
33,13,54,0.84375,3,4,5,False,2,0,SOFT,78.314,3.130000000000109,10.0,153.26999999999953,2,1.0,,5.0706499999996595,0,German Grand Prix,1,1,86.52193333333334,1
33,13,55,0.859375,3,4,5,False,2,0,SOFT,78.346,3.095999999999549,11.0,153.40899999999965,2,1.0,,6.778650000000198,0,German Grand Prix,1,1,87.8277,1
33,13,56,0.875,3,4,5,False,2,0,SOFT,78.333,2.6940000000004147,12.0,154.1200000000008,2,1.0,,7.821650000000773,0,German Grand Prix,1,1,89.13325,1
33,13,57,0.890625,3,4,5,False,2,0,SOFT,106.722,3.45299999999952,13.0,155.28399999999965,2,1.0,,17.36464999999953,0,German Grand Prix,1,1,90.91195,1
33,13,58,0.90625,3,4,5,False,2,0,SOFT,119.852,3.671999999999571,14.0,155.17799999999988,2,1.0,,15.663650000001326,0,German Grand Prix,1,1,92.90948333333333,1
33,13,59,0.921875,3,4,5,False,2,0,SOFT,123.523,0.8819999999996071,15.0,152.28600000000006,2,1.0,6.451350000000275,140.70764999999938,0,German Grand Prix,1,1,94.9682,1
33,13,60,0.9375,3,0,5,False,2,0,SOFT,78.253,1.3840000000000146,16.0,152.4400000000005,2,1.0,15.193000000000213,128.26599999999962,0,German Grand Prix,1,1,96.27241666666669,1
33,13,61,0.953125,3,0,5,False,2,0,SOFT,77.831,1.507000000001426,17.0,152.34999999999854,2,1.0,14.186999999999898,127.07999999999991,0,German Grand Prix,1,1,97.5696,1
33,13,62,0.96875,4,0,5,False,2,0,SOFT,78.888,1.4830000000001746,18.0,152.70799999999963,3,3.0,13.083000000000538,124.84400000000004,0,German Grand Prix,1,1,98.8844,1
33,13,63,0.984375,4,0,5,False,2,0,SOFT,77.867,1.4529999999995198,19.0,152.6819999999998,3,1.0,11.980000000000471,124.3159999999998,0,German Grand Prix,1,1,100.18218333333331,1
33,13,64,1.0,4,0,5,False,2,0,SOFT,79.431,0.668999999999869,20.0,152.3770000000004,3,1.0,12.599999999999454,122.23099999999975,0,German Grand Prix,1,1,101.50603333333332,1
33,21,1,0.015625,16,0,5,False,2,0,WET,116.302,0.9020000000000435,1.0,0.5699999999999932,4,0.0,17.757000000000005,,0,German Grand Prix,1,1,1.30305,1
33,21,2,0.03125,15,0,0,False,2,1,WET,108.695,0.9360000000001492,2.0,0.3059999999999832,2,0.0,16.055999999999983,,1,German Grand Prix,1,1,3.114633333333334,1
33,21,3,0.046875,19,0,1,False,2,0,INTERMEDIATE,131.069,2.22400000000016,1.0,,1,0.0,22.786999999999978,,1,German Grand Prix,1,1,5.2991166666666665,1
33,21,4,0.0625,14,0,1,True,2,0,INTERMEDIATE,117.505,1.1280000000001564,2.0,0.4399999999999977,3,1.0,16.437999999999988,,0,German Grand Prix,1,1,7.257533333333333,1
33,21,5,0.078125,13,0,1,False,2,0,INTERMEDIATE,100.468,0.6929999999997563,3.0,1.3260000000000218,2,1.0,17.426999999999907,,1,German Grand Prix,1,1,8.932,1
33,21,6,0.09375,11,0,1,False,2,0,INTERMEDIATE,95.576,2.574999999999818,4.0,5.138000000000034,3,1.0,12.639999999999986,,1,German Grand Prix,1,1,10.524933333333331,1
33,21,7,0.109375,10,0,1,False,2,0,INTERMEDIATE,96.215,3.755000000000109,5.0,3.909999999999968,1,1.0,2.2409999999999854,,0,German Grand Prix,1,1,12.128516666666666,1
33,21,8,0.125,9,0,1,False,2,0,INTERMEDIATE,92.91,3.0839999999998327,6.0,4.307000000000016,2,1.0,11.51400000000001,2.802000000000021,0,German Grand Prix,1,1,13.677016666666669,1
33,21,9,0.140625,9,0,1,False,2,0,INTERMEDIATE,91.482,2.75,7.0,5.599000000000046,2,1.0,8.86999999999989,0.7830000000000155,0,German Grand Prix,1,1,15.201716666666666,1
33,21,10,0.15625,9,0,1,False,2,0,INTERMEDIATE,91.785,2.5080000000002656,8.0,6.591999999999871,1,1.0,7.856000000000222,0.8119999999998981,0,German Grand Prix,1,1,16.731466666666666,1
33,21,11,0.171875,9,0,1,False,2,0,INTERMEDIATE,91.425,2.4760000000001128,9.0,7.855999999999995,1,1.0,6.748000000000047,0.91599999999994,0,German Grand Prix,1,1,18.255216666666666,1
33,21,12,0.1875,9,0,1,False,2,0,INTERMEDIATE,91.769,3.019000000000233,10.0,9.36200000000008,1,1.0,5.142000000000053,0.949999999999818,0,German Grand Prix,1,1,19.7847,1
33,21,13,0.203125,9,0,1,False,2,0,INTERMEDIATE,91.718,3.2840000000001055,11.0,10.94399999999996,1,1.0,3.772000000000162,1.8389999999997144,0,German Grand Prix,1,1,21.313333333333333,1
33,21,14,0.21875,9,0,1,False,2,0,INTERMEDIATE,92.278,3.5079999999998113,12.0,11.810000000000173,1,1.0,1.7899999999999636,3.0920000000000982,0,German Grand Prix,1,1,22.8513,1
33,21,15,0.234375,9,0,1,False,2,0,INTERMEDIATE,113.542,3.96100000000024,13.0,11.491999999999962,1,1.0,2.8880000000001473,2.436999999999898,0,German Grand Prix,1,1,24.743666666666662,1
33,21,16,0.25,9,0,1,False,2,0,INTERMEDIATE,91.426,3.6449999999999823,14.0,12.563000000000102,1,1.0,2.2740000000001146,3.4689999999998236,0,German Grand Prix,1,1,26.267433333333333,1
33,21,17,0.265625,9,0,1,False,2,0,INTERMEDIATE,92.216,4.087000000000444,15.0,12.588999999999942,1,1.0,2.6630000000002383,4.305999999999813,0,German Grand Prix,1,1,27.804366666666667,1
33,21,18,0.28125,8,0,1,False,2,0,INTERMEDIATE,91.833,6.181999999999789,16.0,15.105000000000018,0,0.0,1.8240000000000691,2.161000000000058,0,German Grand Prix,1,1,29.33491666666667,1
33,21,19,0.296875,8,0,1,False,2,0,INTERMEDIATE,92.727,6.493000000000393,17.0,15.382000000000062,0,0.0,1.540000000000191,1.5869999999997615,0,German Grand Prix,1,1,30.880366666666667,1
33,21,20,0.3125,8,0,1,False,2,0,INTERMEDIATE,92.926,6.139000000000124,18.0,14.643000000000027,0,0.0,1.7519999999999527,1.5889999999999418,0,German Grand Prix,1,1,32.42913333333333,1
33,21,21,0.328125,8,0,1,False,2,0,INTERMEDIATE,93.015,6.048999999999978,19.0,14.949999999999818,0,0.0,1.1230000000000473,2.175999999999931,0,German Grand Prix,1,1,33.97938333333333,1
33,21,22,0.34375,8,0,1,False,2,0,INTERMEDIATE,93.886,5.738999999999578,20.0,14.885999999999967,0,0.0,0.8910000000000764,1.5270000000000437,0,German Grand Prix,1,1,35.54415,1
33,21,23,0.359375,7,0,1,False,2,0,INTERMEDIATE,92.86,10.355000000000471,21.0,0.2639999999996689,0,1.0,4.584000000000287,0.7559999999998581,0,German Grand Prix,1,1,37.091816666666666,1
33,21,24,0.375,7,0,1,False,2,0,INTERMEDIATE,92.885,8.281999999999243,22.0,17.367999999999938,0,1.0,0.0300000000002,2.4589999999998327,1,German Grand Prix,1,1,38.6399,1
33,21,25,0.390625,7,0,1,False,2,0,INTERMEDIATE,93.231,7.945999999999913,23.0,19.06399999999985,0,1.0,1.499000000000251,0.2179999999998472,0,German Grand Prix,1,1,40.19375,1
33,21,26,0.40625,7,0,1,False,2,0,INTERMEDIATE,93.409,3.8109999999996944,24.0,23.18600000000015,0,21.0,37.76899999999978,2.6230000000000473,0,German Grand Prix,1,1,41.750566666666664,1
33,21,27,0.421875,6,3,1,False,2,1,INTERMEDIATE,106.714,17.435999999999694,25.0,32.166999999999916,0,21.0,32.05234999999993,22.91364999999996,0,German Grand Prix,1,1,43.529133333333334,1
33,21,28,0.4375,5,4,2,False,2,1,SOFT,135.613,41.53700000000027,1.0,19.152999999999793,0,-4.0,43.533350000000155,9.899649999999838,0,German Grand Prix,1,1,45.78935,1
33,21,29,0.453125,5,0,3,False,2,0,INTERMEDIATE,131.639,51.16499999999997,1.0,8.386999999999716,0,-5.0,4.91800000000012,26.728999999999814,0,German Grand Prix,1,1,47.983333333333334,1
33,21,30,0.46875,4,0,3,False,2,0,INTERMEDIATE,98.473,18.184000000000196,2.0,17.34999999999991,0,1.0,1.167000000000371,34.34299999999985,0,German Grand Prix,1,1,49.62455,1
33,21,31,0.484375,4,0,3,False,2,0,INTERMEDIATE,122.263,1.3540000000002692,3.0,2.869999999999891,1,1.0,15.175000000000182,7.007999999999811,0,German Grand Prix,1,1,51.66226666666667,1
33,21,32,0.5,4,0,3,False,2,0,INTERMEDIATE,134.966,0.6619999999993524,4.0,2.8020000000001346,1,1.0,10.161999999999807,68.51499999999987,0,German Grand Prix,1,1,53.9117,1
33,21,33,0.515625,4,0,3,False,2,0,INTERMEDIATE,135.457,0.988999999999578,5.0,0.8650000000002365,1,1.0,16.27099999999973,28.351000000000113,0,German Grand Prix,1,1,56.16931666666667,1
33,21,34,0.53125,4,0,3,False,2,0,INTERMEDIATE,93.753,3.183999999999287,6.0,2.1910000000002583,0,1.0,13.315000000000056,29.338000000000648,0,German Grand Prix,1,1,57.73186666666667,1
33,21,35,0.546875,4,0,3,False,2,0,INTERMEDIATE,90.724,4.136999999999716,7.0,2.7339999999999236,0,1.0,9.71100000000024,33.42499999999973,0,German Grand Prix,1,1,59.24393333333333,1
33,21,36,0.5625,5,0,3,False,2,0,INTERMEDIATE,91.103,2.331999999999425,8.0,2.405999999999949,0,1.0,7.725000000000364,37.18899999999985,0,German Grand Prix,1,1,60.76231666666666,1
33,21,37,0.578125,5,0,3,False,2,0,INTERMEDIATE,90.491,4.3840000000000146,9.0,2.7239999999997053,0,1.0,6.82300000000032,40.99699999999984,0,German Grand Prix,1,1,62.2705,1
33,21,38,0.59375,5,1,3,False,2,0,INTERMEDIATE,89.981,4.649999999999636,10.0,2.5030000000001564,0,1.0,1.5579499999998916,1.3930500000001302,0,German Grand Prix,1,1,63.770183333333335,1
33,21,39,0.609375,5,0,3,False,2,0,INTERMEDIATE,89.767,4.564000000000306,11.0,2.9529999999999745,0,1.0,4.346000000000458,47.92699999999968,0,German Grand Prix,1,1,65.2663,1
33,21,40,0.625,4,0,3,False,2,0,INTERMEDIATE,90.791,9.873999999999796,12.0,2.6950000000001637,0,1.0,0.7469999999998436,62.60900000000038,0,German Grand Prix,1,1,66.77948333333333,1
33,21,41,0.640625,4,0,3,False,2,0,INTERMEDIATE,111.858,14.530999999999947,13.0,4.295000000000073,0,1.0,3.018000000000029,5.631000000000313,0,German Grand Prix,1,1,68.64378333333333,1
33,21,42,0.65625,4,0,3,False,2,0,INTERMEDIATE,121.755,11.881000000000313,14.0,3.4329999999999927,0,13.0,3.2260000000005675,5.873999999999796,0,German Grand Prix,1,1,70.67303333333334,1
33,21,43,0.671875,4,0,3,False,2,0,INTERMEDIATE,117.296,1.2979999999997744,15.0,1.329000000000633,1,13.0,13.21599999999944,1.0640000000003056,0,German Grand Prix,1,1,72.62796666666667,1
33,21,44,0.6875,4,0,3,False,2,0,INTERMEDIATE,118.422,0.4749999999994543,16.0,1.131999999999607,1,13.0,11.92699999999968,2.8289999999997235,1,German Grand Prix,1,1,74.60166666666667,1
33,21,45,0.703125,4,0,3,False,2,0,INTERMEDIATE,121.829,0.535000000000764,17.0,0.3739999999997963,0,13.0,12.318999999999503,,1,German Grand Prix,1,1,76.63215,1
33,21,46,0.71875,9,0,3,False,2,1,INTERMEDIATE,94.962,1.5999999999994543,18.0,-150.46399999999994,0,-1.0,4.811000000000604,,1,German Grand Prix,1,1,78.21485,1
33,21,47,0.734375,13,0,4,True,2,0,SOFT,101.618,0.5200000000004366,1.0,-147.07600000000002,2,-4.0,5.7590000000000146,,0,German Grand Prix,1,1,79.90848333333334,1
33,21,48,0.75,7,0,4,False,2,0,SOFT,80.262,1.5299999999997451,2.0,3.282999999999447,2,-4.0,1.2250000000003638,,1,German Grand Prix,1,1,81.24618333333333,1
33,21,49,0.765625,7,0,4,False,2,0,SOFT,79.544,0.4520000000002255,3.0,2.331000000000131,2,-4.0,18.23199999999997,1.1809999999995853,0,German Grand Prix,1,1,82.57191666666667,1
33,21,50,0.78125,6,1,4,False,2,0,SOFT,79.223,3.730999999999767,4.0,1.436999999999898,1,-3.0,10.73095000000012,9.968049999999494,0,German Grand Prix,1,1,83.8923,1
33,21,51,0.796875,6,3,4,False,2,0,SOFT,78.744,3.876000000000204,5.0,1.4809999999997672,1,-3.0,5.852350000000115,15.228650000000016,1,German Grand Prix,1,1,85.2047,1
33,21,52,0.8125,6,4,4,False,2,0,SOFT,79.049,3.9300000000002906,6.0,0.9310000000004948,1,-3.0,4.457349999999678,16.55565000000024,1,German Grand Prix,1,1,86.52218333333333,1
33,21,53,0.828125,6,4,4,False,2,0,SOFT,78.413,3.5,7.0,0.7910000000001673,1,-3.0,0.8243499999998676,19.0916500000003,1,German Grand Prix,1,1,87.82906666666666,1
33,21,54,0.84375,7,4,4,False,2,0,SOFT,78.936,1.0999999999994543,8.0,-143.03999999999996,2,1.0,10.35335000000032,2.373650000000453,1,German Grand Prix,1,1,89.14466666666667,1
33,21,55,0.859375,7,4,4,False,2,0,SOFT,78.461,1.8969999999999343,9.0,-141.44700000000012,2,1.0,11.15034999999989,4.0316499999999,0,German Grand Prix,1,1,90.45235,1
33,21,56,0.875,7,4,4,False,2,0,SOFT,77.871,2.0450000000000728,10.0,-139.942,2,1.0,11.298350000000028,7.1936500000001615,0,German Grand Prix,1,1,91.7502,1
33,21,57,0.890625,6,4,4,False,2,0,SOFT,109.453,3.787000000000262,11.0,-133.1300000000001,2,1.0,13.040350000000217,17.49564999999984,0,German Grand Prix,1,1,93.57441666666666,1
33,21,58,0.90625,6,4,4,False,2,0,SOFT,118.948,2.2409999999999854,12.0,-133.92699999999877,2,1.0,11.49434999999994,30.207650000000285,0,German Grand Prix,1,1,95.55688333333332,1
33,21,59,0.921875,6,0,4,False,2,0,SOFT,117.786,0.2639999999992142,13.0,-150.3050000000003,2,1.0,13.639000000000124,,0,German Grand Prix,1,1,97.51998333333331,1
33,21,60,0.9375,6,0,4,False,2,0,SOFT,79.699,1.2800000000006548,14.0,-149.183,2,-3.0,13.774999999999636,,0,German Grand Prix,1,1,98.8483,1
33,21,61,0.953125,6,0,4,False,2,0,SOFT,77.934,1.0090000000000146,15.0,-148.27999999999977,2,-3.0,12.057999999999993,,0,German Grand Prix,1,1,100.1472,1
33,21,62,0.96875,6,0,4,False,2,0,SOFT,77.998,1.0579999999990832,16.0,-146.28600000000006,4,-3.0,9.364999999999782,,0,German Grand Prix,1,1,101.44716666666666,1
33,21,63,0.984375,6,0,4,False,2,0,SOFT,77.85,1.0669999999990978,17.0,-145.16600000000017,4,-3.0,7.1580000000003565,,0,German Grand Prix,1,1,102.74466666666666,1
33,21,64,1.0,6,0,4,False,2,0,SOFT,78.528,0.4689999999991414,18.0,-144.8829999999998,4,-3.0,5.628000000000611,,0,German Grand Prix,1,1,104.05346666666668,1
33,23,1,0.015625,17,0,4,False,2,0,WET,116.872,0.5700000000001637,1.0,2.236000000000004,5,0.0,18.327,,0,German Grand Prix,1,1,1.31255,1
33,23,2,0.03125,16,0,0,False,2,0,WET,108.431,0.30600000000004,2.0,4.201000000000022,3,0.0,16.361999999999966,,0,German Grand Prix,1,1,3.1197333333333335,1
33,23,3,0.046875,16,0,0,False,2,1,WET,120.438,0.6100000000001273,3.0,0.9590000000000032,1,0.0,10.238,,0,German Grand Prix,1,1,5.127033333333333,1
33,23,4,0.0625,19,0,1,False,2,0,INTERMEDIATE,131.955,0.8510000000001128,1.0,,2,0.0,24.24799999999999,,1,German Grand Prix,1,1,7.326283333333333,1
33,23,5,0.078125,19,0,1,False,2,0,INTERMEDIATE,99.479,0.5139999999996689,2.0,,3,0.0,22.211000000000013,,0,German Grand Prix,1,1,8.984266666666667,1
33,23,6,0.09375,18,0,1,False,2,0,INTERMEDIATE,100.363,0.1359999999999672,3.0,,2,-3.0,20.698999999999955,,0,German Grand Prix,1,1,10.656983333333333,1
33,23,7,0.109375,15,0,1,False,2,0,INTERMEDIATE,96.071,2.2040000000001783,4.0,10.543000000000006,2,-3.0,10.019999999999982,,0,German Grand Prix,1,1,12.258166666666666,1
33,23,8,0.125,14,0,1,False,2,0,INTERMEDIATE,94.18,0.9020000000000435,5.0,14.316000000000033,2,-3.0,6.246999999999957,7.937000000000012,0,German Grand Prix,1,1,13.827833333333333,1
33,23,9,0.140625,13,0,1,False,2,0,INTERMEDIATE,94.126,1.226000000000113,6.0,9.652999999999906,0,0.0,6.72500000000025,6.599999999999909,0,German Grand Prix,1,1,15.3966,1
33,23,10,0.15625,13,0,1,False,2,0,INTERMEDIATE,92.799,1.3710000000000944,7.0,8.66800000000012,0,0.0,6.866999999999962,6.563999999999851,0,German Grand Prix,1,1,16.94325,1
33,23,11,0.171875,13,0,1,False,2,0,INTERMEDIATE,92.533,1.0140000000001237,8.0,7.663999999999987,0,0.0,6.527000000000271,8.179999999999836,0,German Grand Prix,1,1,18.485466666666667,1
33,23,12,0.1875,13,0,1,False,2,0,INTERMEDIATE,93.375,1.0799999999999272,9.0,6.091999999999871,0,0.0,7.593000000000075,8.717999999999847,0,German Grand Prix,1,1,20.041716666666662,1
33,23,13,0.203125,13,0,1,False,2,0,INTERMEDIATE,93.088,1.4360000000001492,10.0,5.610999999999876,0,0.0,8.768000000000029,10.010999999999967,0,German Grand Prix,1,1,21.593183333333332,1
33,23,14,0.21875,13,0,1,False,2,0,INTERMEDIATE,94.26,1.974999999999909,11.0,4.882000000000062,0,0.0,6.876000000000204,19.774999999999864,0,German Grand Prix,1,1,23.164183333333337,1
33,23,15,0.234375,13,0,1,False,2,0,INTERMEDIATE,112.444,1.7390000000000327,12.0,5.3250000000000455,0,0.0,9.929000000000087,13.95399999999995,0,German Grand Prix,1,1,25.03825,1
33,23,16,0.25,13,0,1,False,2,0,INTERMEDIATE,92.04,3.7929999999996658,13.0,5.742999999999938,0,0.0,10.257000000000062,16.788999999999987,0,German Grand Prix,1,1,26.57225,1
33,23,17,0.265625,13,0,1,False,2,0,INTERMEDIATE,91.827,4.6030000000000655,14.0,6.969000000000051,0,0.0,10.389000000000124,22.733999999999924,0,German Grand Prix,1,1,28.1027,1
33,23,18,0.28125,12,0,1,False,2,0,INTERMEDIATE,92.672,3.6340000000000146,15.0,3.9850000000001273,1,0.0,10.297000000000024,25.298,0,German Grand Prix,1,1,29.647233333333332,1
33,23,19,0.296875,12,0,1,False,2,0,INTERMEDIATE,93.011,3.6409999999996217,16.0,3.1269999999999527,1,0.0,9.134999999999993,27.451000000000025,0,German Grand Prix,1,1,31.197416666666665,1
33,23,20,0.3125,12,0,1,False,2,0,INTERMEDIATE,92.714,4.167999999999665,17.0,3.3409999999998945,1,0.0,6.221000000000231,31.383000000000493,0,German Grand Prix,1,1,32.74265,1
33,23,21,0.328125,12,0,1,False,2,0,INTERMEDIATE,93.644,4.489999999999782,18.0,3.298999999999978,1,0.0,0.5090000000000146,34.542999999999665,0,German Grand Prix,1,1,34.303383333333336,1
33,23,22,0.34375,12,0,1,False,2,0,INTERMEDIATE,94.118,4.786000000000058,19.0,2.41800000000012,1,0.0,10.182000000000244,18.64599999999973,0,German Grand Prix,1,1,35.87201666666667,1
33,23,23,0.359375,12,0,1,False,2,0,INTERMEDIATE,94.507,5.3400000000001455,20.0,2.076999999999771,0,0.0,10.950000000000273,16.417999999999665,0,German Grand Prix,1,1,37.44713333333333,1
33,23,24,0.375,12,0,1,False,2,0,INTERMEDIATE,94.588,2.4890000000004875,21.0,1.5900000000001455,1,20.0,11.139999999999873,13.208000000000084,0,German Grand Prix,1,1,39.0236,1
33,23,25,0.390625,13,0,1,False,2,1,INTERMEDIATE,98.289,1.6720000000004802,22.0,8.626999999999953,1,0.0,11.93600000000015,8.471000000000004,0,German Grand Prix,1,1,40.66175,1
33,23,26,0.40625,13,0,2,False,2,0,SOFT,116.519,23.761000000000426,4.0,6.016000000000076,0,-19.0,14.547000000000024,51.61900000000014,0,German Grand Prix,1,1,42.60373333333333,1
33,23,27,0.421875,12,3,2,True,2,0,SOFT,119.894,18.70799999999963,5.0,,0,-19.0,3.446350000000166,50.51665000000003,0,German Grand Prix,1,1,44.60196666666667,1
33,23,28,0.4375,11,4,2,False,2,1,SOFT,121.397,9.081999999999423,6.0,6.514000000000124,0,5.0,2.739349999999831,56.98964999999998,0,German Grand Prix,1,1,46.62525,1
33,23,29,0.453125,12,0,3,True,2,0,INTERMEDIATE,134.829,6.05200000000059,1.0,-128.221,0,-7.0,26.615000000000236,12.654999999999744,0,German Grand Prix,1,1,48.8724,1
33,23,30,0.46875,11,0,3,True,2,0,INTERMEDIATE,100.035,17.587999999999738,2.0,8.583000000000084,0,0.0,11.980000000000018,43.422000000000025,1,German Grand Prix,1,1,50.53965,1
33,23,31,0.484375,11,0,3,False,2,0,INTERMEDIATE,94.928,16.39300000000003,3.0,8.619000000000142,0,0.0,11.94399999999996,65.02100000000019,0,German Grand Prix,1,1,52.12178333333333,1
33,23,32,0.5,11,0,3,False,2,0,INTERMEDIATE,116.14,1.1580000000003563,4.0,1.6560000000004038,1,0.0,18.906999999999694,59.76999999999998,0,German Grand Prix,1,1,54.05745,1
33,23,33,0.515625,11,0,3,False,2,0,INTERMEDIATE,130.412,0.4479999999994106,5.0,0.5920000000000982,3,0.0,19.971000000000004,24.65099999999984,0,German Grand Prix,1,1,56.230983333333334,1
33,23,34,0.53125,11,0,3,False,2,0,INTERMEDIATE,96.124,0.7269999999998618,6.0,-151.13099999999986,2,0.0,19.385999999999967,23.267000000000735,1,German Grand Prix,1,1,57.83305,1
33,23,35,0.546875,11,0,3,False,2,0,INTERMEDIATE,93.466,1.3299999999999272,7.0,-150.46500000000017,1,0.0,18.524000000000346,24.611999999999625,1,German Grand Prix,1,1,59.390816666666666,1
33,23,36,0.5625,11,0,3,False,2,0,INTERMEDIATE,92.084,2.132999999999811,8.0,-149.59000000000017,1,0.0,17.519000000000233,27.394999999999985,1,German Grand Prix,1,1,60.92555,1
33,23,37,0.578125,11,0,3,False,2,0,INTERMEDIATE,91.667,2.4840000000003783,9.0,-150.13699999999926,0,0.0,17.79300000000012,30.027000000000044,1,German Grand Prix,1,1,62.45333333333333,1
33,23,38,0.59375,11,1,3,False,2,0,INTERMEDIATE,90.819,2.4929999999994834,10.0,-149.7579999999998,0,0.0,10.414949999999862,39.86205000000018,1,German Grand Prix,1,1,63.96698333333333,1
33,23,39,0.609375,11,0,3,False,2,0,INTERMEDIATE,90.938,2.5369999999993524,11.0,-149.01200000000017,0,0.0,17.325000000000273,34.947999999999865,1,German Grand Prix,1,1,65.48261666666667,1
33,23,40,0.625,10,0,3,False,2,0,INTERMEDIATE,91.982,2.0140000000001237,12.0,-149.0709999999999,0,0.0,14.916999999999916,48.439000000000306,1,German Grand Prix,1,1,67.01565,1
33,23,41,0.640625,10,0,3,False,2,0,INTERMEDIATE,115.233,1.969000000000051,13.0,-146.82200000000012,0,0.0,11.91399999999976,51.73099999999977,1,German Grand Prix,1,1,68.9362,1
33,23,42,0.65625,9,0,3,False,2,0,INTERMEDIATE,119.503,2.1099999999996726,14.0,2.043999999999869,0,-1.0,9.418999999999867,28.384000000000015,1,German Grand Prix,1,1,70.92791666666666,1
33,23,43,0.671875,9,0,3,False,2,0,INTERMEDIATE,108.024,1.472999999999956,15.0,1.3260000000000218,1,-1.0,4.957000000000335,17.420000000000073,0,German Grand Prix,1,1,72.72831666666667,1
33,23,44,0.6875,9,0,3,False,2,0,INTERMEDIATE,117.467,0.9040000000004512,16.0,0.9830000000001746,1,-1.0,2.23700000000008,,1,German Grand Prix,1,1,74.6861,1
33,23,45,0.703125,12,0,3,False,2,1,INTERMEDIATE,123.125,0.6750000000001819,17.0,1.2420000000001892,0,13.0,18.680999999999585,,1,German Grand Prix,1,1,76.73818333333334,1
33,23,46,0.71875,13,0,4,False,2,0,SOFT,99.522,9.1200000000008,1.0,0.6890000000003056,0,-4.0,15.733000000000176,,1,German Grand Prix,1,1,78.39688333333334,1
33,23,47,0.734375,7,0,4,False,2,0,SOFT,81.43,1.893000000000029,2.0,5.274999999999636,1,1.0,11.29700000000048,3.506999999999607,1,German Grand Prix,1,1,79.75405,1
33,23,48,0.75,3,0,4,False,2,0,SOFT,80.031,2.618999999999687,3.0,5.8149999999996,0,-1.0,7.7830000000003565,8.271999999999935,0,German Grand Prix,1,1,81.0879,1
33,23,49,0.765625,3,0,4,False,2,0,SOFT,79.362,1.438000000000102,4.0,6.185999999999694,0,-1.0,8.552999999999884,10.859999999999673,0,German Grand Prix,1,1,82.4106,1
33,23,50,0.78125,3,1,4,False,2,0,SOFT,81.236,0.4219999999995707,5.0,3.9350000000004,0,-1.0,3.0649499999999534,17.63404999999966,0,German Grand Prix,1,1,83.76453333333333,1
33,23,51,0.796875,2,0,4,False,2,0,SOFT,78.943,9.149999999999636,6.0,-150.07200000000012,0,1.0,9.695000000000618,11.385999999999513,0,German Grand Prix,1,1,85.08025,1
33,23,52,0.8125,2,3,4,False,2,0,SOFT,78.618,9.75,7.0,-149.2469999999994,0,1.0,0.4243499999993219,3.44065000000046,1,German Grand Prix,1,1,86.39055,1
33,23,53,0.828125,2,4,4,False,2,0,SOFT,78.449,10.216999999999643,8.0,-148.8800000000001,0,1.0,0.6003499999997075,7.0376500000002125,1,German Grand Prix,1,1,87.69803333333333,1
33,23,54,0.84375,2,4,4,False,2,0,SOFT,78.072,9.88299999999981,9.0,-148.63799999999992,0,1.0,0.5273500000002969,11.09965000000011,1,German Grand Prix,1,1,88.99923333333334,1
33,23,55,0.859375,2,4,4,False,2,0,SOFT,78.38,10.351000000000568,10.0,-148.67200000000048,0,1.0,0.4463500000001659,12.838649999999689,1,German Grand Prix,1,1,90.30556666666666,1
33,23,56,0.875,2,4,4,False,2,0,SOFT,78.735,11.22199999999975,11.0,-149.07400000000052,0,1.0,1.310349999999744,15.136650000000373,1,German Grand Prix,1,1,91.61781666666668,1
33,23,57,0.890625,2,4,4,False,2,0,SOFT,105.963,10.405000000000657,12.0,-148.3149999999996,0,1.0,1.607350000000224,2.179650000000038,1,German Grand Prix,1,1,93.38386666666666,1
33,23,58,0.90625,2,4,4,False,2,0,SOFT,119.633,5.130000000000109,13.0,-148.09599999999955,0,1.0,0.7463499999994383,1.4946500000005472,1,German Grand Prix,1,1,95.37775,1
33,23,59,0.921875,2,0,4,False,2,0,SOFT,126.313,0.9250000000010916,14.0,-150.8859999999995,0,1.0,11.417999999999664,,1,German Grand Prix,1,1,97.48296666666668,1
33,23,60,0.9375,2,0,4,False,2,0,SOFT,77.751,1.555000000000291,15.0,-150.384,0,1.0,9.605999999999767,,1,German Grand Prix,1,1,98.77881666666669,1
33,23,61,0.953125,2,0,4,False,2,0,SOFT,77.708,2.617999999998574,16.0,-150.2609999999995,0,1.0,7.662999999999556,,1,German Grand Prix,1,1,100.07395,1
33,23,62,0.96875,2,0,4,False,2,0,SOFT,78.099,4.06499999999869,17.0,0.8130000000001019,1,1.0,5.070999999999913,,1,German Grand Prix,1,1,101.3756,1
33,23,63,0.984375,3,0,4,False,2,0,SOFT,78.71,1.103000000000975,18.0,-150.3149999999996,1,2.0,3.72400000000016,,1,German Grand Prix,1,1,102.68743333333332,1
33,23,64,1.0,3,0,4,False,2,0,SOFT,80.215,0.9719999999997526,19.0,-151.09900000000016,1,2.0,3.881000000000313,,1,German Grand Prix,1,1,104.02435,1
33,26,1,0.015625,20,0,4,False,2,0,WET,119.108,1.277000000000044,1.0,,4,0.0,22.798999999999992,,0,German Grand Prix,1,1,1.3498166666666669,1
33,26,2,0.03125,19,0,0,False,2,0,WET,110.396,1.487999999999829,2.0,,2,0.0,24.76400000000001,,0,German Grand Prix,1,1,3.18975,1
33,26,3,0.046875,17,0,0,True,2,0,WET,117.196,0.9589999999998328,3.0,7.141999999999996,1,0.0,11.197000000000005,,0,German Grand Prix,1,1,5.143016666666667,1
33,26,4,0.0625,10,0,0,False,2,0,WET,124.527,0.6599999999998545,4.0,0.7860000000000014,2,0.0,14.093999999999935,,0,German Grand Prix,1,1,7.218466666666667,1
33,26,5,0.078125,14,0,0,False,2,0,WET,104.138,1.3260000000000218,5.0,0.1620000000000345,2,2.0,18.75299999999993,,0,German Grand Prix,1,1,8.9541,1
33,26,6,0.09375,17,0,0,False,2,0,WET,102.037,1.9960000000000944,6.0,0.1359999999999672,1,3.0,20.42700000000002,,1,German Grand Prix,1,1,10.654716666666667,1
33,26,7,0.109375,19,0,0,False,2,1,WET,106.75,1.4790000000002692,7.0,,0,3.0,31.105999999999995,,1,German Grand Prix,1,1,12.433883333333334,1
33,26,8,0.125,19,0,1,False,2,0,INTERMEDIATE,112.137,7.701000000000022,1.0,,0,0.0,34.74699999999996,,0,German Grand Prix,1,1,14.302833333333334,1
33,26,9,0.140625,19,0,1,False,2,0,INTERMEDIATE,92.789,6.961999999999989,2.0,,0,0.0,33.88800000000015,,0,German Grand Prix,1,1,15.849316666666668,1
33,26,10,0.15625,19,0,1,False,2,0,INTERMEDIATE,92.763,7.235999999999876,3.0,,0,0.0,33.993999999999915,,0,German Grand Prix,1,1,17.395366666666668,1
33,26,11,0.171875,19,0,1,False,2,0,INTERMEDIATE,94.149,7.112999999999829,4.0,,0,0.0,35.27000000000021,,0,German Grand Prix,1,1,18.96451666666667,1
33,26,12,0.1875,19,0,1,False,2,0,INTERMEDIATE,93.913,7.5949999999998,5.0,,0,0.0,36.874000000000024,,0,German Grand Prix,1,1,20.529733333333333,1
33,26,13,0.203125,19,0,1,False,2,0,INTERMEDIATE,94.381,7.083999999999833,6.0,,0,0.0,39.3420000000001,,0,German Grand Prix,1,1,22.10275,1
33,26,14,0.21875,18,0,1,False,2,0,INTERMEDIATE,104.024,9.332000000000336,7.0,,0,0.0,47.21400000000017,,0,German Grand Prix,1,1,23.836483333333337,1
33,26,15,0.234375,18,0,1,False,2,0,INTERMEDIATE,106.623,9.893000000000027,8.0,,0,0.0,44.44600000000014,,0,German Grand Prix,1,1,25.613533333333333,1
33,26,16,0.25,18,0,1,False,2,0,INTERMEDIATE,94.875,11.230000000000018,9.0,,0,0.0,47.60900000000015,,0,German Grand Prix,1,1,27.194783333333337,1
33,26,17,0.265625,18,0,1,False,2,0,INTERMEDIATE,97.772,14.422999999999774,10.0,,0,0.0,53.68600000000015,,0,German Grand Prix,1,1,28.824316666666668,1
33,26,18,0.28125,18,0,1,False,2,0,INTERMEDIATE,95.236,12.899999999999636,11.0,,0,0.0,56.15800000000013,,0,German Grand Prix,1,1,30.411583333333333,1
33,26,19,0.296875,18,0,1,False,2,0,INTERMEDIATE,95.164,10.094000000000053,12.0,,0,0.0,57.149000000000115,,0,German Grand Prix,1,1,31.99765,1
33,26,20,0.3125,18,0,1,False,2,0,INTERMEDIATE,96.646,8.977000000000771,13.0,,0,1.0,58.167000000000826,,0,German Grand Prix,1,1,33.60841666666666,1
33,26,21,0.328125,18,0,1,False,2,0,INTERMEDIATE,96.804,8.490999999999985,14.0,,0,1.0,55.61499999999978,,0,German Grand Prix,1,1,35.22181666666667,1
33,26,22,0.34375,18,0,1,False,2,0,INTERMEDIATE,98.11,9.92700000000059,15.0,,0,14.0,40.452000000000226,,0,German Grand Prix,1,1,36.85698333333333,1
33,26,23,0.359375,18,0,1,False,2,1,INTERMEDIATE,102.771,14.42699999999968,16.0,,0,14.0,50.944000000000415,,0,German Grand Prix,1,1,38.569833333333335,1
33,26,24,0.375,18,0,2,False,2,0,INTERMEDIATE,110.108,23.86800000000039,1.0,,0,-2.0,69.67399999999998,,0,German Grand Prix,1,1,40.40496666666667,1
33,26,25,0.390625,18,0,2,False,2,0,INTERMEDIATE,94.968,9.828999999999724,2.0,,0,-2.0,71.09000000000015,,0,German Grand Prix,1,1,41.987766666666666,1
33,26,26,0.40625,17,3,2,False,2,0,INTERMEDIATE,109.14,12.31500000000051,3.0,,1,2.0,75.41935000000012,,0,German Grand Prix,1,1,43.80676666666667,1
33,26,27,0.421875,17,4,2,False,2,0,INTERMEDIATE,107.482,11.886000000000422,4.0,,0,2.0,63.21635000000015,,0,German Grand Prix,1,1,45.59813333333334,1
33,26,28,0.4375,15,0,2,False,2,0,INTERMEDIATE,127.87,10.101999999999862,5.0,-150.6770000000001,0,0.0,80.29199999999992,,0,German Grand Prix,1,1,47.7293,1
33,26,29,0.453125,15,0,2,True,2,0,INTERMEDIATE,101.804,4.4340000000001965,6.0,-133.80499999999984,0,5.0,53.78099999999995,,1,German Grand Prix,1,1,49.426033333333336,1
33,26,30,0.46875,15,0,2,False,2,0,INTERMEDIATE,130.802,0.3999999999996362,7.0,-147.63599999999997,0,5.0,75.96500000000015,,1,German Grand Prix,1,1,51.60606666666666,1
33,26,31,0.484375,15,0,2,False,2,1,INTERMEDIATE,116.527,6.117000000000189,8.0,-145.759,0,5.0,97.52800000000023,,1,German Grand Prix,1,1,53.548183333333334,1
33,26,32,0.5,16,0,3,False,2,0,INTERMEDIATE,110.889,7.979000000000269,1.0,,0,-3.0,99.23999999999978,,1,German Grand Prix,1,1,55.39633333333333,1
33,26,33,0.515625,16,0,3,False,2,0,INTERMEDIATE,95.293,8.40899999999965,2.0,,0,-3.0,65.18499999999995,,0,German Grand Prix,1,1,56.98455,1
33,26,34,0.53125,16,0,3,False,2,0,INTERMEDIATE,94.74,10.020000000000438,3.0,,0,-3.0,63.2160000000008,,0,German Grand Prix,1,1,58.56355,1
33,26,35,0.546875,16,0,3,False,2,0,INTERMEDIATE,94.811,12.591000000000353,4.0,,0,-3.0,63.69900000000007,,0,German Grand Prix,1,1,60.14373333333333,1
33,26,36,0.5625,16,0,3,False,2,0,INTERMEDIATE,94.867,15.615000000000691,5.0,,0,-3.0,65.47700000000032,,0,German Grand Prix,1,1,61.72485,1
33,26,37,0.578125,16,1,3,False,2,0,INTERMEDIATE,94.299,19.063000000000105,6.0,,0,-3.0,61.18595000000005,,0,German Grand Prix,1,1,63.2965,1
33,26,38,0.59375,16,0,3,False,2,0,INTERMEDIATE,93.457,21.935999999999694,7.0,,0,-3.0,70.84000000000015,,0,German Grand Prix,1,1,64.85411666666667,1
33,26,39,0.609375,16,0,3,False,2,0,INTERMEDIATE,93.221,24.489999999999775,8.0,,0,-3.0,72.83600000000024,,0,German Grand Prix,1,1,66.4078,1
33,26,40,0.625,15,0,3,False,2,0,INTERMEDIATE,105.473,31.39100000000053,9.0,,0,-3.0,83.91900000000032,,0,German Grand Prix,1,1,68.16568333333333,1
33,26,41,0.640625,15,0,3,False,2,0,INTERMEDIATE,118.525,28.268999999999323,10.0,,0,-3.0,84.20799999999963,,0,German Grand Prix,1,1,70.1411,1
33,26,42,0.65625,15,0,3,False,2,0,INTERMEDIATE,96.156,16.42699999999968,11.0,,0,10.0,58.365999999999985,,0,German Grand Prix,1,1,71.7437,1
33,26,43,0.671875,15,0,3,False,2,0,INTERMEDIATE,97.06,19.037000000000265,12.0,,0,10.0,42.94000000000051,,0,German Grand Prix,1,1,73.36136666666667,1
33,26,44,0.6875,15,0,3,False,2,0,INTERMEDIATE,97.81,8.161999999999352,13.0,,0,10.0,35.318999999999505,,0,German Grand Prix,1,1,74.99153333333334,1
33,26,45,0.703125,13,0,3,False,2,0,INTERMEDIATE,106.041,1.2419999999992797,14.0,0.6400000000003274,1,-3.0,19.922999999999774,,0,German Grand Prix,1,1,76.75888333333333,1
33,26,46,0.71875,14,0,3,True,2,1,INTERMEDIATE,98.969,0.6889999999993961,15.0,4.140999999999622,1,14.0,16.42200000000048,,1,German Grand Prix,1,1,78.40836666666667,1
33,26,47,0.734375,15,0,4,False,2,0,SOFT,104.811,10.208000000000538,1.0,,0,-6.0,35.36700000000019,,0,German Grand Prix,1,1,80.15521666666666,1
33,26,48,0.75,15,0,4,False,2,0,SOFT,84.796,0.7449999999998909,2.0,,0,-6.0,36.61800000000039,,0,German Grand Prix,1,1,81.56848333333333,1
33,26,49,0.765625,15,1,4,False,2,0,SOFT,81.95,1.819999999999709,3.0,,0,-6.0,32.778949999999895,,0,German Grand Prix,1,1,82.93431666666666,1
33,26,50,0.78125,15,2,4,False,2,0,SOFT,80.813,2.2169999999996435,4.0,,0,-6.0,34.06494999999995,,0,German Grand Prix,1,1,84.2812,1
33,26,51,0.796875,14,3,4,False,2,0,SOFT,79.892,10.557000000000697,5.0,,0,-6.0,30.33435000000009,,0,German Grand Prix,1,1,85.61273333333334,1
33,26,52,0.8125,14,4,4,False,2,0,SOFT,80.376,12.835999999999329,6.0,,0,-6.0,30.266349999999875,,0,German Grand Prix,1,1,86.95233333333333,1
33,26,53,0.828125,13,4,4,False,2,0,SOFT,80.949,15.213000000000648,7.0,,0,-6.0,29.16935000000012,,0,German Grand Prix,1,1,88.30148333333334,1
33,26,54,0.84375,13,4,4,False,2,0,SOFT,81.3,18.048999999999975,8.0,,0,-4.0,28.33534999999938,,0,German Grand Prix,1,1,89.65648333333333,1
33,26,55,0.859375,13,4,4,False,2,0,SOFT,80.655,18.994000000000597,9.0,,0,-4.0,28.871350000001257,,0,German Grand Prix,1,1,91.00073333333332,1
33,26,56,0.875,13,4,4,False,2,0,SOFT,90.07,28.654999999999745,10.0,,0,-4.0,37.9083499999997,,0,German Grand Prix,1,1,92.5019,1
33,26,57,0.890625,12,4,4,False,2,1,SOFT,120.067,28.966999999999647,11.0,,0,-4.0,38.22035000000051,,0,German Grand Prix,1,1,94.50301666666668,1
33,26,58,0.90625,12,0,5,False,2,0,SOFT,105.408,2.7150000000001455,4.0,,1,0.0,23.277999999999334,,0,German Grand Prix,1,1,96.25981666666668,1
33,26,59,0.921875,12,0,5,False,2,0,SOFT,82.534,3.820999999999912,5.0,,1,0.0,24.384000000000015,,0,German Grand Prix,1,1,97.63538333333334,1
33,26,60,0.9375,12,0,5,False,2,0,SOFT,79.563,3.085000000000946,6.0,,1,0.0,23.64800000000014,,0,German Grand Prix,1,1,98.96143333333332,1
33,26,61,0.953125,12,0,5,False,2,0,SOFT,79.651,3.313000000000102,7.0,,1,0.0,23.876000000000204,,0,German Grand Prix,1,1,100.28895,1
33,26,62,0.96875,12,0,5,False,2,0,SOFT,80.691,2.425999999999476,8.0,,1,0.0,25.243999999999687,,0,German Grand Prix,1,1,101.6338,1
33,26,63,0.984375,12,0,5,False,2,0,SOFT,80.057,4.617000000000189,9.0,,0,0.0,26.238999999999574,,0,German Grand Prix,1,1,102.96808333333334,1
33,26,64,1.0,12,0,5,False,2,0,SOFT,80.058,5.308999999999287,10.0,,0,0.0,26.784999999999854,,0,German Grand Prix,1,1,104.30238333333334,1
151,1,1,0.0175438596491228,8,0,1,False,1,0,INTERMEDIATE,132.883,0.795999999999367,1.0,6.602000000000004,2,0.0,8.551500000000004,,0,Australian Grand Prix,1,1,2.0851166666666665,1
151,1,2,0.0350877192982456,8,0,0,False,1,1,INTERMEDIATE,,1.7119999999995343,2.0,,0,0.0,,,0,Australian Grand Prix,0,0,,0
151,1,3,0.0526315789473684,8,0,1,False,1,1,INTERMEDIATE,,1.8869999999997165,3.0,,0,2.0,,,0,Australian Grand Prix,0,0,,0
151,1,4,0.0701754385964912,8,0,2,False,1,1,INTERMEDIATE,,1.7409999999999854,4.0,,0,2.0,,,0,Australian Grand Prix,0,0,,0
151,1,5,0.087719298245614,8,0,3,False,1,0,INTERMEDIATE,141.772,1.429000000000087,5.0,5.239000000000033,2,2.0,11.160499999999956,,0,Australian Grand Prix,1,1,4.447983333333333,1
151,1,6,0.1052631578947368,8,0,3,False,1,0,INTERMEDIATE,140.418,2.2349999999996726,6.0,5.79400000000004,1,2.0,10.467499999999973,,0,Australian Grand Prix,1,1,6.788283333333333,1
151,1,7,0.1228070175438596,8,0,3,False,1,0,INTERMEDIATE,127.498,0.6680000000005748,7.0,2.9829999999999472,6,2.0,14.553499999999984,,0,Australian Grand Prix,1,1,8.91325,1
151,1,8,0.1403508771929824,8,0,3,False,1,0,INTERMEDIATE,98.311,0.6980000000003201,8.0,3.3360000000000127,5,2.0,14.135499999999864,,0,Australian Grand Prix,1,0,,1
151,1,9,0.1578947368421052,8,0,3,False,1,0,INTERMEDIATE,96.242,0.6400000000003274,9.0,3.34699999999998,3,2.0,14.065500000000045,,0,Australian Grand Prix,1,0,,1
151,1,10,0.175438596491228,8,0,3,False,1,0,INTERMEDIATE,95.107,1.2530000000006112,10.0,3.3799999999999955,2,2.0,13.902499999999918,,0,Australian Grand Prix,1,0,,1
151,1,11,0.1929824561403508,8,0,3,False,1,0,INTERMEDIATE,94.299,1.3460000000004584,11.0,4.052999999999997,2,2.0,13.5234999999999,,0,Australian Grand Prix,1,0,,1
151,1,12,0.2105263157894736,8,0,3,False,1,0,INTERMEDIATE,93.255,0.88799999999992,12.0,5.223999999999933,2,2.0,11.393500000000133,,0,Australian Grand Prix,1,0,,1
151,1,13,0.2280701754385964,8,0,3,False,1,0,INTERMEDIATE,93.017,0.7520000000004075,13.0,6.105999999999767,2,2.0,10.713500000000296,,0,Australian Grand Prix,1,0,,1
151,1,14,0.2456140350877192,8,0,3,False,1,0,INTERMEDIATE,92.992,1.0270000000000437,14.0,6.211000000000013,2,2.0,8.734500000000253,,0,Australian Grand Prix,1,0,,1
151,1,15,0.2631578947368421,8,0,3,False,1,0,INTERMEDIATE,92.763,1.0570000000006985,15.0,5.829999999999927,2,2.0,7.886500000000069,,0,Australian Grand Prix,1,0,,1
151,1,16,0.2807017543859649,8,0,3,False,1,0,INTERMEDIATE,92.749,1.3419999999996437,16.0,5.634999999999991,1,2.0,5.877500000000055,,0,Australian Grand Prix,1,0,,1
151,1,17,0.2982456140350877,8,0,3,False,1,0,INTERMEDIATE,92.83,1.0839999999998329,17.0,6.192999999999984,1,2.0,4.792500000000018,,0,Australian Grand Prix,1,1,0.6046333333333334,1
151,1,18,0.3157894736842105,8,0,3,False,1,0,INTERMEDIATE,92.877,0.9800000000004728,18.0,6.947000000000116,1,2.0,3.873499999999922,,0,Australian Grand Prix,1,1,2.1525833333333333,1
151,1,19,0.3333333333333333,8,0,3,False,1,0,INTERMEDIATE,92.914,0.8429999999998472,19.0,6.7169999999996435,1,2.0,3.267500000000382,,0,Australian Grand Prix,1,1,3.70115,1
151,1,20,0.3508771929824561,8,0,3,False,1,0,INTERMEDIATE,92.341,0.8279999999995198,20.0,6.955999999999904,1,2.0,1.741500000000087,,0,Australian Grand Prix,1,1,5.240166666666667,1
151,1,21,0.3684210526315789,8,0,3,False,1,0,INTERMEDIATE,92.079,0.8710000000000946,21.0,7.30600000000004,1,2.0,0.6005000000000109,,0,Australian Grand Prix,1,1,6.774816666666666,1
151,1,22,0.3859649122807017,8,0,3,False,1,0,INTERMEDIATE,92.041,0.8590000000003783,22.0,7.744000000000142,1,2.0,8.486499999999978,0.5434999999999945,0,Australian Grand Prix,1,0,,1
151,1,23,0.4035087719298245,8,0,3,False,1,0,INTERMEDIATE,91.771,0.8800000000001091,23.0,7.296999999999798,1,2.0,7.614500000000135,1.537499999999909,0,Australian Grand Prix,1,0,,1
151,1,24,0.4210526315789473,8,0,3,False,1,0,INTERMEDIATE,91.852,0.863999999999578,24.0,6.266999999999825,1,2.0,7.364500000000135,2.1545000000000982,0,Australian Grand Prix,1,1,1.368083333333333,1
151,1,25,0.4385964912280701,8,0,3,False,1,0,INTERMEDIATE,90.86,0.7100000000000364,25.0,6.112999999999829,1,2.0,6.132500000000164,3.26949999999988,0,Australian Grand Prix,1,1,2.882416666666667,1
151,1,26,0.4561403508771929,8,0,3,False,1,0,INTERMEDIATE,91.302,0.7030000000004293,26.0,6.110000000000127,1,2.0,5.887499999999818,3.7775000000001455,0,Australian Grand Prix,1,1,4.404116666666667,1
151,1,27,0.4736842105263157,8,0,3,False,1,0,INTERMEDIATE,90.755,1.0060000000003129,27.0,5.818000000000211,1,2.0,5.2345000000000255,4.1404999999999745,0,Australian Grand Prix,1,1,5.9167,1
151,1,28,0.4912280701754385,8,0,3,False,1,0,INTERMEDIATE,90.143,0.8170000000000073,28.0,6.391000000000076,1,2.0,4.6525000000001455,4.798499999999876,0,Australian Grand Prix,1,1,7.419083333333333,1
151,1,29,0.5087719298245614,8,0,3,False,1,0,INTERMEDIATE,90.127,0.9210000000002764,29.0,6.182999999999993,1,2.0,3.844500000000153,5.04950000000008,0,Australian Grand Prix,1,0,,1
151,1,30,0.5263157894736842,8,0,3,False,1,0,INTERMEDIATE,89.737,1.0299999999997451,30.0,6.2400000000002365,1,2.0,2.7285000000001673,6.0034999999998035,0,Australian Grand Prix,1,0,,1
151,1,31,0.543859649122807,8,0,3,False,1,0,INTERMEDIATE,90.422,1.399000000000342,31.0,5.063000000000102,1,2.0,2.0734999999999673,5.652499999999236,0,Australian Grand Prix,1,0,,1
151,1,32,0.5614035087719298,8,0,3,False,1,0,INTERMEDIATE,90.234,1.4470000000001164,32.0,3.861000000000331,1,2.0,1.650499999999283,5.5275000000001455,0,Australian Grand Prix,1,0,,1
151,1,33,0.5789473684210527,8,0,3,False,1,1,INTERMEDIATE,110.479,1.7470000000002983,33.0,6.016999999999825,1,2.0,12.003500000000258,10.636499999999614,0,Australian Grand Prix,1,0,,1
151,1,34,0.5964912280701754,8,0,4,False,1,0,HARD,146.885,1.160000000000764,2.0,1.7280000000000657,1,1.0,1.6464999999998329,,0,Australian Grand Prix,1,0,,1
151,1,35,0.6140350877192983,8,0,4,False,1,0,HARD,103.401,1.5820000000003347,3.0,2.997000000000753,1,1.0,1.3094999999993888,,0,Australian Grand Prix,1,0,,1
151,1,36,0.631578947368421,8,0,4,False,1,0,HARD,102.431,1.268000000000029,4.0,2.2210000000000036,1,1.0,4.4724999999998545,,0,Australian Grand Prix,1,0,,1
151,1,37,0.6491228070175439,8,0,4,False,1,0,HARD,128.079,2.061000000000604,5.0,1.4400000000000546,6,1.0,12.532500000000256,,0,Australian Grand Prix,1,0,,1
151,1,38,0.6666666666666666,8,0,4,False,1,0,HARD,138.415,1.3389999999999418,6.0,2.706000000000131,2,1.0,10.976500000000216,,0,Australian Grand Prix,1,0,,1
151,1,39,0.6842105263157895,8,0,4,False,1,0,HARD,132.085,1.3810000000012224,7.0,2.26299999999992,2,1.0,11.347500000000764,,0,Australian Grand Prix,1,0,,1
151,1,40,0.7017543859649122,8,0,4,False,1,0,HARD,131.407,0.949000000000524,8.0,0.4710000000000036,2,1.0,12.73050000000012,,0,Australian Grand Prix,1,0,,1
151,1,41,0.7192982456140351,8,0,4,False,1,0,HARD,126.607,0.4130000000004656,9.0,0.0839999999998326,2,1.0,15.809500000000298,,0,Australian Grand Prix,1,0,,1
151,1,42,0.7368421052631579,8,0,4,False,1,0,HARD,87.508,0.793999999999869,10.0,0.0810000000001309,2,1.0,15.845499999999902,,0,Australian Grand Prix,1,0,,1
151,1,43,0.7543859649122807,8,0,4,False,1,0,HARD,84.218,0.4150000000008731,11.0,0.7640000000001237,2,1.0,14.82049999999981,,0,Australian Grand Prix,1,0,,1
151,1,44,0.7719298245614035,3,0,4,False,1,0,HARD,89.454,2.4060000000008586,12.0,8.686999999999898,0,2.0,1.5015000000003056,0.3005000000002837,0,Australian Grand Prix,1,0,,1
151,1,45,0.7894736842105263,2,0,4,False,1,0,HARD,93.045,9.031999999999243,13.0,6.911000000000058,0,2.0,11.10949999999957,2.0265000000008513,0,Australian Grand Prix,1,0,,1
151,1,46,0.8070175438596491,1,3,4,False,1,0,HARD,96.714,0.0,14.0,6.625999999999294,0,,1.483225000000857,8.01877499999955,0,Australian Grand Prix,1,0,,1
151,1,47,0.8245614035087719,9,0,4,False,1,1,HARD,,4.063999999998487,15.0,,0,12.0,,,0,Australian Grand Prix,0,0,,1
151,1,48,0.8421052631578947,9,3,5,True,1,0,INTERMEDIATE,119.219,1.4979999999995923,1.0,3.451000000001841,4,-3.0,4.6582249999983105,133.0507750000006,0,Australian Grand Prix,1,1,1.5889,1
151,1,49,0.8596491228070176,9,4,5,False,1,0,INTERMEDIATE,144.575,1.403999999998632,2.0,1.652999999999338,4,-3.0,6.4562250000008135,133.38477499999954,0,Australian Grand Prix,1,1,0.9977666666666668,1
151,1,50,0.8771929824561403,9,4,5,False,1,0,INTERMEDIATE,137.095,0.7450000000008004,3.0,4.3400000000001455,4,-3.0,3.769225000000006,136.62877500000013,0,Australian Grand Prix,1,1,3.2826833333333334,1
151,1,51,0.8947368421052632,9,4,5,False,1,0,INTERMEDIATE,131.311,0.3109999999996944,4.0,1.0249999999996362,4,-3.0,7.084225000000515,138.288775,0,Australian Grand Prix,1,1,5.4712,1
151,1,52,0.912280701754386,10,4,5,False,1,0,INTERMEDIATE,97.051,0.4819999999999709,5.0,-197.6210000000001,5,0.0,7.755224999999882,136.24577500000032,1,Australian Grand Prix,1,0,,1
151,1,53,0.9298245614035088,10,4,5,False,1,0,INTERMEDIATE,93.039,0.7900000000008731,6.0,-198.85100000000057,5,0.0,8.063225000000784,134.6047749999998,0,Australian Grand Prix,1,0,,1
151,1,54,0.9473684210526316,9,4,5,False,1,0,INTERMEDIATE,91.265,0.9729999999999565,7.0,-197.60899999999947,5,0.0,8.246224999999868,133.90177500000027,1,Australian Grand Prix,1,0,,1
151,1,55,0.9649122807017544,9,0,5,False,1,0,INTERMEDIATE,89.874,0.8719999999993888,8.0,-197.4319999999998,5,0.0,18.056499999998778,124.71850000000086,0,Australian Grand Prix,1,0,,1
151,1,56,0.9824561403508772,9,0,5,False,1,0,INTERMEDIATE,90.095,1.1660000000010768,9.0,-198.96799999999985,5,0.0,18.350499999999556,122.77250000000096,1,Australian Grand Prix,1,0,,1
151,1,57,1.0,10,0,5,False,1,0,INTERMEDIATE,92.418,2.0490000000008877,10.0,,6,-3.0,19.80450000000019,119.0045,1,Australian Grand Prix,1,0,,1
151,3,1,0.0175438596491228,2,0,5,False,1,0,INTERMEDIATE,119.392,2.2760000000007494,1.0,1.4150000000000065,1,0.0,4.5294999999999845,2.0725000000000193,0,Australian Grand Prix,1,1,1.8602666666666667,1
151,3,2,0.0350877192982456,2,0,0,False,1,1,INTERMEDIATE,,1.6950000000006185,2.0,,0,0.0,,,1,Australian Grand Prix,0,0,,0
151,3,3,0.0526315789473684,2,0,1,False,1,1,INTERMEDIATE,,2.1669999999994616,3.0,,0,0.0,,,0,Australian Grand Prix,0,0,,0
151,3,4,0.0701754385964912,2,0,2,False,1,1,INTERMEDIATE,,1.8710000000000944,4.0,,0,0.0,,,0,Australian Grand Prix,0,0,,0
151,3,5,0.087719298245614,2,0,3,False,1,0,INTERMEDIATE,143.609,1.8320000000003347,5.0,0.9610000000000128,1,0.0,0.74249999999995,0.49350000000004,0,Australian Grand Prix,1,1,4.25375,1
151,3,6,0.1052631578947368,2,0,3,False,1,0,INTERMEDIATE,139.654,1.0629999999991924,6.0,1.1800000000000637,1,0.0,5.602499999999964,0.1915000000000759,1,Australian Grand Prix,1,1,6.581316666666667,1
151,3,7,0.1228070175438596,2,0,3,False,1,0,INTERMEDIATE,136.447,0.4020000000000436,7.0,0.3020000000000209,1,0.0,11.084499999999936,,1,Australian Grand Prix,1,1,8.855433333333334,1
151,3,8,0.1403508771929824,2,0,3,False,1,0,INTERMEDIATE,96.83,0.9539999999997236,8.0,0.7229999999999563,1,0.0,9.185499999999934,,1,Australian Grand Prix,1,0,,1
151,3,9,0.1578947368421052,2,0,3,False,1,0,INTERMEDIATE,94.315,0.6310000000003129,9.0,0.98599999999999,1,0.0,7.188499999999976,,1,Australian Grand Prix,1,0,,1
151,3,10,0.175438596491228,2,0,3,False,1,0,INTERMEDIATE,92.65,1.15099999999984,10.0,1.0079999999999243,1,0.0,4.568499999999972,,1,Australian Grand Prix,1,0,,1
151,3,11,0.1929824561403508,2,0,3,False,1,0,INTERMEDIATE,92.453,1.4149999999999636,11.0,0.51400000000001,1,0.0,2.343499999999949,,1,Australian Grand Prix,1,0,,1
151,3,12,0.2105263157894736,2,0,3,False,1,0,INTERMEDIATE,91.591,1.2280000000000657,12.0,0.2129999999999654,1,0.0,5.011500000000069,0.0474999999998999,1,Australian Grand Prix,1,0,,1
151,3,13,0.2280701754385964,2,0,3,False,1,0,INTERMEDIATE,91.271,1.1810000000004948,13.0,0.31899999999996,1,0.0,3.1295000000000073,2.675499999999829,1,Australian Grand Prix,1,0,,1
151,3,14,0.2456140350877192,2,0,3,False,1,0,INTERMEDIATE,90.639,1.0250000000005457,14.0,0.2349999999998999,1,0.0,1.05150000000026,5.133499999999913,1,Australian Grand Prix,1,0,,1
151,3,15,0.2631578947368421,2,0,3,False,1,0,INTERMEDIATE,90.328,1.126999999999498,15.0,0.25,1,0.0,3.122500000000173,1.3534999999994852,1,Australian Grand Prix,1,0,,1
151,3,16,0.2807017543859649,2,0,3,False,1,0,INTERMEDIATE,90.592,1.7669999999998254,16.0,0.3800000000001091,1,0.0,1.8824999999999363,3.225500000000011,1,Australian Grand Prix,1,0,,1
151,3,17,0.2982456140350877,3,0,3,False,1,0,INTERMEDIATE,93.392,1.9830000000001744,17.0,9.23700000000008,1,0.0,2.7725000000000364,2.9214999999999236,1,Australian Grand Prix,1,1,0.2550833333333333,1
151,3,18,0.3157894736842105,3,0,3,False,1,0,INTERMEDIATE,92.169,4.0090000000000146,18.0,8.807999999999993,1,0.0,2.3275000000001,3.660499999999729,0,Australian Grand Prix,1,1,1.7912333333333332,1
151,3,19,0.3333333333333333,3,0,3,False,1,0,INTERMEDIATE,91.939,5.131999999999607,19.0,9.057999999999993,0,0.0,2.4055000000000746,4.63550000000032,0,Australian Grand Prix,1,1,3.32355,1
151,3,20,0.3508771929824561,3,0,3,False,1,0,INTERMEDIATE,91.598,6.571000000000822,20.0,8.775000000000091,0,0.0,2.2474999999999454,5.378500000000031,0,Australian Grand Prix,1,1,4.850183333333334,1
151,3,21,0.3684210526315789,3,0,3,False,1,0,INTERMEDIATE,91.177,8.02099999999973,21.0,8.724999999999909,0,0.0,2.265500000000202,6.280499999999847,0,Australian Grand Prix,1,1,6.3698,1
151,3,22,0.3859649122807017,3,0,3,False,1,0,INTERMEDIATE,91.04,8.846999999999753,22.0,8.713999999999942,0,0.0,2.610500000000002,7.281499999999824,0,Australian Grand Prix,1,1,7.887133333333334,1
151,3,23,0.4035087719298245,3,0,3,False,1,0,INTERMEDIATE,90.686,9.793999999999867,23.0,9.003000000000156,0,0.0,1.7454999999999927,8.366500000000087,0,Australian Grand Prix,1,0,,1
151,3,24,0.4210526315789473,3,0,3,False,1,0,INTERMEDIATE,90.978,11.14599999999973,24.0,8.697999999999865,0,0.0,1.991500000000087,9.240499999999884,0,Australian Grand Prix,1,1,0.9137333333333332,1
151,3,25,0.4385964912280701,3,0,3,False,1,0,INTERMEDIATE,90.845,12.695999999999913,25.0,8.34100000000035,0,0.0,2.5854999999996835,9.255500000000213,0,Australian Grand Prix,1,1,2.4278166666666667,1
151,3,26,0.4561403508771929,3,0,3,False,1,0,INTERMEDIATE,90.293,13.855999999999767,26.0,8.159000000000106,0,0.0,2.5385000000001128,10.26449999999977,0,Australian Grand Prix,1,1,3.9327,1
151,3,27,0.4736842105263157,3,0,3,False,1,0,INTERMEDIATE,89.731,14.550000000000182,27.0,8.290999999999713,0,0.0,1.7065000000002328,11.288499999999658,0,Australian Grand Prix,1,1,5.428216666666667,1
151,3,28,0.4912280701754385,3,0,3,False,1,0,INTERMEDIATE,89.411,15.331999999999429,28.0,8.576000000000022,0,0.0,1.3945000000003347,12.020499999999627,0,Australian Grand Prix,1,1,6.9184,1
151,3,29,0.5087719298245614,3,0,3,False,1,0,INTERMEDIATE,89.043,16.186999999999898,29.0,9.021000000000186,0,0.0,0.9454999999998108,13.104499999999916,0,Australian Grand Prix,1,0,,1
151,3,30,0.5263157894736842,3,0,3,False,1,0,INTERMEDIATE,88.237,16.092999999999847,30.0,10.572999999999864,0,0.0,7.447500000000218,0.1844999999998435,0,Australian Grand Prix,1,0,,1
151,3,31,0.543859649122807,3,0,3,False,1,0,INTERMEDIATE,88.127,16.304000000000087,31.0,11.48700000000008,0,0.0,6.533500000000004,1.6035000000001671,0,Australian Grand Prix,1,0,,1
151,3,32,0.5614035087719298,3,0,3,False,1,0,INTERMEDIATE,88.208,15.13300000000072,32.0,12.639999999999873,0,0.0,5.380500000000211,2.7325000000000728,0,Australian Grand Prix,1,0,,1
151,3,33,0.5789473684210527,3,0,3,False,1,0,INTERMEDIATE,88.046,14.952999999999518,33.0,15.14700000000039,0,0.0,2.8734999999996944,8.652500000000146,0,Australian Grand Prix,1,0,,1
151,3,34,0.5964912280701754,3,0,3,False,1,1,INTERMEDIATE,128.598,16.52599999999984,34.0,22.066999999999094,0,0.0,34.87950000000046,4.046499999999014,0,Australian Grand Prix,1,0,,1
151,3,35,0.6140350877192983,3,0,4,True,1,0,MEDIUM,124.508,17.25300000000061,1.0,23.539999999999964,0,-1.0,35.606499999999414,5.51949999999988,0,Australian Grand Prix,1,0,,1
151,3,36,0.631578947368421,3,0,4,False,1,0,MEDIUM,116.334,2.375,2.0,12.11200000000008,1,-1.0,5.908500000000004,2.3955000000000837,0,Australian Grand Prix,1,0,,1
151,3,37,0.6491228070175439,3,0,4,False,1,0,MEDIUM,,5.506999999999607,3.0,,0,-1.0,,,0,Australian Grand Prix,0,0,,1
151,3,38,0.6666666666666666,3,0,4,False,1,0,MEDIUM,137.91,4.525000000001455,4.0,12.473999999999704,2,-1.0,5.546500000000378,152.18349999999964,0,Australian Grand Prix,1,0,,1
151,3,39,0.6842105263157895,3,0,4,False,1,0,MEDIUM,132.714,3.4590000000007426,5.0,12.543999999999867,2,-1.0,5.476500000000215,151.19249999999963,0,Australian Grand Prix,1,0,,1
151,3,40,0.7017543859649122,3,0,4,False,1,0,MEDIUM,131.498,1.941000000000713,6.0,12.41399999999976,2,-1.0,5.606500000000324,151.6794999999997,0,Australian Grand Prix,1,0,,1
151,3,41,0.7192982456140351,3,0,4,False,1,0,MEDIUM,132.004,0.3919999999998254,7.0,11.623999999999796,2,-1.0,6.396500000000287,147.10249999999996,0,Australian Grand Prix,1,0,,1
151,3,42,0.7368421052631579,3,0,4,False,1,0,MEDIUM,85.317,1.1260000000002035,8.0,12.545999999999822,2,-1.0,5.474500000000262,149.29349999999977,0,Australian Grand Prix,1,0,,1
151,3,43,0.7543859649122807,3,0,4,False,1,0,MEDIUM,83.081,0.9650000000001456,9.0,14.530000000000657,2,-1.0,3.490499999999429,150.4305000000004,0,Australian Grand Prix,1,0,,1
151,3,44,0.7719298245614035,1,0,4,False,1,0,MEDIUM,86.789,0.0,10.0,171.11600000000044,0,,,2.5614999999997963,0,Australian Grand Prix,1,0,,1
151,3,45,0.7894736842105263,1,0,4,False,1,0,MEDIUM,92.874,0.0,11.0,171.28699999999935,0,,97.66549999999916,6.094500000000153,0,Australian Grand Prix,1,0,,1
151,3,46,0.8070175438596491,5,0,4,False,1,1,MEDIUM,112.606,2.0640000000003056,12.0,16.698999999999614,3,10.0,1.3215000000000146,137.3745000000008,0,Australian Grand Prix,1,0,,1
151,3,47,0.8245614035087719,2,3,5,False,1,0,INTERMEDIATE,127.213,15.930000000000293,1.0,11.925000000000182,0,-2.0,18.5182249999998,3.8157750000000306,0,Australian Grand Prix,1,0,,1
151,3,48,0.8421052631578947,2,4,5,False,1,0,INTERMEDIATE,122.406,1.3409999999985305,2.0,12.648000000000138,1,-2.0,3.92922499999986,4.538774999999987,0,Australian Grand Prix,1,1,1.172316666666667,1
151,3,49,0.8596491228070176,2,4,5,False,1,0,INTERMEDIATE,144.892,1.253999999998996,3.0,11.918999999999867,1,-2.0,3.842225000000326,3.8097749999997177,0,Australian Grand Prix,1,1,0.5864666666666667,1
151,3,50,0.8771929824561403,2,4,5,False,1,0,INTERMEDIATE,142.085,0.9439999999995052,4.0,12.138999999999214,1,-2.0,3.5322250000008353,4.029774999999063,0,Australian Grand Prix,1,1,2.95455,1
151,3,51,0.8947368421052632,2,4,5,False,1,0,INTERMEDIATE,133.879,0.6449999999986176,5.0,11.40899999999965,1,-2.0,3.233225000000857,3.2997749999994994,0,Australian Grand Prix,1,1,5.185866666666667,1
151,3,52,0.912280701754386,2,4,5,False,1,0,INTERMEDIATE,93.864,1.3109999999996944,6.0,11.878999999999904,1,-2.0,3.899225000000115,3.769774999999754,0,Australian Grand Prix,1,0,,1
151,3,53,0.9298245614035088,2,4,5,False,1,0,INTERMEDIATE,90.859,1.688000000000102,7.0,12.197000000000116,1,-2.0,4.276225000000522,4.087774999999965,0,Australian Grand Prix,1,0,,1
151,3,54,0.9473684210526316,2,4,5,False,1,0,INTERMEDIATE,89.1,1.359999999998763,8.0,13.507000000000517,1,-2.0,3.948225000000093,5.397775000000365,0,Australian Grand Prix,1,0,,1
151,3,55,0.9649122807017544,2,0,5,False,1,0,INTERMEDIATE,88.538,0.7029999999995198,9.0,15.045000000000073,1,-2.0,2.975499999999556,7.931500000000597,0,Australian Grand Prix,1,0,,1
151,3,56,0.9824561403508772,2,0,5,False,1,0,INTERMEDIATE,87.921,0.6280000000006112,10.0,16.57800000000043,1,-2.0,1.4424999999991996,9.811500000000706,0,Australian Grand Prix,1,0,,1
151,3,57,1.0,2,0,5,False,1,0,INTERMEDIATE,87.4,0.9020000000000435,11.0,18.295000000000073,1,-2.0,13.401499999999942,0.2745000000004438,0,Australian Grand Prix,1,0,,1
151,7,1,0.0175438596491228,5,0,5,False,1,0,INTERMEDIATE,128.48,3.845999999999549,1.0,3.7150000000000034,1,0.0,4.148499999999984,,0,Australian Grand Prix,1,1,2.011733333333334,1
151,7,2,0.0350877192982456,5,0,0,False,1,1,INTERMEDIATE,,2.884999999999309,2.0,,0,0.0,,,0,Australian Grand Prix,0,0,,0
151,7,3,0.0526315789473684,5,0,1,False,1,1,INTERMEDIATE,,2.6350000000002183,3.0,,0,0.0,,,0,Australian Grand Prix,0,0,,0
151,7,4,0.0701754385964912,5,0,2,False,1,1,INTERMEDIATE,,1.962000000000444,4.0,,0,0.0,,,0,Australian Grand Prix,0,0,,0
151,7,5,0.087719298245614,5,0,3,False,1,0,INTERMEDIATE,142.597,2.8469999999997526,5.0,3.201999999999998,1,0.0,7.582499999999982,,0,Australian Grand Prix,1,1,4.38835,1
151,7,6,0.1052631578947368,5,0,3,False,1,0,INTERMEDIATE,138.85,2.212000000000444,6.0,3.963999999999885,1,0.0,5.3215000000000146,,0,Australian Grand Prix,1,1,6.702516666666667,1
151,7,7,0.1228070175438596,5,0,3,False,1,0,INTERMEDIATE,133.209,0.73700000000008,7.0,-0.1799999999999499,4,0.0,15.118499999999926,,0,Australian Grand Prix,1,1,8.922666666666666,1
151,7,8,0.1403508771929824,5,0,3,False,1,0,INTERMEDIATE,98.19,1.102999999999156,8.0,-0.0890000000000554,2,0.0,14.57949999999994,,0,Australian Grand Prix,1,0,,1
151,7,9,0.1578947368421052,5,0,3,False,1,0,INTERMEDIATE,94.933,1.1629999999995562,9.0,1.27800000000002,1,0.0,13.200500000000034,,0,Australian Grand Prix,1,0,,1
151,7,10,0.175438596491228,5,0,3,False,1,0,INTERMEDIATE,93.539,1.1150000000006912,10.0,2.2329999999999472,1,0.0,11.469499999999924,,0,Australian Grand Prix,1,0,,1
151,7,11,0.1929824561403508,5,0,3,False,1,0,INTERMEDIATE,94.251,2.019000000000233,11.0,2.187999999999988,1,0.0,11.042499999999905,,0,Australian Grand Prix,1,0,,1
151,7,12,0.2105263157894736,5,0,3,False,1,0,INTERMEDIATE,93.536,2.7519999999994975,12.0,2.365000000000009,1,0.0,9.193500000000084,,0,Australian Grand Prix,1,0,,1
151,7,13,0.2280701754385964,5,0,3,False,1,0,INTERMEDIATE,92.198,2.58600000000024,13.0,3.3200000000001637,1,0.0,7.694500000000062,,0,Australian Grand Prix,1,0,,1
151,7,14,0.2456140350877192,5,0,3,False,1,0,INTERMEDIATE,92.448,3.1779999999998836,14.0,3.588999999999942,0,0.0,5.171500000000151,,0,Australian Grand Prix,1,0,,1
151,7,15,0.2631578947368421,5,0,3,False,1,0,INTERMEDIATE,91.846,3.1390000000001237,15.0,4.475999999999658,0,0.0,3.406500000000051,,0,Australian Grand Prix,1,0,,1
151,7,16,0.2807017543859649,5,0,3,False,1,0,INTERMEDIATE,91.832,3.231999999999971,16.0,5.107999999999947,0,0.0,0.48050000000012,,0,Australian Grand Prix,1,0,,1
151,7,17,0.2982456140350877,5,0,3,False,1,0,INTERMEDIATE,92.502,4.136999999999716,17.0,5.69399999999996,0,0.0,0.6705000000001746,0.9324999999998907,0,Australian Grand Prix,1,1,0.5092166666666667,1
151,7,18,0.3157894736842105,5,0,3,False,1,0,INTERMEDIATE,92.614,5.011000000000422,18.0,6.060999999999922,0,0.0,1.1035000000001671,2.1144999999999072,0,Australian Grand Prix,1,1,2.052783333333333,1
151,7,19,0.3333333333333333,5,0,3,False,1,0,INTERMEDIATE,91.861,4.682999999999993,19.0,7.250999999999976,0,0.0,1.0225000000000364,3.7735000000000127,0,Australian Grand Prix,1,1,3.5838,1
151,7,20,0.3508771929824561,5,0,3,False,1,0,INTERMEDIATE,91.756,5.124000000000706,20.0,7.850999999999885,0,0.0,1.459500000000162,5.884499999999889,0,Australian Grand Prix,1,1,5.113066666666667,1
151,7,21,0.3684210526315789,5,0,3,False,1,0,INTERMEDIATE,91.159,5.155999999999949,21.0,8.728000000000065,0,0.0,1.5765000000001237,7.945500000000038,0,Australian Grand Prix,1,1,6.632383333333333,1
151,7,22,0.3859649122807017,5,0,3,False,1,0,INTERMEDIATE,90.695,4.821999999999207,22.0,10.085999999999558,0,0.0,0.3845000000001164,1.4054999999998472,0,Australian Grand Prix,1,0,,1
151,7,23,0.4035087719298245,5,0,3,False,1,0,INTERMEDIATE,91.551,5.398000000000138,23.0,10.285000000000082,0,0.0,0.6115000000002055,2.4974999999999454,0,Australian Grand Prix,1,0,,1
151,7,24,0.4210526315789473,5,0,3,False,1,0,INTERMEDIATE,90.732,5.457000000000335,24.0,11.420999999999822,0,0.0,0.5215000000002874,3.867499999999836,0,Australian Grand Prix,1,1,1.1808833333333333,1
151,7,25,0.4385964912280701,5,0,3,False,1,0,INTERMEDIATE,90.251,5.220000000000255,25.0,12.183999999999742,0,0.0,0.0665000000003601,5.708499999999731,0,Australian Grand Prix,1,1,2.6850666666666667,1
151,7,26,0.4561403508771929,5,0,3,False,1,0,INTERMEDIATE,90.34,5.449000000000524,26.0,13.153000000000247,0,0.0,4.867499999999836,0.8924999999999272,0,Australian Grand Prix,1,1,4.190733333333333,1
151,7,27,0.4736842105263157,5,0,3,False,1,0,INTERMEDIATE,90.563,6.1489999999994325,27.0,13.041999999999916,0,0.0,4.978500000000167,0.7925000000000182,0,Australian Grand Prix,1,1,5.700116666666666,1
151,7,28,0.4912280701754385,5,0,3,False,1,0,INTERMEDIATE,89.723,6.176000000000386,28.0,13.65099999999984,0,0.0,4.369500000000244,1.7854999999999563,0,Australian Grand Prix,1,1,7.1955,1
151,7,29,0.5087719298245614,5,0,3,False,1,0,INTERMEDIATE,89.492,6.1799999999993815,29.0,14.181999999999787,0,0.0,3.8385000000002942,2.212499999999636,0,Australian Grand Prix,1,0,,1
151,7,30,0.5263157894736842,5,0,3,False,1,0,INTERMEDIATE,89.367,5.757999999999811,30.0,14.443000000000213,0,0.0,3.5774999999998727,2.6395000000002256,0,Australian Grand Prix,1,0,,1
151,7,31,0.543859649122807,5,0,3,False,1,0,INTERMEDIATE,89.546,6.26299999999992,31.0,14.949999999999818,0,0.0,2.724500000000262,2.33849999999984,0,Australian Grand Prix,1,0,,1
151,7,32,0.5614035087719298,5,0,3,False,1,0,INTERMEDIATE,89.337,6.238999999999578,32.0,15.798999999999978,0,0.0,1.8275000000003272,2.0335000000000036,0,Australian Grand Prix,1,0,,1
151,7,33,0.5789473684210527,5,0,3,False,1,0,INTERMEDIATE,93.966,9.652000000000044,33.0,32.01200000000017,0,0.0,29.546499999999924,13.991500000000087,0,Australian Grand Prix,1,0,,1
151,7,34,0.5964912280701754,5,0,3,False,1,1,INTERMEDIATE,133.905,8.03899999999976,34.0,45.57900000000018,0,0.0,27.93350000000055,27.558500000000095,0,Australian Grand Prix,1,0,,1
151,7,35,0.6140350877192983,5,0,4,False,1,0,HARD,126.872,8.930000000000291,2.0,21.68600000000015,0,1.0,28.82450000000017,3.6655000000000655,0,Australian Grand Prix,1,0,,1
151,7,36,0.631578947368421,5,0,4,False,1,0,HARD,102.406,6.430000000000291,3.0,22.02500000000009,0,1.0,26.32450000000017,4.004500000000007,0,Australian Grand Prix,1,0,,1
151,7,37,0.6491228070175439,5,0,4,False,1,0,HARD,148.223,2.3469999999997526,4.0,1.0880000000001928,4,1.0,10.436500000000253,,0,Australian Grand Prix,1,0,,1
151,7,38,0.6666666666666666,5,0,4,False,1,0,HARD,139.475,3.5499999999992724,5.0,0.75,0,1.0,9.940500000000156,,0,Australian Grand Prix,1,0,,1
151,7,39,0.6842105263157895,5,0,4,False,1,0,HARD,131.723,2.488999999999578,6.0,1.0700000000001637,0,1.0,9.949500000000626,,0,Australian Grand Prix,1,0,,1
151,7,40,0.7017543859649122,5,0,4,False,1,0,HARD,131.985,3.105999999999767,7.0,0.9239999999999782,0,1.0,11.910499999999956,,0,Australian Grand Prix,1,0,,1
151,7,41,0.7192982456140351,5,0,4,False,1,0,HARD,128.829,0.7209999999995489,8.0,-0.762000000000171,0,1.0,17.211500000000342,,0,Australian Grand Prix,1,0,,1
151,7,42,0.7368421052631579,5,0,4,False,1,0,HARD,86.831,1.313000000000102,9.0,-0.466000000000804,0,1.0,16.57050000000072,,0,Australian Grand Prix,1,0,,1
151,7,43,0.7543859649122807,6,0,4,False,1,0,HARD,85.271,0.3569999999999709,10.0,-1.1400000000003274,0,1.0,16.598500000000058,,0,Australian Grand Prix,1,0,,1
151,7,44,0.7719298245614035,5,0,4,False,1,0,HARD,96.363,5.451999999999316,11.0,-159.22100000000046,0,-1.0,6.26549999999952,,1,Australian Grand Prix,1,0,,1
151,7,45,0.7894736842105263,5,3,4,True,1,0,HARD,91.269,3.752000000000407,12.0,-154.08299999999963,0,-1.0,15.02022500000021,5.026775000000271,1,Australian Grand Prix,1,0,,1
151,7,46,0.8070175438596491,2,4,4,False,1,0,HARD,96.429,4.001000000000204,13.0,-158.9449999999997,0,-1.0,14.735224999999446,1.392775000000256,1,Australian Grand Prix,1,0,,1
151,7,47,0.8245614035087719,10,0,4,False,1,1,HARD,,5.790000000000873,14.0,,0,-1.0,,,1,Australian Grand Prix,0,0,,1
151,7,48,0.8421052631578947,10,3,5,False,1,0,INTERMEDIATE,116.044,2.6149999999997817,1.0,-136.71100000000115,5,0.0,11.560225000001992,129.59977499999877,0,Australian Grand Prix,1,1,1.6464166666666666,1
151,7,49,0.8596491228070176,10,4,5,False,1,0,INTERMEDIATE,142.777,0.8170000000009168,2.0,-179.04799999999975,5,0.0,9.76222499999949,131.7317750000002,0,Australian Grand Prix,1,1,1.0253166666666669,1
151,7,50,0.8771929824561403,10,4,5,False,1,0,INTERMEDIATE,139.782,3.503999999998996,3.0,-195.09799999999996,5,0.0,12.449225000000297,132.288775,0,Australian Grand Prix,1,1,3.3550166666666668,1
151,7,51,0.8947368421052632,10,4,5,False,1,0,INTERMEDIATE,127.996,0.1890000000003056,4.0,-198.8189999999995,5,0.0,9.134224999999788,137.26377500000035,0,Australian Grand Prix,1,1,5.488283333333333,1
151,7,52,0.912280701754386,9,4,5,False,1,0,INTERMEDIATE,96.38,0.5540000000000873,5.0,-0.3540000000002692,4,-3.0,8.46322500000042,135.89177500000005,0,Australian Grand Prix,1,0,,1
151,7,53,0.9298245614035088,9,4,5,False,1,0,INTERMEDIATE,92.731,0.9879999999993742,6.0,-0.0459999999993669,4,-3.0,8.155224999999518,134.55877500000042,1,Australian Grand Prix,1,0,,1
151,7,54,0.9473684210526316,8,4,5,False,1,0,INTERMEDIATE,91.082,2.344999999999345,7.0,0.1369999999997162,4,-3.0,7.972225000000435,134.038775,1,Australian Grand Prix,1,0,,1
151,7,55,0.9649122807017544,8,0,5,False,1,0,INTERMEDIATE,89.975,1.8829999999998108,8.0,0.0359999999991487,4,-3.0,17.98450000000048,124.7545,1,Australian Grand Prix,1,0,,1
151,7,56,0.9824561403508772,8,0,5,False,1,0,INTERMEDIATE,89.801,1.3239999999987049,9.0,0.3299999999999272,4,-3.0,17.6904999999997,123.10250000000087,1,Australian Grand Prix,1,0,,1
151,7,57,1.0,8,0,5,False,1,0,INTERMEDIATE,90.964,1.4279999999998836,10.0,-200.08500000000004,4,-3.0,16.23649999999907,120.78850000000055,1,Australian Grand Prix,1,0,,1
151,13,1,0.0175438596491228,11,0,5,False,1,0,INTERMEDIATE,139.485,2.2650000000003274,1.0,1.73599999999999,0,0.0,15.153500000000008,,0,Australian Grand Prix,1,1,2.19515,1
151,13,2,0.0350877192982456,11,0,0,False,1,1,INTERMEDIATE,,2.36200000000008,2.0,,0,0.0,,,0,Australian Grand Prix,0,0,,0
151,13,3,0.0526315789473684,11,0,1,False,1,1,INTERMEDIATE,,3.011000000000422,1.0,,0,-2.0,,,0,Australian Grand Prix,0,0,,0
151,13,4,0.0701754385964912,11,0,2,False,1,1,INTERMEDIATE,,3.13799999999992,1.0,,0,-3.0,,,0,Australian Grand Prix,0,0,,0
151,13,5,0.087719298245614,11,0,3,False,1,0,INTERMEDIATE,140.409,1.3659999999999854,1.0,0.3849999999999909,0,-4.0,16.39949999999999,,0,Australian Grand Prix,1,1,4.5353,1
151,13,6,0.1052631578947368,11,0,3,False,1,0,INTERMEDIATE,140.973,2.845999999999549,2.0,0.5229999999999677,0,-4.0,16.26150000000007,,1,Australian Grand Prix,1,1,6.88485,1
151,13,7,0.1228070175438596,11,0,3,False,1,0,INTERMEDIATE,124.687,1.938999999999396,3.0,-0.0480000000000018,3,-4.0,17.536499999999933,,1,Australian Grand Prix,1,1,8.962966666666667,1
151,13,8,0.1403508771929824,11,0,3,False,1,0,INTERMEDIATE,98.664,2.2490000000007058,4.0,0.2470000000000709,3,-4.0,17.471499999999878,,1,Australian Grand Prix,1,0,,1
151,13,9,0.1578947368421052,11,0,3,False,1,0,INTERMEDIATE,96.253,2.2349999999996726,5.0,0.5040000000000191,3,-4.0,17.412500000000023,,1,Australian Grand Prix,1,0,,1
151,13,10,0.175438596491228,11,0,3,False,1,0,INTERMEDIATE,95.14,1.8060000000004948,6.0,0.4080000000000154,2,-4.0,17.282499999999914,,1,Australian Grand Prix,1,0,,1
151,13,11,0.1929824561403508,11,0,3,False,1,0,INTERMEDIATE,94.972,1.4780000000000657,7.0,0.4260000000000445,2,-4.0,17.576499999999896,,1,Australian Grand Prix,1,0,,1
151,13,12,0.2105263157894736,11,0,3,False,1,0,INTERMEDIATE,94.426,1.82799999999952,8.0,0.9890000000000329,0,-4.0,16.617500000000064,,1,Australian Grand Prix,1,0,,1
151,13,13,0.2280701754385964,11,0,3,False,1,0,INTERMEDIATE,93.899,2.2119999999995343,9.0,1.1539999999999964,0,-4.0,16.819500000000062,,1,Australian Grand Prix,1,0,,1
151,13,14,0.2456140350877192,11,0,3,False,1,0,INTERMEDIATE,93.097,2.644999999999527,10.0,1.905999999999949,0,-4.0,14.945500000000266,,1,Australian Grand Prix,1,0,,1
151,13,15,0.2631578947368421,11,0,3,False,1,0,INTERMEDIATE,92.382,2.703000000000429,11.0,1.7360000000001037,0,-4.0,13.716499999999996,,0,Australian Grand Prix,1,0,,1
151,13,16,0.2807017543859649,11,0,3,False,1,0,INTERMEDIATE,92.554,2.7359999999998763,12.0,5.6059999999999945,0,-4.0,11.512500000000044,,0,Australian Grand Prix,1,0,,1
151,13,17,0.2982456140350877,11,0,3,False,1,0,INTERMEDIATE,93.388,3.1580000000003565,13.0,5.432000000000016,0,-4.0,10.985500000000002,,0,Australian Grand Prix,1,1,0.70785,1
151,13,18,0.3157894736842105,11,0,3,False,1,0,INTERMEDIATE,93.631,4.09099999999944,14.0,3.981999999999971,0,-4.0,10.820500000000038,,0,Australian Grand Prix,1,1,2.268366666666666,1
151,13,19,0.3333333333333333,11,0,3,False,1,0,INTERMEDIATE,92.684,4.494999999999891,15.0,3.240000000000009,0,-4.0,9.984500000000024,,0,Australian Grand Prix,1,1,3.8131,1
151,13,20,0.3508771929824561,11,0,3,False,1,0,INTERMEDIATE,92.58,4.4650000000001455,16.0,1.9790000000000416,0,-4.0,8.697499999999991,,0,Australian Grand Prix,1,1,5.3561,1
151,13,21,0.3684210526315789,11,0,3,False,1,0,INTERMEDIATE,92.429,4.34900000000016,17.0,0.5919999999998709,0,-4.0,7.906500000000051,,0,Australian Grand Prix,1,1,6.896583333333333,1
151,13,22,0.3859649122807017,12,0,3,False,1,0,INTERMEDIATE,94.269,0.92699999999968,18.0,9.029999999999973,1,-4.0,8.990500000000111,,1,Australian Grand Prix,1,0,,1
151,13,23,0.4035087719298245,12,0,3,False,1,0,INTERMEDIATE,92.643,2.2460000000000946,19.0,9.152000000000044,1,-4.0,8.86850000000004,,0,Australian Grand Prix,1,1,0.01065,1
151,13,24,0.4210526315789473,12,0,3,False,1,0,INTERMEDIATE,92.102,3.52599999999984,20.0,9.519000000000233,1,-4.0,8.50149999999985,,0,Australian Grand Prix,1,1,1.5456833333333333,1
151,13,25,0.4385964912280701,12,0,3,False,1,0,INTERMEDIATE,92.092,4.911999999999352,21.0,9.402000000000044,0,-4.0,8.61850000000004,,0,Australian Grand Prix,1,1,3.08055,1
151,13,26,0.4561403508771929,12,0,3,False,1,0,INTERMEDIATE,91.547,5.1599999999998545,22.0,9.664999999999964,0,-4.0,8.35550000000012,,0,Australian Grand Prix,1,1,4.606333333333334,1
151,13,27,0.4736842105263157,12,0,3,False,1,0,INTERMEDIATE,91.408,6.104999999999563,23.0,9.375,0,-4.0,8.645500000000084,,0,Australian Grand Prix,1,1,6.1298,1
151,13,28,0.4912280701754385,12,0,3,False,1,0,INTERMEDIATE,90.725,6.113999999999578,24.0,9.451000000000022,0,-4.0,8.569500000000062,,0,Australian Grand Prix,1,1,7.641883333333333,1
151,13,29,0.5087719298245614,12,0,3,False,1,0,INTERMEDIATE,90.935,7.130000000000109,25.0,8.894000000000233,0,-4.0,9.12649999999985,,0,Australian Grand Prix,1,0,,1
151,13,30,0.5263157894736842,12,0,3,False,1,0,INTERMEDIATE,90.853,8.189000000000306,26.0,8.731999999999971,0,-4.0,9.288500000000113,,0,Australian Grand Prix,1,0,,1
151,13,31,0.543859649122807,12,0,3,False,1,0,INTERMEDIATE,91.077,10.02099999999973,27.0,7.725999999999203,0,-4.0,10.29450000000088,,0,Australian Grand Prix,1,0,,1
151,13,32,0.5614035087719298,12,0,3,False,1,0,INTERMEDIATE,90.657,11.645999999999727,28.0,7.177999999999429,0,-4.0,10.842500000000657,,0,Australian Grand Prix,1,0,,1
151,13,33,0.5789473684210527,11,0,3,False,1,1,INTERMEDIATE,122.766,21.77700000000004,29.0,10.055000000000293,0,-4.0,7.965499999999793,,0,Australian Grand Prix,1,0,,1
151,13,34,0.5964912280701754,11,0,4,True,1,0,HARD,124.993,4.173999999999978,2.0,9.609000000000378,0,1.0,8.411499999999705,,0,Australian Grand Prix,1,0,,1
151,13,35,0.6140350877192983,11,0,4,False,1,0,HARD,105.462,4.966000000000349,3.0,7.885000000000218,0,1.0,10.135499999999864,,0,Australian Grand Prix,1,0,,1
151,13,36,0.631578947368421,11,0,4,False,1,0,HARD,99.85,3.161000000000058,4.0,7.302999999999884,1,1.0,10.7175000000002,,0,Australian Grand Prix,1,0,,1
151,13,37,0.6491228070175439,11,0,4,False,1,0,HARD,126.301,2.1640000000006694,5.0,1.0209999999997308,2,1.0,16.999500000000353,,0,Australian Grand Prix,1,0,,1
151,13,38,0.6666666666666666,11,0,4,False,1,0,HARD,140.07,2.5529999999998836,6.0,0.921999999999116,1,1.0,17.098500000000968,,1,Australian Grand Prix,1,0,,1
151,13,39,0.6842105263157895,11,0,4,False,1,0,HARD,131.9,2.8109999999996944,7.0,0.7359999999994216,1,1.0,17.284500000000662,,1,Australian Grand Prix,1,0,,1
151,13,40,0.7017543859649122,11,0,4,False,1,0,HARD,129.9,3.095999999999549,8.0,0.8600000000001273,3,1.0,17.160499999999956,,1,Australian Grand Prix,1,0,,1
151,13,41,0.7192982456140351,11,0,4,False,1,0,HARD,124.101,0.9769999999989524,9.0,0.2869999999998072,4,1.0,17.733500000000276,,1,Australian Grand Prix,1,0,,1
151,13,42,0.7368421052631579,11,0,4,False,1,0,HARD,87.301,0.7729999999992287,10.0,0.4580000000000837,4,1.0,17.5625,,1,Australian Grand Prix,1,0,,1
151,13,43,0.7543859649122807,11,0,4,False,1,0,HARD,85.538,1.4099999999998545,11.0,0.1629999999995561,4,1.0,17.857500000000073,,1,Australian Grand Prix,1,0,,1
151,13,44,0.7719298245614035,10,0,4,False,1,1,HARD,104.738,3.324000000000524,12.0,1.264999999999418,1,1.0,15.899499999999534,,1,Australian Grand Prix,1,0,,1
151,13,45,0.7894736842105263,10,3,5,True,1,0,INTERMEDIATE,97.256,4.006999999999607,1.0,-0.3980000000001382,1,0.0,6.107224999999744,,1,Australian Grand Prix,1,0,,1
151,13,46,0.8070175438596491,10,4,5,False,1,0,INTERMEDIATE,92.361,0.3169999999990978,2.0,0.8510000000005675,2,0.0,7.258224999999584,,1,Australian Grand Prix,1,0,,1
151,13,47,0.8245614035087719,6,4,5,False,1,0,INTERMEDIATE,125.678,1.044000000001688,3.0,0.3519999999998617,2,0.0,7.75722500000029,,0,Australian Grand Prix,1,1,1.9995333333333336,1
151,13,48,0.8421052631578947,6,4,5,False,1,0,INTERMEDIATE,119.297,1.912000000000262,4.0,1.1300000000001091,2,0.0,6.979225000000042,,1,Australian Grand Prix,1,1,0.9871,1
151,13,49,0.8596491228070176,6,4,5,False,1,0,INTERMEDIATE,145.123,2.0709999999999127,5.0,0.8110000000006039,2,0.0,7.298224999999547,,1,Australian Grand Prix,1,1,3.4058166666666665,1
151,13,50,0.8771929824561403,6,4,5,False,1,0,INTERMEDIATE,139.57,1.356999999999971,6.0,0.6849999999994907,2,0.0,7.424225000000661,,1,Australian Grand Prix,1,1,5.731983333333333,1
151,13,51,0.8947368421052632,6,4,5,False,1,0,INTERMEDIATE,133.847,2.233000000000174,7.0,-0.4449999999997089,2,0.0,8.55422499999986,,1,Australian Grand Prix,1,0,,1
151,13,52,0.912280701754386,6,4,5,False,1,0,INTERMEDIATE,95.395,2.6200000000008004,8.0,0.0949999999993451,2,0.0,8.014225000000806,,1,Australian Grand Prix,1,0,,1
151,13,53,0.9298245614035088,6,0,5,False,1,0,INTERMEDIATE,91.558,2.780000000000655,9.0,0.3519999999998617,2,0.0,17.668499999999767,,1,Australian Grand Prix,1,0,,1
151,13,54,0.9473684210526316,6,0,5,False,1,0,INTERMEDIATE,90.794,3.0120000000006257,10.0,0.5519999999996799,2,0.0,17.46849999999995,,1,Australian Grand Prix,1,0,,1
151,13,55,0.9649122807017544,6,0,5,False,1,0,INTERMEDIATE,90.387,2.79700000000048,11.0,0.6019999999998618,2,0.0,17.418499999999767,,1,Australian Grand Prix,1,0,,1
151,13,56,0.9824561403508772,6,0,5,False,1,0,INTERMEDIATE,90.323,3.627000000000407,12.0,0.6390000000001237,1,0.0,17.381499999999505,,1,Australian Grand Prix,1,0,,1
151,13,57,1.0,6,0,5,False,1,0,INTERMEDIATE,90.957,4.639999999999419,13.0,0.5420000000003711,1,0.0,17.478499999999258,,1,Australian Grand Prix,1,0,,1
151,20,1,0.0175438596491228,12,0,5,False,1,0,INTERMEDIATE,141.221,1.837999999999738,1.0,1.1310000000000002,1,0.0,16.889499999999998,,0,Australian Grand Prix,1,1,2.224083333333333,1
151,20,2,0.0350877192982456,12,0,0,False,1,1,INTERMEDIATE,,1.6660000000001671,2.0,,0,0.0,,,1,Australian Grand Prix,0,0,,0
151,20,3,0.0526315789473684,12,0,1,False,1,1,INTERMEDIATE,,1.894000000000233,3.0,,0,2.0,,,0,Australian Grand Prix,0,0,,0
151,20,4,0.0701754385964912,12,0,2,False,1,1,INTERMEDIATE,,2.2039999999997235,4.0,,0,3.0,,,0,Australian Grand Prix,0,0,,0
151,20,5,0.087719298245614,12,0,3,False,1,0,INTERMEDIATE,139.058,0.8530000000000655,5.0,1.23599999999999,1,4.0,16.78449999999998,,0,Australian Grand Prix,1,1,4.541716666666667,1
151,20,6,0.1052631578947368,12,0,3,False,1,0,INTERMEDIATE,141.111,0.9909999999999854,6.0,1.23599999999999,1,4.0,16.78449999999998,,1,Australian Grand Prix,1,1,6.893566666666667,1
151,20,7,0.1228070175438596,12,0,3,False,1,0,INTERMEDIATE,124.116,0.4200000000000727,7.0,0.5320000000000391,5,4.0,17.48849999999993,,1,Australian Grand Prix,1,1,8.962166666666667,1
151,20,8,0.1403508771929824,12,0,3,False,1,0,INTERMEDIATE,98.959,0.714999999999236,8.0,0.3020000000000209,4,4.0,17.71849999999995,,1,Australian Grand Prix,1,0,,1
151,20,9,0.1578947368421052,12,0,3,False,1,0,INTERMEDIATE,96.51,0.9719999999997526,9.0,0.1039999999999281,4,4.0,17.916500000000042,,1,Australian Grand Prix,1,0,,1
151,20,10,0.175438596491228,12,0,3,False,1,0,INTERMEDIATE,95.044,0.8759999999992942,10.0,0.3300000000000409,3,4.0,17.69049999999993,,1,Australian Grand Prix,1,0,,1
151,20,11,0.1929824561403508,12,0,3,False,1,0,INTERMEDIATE,94.99,0.8940000000002328,11.0,0.0180000000000291,3,4.0,18.00249999999994,,1,Australian Grand Prix,1,0,,1
151,20,12,0.2105263157894736,12,0,3,False,1,0,INTERMEDIATE,94.989,1.4570000000003347,12.0,0.4139999999999872,1,4.0,17.606500000000096,,1,Australian Grand Prix,1,0,,1
151,20,13,0.2280701754385964,12,0,3,False,1,0,INTERMEDIATE,94.064,1.6220000000002983,13.0,0.0470000000000254,1,4.0,17.973500000000058,,1,Australian Grand Prix,1,0,,1
151,20,14,0.2456140350877192,13,0,3,False,1,0,INTERMEDIATE,95.018,0.774000000000342,14.0,,2,0.0,19.189499999999953,,1,Australian Grand Prix,1,0,,1
151,20,15,0.2631578947368421,13,0,3,False,1,0,INTERMEDIATE,93.611,2.1729999999997744,15.0,,2,0.0,20.588500000000067,,0,Australian Grand Prix,1,0,,1
151,20,16,0.2807017543859649,12,0,3,False,1,0,INTERMEDIATE,93.856,6.073999999999614,16.0,0.9020000000000435,0,4.0,17.11850000000004,,0,Australian Grand Prix,1,0,,1
151,20,17,0.2982456140350877,13,0,3,False,1,0,INTERMEDIATE,94.817,1.2079999999996287,17.0,,1,0.0,19.62350000000015,,1,Australian Grand Prix,1,1,0.8251,1
151,20,18,0.3157894736842105,13,0,3,False,1,0,INTERMEDIATE,93.796,2.82300000000032,18.0,,1,0.0,21.23850000000016,,0,Australian Grand Prix,1,1,2.3883666666666667,1
151,20,19,0.3333333333333333,13,0,3,False,1,0,INTERMEDIATE,93.52,4.40099999999984,19.0,,1,0.0,22.816500000000133,,0,Australian Grand Prix,1,1,3.947033333333333,1
151,20,20,0.3508771929824561,13,0,3,False,1,0,INTERMEDIATE,93.867,6.948999999999614,20.0,,0,0.0,25.364500000000135,,0,Australian Grand Prix,1,1,5.5114833333333335,1
151,20,21,0.3684210526315789,13,0,3,False,1,0,INTERMEDIATE,93.22,9.127000000000407,21.0,,0,0.0,27.54250000000025,,0,Australian Grand Prix,1,1,7.06515,1
151,20,22,0.3859649122807017,13,0,3,False,1,0,INTERMEDIATE,93.185,9.497999999999593,22.0,,0,4.0,27.050500000000056,,0,Australian Grand Prix,1,0,,1
151,20,23,0.4035087719298245,13,0,3,False,1,0,INTERMEDIATE,92.765,9.61999999999989,23.0,,0,4.0,27.172500000000127,,0,Australian Grand Prix,1,1,0.1631833333333333,1
151,20,24,0.4210526315789473,13,0,3,False,1,0,INTERMEDIATE,92.469,9.98700000000008,24.0,,0,4.0,27.539500000000317,,0,Australian Grand Prix,1,1,1.7043333333333333,1
151,20,25,0.4385964912280701,13,0,3,False,1,0,INTERMEDIATE,91.975,9.8700000000008,25.0,,0,4.0,27.422500000000127,,0,Australian Grand Prix,1,1,3.23725,1
151,20,26,0.4561403508771929,13,0,3,False,1,0,INTERMEDIATE,91.81,10.13299999999981,26.0,,0,4.0,27.685500000000047,,0,Australian Grand Prix,1,1,4.767416666666667,1
151,20,27,0.4736842105263157,13,0,3,False,1,0,INTERMEDIATE,91.118,9.843000000000757,27.0,,0,4.0,27.395500000000084,,0,Australian Grand Prix,1,1,6.28605,1
151,20,28,0.4912280701754385,13,0,3,False,1,0,INTERMEDIATE,90.801,9.918999999999867,28.0,,0,4.0,27.471500000000106,,0,Australian Grand Prix,1,1,7.7994,1
151,20,29,0.5087719298245614,13,0,3,False,1,0,INTERMEDIATE,90.378,9.36200000000008,29.0,,0,4.0,26.914500000000317,,0,Australian Grand Prix,1,0,,1
151,20,30,0.5263157894736842,13,0,3,False,1,0,INTERMEDIATE,90.691,9.199999999999818,30.0,,0,4.0,26.752500000000055,,0,Australian Grand Prix,1,0,,1
151,20,31,0.543859649122807,13,0,3,False,1,0,INTERMEDIATE,90.071,8.194000000000415,31.0,,0,4.0,25.746499999999287,,0,Australian Grand Prix,1,0,,1
151,20,32,0.5614035087719298,13,0,3,False,1,0,INTERMEDIATE,90.109,7.645999999999731,32.0,,0,4.0,25.198499999999513,,0,Australian Grand Prix,1,0,,1
151,20,33,0.5789473684210527,12,0,3,False,1,1,INTERMEDIATE,125.643,10.522999999999229,33.0,,0,4.0,28.075500000000375,,0,Australian Grand Prix,1,0,,1
151,20,34,0.5964912280701754,12,0,4,False,1,0,MEDIUM,124.547,10.077000000000226,1.0,,0,-1.0,27.629500000000466,,0,Australian Grand Prix,1,0,,1
151,20,35,0.6140350877192983,12,0,4,False,1,0,MEDIUM,103.738,8.353000000000065,2.0,,0,-1.0,25.905500000000306,,0,Australian Grand Prix,1,0,,1
151,20,36,0.631578947368421,12,0,4,False,1,0,MEDIUM,99.268,7.77100000000064,3.0,,0,-1.0,25.323499999999967,,0,Australian Grand Prix,1,0,,1
151,20,37,0.6491228070175439,12,0,4,False,1,0,MEDIUM,120.019,1.4889999999995782,4.0,,2,-1.0,19.041499999999814,,0,Australian Grand Prix,1,0,,1
151,20,38,0.6666666666666666,12,0,4,False,1,0,MEDIUM,139.971,1.389999999999418,5.0,,2,-1.0,18.9424999999992,,0,Australian Grand Prix,1,0,,1
151,20,39,0.6842105263157895,12,0,4,False,1,0,MEDIUM,131.714,1.2039999999997235,6.0,,2,-1.0,18.756499999999505,,0,Australian Grand Prix,1,0,,1
151,20,40,0.7017543859649122,12,0,4,False,1,0,MEDIUM,130.024,1.3280000000013388,7.0,,2,-1.0,18.88050000000021,,0,Australian Grand Prix,1,0,,1
151,20,41,0.7192982456140351,12,0,4,False,1,0,MEDIUM,123.528,0.7550000000010186,8.0,,5,-1.0,18.30749999999989,,0,Australian Grand Prix,1,0,,1
151,20,42,0.7368421052631579,12,0,4,False,1,0,MEDIUM,87.472,0.926000000001295,9.0,,5,-1.0,18.478500000000167,,0,Australian Grand Prix,1,0,,1
151,20,43,0.7543859649122807,12,0,4,False,1,0,MEDIUM,85.243,0.6310000000012224,10.0,,5,-1.0,18.183499999999185,,0,Australian Grand Prix,1,0,,1
151,20,44,0.7719298245614035,12,0,4,False,1,1,MEDIUM,106.696,0.4610000000011496,11.0,,3,0.0,18.876500000000306,,0,Australian Grand Prix,1,0,,1
151,20,45,0.7894736842105263,12,3,5,False,1,0,INTERMEDIATE,97.137,2.0049999999991996,1.0,-275.46599999999944,3,0.0,10.11122500000056,,0,Australian Grand Prix,1,0,,1
151,20,46,0.8070175438596491,12,4,5,False,1,0,INTERMEDIATE,91.21,0.0780000000013387,2.0,-255.65400000000045,3,0.0,8.960225000000719,,0,Australian Grand Prix,1,0,,1
151,20,47,0.8245614035087719,7,4,5,False,1,0,INTERMEDIATE,125.179,0.819999999999709,3.0,,3,0.0,8.461225000000013,,0,Australian Grand Prix,1,0,,1
151,20,48,0.8421052631578947,7,4,5,False,1,0,INTERMEDIATE,120.075,1.597999999999956,4.0,-145.0650000000005,3,0.0,9.23922500000026,,0,Australian Grand Prix,1,1,1.0059333333333331,1
151,20,49,0.8596491228070176,7,4,5,False,1,0,INTERMEDIATE,144.804,1.279000000000451,5.0,-145.29399999999987,3,0.0,8.920225000000755,,0,Australian Grand Prix,1,1,3.4193333333333333,1
151,20,50,0.8771929824561403,7,4,5,False,1,0,INTERMEDIATE,139.444,1.1529999999984284,6.0,-147.64300000000003,3,0.0,8.794224999999642,,0,Australian Grand Prix,1,1,5.7434,1
151,20,51,0.8947368421052632,7,4,5,False,1,0,INTERMEDIATE,132.717,0.0229999999992287,7.0,-149.04899999999998,3,0.0,7.664225000000442,,0,Australian Grand Prix,1,0,,1
151,20,52,0.912280701754386,7,4,5,False,1,0,INTERMEDIATE,95.935,0.5629999999982829,8.0,-147.57899999999972,3,0.0,8.204224999999497,,0,Australian Grand Prix,1,0,,1
151,20,53,0.9298245614035088,7,0,5,False,1,0,INTERMEDIATE,91.815,0.819999999999709,9.0,-146.6630000000005,3,0.0,18.37249999999949,,0,Australian Grand Prix,1,0,,1
151,20,54,0.9473684210526316,7,0,5,False,1,0,INTERMEDIATE,90.994,1.0200000000004366,10.0,-146.57499999999982,3,0.0,18.57249999999931,,0,Australian Grand Prix,1,0,,1
151,20,55,0.9649122807017544,7,0,5,False,1,0,INTERMEDIATE,90.437,1.069999999999709,11.0,-147.03699999999935,3,0.0,18.62249999999949,,1,Australian Grand Prix,1,0,,1
151,20,56,0.9824561403508772,7,0,5,False,1,0,INTERMEDIATE,90.36,1.106999999999971,12.0,-147.59600000000046,2,0.0,18.659499999999753,,1,Australian Grand Prix,1,0,,1
151,20,57,1.0,7,0,5,False,1,0,INTERMEDIATE,90.86,1.0100000000002185,13.0,-147.4920000000002,2,0.0,18.5625,,1,Australian Grand Prix,1,0,,1
151,21,1,0.0175438596491228,7,0,5,False,1,0,INTERMEDIATE,132.195,1.5450000000000728,1.0,0.6880000000000166,1,0.0,7.863499999999988,,0,Australian Grand Prix,1,1,2.07365,1
151,21,2,0.0350877192982456,7,0,0,False,1,1,INTERMEDIATE,,2.167000000000371,2.0,,0,0.0,,,1,Australian Grand Prix,0,0,,0
151,21,3,0.0526315789473684,7,0,1,False,1,1,INTERMEDIATE,,2.9660000000003492,1.0,,0,-2.0,,,0,Australian Grand Prix,0,0,,0
151,21,4,0.0701754385964912,7,0,2,False,1,1,INTERMEDIATE,,1.97400000000016,2.0,,0,-2.0,,,0,Australian Grand Prix,0,0,,0
151,21,5,0.087719298245614,7,0,3,False,1,0,INTERMEDIATE,142.084,2.6170000000001887,3.0,0.3759999999999763,1,-2.0,10.78449999999998,,0,Australian Grand Prix,1,1,4.441716666666666,1
151,21,6,0.1052631578947368,7,0,3,False,1,0,INTERMEDIATE,139.612,2.8479999999999563,4.0,1.1820000000000732,1,-2.0,9.285499999999956,,1,Australian Grand Prix,1,1,6.768583333333333,1
151,21,7,0.1228070175438596,7,0,3,False,1,0,INTERMEDIATE,129.065,0.4619999999995344,5.0,-0.3849999999999909,5,-2.0,14.938499999999976,,1,Australian Grand Prix,1,1,8.919666666666666,1
151,21,8,0.1403508771929824,7,0,3,False,1,0,INTERMEDIATE,98.281,0.2789999999995416,6.0,-0.3550000000000182,3,-2.0,14.490499999999884,,1,Australian Grand Prix,1,0,,1
151,21,9,0.1578947368421052,7,0,3,False,1,0,INTERMEDIATE,96.3,1.1700000000000728,7.0,-0.4130000000000109,2,-2.0,14.478500000000054,,1,Australian Grand Prix,1,0,,1
151,21,10,0.175438596491228,7,0,3,False,1,0,INTERMEDIATE,94.494,1.2309999999997674,8.0,0.2000000000000454,1,-2.0,13.702499999999873,,1,Australian Grand Prix,1,0,,1
151,21,11,0.1929824561403508,7,0,3,False,1,0,INTERMEDIATE,94.206,1.300999999999476,9.0,0.2930000000000063,1,-2.0,13.230499999999893,,1,Australian Grand Prix,1,0,,1
151,21,12,0.2105263157894736,7,0,3,False,1,0,INTERMEDIATE,93.713,1.7409999999999854,10.0,-0.1649999999999636,1,-2.0,11.558500000000096,,1,Australian Grand Prix,1,0,,1
151,21,13,0.2280701754385964,7,0,3,False,1,0,INTERMEDIATE,93.153,2.131999999999607,11.0,-0.3009999999999309,1,-2.0,11.014500000000226,,1,Australian Grand Prix,1,0,,1
151,21,14,0.2456140350877192,7,0,3,False,1,0,INTERMEDIATE,92.717,2.4149999999999636,12.0,-0.0259999999998399,1,-2.0,8.760500000000093,,1,Australian Grand Prix,1,0,,1
151,21,15,0.2631578947368421,7,0,3,False,1,0,INTERMEDIATE,92.733,2.6029999999991564,13.0,0.0040000000003601,1,-2.0,7.882499999999709,,1,Australian Grand Prix,1,0,,1
151,21,16,0.2807017543859649,7,0,3,False,1,0,INTERMEDIATE,92.464,2.9340000000001965,14.0,0.2889999999999872,0,-2.0,5.588500000000067,,1,Australian Grand Prix,1,0,,1
151,21,17,0.2982456140350877,7,0,3,False,1,0,INTERMEDIATE,93.088,3.3770000000004075,15.0,0.030999999999949,0,-2.0,4.761500000000069,,1,Australian Grand Prix,1,1,0.6041166666666666,1
151,21,18,0.3157894736842105,7,0,3,False,1,0,INTERMEDIATE,92.981,2.91399999999976,16.0,-0.0730000000000927,0,-2.0,3.9465000000000146,,1,Australian Grand Prix,1,1,2.1538,1
151,21,19,0.3333333333333333,7,0,3,False,1,0,INTERMEDIATE,93.051,2.4690000000000505,17.0,-0.2099999999995816,0,-2.0,3.4774999999999636,,1,Australian Grand Prix,1,1,3.70465,1
151,21,20,0.3508771929824561,7,0,3,False,1,0,INTERMEDIATE,92.356,2.27599999999984,18.0,-0.224999999999909,0,-2.0,1.9664999999999964,,1,Australian Grand Prix,1,1,5.243916666666666,1
151,21,21,0.3684210526315789,7,0,3,False,1,0,INTERMEDIATE,92.036,2.300000000000182,19.0,-0.1820000000000163,0,-2.0,0.7825000000000273,,1,Australian Grand Prix,1,1,6.77785,1
151,21,22,0.3859649122807017,7,0,3,False,1,0,INTERMEDIATE,92.053,2.786000000000058,20.0,-0.1939999999997326,0,-2.0,8.68049999999971,0.3495000000002619,1,Australian Grand Prix,1,0,,1
151,21,23,0.4035087719298245,7,0,3,False,1,0,INTERMEDIATE,91.75,2.743000000000393,21.0,-0.1730000000000018,0,-2.0,7.787499999999909,1.3645000000001346,1,Australian Grand Prix,1,0,,1
151,21,24,0.4210526315789473,7,0,3,False,1,0,INTERMEDIATE,91.868,3.2310000000006767,22.0,-0.1889999999998508,0,-2.0,7.5534999999999854,1.9655000000002472,1,Australian Grand Prix,1,1,1.3712333333333333,1
151,21,25,0.4385964912280701,7,0,3,False,1,0,INTERMEDIATE,91.014,2.8649999999997817,23.0,-0.3429999999998472,0,-2.0,6.475500000000011,2.9265000000000327,1,Australian Grand Prix,1,1,2.888133333333333,1
151,21,26,0.4561403508771929,7,0,3,False,1,0,INTERMEDIATE,91.309,2.9690000000000505,24.0,-0.3500000000003638,0,-2.0,6.237500000000182,3.4274999999997817,1,Australian Grand Prix,1,1,4.40995,1
151,21,27,0.4736842105263157,7,0,3,False,1,0,INTERMEDIATE,90.452,2.355000000000473,25.0,-0.0470000000000254,0,-2.0,5.281500000000051,4.093499999999949,1,Australian Grand Prix,1,1,5.917483333333333,1
151,21,28,0.4912280701754385,7,0,3,False,1,0,INTERMEDIATE,90.332,1.9780000000000657,26.0,-0.2359999999998763,0,-2.0,4.888500000000022,4.5625,1,Australian Grand Prix,1,1,7.423016666666666,1
151,21,29,0.5087719298245614,7,0,3,False,1,0,INTERMEDIATE,90.023,1.9699999999993452,27.0,-0.1320000000000618,0,-2.0,3.976500000000214,4.917500000000018,1,Australian Grand Prix,1,0,,1
151,21,30,0.5263157894736842,7,0,3,False,1,0,INTERMEDIATE,89.628,1.41399999999976,28.0,-0.0230000000001382,0,-2.0,2.7515000000003056,5.980499999999665,1,Australian Grand Prix,1,0,,1
151,21,31,0.543859649122807,7,0,3,False,1,0,INTERMEDIATE,90.053,1.3850000000002185,29.0,0.3460000000000036,0,-2.0,1.7274999999999636,5.99849999999924,1,Australian Grand Prix,1,0,,1
151,21,32,0.5614035087719298,7,0,3,False,1,0,INTERMEDIATE,90.186,1.0789999999997235,30.0,0.3939999999997781,0,-2.0,1.2564999999995052,5.921499999999924,1,Australian Grand Prix,1,0,,1
151,21,33,0.5789473684210527,7,0,3,False,1,1,INTERMEDIATE,110.179,0.6069999999999709,31.0,0.69399999999996,0,-2.0,11.309500000000298,11.330499999999574,1,Australian Grand Prix,1,0,,1
151,21,34,0.5964912280701754,7,0,4,True,1,0,MEDIUM,147.472,1.268000000000029,1.0,0.1069999999999709,0,-33.0,1.5394999999998618,,1,Australian Grand Prix,1,0,,1
151,21,35,0.6140350877192983,7,0,4,False,1,0,MEDIUM,102.979,1.8850000000002185,2.0,0.5289999999990869,0,0.0,0.780500000000302,,1,Australian Grand Prix,1,0,,1
151,21,36,0.631578947368421,7,0,4,False,1,0,MEDIUM,102.745,5.264000000000124,3.0,0.2149999999996907,0,0.0,4.257500000000164,,1,Australian Grand Prix,1,0,,1
151,21,37,0.6491228070175439,7,0,4,False,1,0,MEDIUM,127.286,0.8090000000001965,4.0,1.0079999999998108,5,0.0,11.524500000000444,,1,Australian Grand Prix,1,0,,1
151,21,38,0.6666666666666666,7,0,4,False,1,0,MEDIUM,139.137,0.7150000000001455,5.0,0.2860000000000582,1,0.0,10.690500000000156,,1,Australian Grand Prix,1,0,,1
151,21,39,0.6842105263157895,7,0,4,False,1,0,MEDIUM,132.043,0.7779999999984284,6.0,0.3279999999999745,1,0.0,11.01950000000079,,1,Australian Grand Prix,1,0,,1
151,21,40,0.7017543859649122,7,0,4,False,1,0,MEDIUM,131.839,0.7879999999986467,7.0,-0.1039999999998144,1,0.0,12.834499999999936,,1,Australian Grand Prix,1,0,,1
151,21,41,0.7192982456140351,7,0,4,False,1,0,MEDIUM,127.143,0.4049999999988358,8.0,-0.6399999999998727,1,0.0,16.44950000000017,,1,Australian Grand Prix,1,0,,1
151,21,42,0.7368421052631579,7,0,4,False,1,0,MEDIUM,87.127,0.386000000000422,9.0,-0.2590000000000145,1,0.0,16.104499999999916,,1,Australian Grand Prix,1,0,,1
151,21,43,0.7543859649122807,7,0,4,False,1,0,MEDIUM,84.597,0.4319999999988795,10.0,-0.63799999999992,1,0.0,15.45849999999973,,1,Australian Grand Prix,1,0,,1
151,21,44,0.7719298245614035,9,0,4,False,1,1,MEDIUM,105.335,1.048000000000684,11.0,1.8020000000005896,0,1.0,14.097499999998943,,1,Australian Grand Prix,1,0,,1
151,21,45,0.7894736842105263,9,3,5,True,1,0,INTERMEDIATE,96.573,1.2910000000010768,1.0,2.4849999999996726,0,0.0,3.6222250000000713,,0,Australian Grand Prix,1,0,,1
151,21,46,0.8070175438596491,7,4,5,False,1,0,INTERMEDIATE,92.795,2.2160000000003492,2.0,0.0720000000001164,0,0.0,5.207225000000108,,0,Australian Grand Prix,1,0,,1
151,21,47,0.8245614035087719,4,4,5,False,1,0,INTERMEDIATE,125.49,5.2669999999998245,3.0,0.3320000000003347,0,0.0,5.518224999999802,,1,Australian Grand Prix,1,1,1.9622166666666667,1
151,21,48,0.8421052631578947,4,4,5,False,1,0,INTERMEDIATE,119.008,1.1460000000006405,4.0,-0.2469999999993888,0,0.0,4.451224999999795,,1,Australian Grand Prix,1,1,0.9449666666666666,1
151,21,49,0.8596491228070176,4,4,5,False,1,0,INTERMEDIATE,144.662,1.6450000000004366,5.0,0.055000000000291,0,0.0,4.309224999999969,,1,Australian Grand Prix,1,1,3.356,1
151,21,50,0.8771929824561403,4,4,5,False,1,0,INTERMEDIATE,141.482,0.8220000000001164,6.0,-1.143000000000029,0,0.0,6.347225000000435,,1,Australian Grand Prix,1,1,5.714033333333333,1
151,21,51,0.8947368421052632,4,4,5,False,1,0,INTERMEDIATE,133.177,0.8500000000003638,7.0,-1.3489999999992506,0,0.0,6.362224999999853,,1,Australian Grand Prix,1,0,,1
151,21,52,0.912280701754386,4,4,5,False,1,0,INTERMEDIATE,94.996,1.5119999999988067,8.0,-1.3369999999995343,0,0.0,5.868225000000166,,1,Australian Grand Prix,1,0,,1
151,21,53,0.9298245614035088,4,0,5,False,1,0,INTERMEDIATE,91.917,2.2520000000004075,9.0,-1.8559999999997672,0,0.0,15.881499999999503,,1,Australian Grand Prix,1,0,,1
151,21,54,0.9473684210526316,4,0,5,False,1,0,INTERMEDIATE,90.587,2.429000000000088,10.0,-1.8809999999994031,0,0.0,15.474499999999352,,1,Australian Grand Prix,1,0,,1
151,21,55,0.9649122807017544,4,0,5,False,1,0,INTERMEDIATE,90.301,2.654000000000451,11.0,-1.5799999999999272,0,0.0,15.33849999999984,,1,Australian Grand Prix,1,0,,1
151,21,56,0.9824561403508772,5,0,5,False,1,0,INTERMEDIATE,90.298,1.3440000000009604,12.0,2.105000000000473,1,0.0,15.276499999999032,,1,Australian Grand Prix,1,0,,1
151,21,57,1.0,5,0,5,False,1,0,INTERMEDIATE,89.944,2.6379999999990105,13.0,3.1179999999994834,0,0.0,14.360499999999774,,0,Australian Grand Prix,1,0,,1
151,22,1,0.0175438596491228,1,0,5,False,1,0,INTERMEDIATE,117.099,0.0,1.0,2.292999999999992,0,,2.2365000000000066,4.365499999999997,0,Australian Grand Prix,1,1,1.82205,1
151,22,2,0.0350877192982456,1,0,0,False,1,1,INTERMEDIATE,,0.0,2.0,,0,,,,0,Australian Grand Prix,0,0,,0
151,22,3,0.0526315789473684,1,0,1,False,1,1,INTERMEDIATE,,0.0,3.0,,0,,,,0,Australian Grand Prix,0,0,,0
151,22,4,0.0701754385964912,1,0,2,False,1,1,INTERMEDIATE,,0.0,4.0,,0,,,,0,Australian Grand Prix,0,0,,0
151,22,5,0.087719298245614,1,0,3,False,1,0,INTERMEDIATE,143.648,0.0,5.0,2.2539999999999623,0,,4.112500000000068,1.1264999999999643,0,Australian Grand Prix,1,1,4.216183333333333,1
151,22,6,0.1052631578947368,1,0,3,False,1,0,INTERMEDIATE,140.423,0.0,6.0,1.4850000000000136,0,,4.11749999999995,1.6765000000000896,0,Australian Grand Prix,1,1,6.556566666666667,1
151,22,7,0.1228070175438596,1,0,3,False,1,0,INTERMEDIATE,137.108,0.0,7.0,0.8239999999999554,0,,10.26049999999998,,1,Australian Grand Prix,1,1,8.8417,1
151,22,8,0.1403508771929824,1,0,3,False,1,0,INTERMEDIATE,96.278,0.0,8.0,1.3759999999999764,0,,7.809499999999957,,1,Australian Grand Prix,1,0,,1
151,22,9,0.1578947368421052,1,0,3,False,1,0,INTERMEDIATE,94.638,0.0,9.0,1.0529999999999973,0,,6.135499999999979,,1,Australian Grand Prix,1,0,,1
151,22,10,0.175438596491228,1,0,3,False,1,0,INTERMEDIATE,92.13,0.0,10.0,1.5730000000000928,0,,2.995499999999879,,1,Australian Grand Prix,1,0,,1
151,22,11,0.1929824561403508,1,0,3,False,1,0,INTERMEDIATE,92.189,0.0,11.0,1.836999999999989,0,,0.50649999999996,,0,Australian Grand Prix,1,0,,1
151,22,12,0.2105263157894736,1,0,3,False,1,0,INTERMEDIATE,91.778,0.0,12.0,1.6500000000002046,0,,3.361499999999751,1.6975000000002185,0,Australian Grand Prix,1,0,,1
151,22,13,0.2280701754385964,1,0,3,False,1,0,INTERMEDIATE,91.318,0.0,13.0,1.6030000000000657,0,,1.5264999999999418,4.2784999999998945,0,Australian Grand Prix,1,0,,1
151,22,14,0.2456140350877192,1,0,3,False,1,0,INTERMEDIATE,90.795,0.0,14.0,1.4470000000001164,0,,3.1935000000000855,0.3695000000000163,0,Australian Grand Prix,1,0,,1
151,22,15,0.2631578947368421,1,0,3,False,1,0,INTERMEDIATE,90.226,0.0,15.0,1.5489999999999782,0,,1.5735000000001946,2.9024999999994634,1,Australian Grand Prix,1,0,,1
151,22,16,0.2807017543859649,1,0,3,False,1,0,INTERMEDIATE,89.952,0.0,16.0,2.1890000000003056,0,,4.799499999999625,0.3065000000003692,0,Australian Grand Prix,1,0,,1
151,22,17,0.2982456140350877,1,0,3,False,1,0,INTERMEDIATE,90.264,0.0,17.0,3.0009999999999764,0,,3.4664999999999964,2.544499999999971,0,Australian Grand Prix,1,1,0.1664666666666666,1
151,22,18,0.3157894736842105,1,0,3,False,1,0,INTERMEDIATE,90.146,0.0,18.0,2.9980000000000473,0,,1.8724999999999457,5.0125000000000455,0,Australian Grand Prix,1,1,1.6689,1
151,22,19,0.3333333333333333,1,0,3,False,1,0,INTERMEDIATE,90.551,0.0,19.0,3.2630000000001473,0,,0.2345000000000254,6.322499999999991,0,Australian Grand Prix,1,1,3.178083333333334,1
151,22,20,0.3508771929824561,1,0,3,False,1,0,INTERMEDIATE,90.71,0.0,20.0,2.711999999999989,0,,8.404500000000098,0.3704999999999927,0,Australian Grand Prix,1,1,4.689916666666667,1
151,22,21,0.3684210526315789,1,0,3,False,1,0,INTERMEDIATE,90.234,0.0,21.0,2.2049999999999272,0,,7.461500000000115,1.2634999999997945,0,Australian Grand Prix,1,1,6.193816666666667,1
151,22,22,0.3859649122807017,1,0,3,False,1,0,INTERMEDIATE,90.3,0.0,22.0,2.1189999999999145,0,,6.7215000000001055,1.9924999999998363,0,Australian Grand Prix,1,1,7.698816666666667,1
151,22,23,0.4035087719298245,1,0,3,False,1,0,INTERMEDIATE,89.922,0.0,23.0,1.9359999999999216,0,,5.957500000000209,3.0454999999999472,0,Australian Grand Prix,1,0,,1
151,22,24,0.4210526315789473,1,0,3,False,1,0,INTERMEDIATE,89.687,0.0,24.0,1.875,0,,4.666500000000269,4.031499999999596,0,Australian Grand Prix,1,1,0.6911666666666667,1
151,22,25,0.4385964912280701,1,0,3,False,1,0,INTERMEDIATE,89.601,0.0,25.0,1.56899999999996,0,,3.4225000000001273,4.918500000000222,0,Australian Grand Prix,1,1,2.1845166666666667,1
151,22,26,0.4561403508771929,1,0,3,False,1,0,INTERMEDIATE,89.16,0.0,26.0,1.5419999999999163,0,,2.2895000000003165,5.869499999999789,0,Australian Grand Prix,1,1,3.670516666666667,1
151,22,27,0.4736842105263157,1,0,3,False,1,0,INTERMEDIATE,89.25,0.0,27.0,1.3289999999997235,0,,1.8085000000000944,6.482499999999618,0,Australian Grand Prix,1,1,5.158016666666667,1
151,22,28,0.4912280701754385,1,0,3,False,1,0,INTERMEDIATE,89.097,0.0,28.0,0.8610000000007858,0,,1.494499999999789,7.081500000000233,1,Australian Grand Prix,1,1,6.642966666666666,1
151,22,29,0.5087719298245614,1,0,3,False,1,0,INTERMEDIATE,88.357,0.0,29.0,0.6920000000000073,0,,0.8085000000000946,8.212500000000091,1,Australian Grand Prix,1,0,,1
151,22,30,0.5263157894736842,1,0,3,False,1,0,INTERMEDIATE,88.032,0.0,30.0,0.9909999999999854,0,,0.6035000000001673,9.969499999999698,1,Australian Grand Prix,1,0,,1
151,22,31,0.543859649122807,1,0,3,False,1,0,INTERMEDIATE,87.695,0.0,31.0,1.2120000000008986,0,,0.1714999999994688,11.315500000000611,1,Australian Grand Prix,1,0,,1
151,22,32,0.5614035087719298,1,0,3,False,1,0,INTERMEDIATE,87.8,0.0,32.0,2.7910000000001673,0,,15.229499999999916,0.2364999999999781,1,Australian Grand Prix,1,0,,1
151,22,33,0.5789473684210527,1,0,3,False,1,0,INTERMEDIATE,87.495,0.0,33.0,3.5220000000003893,0,,14.498499999999694,0.787499999999909,0,Australian Grand Prix,1,0,,1
151,22,34,0.5964912280701754,1,0,3,False,1,1,INTERMEDIATE,122.273,0.0,34.0,8.273999999999887,0,,9.746500000000196,7.112500000000182,0,Australian Grand Prix,1,0,,1
151,22,35,0.6140350877192983,1,0,4,True,1,0,HARD,123.448,0.0,2.0,8.60700000000088,0,,9.413499999999203,8.172500000000127,0,Australian Grand Prix,1,0,,1
151,22,36,0.631578947368421,1,0,4,False,1,0,HARD,136.883,0.0,3.0,2.936000000000604,0,,0.2645000000002255,8.039499999999862,0,Australian Grand Prix,1,0,,1
151,22,37,0.6491228070175439,1,0,4,False,1,0,HARD,,0.0,4.0,,0,,,,0,Australian Grand Prix,0,0,,1
151,22,38,0.6666666666666666,1,0,4,False,1,0,HARD,141.02,0.0,5.0,0.8079999999999927,0,,3.012500000000273,154.71749999999977,0,Australian Grand Prix,1,0,,1
151,22,39,0.6842105263157895,1,0,4,False,1,0,HARD,133.694,0.0,6.0,0.8940000000006876,0,,3.9225000000001273,152.74649999999974,1,Australian Grand Prix,1,0,,1
151,22,40,0.7017543859649122,1,0,4,False,1,0,HARD,135.337,0.0,7.0,-1.4270000000001346,0,,7.891500000000178,149.39449999999988,1,Australian Grand Prix,1,0,,1
151,22,41,0.7192982456140351,1,0,4,False,1,0,HARD,133.937,0.0,8.0,-1.8109999999996944,0,,10.614500000000136,142.88450000000012,1,Australian Grand Prix,1,0,,1
151,22,42,0.7368421052631579,1,0,4,False,1,0,HARD,83.797,0.0,9.0,-1.025000000000091,0,,8.172500000000127,146.5954999999999,1,Australian Grand Prix,1,0,,1
151,22,43,0.7543859649122807,1,0,4,False,1,0,HARD,82.167,0.0,10.0,0.0500000000001819,0,,5.274499999999989,148.64649999999983,1,Australian Grand Prix,1,0,,1
151,22,44,0.7719298245614035,6,0,4,False,1,1,HARD,105.587,0.1380000000008294,11.0,13.396999999999936,2,0.0,4.623499999999694,132.51350000000093,1,Australian Grand Prix,1,0,,1
151,22,45,0.7894736842105263,6,0,5,False,1,0,INTERMEDIATE,96.407,5.27599999999984,1.0,13.319999999999707,2,-11.0,4.70049999999992,129.15149999999994,0,Australian Grand Prix,1,0,,1
151,22,46,0.8070175438596491,3,0,5,False,1,0,INTERMEDIATE,91.567,0.4140000000006694,2.0,-3.076000000000022,2,-11.0,4.397500000000036,134.2985000000008,0,Australian Grand Prix,1,0,,1
151,22,47,0.8245614035087719,1,3,5,True,1,0,INTERMEDIATE,113.728,0.0,3.0,10.40899999999965,0,,85.97222500000044,2.2997749999994994,0,Australian Grand Prix,1,0,,1
151,22,48,0.8421052631578947,1,4,5,False,1,0,INTERMEDIATE,136.995,0.0,4.0,-4.180000000000291,0,,12.289225000000442,0.3587749999996958,0,Australian Grand Prix,1,1,1.2419833333333334,1
151,22,49,0.8596491228070176,1,4,5,False,1,0,INTERMEDIATE,144.979,0.0,5.0,-4.266999999999825,0,,0.4572250000001077,12.301774999999909,1,Australian Grand Prix,1,1,0.6575833333333333,1
151,22,50,0.8771929824561403,1,4,5,False,1,0,INTERMEDIATE,142.395,0.0,6.0,-4.576999999999316,0,,0.5472250000002532,7.001774999999725,1,Australian Grand Prix,1,1,3.0308333333333333,1
151,22,51,0.8947368421052632,1,4,5,False,1,0,INTERMEDIATE,134.178,0.0,7.0,-4.875999999999294,0,,1.5762249999997948,4.134775000000445,1,Australian Grand Prix,1,1,5.267133333333334,1
151,22,52,0.912280701754386,1,4,5,False,1,0,INTERMEDIATE,93.198,0.0,8.0,-4.210000000000036,0,,0.4402250000002823,7.987774999999601,1,Australian Grand Prix,1,0,,1
151,22,53,0.9298245614035088,1,4,5,False,1,0,INTERMEDIATE,90.482,0.0,9.0,-3.832999999999629,0,,11.94222499999978,0.2547750000003361,1,Australian Grand Prix,1,0,,1
151,22,54,0.9473684210526316,1,4,5,False,1,0,INTERMEDIATE,89.428,0.0,10.0,-4.161000000000058,0,,12.27022500000021,1.236775000000307,1,Australian Grand Prix,1,0,,1
151,22,55,0.9649122807017544,1,0,5,False,1,0,INTERMEDIATE,89.195,0.0,11.0,-4.817999999998392,0,,7.793499999997948,3.1135000000022046,1,Australian Grand Prix,1,0,,1
151,22,56,0.9824561403508772,1,0,5,False,1,0,INTERMEDIATE,87.996,0.0,12.0,-4.893000000000029,0,,6.335499999999229,4.918500000000677,1,Australian Grand Prix,1,0,,1
151,22,57,1.0,1,0,5,False,1,0,INTERMEDIATE,87.126,0.0,13.0,-4.618999999999687,0,,4.344499999999243,8.756500000000415,1,Australian Grand Prix,1,0,,1
151,25,1,0.0175438596491228,4,0,5,False,1,0,INTERMEDIATE,124.644,3.850000000000364,1.0,3.835999999999984,1,0.0,0.3125,,0,Australian Grand Prix,1,1,1.9478,1
151,25,2,0.0350877192982456,4,0,0,False,1,1,INTERMEDIATE,,2.453000000000429,2.0,,0,0.0,,,0,Australian Grand Prix,0,0,,0
151,25,3,0.0526315789473684,4,0,1,False,1,1,INTERMEDIATE,,2.55199999999968,3.0,,0,0.0,,,0,Australian Grand Prix,0,0,,0
151,25,4,0.0701754385964912,4,0,2,False,1,1,INTERMEDIATE,,3.331999999999425,4.0,,0,0.0,,,0,Australian Grand Prix,0,0,,0
151,25,5,0.087719298245614,4,0,3,False,1,0,INTERMEDIATE,141.712,1.8890000000001237,5.0,4.721000000000004,2,0.0,2.861499999999978,,0,Australian Grand Prix,1,1,4.309666666666667,1
151,25,6,0.1052631578947368,4,0,3,False,1,0,INTERMEDIATE,139.485,1.5009999999992942,6.0,4.086000000000013,3,0.0,1.2355000000000018,,0,Australian Grand Prix,1,1,6.634416666666667,1
151,25,7,0.1228070175438596,4,0,3,False,1,0,INTERMEDIATE,134.684,0.6159999999999854,7.0,2.61099999999999,3,0.0,12.507499999999936,,0,Australian Grand Prix,1,1,8.87915,1
151,25,8,0.1403508771929824,4,0,3,False,1,0,INTERMEDIATE,97.824,1.1890000000003056,8.0,2.976999999999975,3,0.0,11.602499999999964,,0,Australian Grand Prix,1,0,,1
151,25,9,0.1578947368421052,4,0,3,False,1,0,INTERMEDIATE,94.873,1.4840000000003783,9.0,3.0370000000000346,3,0.0,10.1635,,0,Australian Grand Prix,1,0,,1
151,25,10,0.175438596491228,4,0,3,False,1,0,INTERMEDIATE,93.587,2.398999999999433,10.0,2.9890000000000327,2,0.0,8.480499999999893,,0,Australian Grand Prix,1,0,,1
151,25,11,0.1929824561403508,4,0,3,False,1,0,INTERMEDIATE,93.347,3.787000000000262,11.0,3.893000000000029,2,0.0,7.149499999999875,,0,Australian Grand Prix,1,0,,1
151,25,12,0.2105263157894736,4,0,3,False,1,0,INTERMEDIATE,92.803,5.300000000000182,12.0,4.625999999999863,0,0.0,4.567500000000109,,0,Australian Grand Prix,1,0,,1
151,25,13,0.2280701754385964,4,0,3,False,1,0,INTERMEDIATE,92.364,6.286999999999352,13.0,4.459999999999809,0,0.0,3.234500000000253,,0,Australian Grand Prix,1,0,,1
151,25,14,0.2456140350877192,4,0,3,False,1,0,INTERMEDIATE,91.856,7.588000000000648,14.0,5.051999999999907,0,0.0,0.1195000000002437,,0,Australian Grand Prix,1,0,,1
151,25,15,0.2631578947368421,4,0,3,False,1,0,INTERMEDIATE,91.885,9.13000000000011,15.0,5.01299999999992,0,0.0,0.9615000000001146,1.606499999999869,0,Australian Grand Prix,1,0,,1
151,25,16,0.2807017543859649,4,0,3,False,1,0,INTERMEDIATE,91.739,10.146999999999936,16.0,5.1059999999999945,0,0.0,1.8825000000001637,3.723499999999831,0,Australian Grand Prix,1,0,,1
151,25,17,0.2982456140350877,4,0,3,False,1,0,INTERMEDIATE,91.597,9.0649999999996,17.0,6.010999999999967,0,0.0,0.0915000000002237,5.340499999999793,0,Australian Grand Prix,1,1,0.4090333333333333,1
151,25,18,0.3157894736842105,4,0,3,False,1,0,INTERMEDIATE,91.74,8.635999999999513,18.0,6.884999999999991,0,0.0,5.074500000000171,1.7994999999998529,0,Australian Grand Prix,1,1,1.9380333333333333,1
151,25,19,0.3333333333333333,4,0,3,False,1,0,INTERMEDIATE,92.189,8.886000000000422,19.0,6.557000000000016,0,0.0,4.212500000000091,2.294499999999971,0,Australian Grand Prix,1,1,3.4745166666666667,1
151,25,20,0.3508771929824561,4,0,3,False,1,0,INTERMEDIATE,91.315,8.602999999999156,20.0,6.998000000000047,0,0.0,3.171500000000151,3.5594999999998436,0,Australian Grand Prix,1,1,4.996433333333333,1
151,25,21,0.3684210526315789,4,0,3,False,1,0,INTERMEDIATE,91.127,8.552999999999884,21.0,7.029999999999973,0,0.0,2.2625000000000455,4.861499999999978,0,Australian Grand Prix,1,1,6.515216666666666,1
151,25,22,0.3859649122807017,4,0,3,False,1,0,INTERMEDIATE,91.029,8.542000000000371,22.0,6.69600000000014,0,0.0,1.2385000000003856,6.311500000000024,0,Australian Grand Prix,1,0,,1
151,25,23,0.4035087719298245,4,0,3,False,1,0,INTERMEDIATE,90.975,8.831000000000131,23.0,7.2719999999999345,0,0.0,0.4635000000000673,6.660499999999729,0,Australian Grand Prix,1,0,,1
151,25,24,0.4210526315789473,4,0,3,False,1,0,INTERMEDIATE,90.673,8.52599999999984,24.0,7.331000000000131,0,0.0,10.689499999999953,0.5425000000000182,0,Australian Grand Prix,1,1,1.0587,1
151,25,25,0.4385964912280701,4,0,3,False,1,0,INTERMEDIATE,90.488,8.168999999999869,25.0,7.094000000000051,0,0.0,10.926500000000033,0.9144999999998618,0,Australian Grand Prix,1,1,2.5668333333333333,1
151,25,26,0.4561403508771929,4,0,3,False,1,0,INTERMEDIATE,90.111,7.98700000000008,26.0,7.322999999999865,0,0.0,10.697500000000218,2.1054999999996653,0,Australian Grand Prix,1,1,4.068683333333333,1
151,25,27,0.4736842105263157,4,0,3,False,1,0,INTERMEDIATE,89.863,8.118999999999687,27.0,8.023000000000138,0,0.0,9.997499999999944,2.9974999999999454,0,Australian Grand Prix,1,1,5.5664,1
151,25,28,0.4912280701754385,4,0,3,False,1,0,INTERMEDIATE,89.696,8.404000000000451,28.0,8.049999999999727,0,0.0,9.970500000000357,3.444499999999607,0,Australian Grand Prix,1,1,7.061333333333334,1
151,25,29,0.5087719298245614,4,0,3,False,1,0,INTERMEDIATE,89.488,8.84900000000016,29.0,8.054000000000087,0,0.0,9.966499999999996,4.083499999999731,0,Australian Grand Prix,1,0,,1
151,25,30,0.5263157894736842,4,0,3,False,1,0,INTERMEDIATE,89.789,10.40099999999984,30.0,7.632000000000062,0,0.0,10.388500000000022,4.031500000000051,0,Australian Grand Prix,1,0,,1
151,25,31,0.543859649122807,4,0,3,False,1,0,INTERMEDIATE,89.041,11.315000000000513,31.0,8.137000000000171,0,0.0,9.883499999999913,5.066499999999905,0,Australian Grand Prix,1,0,,1
151,25,32,0.5614035087719298,4,0,3,False,1,0,INTERMEDIATE,89.361,12.467999999999847,32.0,8.113000000000284,0,0.0,9.9074999999998,5.891500000000178,0,Australian Grand Prix,1,0,,1
151,25,33,0.5789473684210527,4,0,3,False,1,0,INTERMEDIATE,90.553,14.975000000000364,33.0,11.52599999999984,0,0.0,6.494500000000244,25.517499999999927,0,Australian Grand Prix,1,0,,1
151,25,34,0.5964912280701754,4,0,3,False,1,1,INTERMEDIATE,135.518,21.895000000000437,34.0,9.913000000000466,0,0.0,8.107499999999618,37.47150000000056,0,Australian Grand Prix,1,0,,1
151,25,35,0.6140350877192983,4,0,4,True,1,0,HARD,125.981,23.367999999999483,1.0,10.804000000000087,0,0.0,7.216499999999996,14.469500000000153,0,Australian Grand Prix,1,0,,1
151,25,36,0.631578947368421,4,0,4,False,1,0,HARD,104.906,11.9399999999996,2.0,8.304000000000087,0,0.0,9.716499999999996,12.308500000000096,0,Australian Grand Prix,1,0,,1
151,25,37,0.6491228070175439,4,0,4,False,1,0,HARD,,1.412000000000262,3.0,,0,0.0,,,0,Australian Grand Prix,0,0,,1
151,25,38,0.6666666666666666,4,0,4,False,1,0,HARD,138.272,1.7739999999994325,4.0,157.73000000000002,0,0.0,30.49449999999979,139.7094999999999,0,Australian Grand Prix,1,0,,1
151,25,39,0.6842105263157895,4,0,4,False,1,0,HARD,132.784,1.8439999999991417,5.0,156.66899999999987,0,0.0,30.564499999999953,138.6484999999998,0,Australian Grand Prix,1,0,,1
151,25,40,0.7017543859649122,4,0,4,False,1,0,HARD,131.368,1.7139999999999418,6.0,157.28600000000006,0,0.0,28.14949999999999,139.26549999999995,0,Australian Grand Prix,1,0,,1
151,25,41,0.7192982456140351,4,0,4,False,1,0,HARD,131.214,0.9240000000008876,7.0,154.9010000000003,0,0.0,25.426500000000033,135.47850000000017,0,Australian Grand Prix,1,0,,1
151,25,42,0.7368421052631579,4,0,4,False,1,0,HARD,86.239,1.845999999999549,8.0,155.49300000000085,0,0.0,27.86850000000004,136.74749999999997,0,Australian Grand Prix,1,0,,1
151,25,43,0.7543859649122807,4,0,4,False,1,0,HARD,85.065,3.8299999999999272,9.0,155.69900000000007,0,0.0,30.716499999999996,135.90049999999974,0,Australian Grand Prix,1,0,,1
151,25,44,0.7719298245614035,8,0,4,False,1,1,HARD,106.238,3.628999999998996,10.0,153.65599999999995,3,-1.0,31.417499999999563,119.116500000001,0,Australian Grand Prix,1,0,,1
151,25,45,0.7894736842105263,8,0,5,True,1,0,INTERMEDIATE,96.33,2.1149999999997817,1.0,153.89900000000034,3,0.0,31.340499999999334,115.83150000000025,0,Australian Grand Prix,1,0,,1
151,25,46,0.8070175438596491,6,0,5,False,1,0,INTERMEDIATE,91.87,5.998999999999796,2.0,154.82400000000052,0,-10.0,31.64349999999922,120.6755000000012,0,Australian Grand Prix,1,0,,1
151,25,47,0.8245614035087719,3,3,5,False,1,0,INTERMEDIATE,122.439,1.2250000000003638,3.0,157.875,0,2.0,20.034225000000333,149.76577499999985,0,Australian Grand Prix,1,0,,1
151,25,48,0.8421052631578947,3,4,5,False,1,0,INTERMEDIATE,123.129,1.9480000000003204,4.0,153.7539999999999,0,2.0,16.577225,4.237774999999601,0,Australian Grand Prix,1,1,1.3831166666666668,1
151,25,49,0.8596491228070176,3,4,5,False,1,0,INTERMEDIATE,144.163,1.2190000000009604,5.0,154.2529999999997,0,2.0,15.761225000000197,4.649774999999863,0,Australian Grand Prix,1,1,0.7851166666666667,1
151,25,50,0.8771929824561403,3,4,5,False,1,0,INTERMEDIATE,142.305,1.4390000000003056,6.0,153.4300000000003,0,2.0,0.5602250000001732,3.779774999999973,0,Australian Grand Prix,1,1,3.1568666666666667,1
151,25,51,0.8947368421052632,3,4,5,False,1,0,INTERMEDIATE,133.149,0.7090000000007421,7.0,153.45799999999963,0,2.0,1.373225000000275,143.99977500000023,0,Australian Grand Prix,1,1,5.376016666666667,1
151,25,52,0.912280701754386,3,4,5,False,1,0,INTERMEDIATE,94.334,1.179000000000087,8.0,154.1199999999999,0,2.0,15.77822500000002,0.3187749999997322,0,Australian Grand Prix,1,0,,1
151,25,53,0.9298245614035088,3,4,5,False,1,0,INTERMEDIATE,91.177,1.4969999999993888,9.0,154.85999999999967,0,2.0,16.47322500000064,2.1807749999998123,0,Australian Grand Prix,1,0,,1
151,25,54,0.9473684210526316,3,4,5,False,1,0,INTERMEDIATE,90.41,2.8070000000006985,10.0,155.03699999999935,0,2.0,17.45522500000061,2.8987749999996595,0,Australian Grand Prix,1,0,,1
151,25,55,0.9649122807017544,3,0,5,False,1,0,INTERMEDIATE,90.076,4.344999999999345,11.0,155.26199999999972,0,2.0,7.077500000000327,135.66150000000016,0,Australian Grand Prix,1,0,,1
151,25,56,0.9824561403508772,3,0,5,False,1,0,INTERMEDIATE,89.454,5.87800000000061,12.0,152.3770000000004,0,2.0,6.436499999999796,134.35650000000078,0,Australian Grand Prix,1,0,,1
151,25,57,1.0,3,0,5,False,1,0,INTERMEDIATE,89.117,7.594999999999346,13.0,151.90999999999983,0,2.0,3.13549999999941,133.88950000000025,0,Australian Grand Prix,1,0,,1
151,35,1,0.0175438596491228,3,0,5,False,1,0,INTERMEDIATE,120.807,1.464999999999236,1.0,3.8370000000000033,2,0.0,5.944499999999977,0.6575000000000273,0,Australian Grand Prix,1,1,1.88385,1
151,35,2,0.0350877192982456,3,0,0,False,1,1,INTERMEDIATE,,1.6279999999997017,2.0,,0,0.0,,,0,Australian Grand Prix,0,0,,0
151,35,3,0.0526315789473684,3,0,1,False,1,1,INTERMEDIATE,,1.8100000000004,3.0,,0,0.0,,,0,Australian Grand Prix,0,0,,0
151,35,4,0.0701754385964912,3,0,2,False,1,1,INTERMEDIATE,,1.748000000000502,4.0,,0,0.0,,,0,Australian Grand Prix,0,0,,0
151,35,5,0.087719298245614,3,0,3,False,1,0,INTERMEDIATE,143.155,1.293999999999869,5.0,2.3940000000000055,2,0.0,0.4674999999999727,,0,Australian Grand Prix,1,1,4.2697666666666665,1
151,35,6,0.1052631578947368,3,0,3,False,1,0,INTERMEDIATE,139.873,1.5130000000008297,6.0,2.005999999999972,2,0.0,0.46550000000002,0.77049999999997,0,Australian Grand Prix,1,1,6.600983333333334,1
151,35,7,0.1228070175438596,3,0,3,False,1,0,INTERMEDIATE,135.569,0.6350000000002183,7.0,1.120999999999981,2,0.0,11.386499999999955,,0,Australian Grand Prix,1,1,8.860466666666667,1
151,35,8,0.1403508771929824,3,0,3,False,1,0,INTERMEDIATE,97.251,1.0560000000004948,8.0,1.6940000000000737,2,0.0,9.90849999999989,,1,Australian Grand Prix,1,0,,1
151,35,9,0.1578947368421052,3,0,3,False,1,0,INTERMEDIATE,94.578,1.3189999999995052,9.0,1.9890000000000327,2,0.0,8.174499999999966,,0,Australian Grand Prix,1,0,,1
151,35,10,0.175438596491228,3,0,3,False,1,0,INTERMEDIATE,92.672,1.3410000000003492,10.0,2.9039999999999964,2,0.0,5.576499999999896,,0,Australian Grand Prix,1,0,,1
151,35,11,0.1929824561403508,3,0,3,False,1,0,INTERMEDIATE,91.959,0.8469999999997526,11.0,4.291999999999916,2,0.0,2.857499999999959,,0,Australian Grand Prix,1,0,,1
151,35,12,0.2105263157894736,3,0,3,False,1,0,INTERMEDIATE,91.29,0.5460000000002765,12.0,5.805000000000177,2,0.0,0.1655000000000654,0.8234999999999673,0,Australian Grand Prix,1,0,,1
151,35,13,0.2280701754385964,3,0,3,False,1,0,INTERMEDIATE,91.377,0.6520000000000437,13.0,6.792000000000144,2,0.0,3.4484999999999673,2.356499999999869,0,Australian Grand Prix,1,0,,1
151,35,14,0.2456140350877192,3,0,3,False,1,0,INTERMEDIATE,90.555,0.5679999999993015,14.0,8.093000000000075,2,0.0,1.28650000000016,4.898500000000013,0,Australian Grand Prix,1,0,,1
151,35,15,0.2631578947368421,3,0,3,False,1,0,INTERMEDIATE,90.343,0.5829999999996289,15.0,9.634999999999993,2,0.0,3.372500000000173,1.1034999999994852,0,Australian Grand Prix,1,0,,1
151,35,16,0.2807017543859649,3,0,3,False,1,0,INTERMEDIATE,90.722,0.7130000000006476,16.0,10.652000000000044,2,0.0,2.2625000000000455,2.8454999999999018,0,Australian Grand Prix,1,0,,1
151,35,17,0.2982456140350877,2,0,3,False,1,0,INTERMEDIATE,90.696,2.912000000000262,17.0,2.316000000000031,1,0.0,0.4565000000000054,5.2374999999999545,0,Australian Grand Prix,1,1,0.2164833333333333,1
151,35,18,0.3157894736842105,2,0,3,False,1,0,INTERMEDIATE,90.143,2.90900000000056,18.0,4.342000000000098,1,0.0,4.870499999999993,2.014499999999998,0,Australian Grand Prix,1,1,1.7188666666666668,1
151,35,19,0.3333333333333333,2,0,3,False,1,0,INTERMEDIATE,90.816,3.173999999999978,19.0,5.464999999999918,1,0.0,3.497500000000173,3.0594999999998436,0,Australian Grand Prix,1,1,3.232466666666667,1
151,35,20,0.3508771929824561,2,0,3,False,1,0,INTERMEDIATE,90.159,2.6229999999995925,20.0,6.903999999999996,1,0.0,2.3414999999999964,4.656500000000051,0,Australian Grand Prix,1,1,4.735116666666666,1
151,35,21,0.3684210526315789,2,0,3,False,1,0,INTERMEDIATE,89.727,2.1159999999999854,21.0,8.354000000000042,1,0.0,0.9415000000001328,6.08849999999984,0,Australian Grand Prix,1,1,6.230566666666666,1
151,35,22,0.3859649122807017,2,0,3,False,1,0,INTERMEDIATE,90.214,2.030000000000655,22.0,9.180000000000064,1,0.0,0.1265000000000782,6.569500000000062,0,Australian Grand Prix,1,1,7.734133333333333,1
151,35,23,0.4035087719298245,2,0,3,False,1,0,INTERMEDIATE,89.739,1.8469999999997528,23.0,10.126999999999953,1,0.0,7.893500000000131,1.1095000000000257,0,Australian Grand Prix,1,0,,1
151,35,24,0.4210526315789473,2,0,3,False,1,0,INTERMEDIATE,89.626,1.7860000000000582,24.0,11.478999999999814,1,0.0,6.541500000000269,2.156499999999596,0,Australian Grand Prix,1,1,0.7224166666666667,1
151,35,25,0.4385964912280701,2,0,3,False,1,0,INTERMEDIATE,89.295,1.480000000000473,25.0,13.028999999999996,1,0.0,4.991500000000087,3.349500000000262,0,Australian Grand Prix,1,1,2.2106666666666666,1
151,35,26,0.4561403508771929,2,0,3,False,1,0,INTERMEDIATE,89.133,1.4530000000004293,26.0,14.18899999999985,1,0.0,3.831500000000233,4.327499999999873,0,Australian Grand Prix,1,1,3.6962166666666665,1
151,35,27,0.4736842105263157,2,0,3,False,1,0,INTERMEDIATE,89.037,1.2400000000006912,27.0,14.883000000000266,1,0.0,3.137499999999818,5.1534999999998945,0,Australian Grand Prix,1,1,5.180166666666667,1
151,35,28,0.4912280701754385,2,0,3,False,1,0,INTERMEDIATE,88.629,0.7719999999999345,28.0,15.664999999999509,1,0.0,2.355500000000575,6.220499999999447,0,Australian Grand Prix,1,1,6.6573166666666665,1
151,35,29,0.5087719298245614,2,0,3,False,1,0,INTERMEDIATE,88.188,0.6030000000000655,29.0,16.519999999999982,1,0.0,1.500500000000102,7.520500000000084,0,Australian Grand Prix,1,0,,1
151,35,30,0.5263157894736842,2,0,3,False,1,0,INTERMEDIATE,88.331,0.9020000000000435,30.0,16.42599999999993,1,0.0,1.5945000000001528,8.978499999999713,0,Australian Grand Prix,1,0,,1
151,35,31,0.543859649122807,2,0,3,False,1,0,INTERMEDIATE,87.916,1.1229999999995923,31.0,16.636999999999716,1,0.0,1.3835000000003674,10.103499999999713,0,Australian Grand Prix,1,0,,1
151,35,32,0.5614035087719298,2,0,3,False,1,0,INTERMEDIATE,89.379,2.701999999999316,32.0,15.465999999999894,1,0.0,2.554500000000189,10.085499999999683,0,Australian Grand Prix,1,0,,1
151,35,33,0.5789473684210527,2,0,3,False,1,0,INTERMEDIATE,88.226,3.4329999999999927,33.0,15.285999999999603,1,0.0,2.73450000000048,12.412499999999907,0,Australian Grand Prix,1,0,,1
151,35,34,0.5964912280701754,2,0,3,False,1,1,INTERMEDIATE,127.025,8.18499999999949,34.0,16.85900000000038,0,0.0,1.161499999999705,20.905499999999392,0,Australian Grand Prix,1,0,,1
151,35,35,0.6140350877192983,2,0,4,True,1,0,HARD,123.781,8.518000000000029,2.0,17.58599999999933,0,0.0,0.434500000000753,23.10549999999921,0,Australian Grand Prix,1,0,,1
151,35,36,0.631578947368421,2,0,4,False,1,0,HARD,131.212,2.8469999999997526,3.0,2.707999999999174,1,0.0,3.2005000000008295,5.103499999999258,0,Australian Grand Prix,1,0,,1
151,35,37,0.6491228070175439,2,0,4,False,1,0,HARD,,5.6580000000003565,4.0,,0,0.0,,,0,Australian Grand Prix,0,0,,1
151,35,38,0.6666666666666666,2,0,4,False,1,0,HARD,138.892,3.529999999998836,5.0,1.7260000000001128,1,0.0,3.8205000000002656,153.90949999999975,0,Australian Grand Prix,1,0,,1
151,35,39,0.6842105263157895,2,0,4,False,1,0,HARD,133.78,3.6159999999999854,6.0,0.6599999999993997,1,0.0,4.816500000000815,151.85249999999905,0,Australian Grand Prix,1,0,,1
151,35,40,0.7017543859649122,2,0,4,False,1,0,HARD,133.016,1.2950000000000728,7.0,-0.8579999999997199,1,0.0,6.464500000000044,150.8215,1,Australian Grand Prix,1,0,,1
151,35,41,0.7192982456140351,2,0,4,False,1,0,HARD,133.553,0.9110000000000582,8.0,-2.407000000000153,1,0.0,8.80350000000044,144.6954999999998,1,Australian Grand Prix,1,0,,1
151,35,42,0.7368421052631579,2,0,4,False,1,0,HARD,84.583,1.6970000000001164,9.0,-1.6729999999997744,1,0.0,7.147500000000036,147.6205,1,Australian Grand Prix,1,0,,1
151,35,43,0.7543859649122807,2,0,4,False,1,0,HARD,83.242,2.7720000000008436,10.0,-1.834000000000742,1,0.0,5.324500000000171,148.59649999999965,1,Australian Grand Prix,1,0,,1
151,35,44,0.7719298245614035,15,0,4,False,1,1,HARD,,42.83900000000176,11.0,,0,0.0,,,1,Australian Grand Prix,0,0,,1
151,35,45,0.7894736842105263,15,0,5,False,1,0,INTERMEDIATE,98.184,44.764000000001026,1.0,,9,0.0,,61.62449999999944,0,Australian Grand Prix,1,0,,1
151,35,46,0.8070175438596491,14,0,5,False,1,0,INTERMEDIATE,111.022,14.040999999999258,2.0,,9,0.0,,63.20850000000064,0,Australian Grand Prix,1,0,,1
151,35,47,0.8245614035087719,13,0,5,False,1,0,INTERMEDIATE,120.17,6.984999999998763,3.0,,9,-11.0,,59.842500000000655,0,Australian Grand Prix,1,0,,1
151,35,48,0.8421052631578947,13,3,5,False,1,0,INTERMEDIATE,102.413,2.981999999999971,4.0,,9,3.0,,100.15577499999928,0,Australian Grand Prix,1,0,,1
151,35,49,0.8596491228070176,13,4,5,False,1,0,INTERMEDIATE,100.44,1.679000000000087,5.0,,9,3.0,,144.6077750000004,0,Australian Grand Prix,1,1,1.0419,1
151,35,50,0.8771929824561403,13,4,5,False,1,0,INTERMEDIATE,123.732,2.558000000000902,6.0,,9,3.0,,162.96077500000047,0,Australian Grand Prix,1,1,0.1033833333333333,1
151,35,51,0.8947368421052632,12,4,5,False,1,0,INTERMEDIATE,124.275,0.7690000000002328,7.0,,9,3.0,,172.56477499999983,0,Australian Grand Prix,1,1,2.1746333333333334,1
151,35,52,0.912280701754386,12,4,5,False,1,0,INTERMEDIATE,97.224,0.1839999999992869,8.0,,9,3.0,,169.20477500000015,0,Australian Grand Prix,1,1,3.7950333333333335,1
151,35,53,0.9298245614035088,11,4,5,False,1,0,INTERMEDIATE,91.809,0.9689999999991412,9.0,,9,3.0,,168.25477500000034,0,Australian Grand Prix,1,1,5.325183333333333,1
151,35,54,0.9473684210526316,11,4,5,False,1,0,INTERMEDIATE,92.507,0.2870000000002619,10.0,,9,3.0,,164.84777499999927,0,Australian Grand Prix,1,0,,1
151,35,55,0.9649122807017544,10,4,5,False,1,0,INTERMEDIATE,90.051,2.3880000000008295,11.0,,9,3.0,,163.33477500000026,0,Australian Grand Prix,1,0,,1
151,35,56,0.9824561403508772,10,4,5,False,1,0,INTERMEDIATE,88.559,0.8519999999989523,12.0,,9,3.0,,162.69677499999943,0,Australian Grand Prix,1,0,,1
151,35,57,1.0,9,0,5,False,1,0,INTERMEDIATE,89.517,0.5709999999999127,13.0,201.8690000000006,8,3.0,,150.66850000000068,0,Australian Grand Prix,1,0,,1
151,42,1,0.0175438596491228,13,0,5,False,1,0,INTERMEDIATE,142.352,1.0850000000000364,1.0,,2,0.0,19.1515,,0,Australian Grand Prix,1,1,2.2429333333333332,1
151,42,2,0.0350877192982456,13,0,0,False,1,1,INTERMEDIATE,,1.574999999999818,2.0,,0,0.0,,,0,Australian Grand Prix,0,0,,0
151,42,3,0.0526315789473684,13,0,1,False,1,1,INTERMEDIATE,,2.0599999999994907,3.0,,0,0.0,,,0,Australian Grand Prix,0,0,,0
151,42,4,0.0701754385964912,13,0,2,False,1,1,INTERMEDIATE,,1.52599999999984,4.0,,0,0.0,,,0,Australian Grand Prix,0,0,,0
151,42,5,0.087719298245614,13,0,3,False,1,0,INTERMEDIATE,139.163,1.6310000000003129,5.0,,2,0.0,19.25649999999996,,0,Australian Grand Prix,1,1,4.562316666666667,1
151,42,6,0.1052631578947368,13,0,3,False,1,0,INTERMEDIATE,141.111,1.6310000000003129,6.0,,2,0.0,19.25649999999996,,0,Australian Grand Prix,1,1,6.914166666666667,1
151,42,7,0.1228070175438596,13,0,3,False,1,0,INTERMEDIATE,123.412,0.9270000000005894,7.0,,5,0.0,18.504500000000007,,0,Australian Grand Prix,1,1,8.971033333333333,1
151,42,8,0.1403508771929824,13,0,3,False,1,0,INTERMEDIATE,98.729,0.6970000000001164,8.0,,5,0.0,18.32249999999999,,0,Australian Grand Prix,1,0,,1
151,42,9,0.1578947368421052,13,0,3,False,1,0,INTERMEDIATE,96.312,0.4989999999997962,9.0,,5,0.0,18.124499999999895,,0,Australian Grand Prix,1,0,,1
151,42,10,0.175438596491228,13,0,3,False,1,0,INTERMEDIATE,95.27,0.7250000000003638,10.0,,4,0.0,18.35050000000001,,0,Australian Grand Prix,1,0,,1
151,42,11,0.1929824561403508,13,0,3,False,1,0,INTERMEDIATE,94.678,0.4129999999995561,11.0,,4,0.0,18.0385,,0,Australian Grand Prix,1,0,,1
151,42,12,0.2105263157894736,13,0,3,False,1,0,INTERMEDIATE,95.385,0.8090000000001965,12.0,,2,0.0,18.43450000000007,,0,Australian Grand Prix,1,0,,1
151,42,13,0.2280701754385964,13,0,3,False,1,0,INTERMEDIATE,93.697,0.4420000000000073,13.0,,2,0.0,18.06750000000011,,0,Australian Grand Prix,1,0,,1
151,42,14,0.2456140350877192,12,0,3,False,1,0,INTERMEDIATE,93.802,2.769000000000233,14.0,1.168999999999869,1,4.0,16.851500000000215,,0,Australian Grand Prix,1,0,,1
151,42,15,0.2631578947368421,12,0,3,False,1,0,INTERMEDIATE,92.212,2.59900000000016,15.0,2.5679999999999836,1,4.0,15.4525000000001,,1,Australian Grand Prix,1,0,,1
151,42,16,0.2807017543859649,13,0,3,False,1,0,INTERMEDIATE,97.326,1.2970000000004802,16.0,,1,0.0,18.922500000000127,,0,Australian Grand Prix,1,0,,1
151,42,17,0.2982456140350877,12,0,3,False,1,0,INTERMEDIATE,92.312,6.295000000000073,17.0,1.6030000000000657,0,4.0,16.417500000000018,,0,Australian Grand Prix,1,1,0.7983833333333333,1
151,42,18,0.3157894736842105,12,0,3,False,1,0,INTERMEDIATE,92.181,4.845000000000255,18.0,3.2180000000000746,1,4.0,14.802500000000007,,0,Australian Grand Prix,1,1,2.3347333333333333,1
151,42,19,0.3333333333333333,12,0,3,False,1,0,INTERMEDIATE,91.942,4.1030000000000655,19.0,4.796000000000049,1,4.0,13.224500000000036,,0,Australian Grand Prix,1,1,3.8671,1
151,42,20,0.3508771929824561,12,0,3,False,1,0,INTERMEDIATE,91.319,2.842000000000553,20.0,7.344000000000051,1,4.0,10.676500000000033,,0,Australian Grand Prix,1,1,5.389083333333334,1
151,42,21,0.3684210526315789,12,0,3,False,1,0,INTERMEDIATE,91.042,1.4549999999999277,21.0,9.522000000000162,1,4.0,8.498499999999922,,0,Australian Grand Prix,1,1,6.90645,1
151,42,22,0.3859649122807017,11,0,3,False,1,0,INTERMEDIATE,91.887,4.40900000000056,22.0,1.7899999999999636,0,0.0,7.200500000000147,,0,Australian Grand Prix,1,0,,1
151,42,23,0.4035087719298245,11,0,3,False,1,0,INTERMEDIATE,91.324,3.2229999999999563,23.0,3.109000000000151,0,0.0,5.759499999999662,,0,Australian Grand Prix,1,0,,1
151,42,24,0.4210526315789473,11,0,3,False,1,0,INTERMEDIATE,90.822,2.380000000000109,24.0,4.389000000000124,0,0.0,4.112499999999727,,0,Australian Grand Prix,1,1,1.4725333333333332,1
151,42,25,0.4385964912280701,11,0,3,False,1,0,INTERMEDIATE,90.706,1.324999999999818,25.0,5.775000000000091,0,0.0,2.843499999999949,,0,Australian Grand Prix,1,1,2.9843,1
151,42,26,0.4561403508771929,11,0,3,False,1,0,INTERMEDIATE,91.299,1.280999999999949,26.0,6.023000000000138,0,0.0,2.332499999999982,,0,Australian Grand Prix,1,1,4.50595,1
151,42,27,0.4736842105263157,11,0,3,False,1,0,INTERMEDIATE,90.463,0.8490000000001602,27.0,6.967999999999847,0,0.0,1.6775000000002365,,0,Australian Grand Prix,1,1,6.0136666666666665,1
151,42,28,0.4912280701754385,11,0,3,False,1,0,INTERMEDIATE,90.716,0.9130000000004656,28.0,6.976999999999862,0,0.0,1.5925000000002,,0,Australian Grand Prix,1,1,7.5256,1
151,42,29,0.5087719298245614,11,0,3,False,1,0,INTERMEDIATE,89.919,1.1140000000004875,29.0,7.992999999999938,0,0.0,1.133499999999913,,0,Australian Grand Prix,1,0,,1
151,42,30,0.5263157894736842,11,0,3,False,1,0,INTERMEDIATE,89.794,1.5339999999996508,30.0,9.05199999999968,0,0.0,0.2365000000004329,,0,Australian Grand Prix,1,0,,1
151,42,31,0.543859649122807,11,0,3,False,1,0,INTERMEDIATE,89.245,1.929000000000087,31.0,10.884000000000016,0,0.0,7.136500000000069,0.5894999999991342,0,Australian Grand Prix,1,0,,1
151,42,32,0.5614035087719298,11,0,3,False,1,0,INTERMEDIATE,89.032,2.141999999999826,32.0,12.50900000000047,2,0.0,5.511499999999614,1.6664999999998145,0,Australian Grand Prix,1,0,,1
151,42,33,0.5789473684210527,10,0,3,False,1,1,INTERMEDIATE,112.635,4.407000000000153,33.0,22.639999999999873,0,0.0,24.03749999999991,4.619499999999789,0,Australian Grand Prix,1,0,,1
151,42,34,0.5964912280701754,10,0,4,True,1,0,HARD,142.596,1.9539999999997235,1.0,5.036999999999807,2,-1.0,3.374499999999898,,0,Australian Grand Prix,1,0,,1
151,42,35,0.6140350877192983,10,0,4,False,1,0,HARD,104.67,1.0929999999998472,2.0,5.8289999999997235,2,-1.0,4.306500000000142,,0,Australian Grand Prix,1,0,,1
151,42,36,0.631578947368421,10,0,4,False,1,0,HARD,101.655,1.1279999999997017,3.0,4.024000000000342,2,-1.0,6.693499999999858,,0,Australian Grand Prix,1,0,,1
151,42,37,0.6491228070175439,10,0,4,False,1,0,HARD,127.298,1.2079999999987194,4.0,3.0270000000000437,7,-1.0,13.97250000000031,,0,Australian Grand Prix,1,0,,1
151,42,38,0.6666666666666666,10,0,4,False,1,0,HARD,139.681,1.5130000000008297,5.0,3.416000000000622,3,-1.0,13.682500000000346,,0,Australian Grand Prix,1,0,,1
151,42,39,0.6842105263157895,10,0,4,False,1,0,HARD,131.642,1.929000000000087,6.0,3.673999999999978,3,-1.0,13.610500000000684,,0,Australian Grand Prix,1,0,,1
151,42,40,0.7017543859649122,10,0,4,False,1,0,HARD,129.615,1.0679999999993015,7.0,3.9589999999998327,3,-1.0,13.201500000000124,,0,Australian Grand Prix,1,0,,1
151,42,41,0.7192982456140351,10,0,4,False,1,0,HARD,126.22,0.9200000000000728,8.0,1.8400000000001455,3,-1.0,15.893500000000133,,0,Australian Grand Prix,1,0,,1
151,42,42,0.7368421052631579,10,0,4,False,1,0,HARD,87.505,0.4830000000001745,9.0,1.6359999999999673,3,-1.0,15.926500000000033,,0,Australian Grand Prix,1,0,,1
151,42,43,0.7543859649122807,10,0,4,False,1,0,HARD,84.901,0.363999999999578,10.0,2.2730000000001382,3,-1.0,15.584499999999936,,0,Australian Grand Prix,1,0,,1
151,42,44,0.7719298245614035,11,0,4,False,1,1,HARD,108.276,2.127999999998792,11.0,0.8560000000006767,2,-1.0,17.164499999998952,,0,Australian Grand Prix,1,0,,1
151,42,45,0.7894736842105263,11,3,5,True,1,0,INTERMEDIATE,95.593,0.4650000000001455,1.0,2.4000000000005457,2,0.0,5.709224999999606,,1,Australian Grand Prix,1,0,,1
151,42,46,0.8070175438596491,8,4,5,False,1,0,INTERMEDIATE,90.78,2.4569999999985157,2.0,1.9789999999993595,1,0.0,5.279225000000224,,0,Australian Grand Prix,1,0,,1
151,42,47,0.8245614035087719,5,4,5,False,1,0,INTERMEDIATE,125.75,2.716999999998734,3.0,1.9070000000001528,1,0.0,5.850225000000137,,0,Australian Grand Prix,1,1,1.96775,1
151,42,48,0.8421052631578947,5,4,5,False,1,0,INTERMEDIATE,118.429,2.1379999999990105,4.0,2.774999999999636,1,0.0,4.204225000000406,,0,Australian Grand Prix,1,1,0.94085,1
151,42,49,0.8596491228070176,5,4,5,False,1,0,INTERMEDIATE,144.964,2.4399999999986903,5.0,2.933999999999287,1,0.0,4.3642250000002605,,0,Australian Grand Prix,1,1,3.3569166666666668,1
151,42,50,0.8771929824561403,5,4,5,False,1,0,INTERMEDIATE,140.284,1.2420000000001892,6.0,2.2200000000002547,1,0.0,5.204225000000406,,0,Australian Grand Prix,1,1,5.694983333333333,1
151,42,51,0.8947368421052632,5,4,5,False,1,0,INTERMEDIATE,132.971,1.0360000000000582,7.0,3.095999999999549,1,0.0,5.0132250000006024,,0,Australian Grand Prix,1,0,,1
151,42,52,0.912280701754386,5,4,5,False,1,0,INTERMEDIATE,95.008,1.048000000000684,8.0,3.483000000000174,1,0.0,4.531225000000632,,0,Australian Grand Prix,1,0,,1
151,42,53,0.9298245614035088,5,0,5,False,1,0,INTERMEDIATE,91.398,0.5289999999986321,9.0,3.643000000000029,1,0.0,14.025499999999738,,0,Australian Grand Prix,1,0,,1
151,42,54,0.9473684210526316,5,0,5,False,1,0,INTERMEDIATE,90.562,0.5039999999989959,10.0,3.875,1,0.0,13.593499999999947,,0,Australian Grand Prix,1,0,,1
151,42,55,0.9649122807017544,5,0,5,False,1,0,INTERMEDIATE,90.602,0.805000000000291,11.0,3.6599999999998545,1,0.0,13.758499999999913,,0,Australian Grand Prix,1,0,,1
151,42,56,0.9824561403508772,4,0,5,False,1,0,INTERMEDIATE,88.149,2.153999999998632,12.0,3.72899999999936,0,0.0,11.547499999999673,,0,Australian Grand Prix,1,0,,1
151,42,57,1.0,4,0,5,False,1,0,INTERMEDIATE,88.65,1.6870000000017171,13.0,5.023000000000138,0,0.0,9.337499999999636,,0,Australian Grand Prix,1,0,,1
157,1,1,0.0142857142857142,5,0,2,False,1,0,MEDIUM,84.695,0.7560000000003129,1.0,0.6360000000000099,4,0.0,17.432999999999993,,0,Canadian Grand Prix,0,0,,0
157,1,2,0.0285714285714285,5,0,0,False,1,0,MEDIUM,77.32,0.5659999999998035,2.0,0.7180000000000177,4,0.0,15.28,,1,Canadian Grand Prix,0,0,,0
157,1,3,0.0428571428571428,5,0,0,False,1,0,MEDIUM,76.867,0.7190000000000509,3.0,0.9639999999999986,4,0.0,13.74800000000002,,1,Canadian Grand Prix,0,0,,0
157,1,4,0.0571428571428571,5,0,0,False,1,0,MEDIUM,76.982,1.1640000000002146,4.0,0.6590000000000487,3,0.0,13.218999999999994,,1,Canadian Grand Prix,0,0,,0
157,1,5,0.0714285714285714,5,0,0,False,1,0,MEDIUM,76.507,1.274000000000342,5.0,0.8210000000000264,2,0.0,12.408999999999992,,1,Canadian Grand Prix,0,0,,0
157,1,6,0.0857142857142857,5,0,0,False,1,0,MEDIUM,76.506,1.570999999999913,6.0,0.8249999999999886,2,0.0,11.30400000000003,,1,Canadian Grand Prix,0,0,,0
157,1,7,0.1,5,0,0,False,1,0,MEDIUM,76.498,1.612999999999829,7.0,0.8790000000000191,2,0.0,10.168000000000006,,1,Canadian Grand Prix,0,0,,0
157,1,8,0.1142857142857142,5,0,0,False,1,0,MEDIUM,76.433,1.6649999999999636,8.0,0.8150000000000546,2,0.0,9.321000000000026,,1,Canadian Grand Prix,0,0,,0
157,1,9,0.1285714285714285,5,0,0,False,1,0,MEDIUM,76.657,1.6080000000001746,9.0,1.3659999999999854,2,0.0,8.745000000000005,,1,Canadian Grand Prix,0,0,,0
157,1,10,0.1428571428571428,5,0,0,False,1,0,MEDIUM,76.71,1.5429999999996653,10.0,2.577000000000112,2,0.0,7.953999999999951,,1,Canadian Grand Prix,0,0,,0
157,1,11,0.1571428571428571,5,0,0,False,1,0,MEDIUM,76.726,1.6700000000000728,11.0,4.185000000000059,3,0.0,7.381999999999948,,0,Canadian Grand Prix,0,0,,0
157,1,12,0.1714285714285714,4,0,0,False,1,0,MEDIUM,77.339,2.0720000000001164,12.0,5.096000000000004,2,0.0,6.483000000000061,,0,Canadian Grand Prix,0,0,,0
157,1,13,0.1857142857142857,3,0,0,False,1,0,MEDIUM,77.208,2.3059999999995853,13.0,5.908999999999992,2,0.0,4.208999999999833,,0,Canadian Grand Prix,0,0,,0
157,1,14,0.2,2,0,0,False,1,0,MEDIUM,77.486,2.7689999999993233,14.0,5.150000000000091,1,0.0,2.9449999999999363,,0,Canadian Grand Prix,0,0,,0
157,1,15,0.2142857142857142,9,0,0,False,1,1,MEDIUM,94.965,0.5489999999999782,15.0,1.2000000000000457,1,13.0,15.551999999999907,,0,Canadian Grand Prix,0,0,,0
157,1,16,0.2285714285714285,10,0,1,False,1,0,HARD,80.186,1.28899999999976,1.0,1.3139999999998508,1,-15.0,15.896999999999707,,1,Canadian Grand Prix,0,0,,1
157,1,17,0.2428571428571428,10,0,1,False,1,0,HARD,77.56,1.118000000000393,2.0,1.2000000000000457,1,-15.0,16.966999999999643,,0,Canadian Grand Prix,0,0,,1
157,1,18,0.2571428571428571,10,0,1,False,1,0,HARD,76.858,0.3940000000002328,3.0,1.538000000000011,1,-15.0,16.596000000000004,,1,Canadian Grand Prix,0,0,,1
157,1,19,0.2714285714285714,9,0,1,False,1,0,HARD,78.007,0.019999999999527,4.0,0.6079999999999472,1,-15.0,13.516000000000076,,0,Canadian Grand Prix,0,0,,1
157,1,20,0.2857142857142857,7,0,1,False,1,0,HARD,77.105,9.574999999999818,5.0,0.4539999999999509,0,1.0,10.38000000000011,,1,Canadian Grand Prix,0,0,,1
157,1,21,0.3,7,0,1,False,1,0,HARD,76.648,10.397000000000844,6.0,1.3079999999999927,0,1.0,9.590999999999894,,1,Canadian Grand Prix,0,0,,1
157,1,22,0.3142857142857143,7,0,1,False,1,0,HARD,76.598,10.945999999999913,7.0,1.8659999999995307,0,1.0,8.44600000000014,,1,Canadian Grand Prix,0,0,,1
157,1,23,0.3285714285714285,7,0,1,False,1,0,HARD,76.429,11.425000000000184,8.0,2.4480000000000928,0,1.0,7.298999999999978,,0,Canadian Grand Prix,0,0,,1
157,1,24,0.3428571428571428,7,0,1,False,1,0,HARD,76.215,11.864999999999782,9.0,3.3579999999999472,0,1.0,6.328000000000202,,0,Canadian Grand Prix,0,0,,1
157,1,25,0.3571428571428571,7,0,1,False,1,0,HARD,76.589,12.550999999999478,10.0,4.005999999999858,0,1.0,5.558999999999969,,0,Canadian Grand Prix,0,0,,1
157,1,26,0.3714285714285714,7,0,1,False,1,0,HARD,76.229,13.015999999999622,11.0,5.392999999999802,0,1.0,4.329000000000178,,0,Canadian Grand Prix,0,0,,1
157,1,27,0.3857142857142857,7,0,1,False,1,0,HARD,75.883,13.204999999999924,12.0,6.849999999999909,0,1.0,2.7469999999998436,,0,Canadian Grand Prix,0,0,,1
157,1,28,0.4,7,0,1,False,1,0,HARD,76.129,6.781999999999243,13.0,8.019999999999982,0,-15.0,1.586999999999989,,0,Canadian Grand Prix,0,0,,1
157,1,29,0.4142857142857143,7,0,1,False,1,0,HARD,76.217,3.9970000000002983,14.0,9.086999999999987,1,13.0,0.5059999999998581,,0,Canadian Grand Prix,0,0,,1
157,1,30,0.4285714285714285,7,0,1,False,1,0,HARD,76.263,4.585000000000036,15.0,10.154999999999744,1,13.0,9.731999999999973,0.2840000000001055,0,Canadian Grand Prix,0,0,,1
157,1,31,0.4428571428571428,7,0,1,False,1,0,HARD,76.185,5.278999999999542,16.0,11.148999999999887,0,13.0,9.430999999999583,1.6020000000003165,0,Canadian Grand Prix,0,0,,1
157,1,32,0.4571428571428571,7,0,1,False,1,0,HARD,75.803,5.747000000000298,17.0,12.585000000000036,0,13.0,8.734999999999673,3.6380000000003743,0,Canadian Grand Prix,0,0,,1
157,1,33,0.4714285714285714,7,0,1,False,1,0,HARD,75.877,6.326000000000022,18.0,13.909000000000106,0,13.0,6.91399999999976,5.177000000000589,0,Canadian Grand Prix,0,0,,1
157,1,34,0.4857142857142857,7,0,1,False,1,0,HARD,75.872,6.837000000000444,19.0,15.455999999999676,0,13.0,5.40099999999984,6.432999999999993,0,Canadian Grand Prix,0,0,,1
157,1,35,0.5,7,0,1,False,1,0,HARD,75.828,7.331999999999425,20.0,16.967999999999847,0,13.0,3.3179999999997563,7.6720000000000255,0,Canadian Grand Prix,0,0,,1
157,1,36,0.5142857142857142,7,0,1,False,1,0,HARD,75.951,7.757999999999811,21.0,18.16899999999987,0,13.0,1.8710000000000944,8.14200000000028,0,Canadian Grand Prix,0,0,,1
157,1,37,0.5285714285714286,7,0,1,False,1,0,HARD,76.027,5.960000000000037,22.0,19.465999999999894,0,-3.0,0.6349999999997635,9.251999999999953,0,Canadian Grand Prix,0,0,,1
157,1,38,0.5428571428571428,7,0,1,False,1,0,HARD,75.748,2.9840000000003783,23.0,20.396999999999935,1,22.0,1.610000000000127,0.949999999999818,0,Canadian Grand Prix,0,0,,1
157,1,39,0.5571428571428572,7,0,1,False,1,0,HARD,75.997,2.4099999999998545,24.0,20.764999999999873,2,23.0,0.5719999999996617,2.180000000000291,0,Canadian Grand Prix,0,0,,1
157,1,40,0.5714285714285714,7,0,1,False,1,0,HARD,76.08,3.149999999999636,25.0,21.028999999999996,2,23.0,2.681999999999789,0.3170000000000073,0,Canadian Grand Prix,0,0,,1
157,1,41,0.5857142857142857,7,0,1,False,1,0,HARD,76.223,3.863000000000284,26.0,21.001000000000204,1,23.0,2.7099999999995816,0.999000000000251,0,Canadian Grand Prix,0,0,,1
157,1,42,0.6,7,0,1,False,1,0,HARD,76.591,4.980999999999767,27.0,20.34100000000035,1,23.0,3.369999999999436,1.4030000000002474,0,Canadian Grand Prix,0,0,,1
157,1,43,0.6142857142857143,7,0,1,False,1,0,HARD,76.582,5.889000000000124,28.0,19.76599999999962,0,23.0,3.945000000000164,1.5599999999999454,0,Canadian Grand Prix,0,0,,1
157,1,44,0.6285714285714286,7,0,1,False,1,0,HARD,76.789,7.4669999999996435,29.0,19.117999999999935,0,23.0,4.592999999999847,1.651000000000295,0,Canadian Grand Prix,0,0,,1
157,1,45,0.6428571428571429,7,0,1,False,1,1,HARD,92.121,24.416000000000167,30.0,3.1159999999999854,0,23.0,5.236999999999625,,0,Canadian Grand Prix,0,0,,1
157,1,46,0.6571428571428571,7,0,2,False,1,0,HARD,78.649,25.46900000000005,1.0,0.83199999999988,0,0.0,7.58199999999988,,0,Canadian Grand Prix,0,0,,1
157,1,47,0.6714285714285714,7,0,2,False,1,0,HARD,75.728,24.862999999999374,2.0,2.050000000000182,0,0.0,6.168999999999869,,1,Canadian Grand Prix,0,0,,1
157,1,48,0.6857142857142857,7,0,2,False,1,0,HARD,76.825,23.70400000000063,3.0,2.75,0,0.0,7.124999999999545,,0,Canadian Grand Prix,0,0,,1
157,1,49,0.7,7,0,2,False,1,0,HARD,75.688,24.5600000000004,4.0,4.019999999999982,0,0.0,7.013999999999669,,0,Canadian Grand Prix,0,0,,1
157,1,50,0.7142857142857143,7,0,2,False,1,0,HARD,75.536,25.602000000000775,5.0,11.93100000000004,0,0.0,2.4779999999996107,,0,Canadian Grand Prix,0,0,,1
157,1,51,0.7285714285714285,7,0,2,False,1,0,HARD,75.707,26.996000000000095,6.0,12.838000000000193,0,0.0,6.318999999999505,0.2080000000005384,0,Canadian Grand Prix,0,0,,1
157,1,52,0.7428571428571429,7,0,2,False,1,0,HARD,75.668,27.983000000000175,7.0,13.554000000000087,0,0.0,6.095999999999549,0.1610000000000582,0,Canadian Grand Prix,0,0,,1
157,1,53,0.7571428571428571,7,0,2,False,1,0,HARD,75.296,21.91699999999946,8.0,14.734999999999673,0,-17.0,0.0640000000003055,,0,Canadian Grand Prix,0,0,,1
157,1,54,0.7714285714285715,7,0,2,False,1,0,HARD,75.417,18.730999999999767,9.0,15.744000000000597,0,8.0,0.305000000000291,,0,Canadian Grand Prix,0,0,,1
157,1,55,0.7857142857142857,7,0,2,False,1,0,HARD,74.981,18.533000000000357,10.0,17.34899999999925,0,8.0,2.767000000000735,0.120999999999185,0,Canadian Grand Prix,0,0,,1
157,1,56,0.8,7,0,2,False,1,0,HARD,75.068,19.021999999999935,11.0,18.791000000000167,0,8.0,0.7659999999996217,0.9329999999999928,0,Canadian Grand Prix,0,0,,1
157,1,57,0.8142857142857143,7,0,2,False,1,0,HARD,75.409,20.170000000000073,12.0,23.27300000000014,0,8.0,0.4380000000001018,0.7989999999990687,0,Canadian Grand Prix,0,0,,1
157,1,58,0.8285714285714286,7,0,2,False,1,0,HARD,75.167,20.940999999999807,13.0,23.79399999999987,0,8.0,44.65200000000005,0.0829999999996289,0,Canadian Grand Prix,0,0,,1
157,1,59,0.8428571428571429,7,0,2,False,1,0,HARD,75.269,21.412000000000265,14.0,24.509000000000015,0,8.0,45.1230000000005,0.7979999999997744,0,Canadian Grand Prix,0,0,,1
157,1,60,0.8571428571428571,7,0,2,False,1,0,HARD,75.227,21.407000000000153,15.0,25.297999999999774,0,8.0,45.11800000000039,1.5869999999995343,0,Canadian Grand Prix,0,0,,1
157,1,61,0.8714285714285714,7,0,2,False,1,0,HARD,75.928,22.618000000000393,16.0,25.47700000000077,0,8.0,46.32899999999972,1.7660000000005311,0,Canadian Grand Prix,0,0,,1
157,1,62,0.8857142857142857,7,0,2,False,1,0,HARD,74.961,21.798000000000687,17.0,26.105999999999767,0,8.0,45.509000000000015,2.394999999999527,0,Canadian Grand Prix,0,0,,1
157,1,63,0.9,7,0,2,False,1,0,HARD,75.173,21.255999999999403,18.0,25.957000000000335,0,8.0,44.96699999999964,2.2460000000000946,0,Canadian Grand Prix,0,0,,1
157,1,64,0.9142857142857144,7,0,2,False,1,0,HARD,74.805,21.77700000000004,19.0,26.177999999999884,0,8.0,45.48800000000029,2.4669999999996435,0,Canadian Grand Prix,0,0,,1
157,1,65,0.9285714285714286,7,0,2,False,1,0,HARD,75.179,21.618000000000393,20.0,26.217999999999847,0,8.0,45.32900000000063,2.506999999999607,0,Canadian Grand Prix,0,0,,1
157,1,66,0.9428571428571428,7,0,2,False,1,0,HARD,82.408,28.682999999999083,21.0,43.33399999999983,0,8.0,52.39400000000023,19.622999999999593,0,Canadian Grand Prix,0,0,,1
157,1,67,0.9571428571428572,6,0,2,False,1,1,HARD,115.724,31.90299999999843,22.0,41.358000000000175,0,8.0,55.61399999999958,17.646999999999935,0,Canadian Grand Prix,0,0,,1
157,1,68,0.9714285714285714,6,0,3,False,1,1,HARD,110.618,27.583000000000546,23.0,30.061999999999895,0,8.0,51.29399999999987,6.350999999999658,0,Canadian Grand Prix,0,0,,1
157,1,69,0.9857142857142858,6,0,4,False,1,1,HARD,97.731,14.513999999999214,24.0,28.90099999999984,0,8.0,38.22500000000037,5.1899999999996,0,Canadian Grand Prix,0,0,,1
157,1,70,1.0,6,0,5,False,1,0,HARD,115.75,7.270999999998821,25.0,0.2590000000000145,0,8.0,19.0600000000004,,0,Canadian Grand Prix,0,0,,1
157,3,1,0.0142857142857142,2,0,5,False,1,0,MEDIUM,82.549,0.6970000000001164,4.0,0.769999999999996,1,0.0,15.287000000000006,,0,Canadian Grand Prix,0,0,,0
157,3,2,0.0285714285714285,2,0,0,False,1,0,MEDIUM,76.418,0.6780000000003383,5.0,0.936000000000007,1,0.0,12.232,,1,Canadian Grand Prix,0,0,,0
157,3,3,0.0428571428571428,2,0,0,False,1,0,MEDIUM,76.094,0.5190000000002328,6.0,1.7199999999999989,1,0.0,9.926999999999992,,1,Canadian Grand Prix,0,0,,0
157,3,4,0.0571428571428571,2,0,0,False,1,0,MEDIUM,75.925,0.4580000000000837,7.0,2.1520000000000437,1,0.0,8.341000000000008,,0,Canadian Grand Prix,0,0,,0
157,3,5,0.0714285714285714,2,0,0,False,1,0,MEDIUM,75.901,0.5510000000003856,8.0,2.437000000000012,1,0.0,6.925000000000011,,0,Canadian Grand Prix,0,0,,0
157,3,6,0.0857142857142857,2,0,0,False,1,0,MEDIUM,76.531,1.0979999999999563,9.0,2.0649999999999977,1,0.0,5.845000000000027,,0,Canadian Grand Prix,0,0,,0
157,3,7,0.1,2,0,0,False,1,0,MEDIUM,76.6,1.3139999999998508,10.0,1.759999999999991,1,0.0,4.8110000000000355,,0,Canadian Grand Prix,0,0,,0
157,3,8,0.1142857142857142,2,0,0,False,1,0,MEDIUM,76.64,1.5409999999997126,11.0,1.55600000000004,1,0.0,4.171000000000049,,0,Canadian Grand Prix,0,0,,0
157,3,9,0.1285714285714285,2,0,0,False,1,0,MEDIUM,76.762,1.694999999999709,12.0,1.233000000000061,1,0.0,3.699999999999932,,0,Canadian Grand Prix,0,0,,0
157,3,10,0.1428571428571428,2,0,0,False,1,0,MEDIUM,76.68,1.8369999999995343,13.0,1.115000000000009,1,0.0,2.879000000000019,,1,Canadian Grand Prix,0,0,,0
157,3,11,0.1571428571428571,2,0,0,False,1,0,MEDIUM,76.991,2.269999999999527,14.0,0.4510000000000218,1,0.0,2.5720000000000027,,1,Canadian Grand Prix,0,0,,0
157,3,12,0.1714285714285714,9,0,0,False,1,1,MEDIUM,93.11,0.7139999999999418,15.0,5.264999999999986,2,3.0,17.444000000000074,,1,Canadian Grand Prix,0,0,,0
157,3,13,0.1857142857142857,9,0,1,False,1,0,HARD,79.048,2.5280000000002474,1.0,4.9809999999999945,1,-12.0,17.00999999999999,,0,Canadian Grand Prix,0,0,,1
157,3,14,0.2,8,0,1,False,1,0,HARD,75.943,0.7339999999994689,2.0,0.1800000000000636,3,-12.0,14.202999999999976,,0,Canadian Grand Prix,0,0,,1
157,3,15,0.2142857142857142,5,0,1,False,1,0,HARD,76.352,2.0850000000000364,3.0,0.8529999999998381,1,0.0,8.197000000000116,,1,Canadian Grand Prix,0,0,,1
157,3,16,0.2285714285714285,4,0,1,False,1,0,HARD,76.004,2.2229999999999563,4.0,2.9909999999999854,1,0.0,4.359999999999673,,1,Canadian Grand Prix,0,0,,1
157,3,17,0.2428571428571428,4,0,1,False,1,0,HARD,75.903,2.308999999999287,5.0,4.567999999999984,1,0.0,3.772999999999683,,0,Canadian Grand Prix,0,0,,1
157,3,18,0.2571428571428571,4,0,1,False,1,0,HARD,76.005,2.399999999999636,6.0,4.703000000000202,1,0.0,2.548999999999978,,0,Canadian Grand Prix,0,0,,1
157,3,19,0.2714285714285714,4,0,1,False,1,0,HARD,75.787,2.2969999999995707,7.0,4.948000000000093,2,0.0,1.265999999999849,2.7509999999999764,0,Canadian Grand Prix,0,0,,1
157,3,20,0.2857142857142857,4,0,1,False,1,0,HARD,75.769,2.1940000000004147,8.0,5.115000000000009,2,0.0,4.375999999999976,0.6790000000000873,0,Canadian Grand Prix,0,0,,1
157,3,21,0.3,4,0,1,False,1,0,HARD,75.715,1.8960000000006405,9.0,5.173999999999978,2,0.0,2.895000000000209,2.7289999999998145,0,Canadian Grand Prix,0,0,,1
157,3,22,0.3142857142857143,4,0,1,False,1,0,HARD,75.716,1.5230000000001382,10.0,5.399000000000115,2,0.0,1.3640000000000327,4.300999999999931,0,Canadian Grand Prix,0,0,,1
157,3,23,0.3285714285714285,4,0,1,False,1,0,HARD,75.824,1.3540000000002692,11.0,5.723999999999933,2,0.0,1.240000000000009,0.1040000000000418,0,Canadian Grand Prix,0,0,,1
157,3,24,0.3428571428571428,4,0,1,False,1,0,HARD,75.774,1.393000000000029,12.0,5.845000000000027,2,0.0,3.2469999999998436,0.1110000000001036,0,Canadian Grand Prix,0,0,,1
157,3,25,0.3571428571428571,4,0,1,False,1,0,HARD,75.738,1.568000000000211,13.0,6.352000000000089,2,0.0,2.395999999999958,1.6099999999999,0,Canadian Grand Prix,0,0,,1
157,3,26,0.3714285714285714,4,0,1,False,1,0,HARD,75.715,1.4000000000005457,14.0,6.3659999999999854,2,-12.0,1.8819999999998345,3.5109999999999673,0,Canadian Grand Prix,0,0,,1
157,3,27,0.3857142857142857,4,0,1,False,1,0,HARD,75.464,0.3720000000002983,15.0,6.567000000000007,2,-12.0,1.462999999999738,5.387000000000171,0,Canadian Grand Prix,0,0,,1
157,3,28,0.4,3,0,1,False,1,0,HARD,76.168,1.813999999999396,16.0,6.000999999999749,1,0.0,1.5019999999999527,6.518000000000029,0,Canadian Grand Prix,0,0,,1
157,3,29,0.4142857142857143,2,0,1,False,1,0,HARD,76.065,1.893000000000029,17.0,5.626000000000204,1,0.0,1.3499999999994543,7.737000000000535,0,Canadian Grand Prix,0,0,,1
157,3,30,0.4285714285714285,2,0,1,False,1,0,HARD,76.033,2.277999999999338,18.0,4.998000000000047,1,0.0,1.1199999999998909,9.034999999999854,0,Canadian Grand Prix,0,0,,1
157,3,31,0.4428571428571428,2,0,1,False,1,0,HARD,75.825,2.53899999999976,19.0,4.777000000000044,1,0.0,0.7599999999997635,10.389000000000124,0,Canadian Grand Prix,0,0,,1
157,3,32,0.4571428571428571,2,0,1,False,1,0,HARD,75.845,2.961999999999535,20.0,4.326000000000477,1,0.0,0.8019999999996799,11.783000000000357,0,Canadian Grand Prix,0,0,,1
157,3,33,0.4714285714285714,2,0,1,False,1,0,HARD,76.187,3.5609999999996944,21.0,3.5650000000000546,1,0.0,1.11200000000008,12.797000000000024,0,Canadian Grand Prix,0,0,,1
157,3,34,0.4857142857142857,2,0,1,False,1,0,HARD,76.052,4.061999999999898,22.0,2.961999999999989,1,0.0,1.2919999999994616,14.164000000000216,0,Canadian Grand Prix,0,0,,1
157,3,35,0.5,2,0,1,False,1,0,HARD,76.223,4.707000000000335,23.0,2.100999999999658,1,0.0,1.686999999999898,15.280999999999947,0,Canadian Grand Prix,0,0,,1
157,3,36,0.5142857142857142,2,0,1,False,1,0,HARD,76.123,5.256999999999607,24.0,1.4229999999993197,0,0.0,1.8590000000003783,16.30999999999949,0,Canadian Grand Prix,0,0,,1
157,3,37,0.5285714285714286,6,0,1,False,1,1,HARD,91.919,2.7719999999999345,25.0,5.960000000000036,1,16.0,17.75099999999975,1.7150000000001455,1,Canadian Grand Prix,0,0,,1
157,3,38,0.5428571428571428,6,0,2,False,1,0,HARD,78.724,2.537000000000262,1.0,2.9840000000003783,1,-24.0,0.3299999999994725,1.374000000000251,0,Canadian Grand Prix,0,0,,1
157,3,39,0.5571428571428572,5,0,2,False,1,0,HARD,75.243,6.676000000000386,2.0,1.3280000000004293,0,-9.0,19.9729999999995,0.7920000000003711,0,Canadian Grand Prix,0,0,,1
157,3,40,0.5714285714285714,5,0,2,False,1,0,HARD,75.451,6.90099999999984,3.0,1.2170000000000982,0,-9.0,19.343999999999596,1.6850000000004002,1,Canadian Grand Prix,0,0,,1
157,3,41,0.5857142857142857,5,0,2,False,1,0,HARD,75.291,6.9399999999996,4.0,1.4360000000001492,0,-9.0,18.411999999999807,2.5890000000003965,1,Canadian Grand Prix,0,0,,1
157,3,42,0.6,5,0,2,False,1,0,HARD,75.347,6.842000000000553,5.0,1.561999999999898,0,-25.0,17.16800000000012,3.173000000000229,1,Canadian Grand Prix,0,0,,1
157,3,43,0.6142857142857143,5,0,2,False,1,0,HARD,75.077,3.429000000000088,6.0,2.1590000000001055,1,5.0,15.662999999999556,4.1030000000000655,0,Canadian Grand Prix,0,0,,1
157,3,44,0.6285714285714286,5,0,2,False,1,0,HARD,75.399,3.5450000000000728,7.0,1.9710000000000036,1,5.0,14.272999999999683,4.845000000000255,0,Canadian Grand Prix,0,0,,1
157,3,45,0.6428571428571429,4,0,2,False,1,0,HARD,75.05,3.300000000000182,8.0,1.6109999999998763,1,5.0,21.617999999999935,2.798000000000229,0,Canadian Grand Prix,0,0,,1
157,3,46,0.6571428571428571,4,0,2,False,1,0,HARD,75.21,3.1900000000005093,9.0,1.9929999999999384,1,5.0,19.23199999999997,6.23700000000008,0,Canadian Grand Prix,0,0,,1
157,3,47,0.6714285714285714,3,0,2,False,1,0,HARD,75.339,3.1920000000000073,10.0,1.8829999999998108,1,5.0,19.674999999999727,6.626000000000204,0,Canadian Grand Prix,0,0,,1
157,3,48,0.6857142857142857,3,0,2,False,1,0,HARD,75.334,3.3400000000001455,11.0,1.7160000000003492,1,5.0,19.80199999999968,8.11700000000019,0,Canadian Grand Prix,0,0,,1
157,3,49,0.7,3,0,2,False,1,0,HARD,75.03,3.0559999999995853,12.0,1.7049999999999272,2,5.0,20.096000000000004,8.775000000000091,0,Canadian Grand Prix,0,0,,1
157,3,50,0.7142857142857143,3,0,2,False,1,0,HARD,75.025,2.8779999999997017,13.0,1.68100000000004,2,5.0,20.58999999999969,9.286000000000058,0,Canadian Grand Prix,0,0,,1
157,3,51,0.7285714285714285,3,0,2,False,1,0,HARD,75.043,2.546999999999571,14.0,1.761000000000422,2,5.0,20.91399999999976,9.950000000000273,0,Canadian Grand Prix,0,0,,1
157,3,52,0.7428571428571429,3,0,2,False,1,0,HARD,75.113,2.4030000000002474,15.0,1.7999999999997272,2,5.0,21.442999999999756,10.50500000000011,0,Canadian Grand Prix,0,0,,1
157,3,53,0.7571428571428571,2,0,2,False,1,0,HARD,75.119,2.300999999999476,16.0,1.4310000000004948,1,5.0,11.235000000000127,10.682000000000244,0,Canadian Grand Prix,0,0,,1
157,3,54,0.7714285714285715,2,0,2,False,1,0,HARD,74.878,2.3100000000004,17.0,1.3699999999998909,1,5.0,7.510000000000218,11.220999999999547,1,Canadian Grand Prix,0,0,,1
157,3,55,0.7857142857142857,2,0,2,False,1,0,HARD,74.747,2.207999999999629,18.0,1.40099999999984,1,5.0,7.078000000000429,11.454999999999927,1,Canadian Grand Prix,0,0,,1
157,3,56,0.8,2,0,2,False,1,0,HARD,74.432,1.7439999999996871,19.0,1.8289999999997235,1,5.0,6.931000000000495,12.09099999999944,1,Canadian Grand Prix,0,0,,1
157,3,57,0.8142857142857143,2,0,2,False,1,0,HARD,74.557,1.199000000000524,20.0,1.855000000000473,1,5.0,7.226999999999862,12.943000000000213,0,Canadian Grand Prix,0,0,,1
157,3,58,0.8285714285714286,2,0,2,False,1,0,HARD,74.953,1.626999999999498,21.0,1.8940000000002328,1,5.0,7.78400000000056,13.156999999999243,0,Canadian Grand Prix,0,0,,1
157,3,59,0.8428571428571429,2,0,2,False,1,0,HARD,74.734,1.8950000000004368,22.0,1.8010000000003856,1,5.0,7.720000000000255,13.692000000000007,0,Canadian Grand Prix,0,0,,1
157,3,60,0.8571428571428571,2,0,2,False,1,0,HARD,74.686,2.09099999999944,23.0,1.569999999999709,1,5.0,7.174000000000888,14.232999999999263,0,Canadian Grand Prix,0,0,,1
157,3,61,0.8714285714285714,2,0,2,False,1,0,HARD,74.491,2.2249999999994543,24.0,1.5979999999999563,1,5.0,6.94800000000032,15.669999999999163,0,Canadian Grand Prix,0,0,,1
157,3,62,0.8857142857142857,2,0,2,False,1,0,HARD,74.287,2.206000000000131,25.0,1.7950000000000728,1,5.0,5.4539999999997235,16.34400000000005,0,Canadian Grand Prix,0,0,,1
157,3,63,0.9,2,0,2,False,1,0,HARD,74.353,2.4399999999986903,26.0,2.084000000000742,1,5.0,4.0919999999996435,17.16399999999976,0,Canadian Grand Prix,0,0,,1
157,3,64,0.9142857142857144,2,0,2,False,1,0,HARD,74.404,2.5429999999996653,27.0,2.243999999999687,1,5.0,4.212000000000444,17.5649999999996,0,Canadian Grand Prix,0,0,,1
157,3,65,0.9285714285714286,2,0,2,False,1,0,HARD,74.625,2.804000000000088,28.0,2.157000000000153,1,5.0,3.4990000000007058,18.118999999999687,0,Canadian Grand Prix,0,0,,1
157,3,66,0.9428571428571428,2,0,2,False,1,0,HARD,74.394,2.6679999999996653,29.0,2.415999999999258,1,5.0,2.550000000000182,26.13299999999981,0,Canadian Grand Prix,0,0,,1
157,3,67,0.9571428571428572,2,0,2,False,1,1,HARD,103.478,2.6459999999988213,30.0,3.1099999999996726,1,5.0,11.998000000000502,6.475999999999658,0,Canadian Grand Prix,0,0,,1
157,3,68,0.9714285714285714,2,0,3,False,1,1,HARD,125.276,1.1530000000002474,31.0,1.1369999999997162,1,5.0,3.86200000000008,23.72099999999955,0,Canadian Grand Prix,0,0,,1
157,3,69,0.9857142857142858,2,0,4,False,1,1,HARD,123.745,1.081000000000131,32.0,1.0979999999999563,1,5.0,2.293000000000575,26.607999999999265,1,Canadian Grand Prix,0,0,,1
157,3,70,1.0,2,0,5,False,1,0,HARD,126.683,0.2280000000009749,33.0,0.7860000000000582,1,5.0,8.575000000000728,,1,Canadian Grand Prix,0,0,,1
157,6,1,0.0142857142857142,16,0,5,False,1,0,HARD,90.973,0.3299999999999272,1.0,,3,0.0,24.52799999999999,,0,Canadian Grand Prix,0,0,,0
157,6,2,0.0285714285714285,16,0,0,False,1,0,HARD,79.473,0.6159999999999854,2.0,,2,0.0,24.75799999999998,,0,Canadian Grand Prix,0,0,,0
157,6,3,0.0428571428571428,16,0,0,False,1,0,HARD,78.399,0.8409999999998945,3.0,,1,0.0,25.142999999999972,,0,Canadian Grand Prix,0,0,,0
157,6,4,0.0571428571428571,16,0,0,False,1,0,HARD,77.511,0.8449999999997999,4.0,,2,0.0,25.07299999999998,,0,Canadian Grand Prix,0,0,,0
157,6,5,0.0714285714285714,16,0,0,False,1,0,HARD,77.317,0.5729999999998654,5.0,,2,0.0,24.89699999999999,,0,Canadian Grand Prix,0,0,,0
157,6,6,0.0857142857142857,16,0,0,False,1,0,HARD,77.611,0.9349999999999454,6.0,,1,0.0,25.149,,0,Canadian Grand Prix,0,0,,0
157,6,7,0.1,16,0,0,False,1,0,HARD,77.634,1.018000000000029,7.0,,1,0.0,25.373000000000047,,0,Canadian Grand Prix,0,0,,0
157,6,8,0.1142857142857142,16,0,0,False,1,0,HARD,77.28,0.725999999999658,8.0,,1,0.0,25.156000000000063,,0,Canadian Grand Prix,0,0,,0
157,6,9,0.1285714285714285,16,0,0,False,1,0,HARD,77.233,0.4960000000000946,9.0,,1,0.0,24.97900000000004,,0,Canadian Grand Prix,0,0,,0
157,6,10,0.1428571428571428,16,0,0,False,1,0,HARD,77.501,0.8060000000004948,10.0,,1,0.0,25.201000000000025,,0,Canadian Grand Prix,0,0,,0
157,6,11,0.1571428571428571,16,0,0,False,1,0,HARD,77.298,0.5140000000001237,11.0,,1,0.0,24.770000000000095,,0,Canadian Grand Prix,0,0,,0
157,6,12,0.1714285714285714,16,0,0,False,1,0,HARD,78.238,0.5200000000004366,12.0,,1,0.0,24.712999999999965,,0,Canadian Grand Prix,0,0,,0
157,6,13,0.1857142857142857,15,0,0,False,1,0,HARD,79.482,0.4000000000005457,13.0,,1,0.0,25.43100000000004,,0,Canadian Grand Prix,0,0,,0
157,6,14,0.2,14,0,0,False,1,0,HARD,78.75,0.9549999999999272,14.0,,1,0.0,26.276000000000067,,0,Canadian Grand Prix,0,0,,0
157,6,15,0.2142857142857142,13,0,0,False,1,0,HARD,77.863,0.7399999999997817,15.0,4.494999999999891,2,0.0,19.21600000000012,,0,Canadian Grand Prix,0,0,,0
157,6,16,0.2285714285714285,12,0,0,False,1,0,HARD,77.836,0.4839999999994688,16.0,6.500000000000455,2,15.0,17.210999999999558,,0,Canadian Grand Prix,0,0,,0
157,6,17,0.2428571428571428,11,0,0,False,1,0,HARD,77.446,1.199999999999818,17.0,5.544000000000324,2,15.0,18.16699999999969,,0,Canadian Grand Prix,0,0,,0
157,6,18,0.2571428571428571,11,0,0,False,1,0,HARD,77.196,1.5379999999995562,18.0,5.576999999999998,2,15.0,18.134000000000015,,0,Canadian Grand Prix,0,0,,0
157,6,19,0.2714285714285714,10,0,0,False,1,0,HARD,77.077,0.6080000000001746,19.0,5.570000000000164,2,15.0,14.124000000000024,,0,Canadian Grand Prix,0,0,,0
157,6,20,0.2857142857142857,9,0,0,False,1,0,HARD,78.229,1.2780000000002474,20.0,5.055000000000064,2,0.0,12.11200000000008,,0,Canadian Grand Prix,0,0,,0
157,6,21,0.3,9,0,0,False,1,0,HARD,77.196,0.9719999999997526,21.0,5.624000000000024,2,0.0,11.870999999999867,,0,Canadian Grand Prix,0,0,,0
157,6,22,0.3142857142857143,9,0,0,False,1,0,HARD,77.247,1.063000000000102,22.0,5.664999999999964,2,0.0,11.375,,0,Canadian Grand Prix,0,0,,0
157,6,23,0.3285714285714285,9,0,0,False,1,0,HARD,77.292,1.344000000000051,23.0,5.164999999999964,2,0.0,11.091000000000122,,0,Canadian Grand Prix,0,0,,0
157,6,24,0.3428571428571428,9,0,0,False,1,0,HARD,77.297,1.5160000000005311,24.0,5.0,2,0.0,11.201999999999998,,0,Canadian Grand Prix,0,0,,0
157,6,25,0.3571428571428571,9,0,0,False,1,0,HARD,77.394,1.6729999999997744,25.0,4.294000000000096,1,0.0,11.237999999999827,,0,Canadian Grand Prix,0,0,,0
157,6,26,0.3714285714285714,9,0,0,False,1,0,HARD,77.291,1.347999999999956,26.0,3.655999999999949,1,0.0,11.070000000000164,,0,Canadian Grand Prix,0,0,,0
157,6,27,0.3857142857142857,9,0,0,False,1,0,HARD,77.3,1.3079999999999927,27.0,3.3049999999998363,1,0.0,10.904999999999744,,0,Canadian Grand Prix,0,0,,0
157,6,28,0.4,9,0,0,False,1,0,HARD,78.029,2.037999999999556,28.0,2.438999999999851,1,0.0,11.644999999999982,,0,Canadian Grand Prix,0,0,,0
157,6,29,0.4142857142857143,9,0,0,False,1,0,HARD,77.491,2.244999999999891,29.0,2.4299999999998363,1,0.0,11.837999999999738,,0,Canadian Grand Prix,0,0,,0
157,6,30,0.4285714285714285,9,0,0,False,1,0,HARD,77.382,2.2960000000002765,30.0,1.5279999999997926,1,0.0,12.166999999999916,,0,Canadian Grand Prix,0,0,,0
157,6,31,0.4428571428571428,9,0,0,False,1,0,HARD,76.955,2.0720000000001164,31.0,1.0590000000001965,1,0.0,11.618999999999687,,0,Canadian Grand Prix,0,0,,0
157,6,32,0.4571428571428571,9,0,0,False,1,0,HARD,77.118,1.9510000000000216,32.0,0.4400000000000545,1,0.0,10.897999999999683,,1,Canadian Grand Prix,0,0,,0
157,6,33,0.4714285714285714,10,0,0,False,1,0,HARD,78.138,0.5489999999999782,33.0,12.09100000000035,2,14.0,11.619999999999436,,1,Canadian Grand Prix,0,0,,0
157,6,34,0.4857142857142857,10,0,0,False,1,0,HARD,77.385,0.8419999999996435,34.0,11.833999999999833,2,14.0,11.876999999999953,,0,Canadian Grand Prix,0,0,,0
157,6,35,0.5,10,0,0,False,1,0,HARD,77.911,2.1729999999997744,35.0,10.989999999999782,2,14.0,12.721000000000004,,0,Canadian Grand Prix,0,0,,0
157,6,36,0.5142857142857142,10,0,0,False,1,0,HARD,77.398,3.13799999999992,36.0,10.013000000000376,2,14.0,13.69799999999941,,0,Canadian Grand Prix,0,0,,0
157,6,37,0.5285714285714286,10,0,0,False,1,0,HARD,77.263,3.1439999999993233,37.0,9.886999999999716,2,0.0,13.82400000000007,,0,Canadian Grand Prix,0,0,,0
157,6,38,0.5428571428571428,10,0,0,False,1,0,HARD,77.333,2.5600000000004,38.0,9.231000000000222,2,0.0,14.479999999999563,,0,Canadian Grand Prix,0,0,,0
157,6,39,0.5571428571428572,10,0,0,False,1,0,HARD,77.227,2.7520000000004075,39.0,8.827999999999975,1,0.0,14.88299999999981,,0,Canadian Grand Prix,0,0,,0
157,6,40,0.5714285714285714,10,0,0,False,1,0,HARD,77.13,2.913000000000465,40.0,8.234000000000378,1,0.0,15.476999999999409,,0,Canadian Grand Prix,0,0,,0
157,6,41,0.5857142857142857,10,0,0,False,1,0,HARD,76.76,2.768000000000029,41.0,7.811999999999898,1,0.0,15.898999999999887,,0,Canadian Grand Prix,0,0,,0
157,6,42,0.6,10,0,0,False,1,0,HARD,76.915,2.6879999999991924,42.0,7.123000000000047,1,0.0,16.587999999999738,,0,Canadian Grand Prix,0,0,,0
157,6,43,0.6142857142857143,10,0,0,False,1,0,HARD,77.124,3.07300000000032,43.0,6.174000000000433,1,0.0,17.536999999999352,,0,Canadian Grand Prix,0,0,,0
157,6,44,0.6285714285714286,10,0,0,False,1,0,HARD,76.863,3.0559999999995853,44.0,5.699999999999818,1,0.0,18.010999999999967,,0,Canadian Grand Prix,0,0,,0
157,6,45,0.6428571428571429,10,0,0,False,1,0,HARD,76.835,3.201000000000022,45.0,5.342000000000098,1,0.0,18.368999999999687,,0,Canadian Grand Prix,0,0,,0
157,6,46,0.6571428571428571,10,0,0,False,1,0,HARD,76.894,3.274000000000342,46.0,4.751999999999953,1,0.0,18.958999999999833,,0,Canadian Grand Prix,0,0,,0
157,6,47,0.6714285714285714,10,0,0,False,1,0,HARD,76.786,3.2200000000002547,47.0,5.106999999999971,1,0.0,18.603999999999814,,0,Canadian Grand Prix,0,0,,0
157,6,48,0.6857142857142857,10,0,0,False,1,0,HARD,76.656,2.619999999999891,48.0,4.320000000000164,1,0.0,19.39099999999962,,0,Canadian Grand Prix,0,0,,0
157,6,49,0.7,10,0,0,False,1,0,HARD,76.88,2.82300000000032,49.0,3.2390000000000327,1,0.0,20.471999999999753,,0,Canadian Grand Prix,0,0,,0
157,6,50,0.7142857142857143,9,0,0,False,1,0,HARD,76.685,2.6760000000003856,50.0,2.5140000000001237,1,0.0,17.08499999999958,,0,Canadian Grand Prix,0,0,,0
157,6,51,0.7285714285714285,9,0,0,False,1,0,HARD,76.555,2.6170000000001887,51.0,1.936999999999898,1,0.0,15.246999999999844,,0,Canadian Grand Prix,0,0,,0
157,6,52,0.7428571428571429,9,0,0,False,1,0,HARD,76.426,2.65900000000056,52.0,1.4020000000000437,1,0.0,16.052000000000135,,0,Canadian Grand Prix,0,0,,0
157,6,53,0.7571428571428571,9,0,0,False,1,0,HARD,76.678,2.859999999999673,53.0,0.3930000000000291,1,0.0,17.65899999999965,,1,Canadian Grand Prix,0,0,,0
157,6,54,0.7714285714285715,9,0,0,False,1,0,HARD,76.687,3.1210000000000946,54.0,0.2799999999997453,1,0.0,19.170000000000982,,1,Canadian Grand Prix,0,0,,0
157,6,55,0.7857142857142857,9,0,0,False,1,0,HARD,76.846,3.381000000000313,55.0,0.2139999999999418,1,0.0,20.60900000000038,,1,Canadian Grand Prix,0,0,,0
157,6,56,0.8,10,0,0,False,1,0,HARD,77.283,0.1549999999997453,56.0,1.6989999999996144,2,19.0,22.012000000000626,,1,Canadian Grand Prix,0,0,,0
157,6,57,0.8142857142857143,11,0,0,False,1,1,HARD,93.451,3.894000000000233,57.0,,1,0.0,27.605000000000473,,0,Canadian Grand Prix,0,0,,0
157,6,58,0.8285714285714286,11,0,1,False,1,0,MEDIUM,78.678,1.3079999999999927,1.0,,1,0.0,25.019000000000233,,0,Canadian Grand Prix,0,0,,1
157,6,59,0.8428571428571429,11,0,1,False,1,0,MEDIUM,74.389,0.5119999999997162,2.0,,1,0.0,24.223000000000862,,0,Canadian Grand Prix,0,0,,1
157,6,60,0.8571428571428571,11,0,1,False,1,0,MEDIUM,74.783,0.6990000000005239,3.0,,1,0.0,24.409999999999854,,0,Canadian Grand Prix,0,0,,1
157,6,61,0.8714285714285714,11,0,1,False,1,0,MEDIUM,75.299,1.404999999998836,4.0,,1,0.0,25.115999999999985,,0,Canadian Grand Prix,0,0,,1
157,6,62,0.8857142857142857,11,0,1,False,1,0,MEDIUM,75.162,1.570999999999913,5.0,,1,0.0,25.282000000000153,,0,Canadian Grand Prix,0,0,,1
157,6,63,0.9,11,0,1,False,1,0,MEDIUM,75.081,1.6700000000000728,6.0,,1,0.0,25.381000000000313,,0,Canadian Grand Prix,0,0,,1
157,6,64,0.9142857142857144,11,0,1,False,1,0,MEDIUM,74.452,1.184000000001106,7.0,,1,0.0,24.895000000000437,,0,Canadian Grand Prix,0,0,,1
157,6,65,0.9285714285714286,11,0,1,False,1,0,MEDIUM,74.459,0.8609999999989668,8.0,,1,0.0,24.572000000000116,,0,Canadian Grand Prix,0,0,,1
157,6,66,0.9428571428571428,11,0,1,False,1,1,MEDIUM,105.951,0.5560000000004948,9.0,,1,0.0,24.267000000000735,,0,Canadian Grand Prix,0,0,,1
157,6,67,0.9571428571428572,10,0,2,False,1,1,MEDIUM,117.479,0.9470000000001164,10.0,,1,0.0,24.657999999999447,,0,Canadian Grand Prix,0,0,,1
157,6,68,0.9714285714285714,10,0,3,False,1,1,MEDIUM,123.54,1.245999999999185,11.0,,1,0.0,24.957000000000335,,0,Canadian Grand Prix,0,0,,1
157,6,69,0.9857142857142858,10,0,4,False,1,0,MEDIUM,124.853,0.4130000000004656,12.0,,1,0.0,24.123999999999796,,0,Canadian Grand Prix,0,0,,1
157,7,1,0.0142857142857142,8,0,4,False,1,0,HARD,86.33,0.5889999999999418,1.0,1.6310000000000002,6,-4.0,19.068,,0,Canadian Grand Prix,0,0,,0
157,7,2,0.0285714285714285,8,0,0,False,1,0,HARD,77.784,0.6869999999998981,2.0,1.718999999999994,4,-4.0,17.37899999999999,,0,Canadian Grand Prix,0,0,,0
157,7,3,0.0428571428571428,8,0,0,False,1,0,HARD,77.953,1.2849999999998545,3.0,1.6200000000000043,3,-4.0,16.93300000000002,,0,Canadian Grand Prix,0,0,,0
157,7,4,0.0571428571428571,8,0,0,False,1,0,HARD,77.884,2.1030000000000655,4.0,1.6309999999999718,2,-4.0,17.30600000000004,,0,Canadian Grand Prix,0,0,,0
157,7,5,0.0714285714285714,8,0,0,False,1,0,HARD,77.574,2.7809999999999495,5.0,1.4020000000000437,1,-4.0,17.562999999999988,,0,Canadian Grand Prix,0,0,,0
157,7,6,0.0857142857142857,8,0,0,False,1,0,HARD,76.808,2.9320000000002437,6.0,1.8889999999999532,1,-4.0,16.760000000000048,,1,Canadian Grand Prix,0,0,,0
157,7,7,0.1,8,0,0,False,1,0,HARD,77.314,3.5799999999999272,7.0,1.561999999999898,0,-4.0,16.440000000000055,,0,Canadian Grand Prix,0,0,,0
157,7,8,0.1142857142857142,8,0,0,False,1,0,HARD,76.43,3.5219999999999345,8.0,2.481999999999971,0,-4.0,15.590000000000032,,0,Canadian Grand Prix,0,0,,0
157,7,9,0.1285714285714285,8,0,0,False,1,0,HARD,76.86,3.678000000000793,9.0,2.6680000000000064,0,-4.0,15.216999999999985,,0,Canadian Grand Prix,0,0,,0
157,7,10,0.1428571428571428,8,0,0,False,1,0,HARD,77.088,3.988000000000284,10.0,2.812000000000012,1,-4.0,14.803999999999974,,0,Canadian Grand Prix,0,0,,0
157,7,11,0.1571428571428571,8,0,0,False,1,0,HARD,76.674,2.613000000000284,11.0,3.6510000000000673,1,-4.0,14.17999999999995,,0,Canadian Grand Prix,0,0,,0
157,7,12,0.1714285714285714,7,0,0,False,1,0,HARD,76.998,1.3609999999998763,12.0,3.789999999999963,1,-4.0,12.940000000000056,,0,Canadian Grand Prix,0,0,,0
157,7,13,0.1857142857142857,5,0,0,False,1,0,HARD,76.66,3.950999999999112,13.0,0.5289999999999964,0,0.0,10.117999999999938,,0,Canadian Grand Prix,0,0,,0
157,7,14,0.2,4,0,0,False,1,0,HARD,76.727,4.221000000000458,14.0,2.591999999999871,0,0.0,8.095000000000027,,1,Canadian Grand Prix,0,0,,0
157,7,15,0.2142857142857142,3,0,0,False,1,0,HARD,76.357,3.481999999999971,15.0,4.018000000000029,0,0.0,2.094000000000051,,0,Canadian Grand Prix,0,0,,0
157,7,16,0.2285714285714285,2,0,0,False,1,0,HARD,76.587,3.481999999999971,16.0,3.2970000000000255,0,,5.3400000000001455,1.1600000000003092,0,Canadian Grand Prix,0,0,,0
157,7,17,0.2428571428571428,2,0,0,False,1,0,HARD,76.041,3.243000000000393,17.0,3.0730000000000928,0,,3.9349999999999454,1.6090000000003783,0,Canadian Grand Prix,0,0,,0
157,7,18,0.2571428571428571,2,0,0,False,1,0,HARD,76.121,3.179000000000088,18.0,2.8659999999999854,0,,2.8600000000001273,2.716999999999871,0,Canadian Grand Prix,0,0,,0
157,7,19,0.2714285714285714,2,0,0,False,1,0,HARD,76.22,3.09900000000016,19.0,2.535999999999831,0,,2.0030000000001564,3.5670000000000073,0,Canadian Grand Prix,0,0,,0
157,7,20,0.2857142857142857,2,0,0,False,1,0,HARD,76.108,2.838999999999942,20.0,2.2999999999999545,0,,1.160000000000082,0.1179999999999381,0,Canadian Grand Prix,0,0,,0
157,7,21,0.3,2,0,0,False,1,0,HARD,76.24,2.893000000000029,21.0,2.07300000000032,0,,1.206000000000131,0.1019999999998617,0,Canadian Grand Prix,0,0,,0
157,7,22,0.3142857142857143,2,0,0,False,1,0,HARD,76.493,3.050000000000182,22.0,1.6690000000000964,0,,1.1009999999998854,0.7649999999996453,0,Canadian Grand Prix,0,0,,0
157,7,23,0.3285714285714285,2,0,0,False,1,0,HARD,76.153,3.061999999999898,23.0,1.5090000000000146,0,,0.8250000000000455,1.6230000000000473,0,Canadian Grand Prix,0,0,,0
157,7,24,0.3428571428571428,2,0,0,False,1,0,HARD,76.13,3.03400000000056,24.0,1.1139999999998054,0,,0.7400000000000091,2.617999999999938,0,Canadian Grand Prix,0,0,,0
157,7,25,0.3571428571428571,2,0,0,False,1,0,HARD,76.019,2.5880000000006476,25.0,0.6579999999999018,0,,0.1700000000000727,3.835999999999786,1,Canadian Grand Prix,0,0,,0
157,7,26,0.3714285714285714,3,0,0,False,1,0,HARD,76.541,0.5839999999998327,26.0,1.3999999999998636,1,12.0,0.4819999999999709,4.910999999999831,1,Canadian Grand Prix,0,0,,0
157,7,27,0.3857142857142857,3,0,0,False,1,0,HARD,76.492,1.032999999999447,27.0,0.3719999999998435,1,12.0,1.0909999999998945,5.7590000000000146,1,Canadian Grand Prix,0,0,,0
157,7,28,0.4,6,0,0,False,1,1,HARD,91.967,6.970000000000255,28.0,6.782000000000153,0,16.0,4.431999999999789,5.195000000000164,1,Canadian Grand Prix,0,0,,0
157,7,29,0.4142857142857143,6,0,1,False,1,0,HARD,79.002,5.519999999999527,1.0,3.9970000000002983,0,-12.0,5.951999999999771,3.49100000000044,0,Canadian Grand Prix,0,0,,0
157,7,30,0.4285714285714285,6,0,1,False,1,0,HARD,75.675,3.0230000000001382,2.0,4.585000000000036,0,-12.0,5.1469999999999345,4.869000000000142,0,Canadian Grand Prix,0,0,,0
157,7,31,0.4428571428571428,6,0,1,False,1,0,HARD,75.491,3.2590000000000146,3.0,5.278999999999996,0,-12.0,4.151999999999589,6.881000000000313,0,Canadian Grand Prix,0,0,,0
157,7,32,0.4571428571428571,6,0,1,False,1,0,HARD,75.335,3.3170000000000073,4.0,5.746999999999844,0,-12.0,2.987999999999829,9.385000000000218,0,Canadian Grand Prix,0,0,,0
157,7,33,0.4714285714285714,6,0,1,False,1,0,HARD,75.298,3.4300000000002906,5.0,6.326000000000022,0,-12.0,0.5879999999997381,11.503000000000611,0,Canadian Grand Prix,0,0,,0
157,7,34,0.4857142857142857,6,0,1,False,1,0,HARD,75.361,3.78899999999976,6.0,6.836999999999989,0,-12.0,1.41800000000012,0.5940000000000509,0,Canadian Grand Prix,0,0,,0
157,7,35,0.5,6,0,1,False,1,0,HARD,75.333,4.155999999999949,7.0,7.332000000000335,0,-12.0,16.37899999999945,0.5890000000003965,0,Canadian Grand Prix,0,0,,0
157,7,36,0.5142857142857142,6,0,1,False,1,0,HARD,75.525,4.467999999999847,8.0,7.758000000000266,0,-12.0,15.95299999999952,2.2160000000003492,0,Canadian Grand Prix,0,0,,0
157,7,37,0.5285714285714286,5,0,1,False,1,0,HARD,75.053,4.273000000000138,9.0,2.7719999999999345,0,-12.0,14.978999999999814,4.48700000000008,0,Canadian Grand Prix,0,0,,0
157,7,38,0.5428571428571428,4,0,1,False,1,0,HARD,75.092,4.2020000000002256,10.0,3.867000000000189,0,-12.0,14.32299999999941,6.074000000000524,0,Canadian Grand Prix,0,0,,0
157,7,39,0.5571428571428572,4,0,1,False,1,0,HARD,74.971,4.44800000000032,11.0,6.675999999999931,0,-12.0,13.29699999999957,7.468000000000302,0,Canadian Grand Prix,0,0,,0
157,7,40,0.5714285714285714,4,0,1,False,1,0,HARD,75.226,4.835000000000037,12.0,6.90099999999984,0,-12.0,12.442999999999756,8.58600000000024,0,Canadian Grand Prix,0,0,,0
157,7,41,0.5857142857142857,4,0,1,False,1,0,HARD,75.252,4.971999999999753,13.0,6.940000000000055,0,-12.0,11.471999999999753,9.529000000000453,0,Canadian Grand Prix,0,0,,0
157,7,42,0.6,3,0,1,False,1,0,HARD,75.319,5.264000000000124,14.0,0.1260000000002037,0,-12.0,10.199999999999818,10.141000000000531,0,Canadian Grand Prix,0,0,,0
157,7,43,0.6142857142857143,3,0,1,False,1,0,HARD,75.375,5.342000000000553,15.0,3.2409999999999854,0,-12.0,8.992999999999483,10.773000000000138,1,Canadian Grand Prix,0,0,,0
157,7,44,0.6285714285714286,3,0,1,False,1,0,HARD,75.087,4.667999999999665,16.0,3.437000000000353,0,-12.0,7.290999999999713,11.827000000000226,0,Canadian Grand Prix,0,0,,0
157,7,45,0.6428571428571429,2,0,1,False,1,0,HARD,76.168,5.227999999999156,17.0,2.563999999999851,0,,15.753999999999904,8.662000000000262,0,Canadian Grand Prix,0,0,,0
157,7,46,0.6571428571428571,2,0,1,False,1,0,HARD,75.216,4.939000000000306,18.0,2.66800000000012,0,,13.373999999999796,12.095000000000256,0,Canadian Grand Prix,0,0,,0
157,7,47,0.6714285714285714,1,0,1,False,1,0,HARD,75.433,0.0,19.0,2.5720000000001164,0,,13.910999999999603,12.390000000000327,0,Canadian Grand Prix,0,0,,0
157,7,48,0.6857142857142857,1,0,1,False,1,0,HARD,75.169,0.0,20.0,2.588999999999942,0,,13.873000000000047,14.045999999999822,0,Canadian Grand Prix,0,0,,0
157,7,49,0.7,1,0,1,False,1,0,HARD,76.146,0.0,21.0,1.7570000000000618,0,,15.282999999999902,13.588000000000193,0,Canadian Grand Prix,0,0,,0
157,7,50,0.7142857142857143,1,0,1,False,1,0,HARD,75.462,0.0,22.0,1.4980000000000473,0,,16.213999999999487,13.662000000000262,0,Canadian Grand Prix,0,0,,0
157,7,51,0.7285714285714285,1,0,1,False,1,0,HARD,75.49,0.0,23.0,1.3820000000000618,0,,16.985000000000127,13.878999999999904,1,Canadian Grand Prix,0,0,,0
157,7,52,0.7428571428571429,1,0,1,False,1,0,HARD,75.061,0.0,24.0,1.5779999999999743,0,,17.461999999999534,14.486000000000333,1,Canadian Grand Prix,0,0,,0
157,7,53,0.7571428571428571,6,0,1,False,1,1,HARD,91.576,6.98700000000008,25.0,21.91700000000037,0,17.0,1.793999999999869,12.940999999999804,0,Canadian Grand Prix,0,0,,0
157,7,54,0.7714285714285715,6,0,2,False,1,0,MEDIUM,78.603,11.249000000000706,1.0,18.730999999999767,0,-8.0,4.980000000000473,10.764000000000124,0,Canadian Grand Prix,0,0,,1
157,7,55,0.7857142857142857,6,0,2,False,1,0,MEDIUM,75.179,12.188999999999396,2.0,18.533000000000357,0,-8.0,5.177999999999884,12.170999999999369,0,Canadian Grand Prix,0,0,,1
157,7,56,0.8,6,0,2,False,1,0,MEDIUM,74.579,12.150999999999842,3.0,19.021999999999935,0,-8.0,4.689000000000306,14.101999999999862,0,Canadian Grand Prix,0,0,,1
157,7,57,0.8142857142857143,6,0,2,False,1,0,MEDIUM,74.261,12.021999999999936,4.0,20.170000000000073,0,-8.0,3.5410000000001673,19.73199999999997,0,Canadian Grand Prix,0,0,,1
157,7,58,0.8285714285714286,6,0,2,False,1,0,MEDIUM,74.396,11.753000000000611,5.0,20.940999999999804,0,-8.0,2.770000000000437,21.023999999999432,0,Canadian Grand Prix,0,0,,1
157,7,59,0.8428571428571429,6,0,2,False,1,0,MEDIUM,74.798,12.027000000000044,6.0,21.412000000000265,0,-8.0,2.298999999999978,22.210000000000036,0,Canadian Grand Prix,0,0,,1
157,7,60,0.8571428571428571,6,0,2,False,1,0,MEDIUM,75.232,12.95899999999983,7.0,21.407000000000153,0,-8.0,2.3040000000000873,22.993999999999687,0,Canadian Grand Prix,0,0,,1
157,7,61,0.8714285714285714,6,0,2,False,1,0,MEDIUM,74.717,13.425000000000182,8.0,22.617999999999483,0,-8.0,1.0930000000007567,24.384000000000015,0,Canadian Grand Prix,0,0,,1
157,7,62,0.8857142857142857,6,0,2,False,1,0,MEDIUM,75.781,14.904999999998836,9.0,21.797999999999774,0,-8.0,1.9130000000004657,24.1929999999993,0,Canadian Grand Prix,0,0,,1
157,7,63,0.9,6,0,2,False,1,0,MEDIUM,75.715,16.200999999999112,10.0,21.255999999999403,0,-8.0,2.4550000000008367,23.501999999999494,0,Canadian Grand Prix,0,0,,1
157,7,64,0.9142857142857144,6,0,2,False,1,0,MEDIUM,74.284,16.19999999999891,11.0,21.777000000000044,0,-8.0,1.9340000000001965,24.243999999999687,0,Canadian Grand Prix,0,0,,1
157,7,65,0.9285714285714286,6,0,2,False,1,0,MEDIUM,75.338,17.308999999999287,12.0,21.618000000000393,0,-8.0,2.092999999999847,24.125,0,Canadian Grand Prix,0,0,,1
157,7,66,0.9428571428571428,6,0,2,False,1,0,MEDIUM,75.343,17.424999999999272,13.0,28.682999999999993,0,-8.0,41.21300000000065,4.971999999999753,0,Canadian Grand Prix,0,0,,1
157,7,67,0.9571428571428572,5,0,2,False,1,1,MEDIUM,112.504,18.47400000000016,14.0,31.902999999999334,0,-8.0,42.1850000000004,8.191999999999098,0,Canadian Grand Prix,0,0,,1
157,7,68,0.9714285714285714,5,0,3,False,1,1,MEDIUM,114.938,14.964999999998328,15.0,27.58299999999963,0,11.0,38.676000000000386,3.871999999999389,0,Canadian Grand Prix,0,0,,1
157,7,69,0.9857142857142858,5,0,4,False,1,1,MEDIUM,110.8,1.8299999999999277,16.0,14.514000000000124,1,11.0,9.197000000000116,19.703999999999724,0,Canadian Grand Prix,0,0,,1
157,7,70,1.0,5,0,5,False,1,0,MEDIUM,122.993,1.3330000000005384,17.0,7.270999999999731,4,11.0,11.78900000000067,,0,Canadian Grand Prix,0,0,,1
157,11,1,0.0142857142857142,6,0,5,False,1,0,MEDIUM,85.331,0.6359999999999673,5.0,0.9989999999999952,5,4.0,18.069000000000003,,0,Canadian Grand Prix,0,0,,0
157,11,2,0.0285714285714285,6,0,0,False,1,0,MEDIUM,77.402,0.718000000000302,6.0,1.3810000000000002,5,4.0,15.99800000000002,,0,Canadian Grand Prix,0,0,,0
157,11,3,0.0428571428571428,6,0,0,False,1,0,MEDIUM,77.113,0.9639999999999418,7.0,2.2210000000000036,4,4.0,14.712000000000018,,0,Canadian Grand Prix,0,0,,0
157,11,4,0.0571428571428571,6,0,0,False,1,0,MEDIUM,76.677,0.6590000000001055,8.0,3.4279999999999973,3,4.0,13.878000000000045,,0,Canadian Grand Prix,0,0,,0
157,11,5,0.0714285714285714,6,0,0,False,1,0,MEDIUM,76.669,0.8209999999999127,9.0,4.33299999999997,3,4.0,13.230000000000018,,0,Canadian Grand Prix,0,0,,0
157,11,6,0.0857142857142857,6,0,0,False,1,0,MEDIUM,76.51,0.8249999999998181,10.0,4.631000000000029,3,4.0,12.12900000000002,,0,Canadian Grand Prix,0,0,,0
157,11,7,0.1,6,0,0,False,1,0,MEDIUM,76.552,0.8789999999999054,11.0,5.393000000000029,3,4.0,11.047000000000024,,0,Canadian Grand Prix,0,0,,0
157,11,8,0.1142857142857142,6,0,0,False,1,0,MEDIUM,76.369,0.8150000000005093,12.0,5.453999999999951,3,4.0,10.13600000000008,,0,Canadian Grand Prix,0,0,,0
157,11,9,0.1285714285714285,6,0,0,False,1,0,MEDIUM,77.208,1.3659999999999854,13.0,5.1059999999999945,2,4.0,10.11099999999999,,0,Canadian Grand Prix,0,0,,0
157,11,10,0.1428571428571428,6,0,0,False,1,0,MEDIUM,77.921,2.577000000000226,14.0,4.272999999999911,2,4.0,10.531000000000065,,0,Canadian Grand Prix,0,0,,0
157,11,11,0.1571428571428571,7,0,0,False,1,0,MEDIUM,78.334,0.7669999999998254,15.0,2.6129999999999427,1,4.0,11.567000000000007,,0,Canadian Grand Prix,0,0,,0
157,11,12,0.1714285714285714,6,0,0,False,1,0,MEDIUM,78.25,2.3059999999995853,16.0,1.36099999999999,0,4.0,11.579000000000065,,0,Canadian Grand Prix,0,0,,0
157,11,13,0.1857142857142857,6,0,0,False,1,0,MEDIUM,78.55,0.5290000000004511,17.0,1.0009999999999764,1,4.0,10.646999999999936,,1,Canadian Grand Prix,0,0,,0
157,11,14,0.2,5,0,0,True,1,0,MEDIUM,78.79,2.5919999999996435,18.0,0.9670000000000982,1,4.0,10.686999999999898,,1,Canadian Grand Prix,0,0,,0
157,11,15,0.2142857142857142,17,0,0,False,1,1,MEDIUM,95.382,1.1669999999994616,19.0,,1,4.0,28.205999999999904,,1,Canadian Grand Prix,0,0,,0
157,11,16,0.2285714285714285,18,0,1,False,1,0,HARD,79.841,1.5670000000000073,2.0,,0,-14.0,30.211000000000467,,0,Canadian Grand Prix,0,0,,1
157,11,17,0.2428571428571428,18,0,1,False,1,0,HARD,76.49,0.3299999999999272,3.0,,0,-14.0,29.255000000000337,,0,Canadian Grand Prix,0,0,,1
157,11,18,0.2571428571428571,17,0,1,False,1,0,HARD,77.229,0.4139999999997599,4.0,,0,-14.0,29.28800000000001,,0,Canadian Grand Prix,0,0,,1
157,11,19,0.2714285714285714,15,0,1,False,1,0,HARD,77.07,0.2689999999993233,5.0,4.016999999999825,0,-14.0,19.694000000000187,,0,Canadian Grand Prix,0,0,,1
157,11,20,0.2857142857142857,14,0,1,False,1,0,HARD,77.714,0.7669999999998254,6.0,6.543999999999869,0,-14.0,17.167000000000144,,0,Canadian Grand Prix,0,0,,1
157,11,21,0.3,13,0,1,False,1,0,HARD,77.765,1.34900000000016,7.0,6.216000000000122,0,-14.0,17.49499999999989,,0,Canadian Grand Prix,0,0,,1
157,11,22,0.3142857142857143,13,0,1,False,1,0,HARD,77.288,0.1760000000003856,8.0,6.671000000000049,0,-14.0,17.039999999999964,,0,Canadian Grand Prix,0,0,,1
157,11,23,0.3285714285714285,11,0,1,False,1,0,HARD,76.792,1.699999999999818,9.0,7.454999999999927,0,-14.0,16.256000000000085,,0,Canadian Grand Prix,0,0,,1
157,11,24,0.3428571428571428,11,0,1,False,1,0,HARD,77.132,1.6970000000001164,10.0,7.5090000000000146,1,-14.0,16.201999999999998,,0,Canadian Grand Prix,0,0,,1
157,11,25,0.3571428571428571,11,0,1,False,1,0,HARD,76.688,1.2559999999994034,11.0,8.179000000000087,1,-14.0,15.531999999999924,,0,Canadian Grand Prix,0,0,,1
157,11,26,0.3714285714285714,11,0,1,False,1,0,HARD,76.653,0.6440000000002328,12.0,8.9849999999999,1,-14.0,14.726000000000113,,0,Canadian Grand Prix,0,0,,1
157,11,27,0.3857142857142857,11,0,1,False,1,0,HARD,76.949,0.1660000000001673,13.0,9.501000000000204,2,-14.0,14.209999999999582,,0,Canadian Grand Prix,0,0,,1
157,11,28,0.4,10,0,1,False,1,0,HARD,77.163,2.4390000000003056,14.0,9.626999999999953,2,-14.0,14.083999999999833,,0,Canadian Grand Prix,0,0,,1
157,11,29,0.4142857142857143,10,0,1,False,1,0,HARD,77.482,2.4300000000002906,15.0,9.443000000000213,2,-14.0,14.267999999999574,,0,Canadian Grand Prix,0,0,,1
157,11,30,0.4285714285714285,10,0,1,False,1,0,HARD,76.48,1.5280000000002474,16.0,10.016000000000076,2,-14.0,13.694999999999707,,0,Canadian Grand Prix,0,0,,1
157,11,31,0.4428571428571428,10,0,1,False,1,0,HARD,76.486,1.0590000000001965,17.0,11.032999999999902,2,-14.0,12.677999999999884,,0,Canadian Grand Prix,0,0,,1
157,11,32,0.4571428571428571,10,0,1,False,1,0,HARD,76.499,0.4399999999995998,18.0,12.373000000000047,2,-14.0,11.337999999999738,,0,Canadian Grand Prix,0,0,,1
157,11,33,0.4714285714285714,9,0,1,False,1,0,HARD,77.149,2.338999999999942,19.0,0.5489999999999782,1,-14.0,11.070999999999458,,0,Canadian Grand Prix,0,0,,1
157,11,34,0.4857142857142857,9,0,1,False,1,0,HARD,77.092,2.011999999999716,20.0,0.8420000000000982,1,-14.0,11.034999999999854,,1,Canadian Grand Prix,0,0,,1
157,11,35,0.5,9,0,1,False,1,0,HARD,76.58,1.251999999999498,21.0,2.173000000000229,1,-14.0,10.547999999999774,,1,Canadian Grand Prix,0,0,,1
157,11,36,0.5142857142857142,9,0,1,False,1,0,HARD,76.433,0.5330000000003565,22.0,3.13799999999992,1,-14.0,10.55999999999949,,0,Canadian Grand Prix,0,0,,1
157,11,37,0.5285714285714286,8,0,1,False,1,0,HARD,76.791,19.46600000000035,23.0,0.4659999999998945,0,1.0,10.213999999999942,,0,Canadian Grand Prix,0,0,,1
157,11,38,0.5428571428571428,8,0,1,False,1,0,HARD,76.679,20.396999999999935,24.0,1.7039999999997235,0,1.0,10.215999999999894,,1,Canadian Grand Prix,0,0,,1
157,11,39,0.5571428571428572,8,0,1,False,1,0,HARD,76.365,20.765000000000327,25.0,2.374000000000251,0,1.0,9.756999999999609,,0,Canadian Grand Prix,0,0,,1
157,11,40,0.5714285714285714,8,0,1,False,1,0,HARD,76.344,21.029000000000455,26.0,2.9989999999997963,0,1.0,9.5649999999996,,0,Canadian Grand Prix,0,0,,1
157,11,41,0.5857142857142857,8,0,1,False,1,0,HARD,76.195,21.000999999999294,27.0,3.7089999999998327,0,1.0,9.422000000000024,,0,Canadian Grand Prix,0,0,,1
157,11,42,0.6,8,0,1,False,1,0,HARD,75.931,20.34100000000035,28.0,4.7729999999996835,0,1.0,9.126999999999953,,0,Canadian Grand Prix,0,0,,1
157,11,43,0.6142857142857143,8,0,1,False,1,0,HARD,76.007,19.76599999999962,29.0,5.505000000000109,0,1.0,8.958999999999378,,0,Canadian Grand Prix,0,0,,1
157,11,44,0.6285714285714286,8,0,1,False,1,0,HARD,76.141,19.118000000000393,30.0,6.244000000000142,0,1.0,8.710999999999785,,0,Canadian Grand Prix,0,0,,1
157,11,45,0.6428571428571429,8,0,1,False,1,0,HARD,76.119,3.1159999999999854,31.0,6.815000000000055,1,1.0,8.35299999999961,,0,Canadian Grand Prix,0,0,,1
157,11,46,0.6571428571428571,8,0,1,False,1,0,HARD,76.365,0.8319999999994252,32.0,7.2710000000001855,1,31.0,8.41399999999976,,0,Canadian Grand Prix,0,0,,1
157,11,47,0.6714285714285714,8,0,1,False,1,0,HARD,76.946,2.050000000000182,33.0,7.164999999999964,1,31.0,8.219000000000051,,0,Canadian Grand Prix,0,0,,1
157,11,48,0.6857142857142857,8,0,1,False,1,0,HARD,77.525,2.75,34.0,6.8960000000001855,1,31.0,9.874999999999543,,0,Canadian Grand Prix,0,0,,1
157,11,49,0.7,8,0,1,False,1,0,HARD,76.958,4.019999999999527,35.0,6.6150000000002365,1,31.0,11.03399999999965,,0,Canadian Grand Prix,0,0,,1
157,11,50,0.7142857142857143,12,0,1,False,1,1,HARD,92.749,0.8539999999993597,36.0,,1,5.0,27.822999999999865,,0,Canadian Grand Prix,0,0,,1
157,11,51,0.7285714285714285,12,0,2,False,1,0,HARD,78.393,2.5140000000001237,2.0,,0,-30.0,30.23799999999983,,0,Canadian Grand Prix,0,0,,1
157,11,52,0.7428571428571429,12,0,2,False,1,0,HARD,75.621,1.2309999999997674,3.0,,0,-30.0,29.967999999999392,,0,Canadian Grand Prix,0,0,,1
157,11,53,0.7571428571428571,11,0,2,False,1,0,HARD,75.071,5.658999999999651,4.0,,0,-30.0,29.3700000000008,,0,Canadian Grand Prix,0,0,,1
157,11,54,0.7714285714285715,11,0,2,False,1,0,HARD,75.176,4.261000000000422,5.0,,2,-30.0,27.971999999999753,,0,Canadian Grand Prix,0,0,,1
157,11,55,0.7857142857142857,11,0,2,False,1,0,HARD,75.407,2.88799999999992,6.0,,2,-30.0,26.59900000000016,,0,Canadian Grand Prix,0,0,,1
157,11,56,0.8,11,0,2,False,1,0,HARD,75.88,1.699000000000524,7.0,,2,-49.0,25.409999999999854,,0,Canadian Grand Prix,0,0,,1
157,11,57,0.8142857142857143,9,0,2,False,1,0,HARD,75.275,1.23700000000008,8.0,12.583000000000538,1,-30.0,7.233999999999469,,0,Canadian Grand Prix,0,0,,1
157,11,58,0.8285714285714286,9,0,2,True,1,0,HARD,75.024,0.5730000000003201,9.0,18.82300000000032,1,-30.0,3.5799999999999272,,0,Canadian Grand Prix,0,0,,1
157,11,59,0.8428571428571429,9,0,2,False,1,0,HARD,75.694,0.282999999999447,10.0,18.313999999999396,1,-30.0,4.885000000000218,,0,Canadian Grand Prix,0,0,,1
157,11,60,0.8571428571428571,9,0,2,False,1,0,HARD,76.197,0.4639999999999418,11.0,16.712999999999738,1,-30.0,6.299000000000888,,0,Canadian Grand Prix,0,0,,1
157,11,61,0.8714285714285714,8,0,2,False,1,0,HARD,75.643,25.47699999999986,12.0,0.0849999999991268,0,-4.0,6.643000000000939,,0,Canadian Grand Prix,0,0,,1
157,11,62,0.8857142857142857,8,0,2,False,1,0,HARD,75.59,26.10599999999977,13.0,0.7350000000005821,0,-4.0,7.070999999999913,,1,Canadian Grand Prix,0,0,,1
157,11,63,0.9,8,0,2,False,1,0,HARD,75.024,25.95700000000034,14.0,1.220999999999549,0,-4.0,7.014000000000124,,1,Canadian Grand Prix,0,0,,1
157,11,64,0.9142857142857144,8,0,2,False,1,0,HARD,75.026,26.177999999999884,15.0,1.735000000000582,0,-4.0,7.587999999999738,,1,Canadian Grand Prix,0,0,,1
157,11,65,0.9285714285714286,8,0,2,False,1,0,HARD,75.219,26.218000000000757,16.0,1.88799999999992,0,-4.0,8.347999999999956,,0,Canadian Grand Prix,0,0,,1
157,11,66,0.9428571428571428,8,0,2,False,1,1,HARD,99.524,43.334000000000735,17.0,4.171999999999571,0,-4.0,1.9210000000002765,,0,Canadian Grand Prix,0,0,,1
157,11,67,0.9571428571428572,7,0,3,False,1,1,HARD,113.748,41.358000000000175,18.0,2.786000000000058,0,-4.0,20.925000000000185,0.8630000000002838,0,Canadian Grand Prix,0,0,,1
157,11,68,0.9714285714285714,7,0,4,False,1,1,HARD,99.322,30.061999999999895,19.0,2.644000000000233,0,-4.0,21.067000000000007,24.782000000000153,0,Canadian Grand Prix,0,0,,1
157,11,69,0.9857142857142858,7,0,5,False,1,1,HARD,96.57,28.90099999999984,20.0,2.9290000000000873,0,-4.0,20.782000000000153,53.89800000000014,0,Canadian Grand Prix,0,0,,1
157,11,70,1.0,7,0,6,False,1,0,HARD,87.108,0.2590000000000145,21.0,4.391999999999825,1,-4.0,19.319000000000415,,0,Canadian Grand Prix,0,0,,1
157,17,1,0.0142857142857142,14,0,6,False,1,0,HARD,90.156,0.2179999999998472,1.0,0.8169999999999931,3,0.0,22.894000000000005,,0,Canadian Grand Prix,0,0,,0
157,17,2,0.0285714285714285,14,0,0,False,1,0,HARD,79.243,0.63799999999992,2.0,1.046999999999997,1,0.0,22.664000000000016,,0,Canadian Grand Prix,0,0,,0
157,17,3,0.0428571428571428,14,0,0,False,1,0,HARD,78.014,0.6440000000002328,3.0,1.431999999999988,1,0.0,22.279000000000025,,0,Canadian Grand Prix,0,0,,0
157,17,4,0.0571428571428571,14,0,0,False,1,0,HARD,77.581,0.5090000000000146,4.0,1.3619999999999663,1,0.0,22.349000000000046,,0,Canadian Grand Prix,0,0,,0
157,17,5,0.0714285714285714,14,0,0,False,1,0,HARD,77.493,0.6430000000000291,5.0,1.1859999999999786,2,0.0,22.52500000000003,,0,Canadian Grand Prix,0,0,,0
157,17,6,0.0857142857142857,14,0,0,False,1,0,HARD,77.359,0.61200000000008,6.0,1.4379999999999882,1,0.0,22.273000000000025,,0,Canadian Grand Prix,0,0,,0
157,17,7,0.1,14,0,0,False,1,0,HARD,77.41,0.724999999999909,7.0,1.6620000000000346,1,0.0,22.048999999999975,,0,Canadian Grand Prix,0,0,,0
157,17,8,0.1142857142857142,14,0,0,False,1,0,HARD,77.497,0.7309999999997672,8.0,1.44500000000005,1,0.0,22.265999999999963,,0,Canadian Grand Prix,0,0,,0
157,17,9,0.1285714285714285,14,0,0,False,1,0,HARD,77.41,0.8419999999996435,9.0,1.268000000000029,1,0.0,22.442999999999984,,0,Canadian Grand Prix,0,0,,0
157,17,10,0.1428571428571428,14,0,0,False,1,0,HARD,77.279,0.7419999999992797,10.0,1.490000000000009,1,0.0,22.221000000000004,,0,Canadian Grand Prix,0,0,,0
157,17,11,0.1571428571428571,14,0,0,False,1,0,HARD,77.729,0.4129999999995561,11.0,1.0590000000000828,1,0.0,22.65199999999993,,0,Canadian Grand Prix,0,0,,0
157,17,12,0.1714285714285714,14,0,0,False,1,0,HARD,78.295,0.0799999999999272,12.0,1.0019999999999527,0,-3.0,22.70900000000006,,0,Canadian Grand Prix,0,0,,0
157,17,13,0.1857142857142857,12,0,0,False,1,0,HARD,78.764,1.8869999999997165,13.0,1.7200000000000273,1,12.0,21.990999999999985,,0,Canadian Grand Prix,0,0,,0
157,17,14,0.2,11,0,0,False,1,0,HARD,77.905,1.881999999999607,14.0,2.5650000000000546,0,-6.0,21.14599999999996,,0,Canadian Grand Prix,0,0,,0
157,17,15,0.2142857142857142,10,0,0,False,1,0,HARD,77.964,1.199999999999818,15.0,2.464000000000169,2,0.0,16.751999999999953,,0,Canadian Grand Prix,0,0,,0
157,17,16,0.2285714285714285,9,0,0,True,1,0,HARD,77.697,1.405999999999949,16.0,1.2889999999999873,0,0.0,14.60799999999972,,0,Canadian Grand Prix,0,0,,0
157,17,17,0.2428571428571428,9,0,0,False,1,0,HARD,77.731,0.9839999999994689,17.0,1.1179999999999382,1,16.0,15.848999999999704,,1,Canadian Grand Prix,0,0,,0
157,17,18,0.2571428571428571,9,0,0,False,1,0,HARD,77.582,0.475999999999658,18.0,0.3940000000000054,0,0.0,16.201999999999998,,1,Canadian Grand Prix,0,0,,0
157,17,19,0.2714285714285714,7,0,0,False,1,0,HARD,77.725,7.680000000000291,19.0,0.6759999999999309,0,16.0,12.840000000000146,,1,Canadian Grand Prix,0,0,,0
157,17,20,0.2857142857142857,8,0,0,False,1,0,HARD,78.235,0.4539999999997235,20.0,1.27800000000002,1,15.0,10.83400000000006,,0,Canadian Grand Prix,0,0,,0
157,17,21,0.3,8,0,0,False,1,0,HARD,77.502,1.3079999999999927,21.0,0.97199999999998,1,15.0,10.898999999999887,,1,Canadian Grand Prix,0,0,,0
157,17,22,0.3142857142857143,8,0,0,False,1,0,HARD,77.156,1.8659999999999857,22.0,1.0630000000003292,1,15.0,10.31199999999967,,1,Canadian Grand Prix,0,0,,0
157,17,23,0.3285714285714285,8,0,0,False,1,0,HARD,77.011,2.44799999999941,23.0,1.344000000000051,1,15.0,9.747000000000073,,1,Canadian Grand Prix,0,0,,0
157,17,24,0.3428571428571428,8,0,0,False,1,0,HARD,77.125,3.358000000000174,24.0,1.515999999999849,1,15.0,9.68600000000015,,1,Canadian Grand Prix,0,0,,0
157,17,25,0.3571428571428571,8,0,0,False,1,0,HARD,77.237,4.006000000000313,25.0,1.6730000000000018,1,15.0,9.564999999999827,,0,Canadian Grand Prix,0,0,,0
157,17,26,0.3714285714285714,8,0,0,False,1,0,HARD,77.616,5.393000000000029,26.0,1.3480000000001835,0,15.0,9.721999999999753,,0,Canadian Grand Prix,0,0,,0
157,17,27,0.3857142857142857,8,0,0,False,1,0,HARD,77.34,6.850000000000364,27.0,1.3079999999999927,0,15.0,9.596999999999753,,1,Canadian Grand Prix,0,0,,0
157,17,28,0.4,8,0,0,False,1,0,HARD,77.299,8.020000000000437,28.0,2.038000000000011,0,15.0,9.606999999999973,,1,Canadian Grand Prix,0,0,,0
157,17,29,0.4142857142857143,8,0,0,False,1,0,HARD,77.284,9.086999999999534,29.0,2.244999999999891,0,15.0,9.592999999999847,,0,Canadian Grand Prix,0,0,,0
157,17,30,0.4285714285714285,8,0,0,False,1,0,HARD,77.331,10.154999999999744,30.0,2.2960000000002765,0,15.0,9.87099999999964,,0,Canadian Grand Prix,0,0,,0
157,17,31,0.4428571428571428,8,0,0,False,1,0,HARD,77.179,11.149000000000342,31.0,2.0720000000001164,0,15.0,9.54699999999957,,0,Canadian Grand Prix,0,0,,0
157,17,32,0.4571428571428571,8,0,0,False,1,0,HARD,77.239,12.585000000000038,32.0,1.9510000000000216,0,15.0,8.946999999999662,,0,Canadian Grand Prix,0,0,,0
157,17,33,0.4714285714285714,8,0,0,False,1,0,HARD,77.201,13.90900000000056,33.0,2.338999999999942,0,15.0,8.731999999999516,,0,Canadian Grand Prix,0,0,,0
157,17,34,0.4857142857142857,8,0,0,False,1,0,HARD,77.419,15.456000000000133,34.0,2.012000000000171,0,15.0,9.022999999999683,,0,Canadian Grand Prix,0,0,,0
157,17,35,0.5,8,0,0,False,1,0,HARD,77.34,16.968000000000757,35.0,1.2519999999999527,0,15.0,9.295999999999822,,0,Canadian Grand Prix,0,0,,0
157,17,36,0.5142857142857142,8,0,0,False,1,0,HARD,77.152,18.16899999999987,36.0,0.5329999999999018,0,15.0,10.026999999999587,,1,Canadian Grand Prix,0,0,,0
157,17,37,0.5285714285714286,9,0,0,False,1,0,HARD,77.79,0.4660000000003493,37.0,3.144000000000233,1,14.0,10.679999999999836,,1,Canadian Grand Prix,0,0,,0
157,17,38,0.5428571428571428,9,0,0,False,1,0,HARD,77.917,1.7039999999997235,38.0,2.5599999999999454,1,14.0,11.919999999999618,,0,Canadian Grand Prix,0,0,,0
157,17,39,0.5571428571428572,9,0,0,False,1,0,HARD,77.035,2.3739999999997963,39.0,2.7519999999999527,1,14.0,12.130999999999858,,0,Canadian Grand Prix,0,0,,0
157,17,40,0.5714285714285714,9,0,0,False,1,0,HARD,76.969,2.9989999999997963,40.0,2.913000000000011,1,14.0,12.563999999999396,,0,Canadian Grand Prix,0,0,,0
157,17,41,0.5857142857142857,9,0,0,False,1,0,HARD,76.905,3.7089999999998327,41.0,2.768000000000029,1,14.0,13.130999999999858,,0,Canadian Grand Prix,0,0,,0
157,17,42,0.6,9,0,0,False,1,0,HARD,76.995,4.773000000000138,42.0,2.688000000000102,1,14.0,13.899999999999636,,0,Canadian Grand Prix,0,0,,0
157,17,43,0.6142857142857143,9,0,0,False,1,0,HARD,76.739,5.505000000000109,43.0,3.0729999999998654,0,14.0,14.463999999999489,,0,Canadian Grand Prix,0,0,,0
157,17,44,0.6285714285714286,9,0,0,False,1,0,HARD,76.88,6.243999999999686,44.0,3.05600000000004,0,14.0,14.954999999999927,,0,Canadian Grand Prix,0,0,,0
157,17,45,0.6428571428571429,9,0,0,False,1,0,HARD,76.69,6.8149999999996,45.0,3.201000000000022,0,14.0,15.167999999999664,,0,Canadian Grand Prix,0,0,,0
157,17,46,0.6571428571428571,9,0,0,False,1,0,HARD,76.821,7.270999999999731,46.0,3.2739999999998872,0,14.0,15.684999999999944,,0,Canadian Grand Prix,0,0,,0
157,17,47,0.6714285714285714,9,0,0,False,1,0,HARD,76.84,7.1649999999999645,47.0,3.2199999999998,0,14.0,15.384000000000016,,0,Canadian Grand Prix,0,0,,0
157,17,48,0.6857142857142857,9,0,0,False,1,0,HARD,77.256,6.895999999999731,48.0,2.619999999999891,0,14.0,16.77099999999973,,0,Canadian Grand Prix,0,0,,0
157,17,49,0.7,9,0,0,False,1,0,HARD,76.677,6.614999999999782,49.0,2.8229999999998654,0,14.0,17.648999999999887,,0,Canadian Grand Prix,0,0,,0
157,17,50,0.7142857142857143,8,0,0,False,1,0,HARD,76.832,11.930999999999583,50.0,2.675999999999931,0,45.0,14.40899999999965,,0,Canadian Grand Prix,0,0,,0
157,17,51,0.7285714285714285,8,0,0,False,1,0,HARD,76.614,12.837999999999738,51.0,2.617000000000189,0,45.0,12.629999999999654,,0,Canadian Grand Prix,0,0,,0
157,17,52,0.7428571428571429,8,0,0,False,1,0,HARD,76.384,13.553999999999178,52.0,2.6590000000001055,0,45.0,13.393000000000027,,0,Canadian Grand Prix,0,0,,0
157,17,53,0.7571428571428571,8,0,0,False,1,0,HARD,76.477,14.73500000000058,53.0,2.8599999999996726,0,45.0,14.798999999999978,,0,Canadian Grand Prix,0,0,,0
157,17,54,0.7714285714285715,8,0,0,False,1,0,HARD,76.426,15.743999999999687,54.0,3.1210000000000946,0,45.0,16.049000000000888,,0,Canadian Grand Prix,0,0,,0
157,17,55,0.7857142857142857,8,0,0,False,1,0,HARD,76.586,17.34900000000016,55.0,3.381000000000313,0,45.0,17.228000000000065,,0,Canadian Grand Prix,0,0,,0
157,17,56,0.8,8,0,0,False,1,0,HARD,76.51,18.791000000000167,56.0,3.998999999999796,0,45.0,17.858000000000175,,0,Canadian Grand Prix,0,0,,0
157,17,57,0.8142857142857143,10,0,0,False,1,1,HARD,93.711,12.582999999999627,57.0,3.894000000000233,0,49.0,19.817000000000007,,0,Canadian Grand Prix,0,0,,0
157,17,58,0.8285714285714286,10,0,1,True,1,0,MEDIUM,81.264,18.82299999999941,1.0,1.3079999999999927,0,-8.0,22.403000000000247,,0,Canadian Grand Prix,0,0,,1
157,17,59,0.8428571428571429,10,0,1,False,1,0,MEDIUM,75.185,18.314000000000306,2.0,0.5120000000006257,0,-8.0,23.198999999999614,,1,Canadian Grand Prix,0,0,,1
157,17,60,0.8571428571428571,10,0,1,False,1,0,MEDIUM,74.596,16.712999999999738,3.0,0.6989999999996144,0,-8.0,23.012000000000626,,1,Canadian Grand Prix,0,0,,1
157,17,61,0.8714285714285714,10,0,1,False,1,0,MEDIUM,74.593,15.57800000000134,4.0,1.4049999999997451,0,-38.0,22.306000000000495,,1,Canadian Grand Prix,0,0,,1
157,17,62,0.8857142857142857,10,0,1,False,1,0,MEDIUM,74.996,14.33399999999892,5.0,1.570999999999913,0,-38.0,22.140000000000327,,1,Canadian Grand Prix,0,0,,1
157,17,63,0.9,10,0,1,False,1,0,MEDIUM,74.982,13.806000000000497,6.0,1.6700000000000728,0,-38.0,22.041000000000167,,0,Canadian Grand Prix,0,0,,1
157,17,64,0.9142857142857144,10,0,1,False,1,0,MEDIUM,74.938,13.203999999999724,7.0,1.1840000000001965,0,-38.0,22.527000000000044,,0,Canadian Grand Prix,0,0,,1
157,17,65,0.9285714285714286,10,0,1,False,1,0,MEDIUM,74.782,12.614000000001395,8.0,0.8609999999998763,0,-38.0,22.850000000000364,,1,Canadian Grand Prix,0,0,,1
157,17,66,0.9428571428571428,10,0,1,False,1,1,MEDIUM,106.256,17.061999999999898,9.0,0.5560000000004948,0,-38.0,23.154999999999745,,1,Canadian Grand Prix,0,0,,1
157,17,67,0.9571428571428572,9,0,2,False,1,1,MEDIUM,117.088,21.788000000000466,10.0,0.9469999999992068,0,-38.0,22.764000000001033,,1,Canadian Grand Prix,0,0,,1
157,17,68,0.9714285714285714,9,0,3,False,1,1,MEDIUM,123.241,45.84900000000017,11.0,1.2460000000000946,0,-38.0,22.465000000000146,,1,Canadian Grand Prix,0,0,,1
157,17,69,0.9857142857142858,9,0,4,False,1,0,MEDIUM,125.686,74.68000000000029,12.0,0.4129999999995561,0,-38.0,23.298000000000684,,1,Canadian Grand Prix,0,0,,1
157,20,1,0.0142857142857142,9,0,4,False,1,0,MEDIUM,87.961,1.630999999999858,1.0,2.1950000000000074,5,0.0,20.699,,0,Canadian Grand Prix,0,0,,0
157,20,2,0.0285714285714285,9,0,0,False,1,0,MEDIUM,77.872,1.719000000000051,2.0,3.5660000000000025,4,0.0,19.097999999999985,,0,Canadian Grand Prix,0,0,,0
157,20,3,0.0428571428571428,9,0,0,False,1,0,MEDIUM,77.854,1.6199999999998909,3.0,3.725999999999999,3,0.0,18.553000000000026,,0,Canadian Grand Prix,0,0,,0
157,20,4,0.0571428571428571,9,0,0,False,1,0,MEDIUM,77.895,1.630999999999858,4.0,3.4120000000000346,1,0.0,18.937000000000012,,0,Canadian Grand Prix,0,0,,0
157,20,5,0.0714285714285714,9,0,0,False,1,0,MEDIUM,77.345,1.402000000000044,5.0,3.5600000000000023,1,0.0,18.965000000000032,,0,Canadian Grand Prix,0,0,,0
157,20,6,0.0857142857142857,9,0,0,False,1,0,MEDIUM,77.295,1.888999999999669,6.0,3.624000000000024,1,0.0,18.649,,0,Canadian Grand Prix,0,0,,0
157,20,7,0.1,9,0,0,False,1,0,MEDIUM,76.987,1.561999999999898,7.0,4.0470000000000255,1,0.0,18.001999999999953,,0,Canadian Grand Prix,0,0,,0
157,20,8,0.1142857142857142,9,0,0,False,1,0,MEDIUM,77.35,2.481999999999971,8.0,4.19399999999996,1,0.0,18.072000000000003,,0,Canadian Grand Prix,0,0,,0
157,20,9,0.1285714285714285,9,0,0,False,1,0,MEDIUM,77.046,2.6679999999996653,9.0,4.557999999999993,1,0.0,17.88499999999999,,0,Canadian Grand Prix,0,0,,0
157,20,10,0.1428571428571428,9,0,0,False,1,0,MEDIUM,77.232,2.811999999999898,10.0,4.605000000000018,1,0.0,17.615999999999985,,0,Canadian Grand Prix,0,0,,0
157,20,11,0.1571428571428571,9,0,0,False,1,0,MEDIUM,77.513,3.65099999999984,11.0,4.820999999999913,1,0.0,17.831000000000017,,0,Canadian Grand Prix,0,0,,0
157,20,12,0.1714285714285714,8,0,0,False,1,0,MEDIUM,77.137,3.789999999999963,12.0,0.7140000000000555,1,0.0,16.730000000000018,,0,Canadian Grand Prix,0,0,,0
157,20,13,0.1857142857142857,8,0,0,True,1,0,MEDIUM,77.234,2.8339999999998327,13.0,2.52800000000002,3,-3.0,14.481999999999973,,1,Canadian Grand Prix,0,0,,0
157,20,14,0.2,7,0,0,False,1,0,MEDIUM,77.737,1.8150000000005095,14.0,0.7339999999999236,2,12.0,13.469000000000053,,0,Canadian Grand Prix,0,0,,0
157,20,15,0.2142857142857142,6,0,0,True,1,0,MEDIUM,77.939,0.8530000000000655,15.0,2.7309999999999945,2,12.0,9.049999999999956,,1,Canadian Grand Prix,0,0,,0
157,20,16,0.2285714285714285,5,0,0,False,1,0,MEDIUM,78.142,2.9909999999999854,16.0,0.5779999999999745,1,12.0,7.350999999999658,,0,Canadian Grand Prix,0,0,,0
157,20,17,0.2428571428571428,6,0,0,True,1,0,MEDIUM,78.208,0.7280000000000655,17.0,2.1319999999998345,1,13.0,9.068999999999733,,1,Canadian Grand Prix,0,0,,0
157,20,18,0.2571428571428571,7,0,0,False,1,0,MEDIUM,78.54,0.8379999999997381,18.0,5.821999999999889,2,16.0,10.38000000000011,,0,Canadian Grand Prix,0,0,,0
157,20,19,0.2714285714285714,17,0,0,False,1,1,MEDIUM,94.418,3.231999999999971,19.0,,1,14.0,27.72799999999984,,0,Canadian Grand Prix,0,0,,0
157,20,20,0.2857142857142857,17,0,1,False,1,0,HARD,80.241,5.6710000000002765,1.0,,0,-5.0,30.25499999999988,,0,Canadian Grand Prix,0,0,,1
157,20,21,0.3,17,0,1,False,1,0,HARD,77.437,4.217999999999847,2.0,,0,-5.0,29.927000000000135,,0,Canadian Grand Prix,0,0,,1
157,20,22,0.3142857142857143,17,0,1,False,1,0,HARD,77.743,3.894999999999527,3.0,,0,-5.0,30.382000000000065,,0,Canadian Grand Prix,0,0,,1
157,20,23,0.3285714285714285,16,0,1,False,1,0,HARD,77.576,3.0270000000000437,4.0,,0,-5.0,31.16599999999994,,0,Canadian Grand Prix,0,0,,1
157,20,24,0.3428571428571428,15,0,1,False,1,0,HARD,77.186,2.212000000000444,5.0,,0,-5.0,31.220000000000027,,0,Canadian Grand Prix,0,0,,1
157,20,25,0.3571428571428571,15,0,1,False,1,0,HARD,77.358,2.350999999999658,6.0,,0,-5.0,31.8900000000001,,0,Canadian Grand Prix,0,0,,1
157,20,26,0.3714285714285714,15,0,1,False,1,0,HARD,77.459,2.3590000000003783,7.0,,0,-5.0,32.695999999999685,,0,Canadian Grand Prix,0,0,,1
157,20,27,0.3857142857142857,15,0,1,False,1,0,HARD,77.465,2.213999999999942,8.0,,0,-5.0,33.21199999999999,,0,Canadian Grand Prix,0,0,,1
157,20,28,0.4,15,0,1,False,1,0,HARD,77.289,1.8250000000007276,9.0,,0,-5.0,33.33799999999974,,0,Canadian Grand Prix,0,0,,1
157,20,29,0.4142857142857143,15,0,1,False,1,0,HARD,77.298,1.2460000000000944,10.0,,0,-5.0,33.153999999999996,,0,Canadian Grand Prix,0,0,,1
157,20,30,0.4285714285714285,15,0,1,False,1,0,HARD,77.053,0.61200000000008,11.0,,0,-5.0,33.72699999999986,,0,Canadian Grand Prix,0,0,,1
157,20,31,0.4428571428571428,15,0,1,False,1,0,HARD,77.503,0.5369999999993524,12.0,,0,-5.0,34.74399999999969,,0,Canadian Grand Prix,0,0,,1
157,20,32,0.4571428571428571,15,0,1,False,1,0,HARD,77.839,0.3959999999997308,13.0,,0,-5.0,36.08399999999983,,0,Canadian Grand Prix,0,0,,1
157,20,33,0.4714285714285714,15,0,1,False,1,0,HARD,77.416,0.3079999999999927,14.0,,0,-19.0,35.802000000000135,,0,Canadian Grand Prix,0,0,,1
157,20,34,0.4857142857142857,14,0,1,False,1,0,HARD,77.128,0.2530000000006112,15.0,,0,-19.0,35.54499999999962,,0,Canadian Grand Prix,0,0,,1
157,20,35,0.5,13,0,1,False,1,0,HARD,77.067,1.5150000000003274,16.0,,0,-19.0,34.70099999999957,,0,Canadian Grand Prix,0,0,,1
157,20,36,0.5142857142857142,13,0,1,False,1,0,HARD,76.421,0.3689999999996871,17.0,,0,-19.0,33.72400000000016,,0,Canadian Grand Prix,0,0,,1
157,20,37,0.5285714285714286,12,0,1,False,1,0,HARD,77.137,6.428000000000792,18.0,,0,-19.0,33.5979999999995,,0,Canadian Grand Prix,0,0,,1
157,20,38,0.5428571428571428,12,0,1,False,1,0,HARD,76.677,5.69800000000032,19.0,,0,-19.0,32.94200000000001,,0,Canadian Grand Prix,0,0,,1
157,20,39,0.5571428571428572,12,0,1,False,1,0,HARD,76.824,5.17699999999968,20.0,,0,-19.0,32.53899999999976,,0,Canadian Grand Prix,0,0,,1
157,20,40,0.5714285714285714,12,0,1,False,1,0,HARD,76.536,4.390999999999622,21.0,,0,-19.0,31.945000000000164,,0,Canadian Grand Prix,0,0,,1
157,20,41,0.5857142857142857,12,0,1,False,1,0,HARD,76.338,3.5210000000006407,22.0,,0,-19.0,31.522999999999683,,0,Canadian Grand Prix,0,0,,1
157,20,42,0.6,12,0,1,False,1,0,HARD,76.226,2.7210000000004584,23.0,,0,-19.0,30.833999999999833,,0,Canadian Grand Prix,0,0,,1
157,20,43,0.6142857142857143,12,0,1,False,1,0,HARD,76.175,1.954000000000633,24.0,,0,-19.0,29.88500000000022,,0,Canadian Grand Prix,0,0,,1
157,20,44,0.6285714285714286,12,0,1,False,1,0,HARD,76.389,1.3720000000002983,25.0,,0,-19.0,29.410999999999603,,0,Canadian Grand Prix,0,0,,1
157,20,45,0.6428571428571429,12,0,1,False,1,0,HARD,76.477,0.8429999999998472,26.0,,0,-19.0,29.052999999999884,,0,Canadian Grand Prix,0,0,,1
157,20,46,0.6571428571428571,12,0,1,False,1,0,HARD,76.304,0.1750000000001819,27.0,,1,-19.0,28.462999999999735,,0,Canadian Grand Prix,0,0,,1
157,20,47,0.6714285714285714,12,0,1,False,1,0,HARD,77.141,0.3659999999999854,28.0,,0,-19.0,28.817999999999756,,0,Canadian Grand Prix,0,0,,1
157,20,48,0.6857142857142857,11,0,1,False,1,0,HARD,75.869,4.319999999999709,29.0,,1,-19.0,28.03099999999995,,0,Canadian Grand Prix,0,0,,1
157,20,49,0.7,11,0,1,False,1,0,HARD,75.799,3.238999999999578,30.0,,1,-19.0,26.949999999999815,,0,Canadian Grand Prix,0,0,,1
157,20,50,0.7142857142857143,10,0,1,False,1,0,HARD,75.96,2.513999999999214,31.0,4.11200000000008,1,-19.0,19.598999999999705,,0,Canadian Grand Prix,0,0,,1
157,20,51,0.7285714285714285,10,0,1,False,1,0,HARD,75.978,1.936999999999898,32.0,6.527000000000044,2,-19.0,17.18399999999974,,0,Canadian Grand Prix,0,0,,1
157,20,52,0.7428571428571429,10,0,1,False,1,0,HARD,75.891,1.402000000000044,33.0,6.256999999999607,2,-19.0,17.45400000000018,,0,Canadian Grand Prix,0,0,,1
157,20,53,0.7571428571428571,10,0,1,False,1,0,HARD,75.669,0.3930000000000291,34.0,5.65900000000056,2,-19.0,18.05199999999968,,0,Canadian Grand Prix,0,0,,1
157,20,54,0.7714285714285715,10,0,1,False,1,0,HARD,76.574,0.2799999999997453,35.0,4.2609999999995125,2,-19.0,19.450000000000728,,0,Canadian Grand Prix,0,0,,1
157,20,55,0.7857142857142857,10,0,1,False,1,0,HARD,76.78,0.2139999999999418,36.0,2.88799999999992,2,-19.0,20.82300000000032,,0,Canadian Grand Prix,0,0,,1
157,20,56,0.8,9,0,1,False,1,0,HARD,76.914,3.998999999999796,37.0,0.1550000000006548,1,-19.0,21.85699999999997,,0,Canadian Grand Prix,0,0,,1
157,20,57,0.8142857142857143,8,0,1,False,1,0,HARD,75.892,23.27300000000014,38.0,1.2369999999991703,0,26.0,5.997000000000298,,1,Canadian Grand Prix,0,0,,1
157,20,58,0.8285714285714286,8,0,1,False,1,0,HARD,75.688,23.793999999999873,39.0,0.5730000000003201,0,26.0,3.006999999999607,,1,Canadian Grand Prix,0,0,,1
157,20,59,0.8428571428571429,8,0,1,False,1,0,HARD,75.984,24.509000000000015,40.0,0.2830000000003565,0,26.0,4.601999999999862,,1,Canadian Grand Prix,0,0,,1
157,20,60,0.8571428571428571,8,0,1,False,1,0,HARD,76.016,25.297999999999774,41.0,0.4640000000008513,0,26.0,5.835000000000036,,1,Canadian Grand Prix,0,0,,1
157,20,61,0.8714285714285714,9,0,1,False,1,0,HARD,76.192,0.0849999999991268,42.0,15.57800000000043,1,30.0,6.7280000000000655,,1,Canadian Grand Prix,0,0,,1
157,20,62,0.8857142857142857,9,0,1,False,1,0,HARD,76.24,0.7350000000005821,43.0,14.333999999999833,1,30.0,7.806000000000495,,0,Canadian Grand Prix,0,0,,1
157,20,63,0.9,9,0,1,False,1,0,HARD,75.51,1.220999999999549,44.0,13.806000000000497,1,30.0,8.234999999999673,,0,Canadian Grand Prix,0,0,,1
157,20,64,0.9142857142857144,9,0,1,False,1,0,HARD,75.54,1.735000000000582,45.0,13.203999999999724,1,30.0,9.32300000000032,,0,Canadian Grand Prix,0,0,,1
157,20,65,0.9285714285714286,9,0,1,False,1,0,HARD,75.372,1.8879999999990105,46.0,12.614000000000487,1,30.0,10.235999999999876,,0,Canadian Grand Prix,0,0,,1
157,20,66,0.9428571428571428,9,0,1,False,1,1,HARD,101.808,4.17200000000048,47.0,17.061999999999898,1,30.0,6.092999999999847,,0,Canadian Grand Prix,0,0,,1
157,20,67,0.9571428571428572,8,0,2,False,1,1,HARD,112.362,2.786000000000058,48.0,21.788000000000466,1,30.0,0.9760000000005676,,0,Canadian Grand Prix,0,0,,1
157,20,68,0.9714285714285714,8,0,3,False,1,1,HARD,99.18,2.644000000000233,49.0,45.84900000000016,1,30.0,26.355000000000473,22.13799999999992,0,Canadian Grand Prix,0,0,,1
157,20,69,0.9857142857142858,8,0,4,False,1,1,HARD,96.855,2.929000000000088,50.0,74.68000000000029,1,30.0,26.640000000000327,50.96900000000005,0,Canadian Grand Prix,0,0,,1
157,20,70,1.0,8,0,5,False,1,0,HARD,88.571,4.391999999999825,51.0,,2,30.0,28.103000000000065,,0,Canadian Grand Prix,0,0,,1
157,25,1,0.0142857142857142,1,0,5,False,1,0,MEDIUM,81.852,0.0,4.0,0.6970000000000027,0,,14.590000000000003,,0,Canadian Grand Prix,0,0,,0
157,25,2,0.0285714285714285,1,0,0,False,1,0,MEDIUM,76.437,0.0,5.0,0.6780000000000257,0,,11.554000000000002,,1,Canadian Grand Prix,0,0,,0
157,25,3,0.0428571428571428,1,0,0,False,1,0,MEDIUM,76.253,0.0,6.0,0.5190000000000055,0,,9.407999999999989,,1,Canadian Grand Prix,0,0,,0
157,25,4,0.0571428571428571,1,0,0,False,1,0,MEDIUM,75.986,0.0,7.0,0.45799999999997,0,,7.883000000000038,,1,Canadian Grand Prix,0,0,,0
157,25,5,0.0714285714285714,1,0,0,False,1,0,MEDIUM,75.808,0.0,8.0,0.5509999999999877,0,,6.374000000000024,,1,Canadian Grand Prix,0,0,,0
157,25,6,0.0857142857142857,1,0,0,False,1,0,MEDIUM,75.984,0.0,9.0,1.0980000000000132,0,,4.747000000000014,,1,Canadian Grand Prix,0,0,,0
157,25,7,0.1,1,0,0,False,1,0,MEDIUM,76.384,0.0,10.0,1.3140000000000782,0,,3.4969999999999573,,1,Canadian Grand Prix,0,0,,0
157,25,8,0.1142857142857142,1,0,0,False,1,0,MEDIUM,76.413,0.0,11.0,1.5410000000000537,0,,2.6299999999999955,,1,Canadian Grand Prix,0,0,,0
157,25,9,0.1285714285714285,1,0,0,False,1,0,MEDIUM,76.608,0.0,12.0,1.6949999999999363,0,,2.0049999999999955,,0,Canadian Grand Prix,0,0,,0
157,25,10,0.1428571428571428,1,0,0,False,1,0,MEDIUM,76.538,0.0,13.0,1.836999999999989,0,,1.04200000000003,,0,Canadian Grand Prix,0,0,,0
157,25,11,0.1571428571428571,1,0,0,False,1,0,MEDIUM,76.558,0.0,14.0,2.269999999999982,0,,0.3020000000000209,,0,Canadian Grand Prix,0,0,,0
157,25,12,0.1714285714285714,1,0,0,False,1,0,MEDIUM,76.715,0.0,15.0,2.9960000000000946,0,,5.045999999999935,0.2190000000000509,0,Canadian Grand Prix,0,0,,0
157,25,13,0.1857142857142857,7,0,0,False,1,1,MEDIUM,92.351,1.0010000000002035,16.0,2.83400000000006,2,-1.0,11.64799999999991,,0,Canadian Grand Prix,0,0,,0
157,25,14,0.2,6,0,1,False,1,0,HARD,78.756,0.9669999999996436,2.0,1.8150000000000543,2,-16.0,11.653999999999996,,0,Canadian Grand Prix,0,0,,1
157,25,15,0.2142857142857142,4,0,1,False,1,0,HARD,76.816,4.018000000000029,3.0,2.0850000000000364,1,-12.0,6.11200000000008,,0,Canadian Grand Prix,0,0,,1
157,25,16,0.2285714285714285,3,0,1,False,1,0,HARD,75.866,3.29700000000048,4.0,2.2229999999999563,1,-12.0,2.136999999999716,,0,Canadian Grand Prix,0,0,,1
157,25,17,0.2428571428571428,3,0,1,False,1,0,HARD,75.817,3.07300000000032,5.0,2.308999999999969,1,-12.0,1.4639999999997144,,0,Canadian Grand Prix,0,0,,1
157,25,18,0.2571428571428571,3,0,1,False,1,0,HARD,75.914,2.8659999999999854,6.0,2.3999999999998636,1,-12.0,0.1490000000001146,,0,Canadian Grand Prix,0,0,,1
157,25,19,0.2714285714285714,3,0,1,False,1,0,HARD,75.89,2.536000000000058,7.0,2.2970000000000255,1,-12.0,4.538999999999987,1.0310000000001764,0,Canadian Grand Prix,0,0,,1
157,25,20,0.2857142857142857,3,0,1,False,1,0,HARD,75.872,2.300000000000182,8.0,2.19399999999996,1,-12.0,2.1820000000000164,2.8730000000000473,0,Canadian Grand Prix,0,0,,1
157,25,21,0.3,3,0,1,False,1,0,HARD,76.013,2.07299999999941,9.0,1.8959999999997308,1,-12.0,0.9990000000004784,4.624999999999545,0,Canadian Grand Prix,0,0,,1
157,25,22,0.3142857142857143,3,0,1,False,1,0,HARD,76.089,1.668999999999869,10.0,1.5229999999999109,1,-12.0,0.9040000000004512,0.1589999999998781,0,Canadian Grand Prix,0,0,,1
157,25,23,0.3285714285714285,3,0,1,False,1,0,HARD,75.993,1.5090000000000146,11.0,1.3540000000000418,1,-12.0,2.33400000000006,0.1140000000000327,0,Canadian Grand Prix,0,0,,1
157,25,24,0.3428571428571428,3,0,1,False,1,0,HARD,75.735,1.113999999999578,12.0,1.393000000000029,1,-12.0,1.8539999999998145,1.5040000000001328,1,Canadian Grand Prix,0,0,,1
157,25,25,0.3571428571428571,3,0,1,False,1,0,HARD,75.563,0.657999999999447,13.0,1.5679999999999836,1,-12.0,0.8279999999999745,3.1779999999998836,1,Canadian Grand Prix,0,0,,1
157,25,26,0.3714285714285714,2,0,1,False,1,0,HARD,75.299,2.1909999999998035,14.0,0.58400000000006,0,,12.913999999999987,0.1020000000000891,0,Canadian Grand Prix,0,0,,1
157,25,27,0.3857142857142857,2,0,1,False,1,0,HARD,76.043,1.9130000000004657,15.0,1.0330000000003563,0,,0.0579999999995379,6.792000000000371,1,Canadian Grand Prix,0,0,,1
157,25,28,0.4,2,0,1,False,1,0,HARD,75.759,1.4880000000002835,16.0,1.8140000000003056,0,,6.4699999999998,0.3120000000003529,1,Canadian Grand Prix,0,0,,1
157,25,29,0.4142857142857143,1,0,1,False,1,0,HARD,75.986,0.0,17.0,1.8929999999995744,0,,3.4540000000001783,0.54300000000012,0,Canadian Grand Prix,0,0,,1
157,25,30,0.4285714285714285,1,0,1,False,1,0,HARD,75.648,0.0,18.0,2.2780000000002474,0,,3.42699999999968,1.1580000000003563,0,Canadian Grand Prix,0,0,,1
157,25,31,0.4428571428571428,1,0,1,False,1,0,HARD,75.564,0.0,19.0,2.53899999999976,0,,3.5,1.7789999999999964,0,Canadian Grand Prix,0,0,,1
157,25,32,0.4571428571428571,1,0,1,False,1,0,HARD,75.422,0.0,20.0,2.961999999999989,0,,3.5869999999995343,2.1600000000003092,0,Canadian Grand Prix,0,0,,1
157,25,33,0.4714285714285714,1,0,1,False,1,0,HARD,75.588,0.0,21.0,3.561000000000149,0,,3.8769999999999527,2.449000000000069,0,Canadian Grand Prix,0,0,,1
157,25,34,0.4857142857142857,1,0,1,False,1,0,HARD,75.551,0.0,22.0,4.061999999999898,0,,4.0669999999995525,2.770000000000437,0,Canadian Grand Prix,0,0,,1
157,25,35,0.5,1,0,1,False,1,0,HARD,75.578,0.0,23.0,4.707000000000335,0,,4.311999999999898,3.020000000000437,0,Canadian Grand Prix,0,0,,1
157,25,36,0.5142857142857142,1,0,1,False,1,0,HARD,75.573,0.0,24.0,5.257000000000517,0,,4.360000000000127,3.3980000000001382,0,Canadian Grand Prix,0,0,,1
157,25,37,0.5285714285714286,1,0,1,False,1,0,HARD,75.536,0.0,25.0,6.763000000000375,0,,2.070999999999458,3.8890000000005784,0,Canadian Grand Prix,0,0,,1
157,25,38,0.5428571428571428,1,0,1,False,1,0,HARD,75.57,0.0,26.0,8.434000000000196,0,,1.4539999999997235,1.0830000000000837,0,Canadian Grand Prix,0,0,,1
157,25,39,0.5571428571428572,1,0,1,False,1,0,HARD,75.766,0.0,27.0,8.329999999999927,0,,6.1159999999999854,0.5599999999999454,0,Canadian Grand Prix,0,0,,1
157,25,40,0.5714285714285714,1,0,1,False,1,0,HARD,75.701,0.0,28.0,8.389999999999873,0,,6.5909999999998945,0.3099999999999454,0,Canadian Grand Prix,0,0,,1
157,25,41,0.5857142857142857,1,0,1,False,1,0,HARD,75.477,0.0,29.0,8.329999999999927,0,,6.8159999999998035,0.124000000000251,0,Canadian Grand Prix,0,0,,1
157,25,42,0.6,4,0,1,False,1,1,HARD,92.34,0.1259999999992942,30.0,6.842000000000098,1,16.0,10.326000000000022,10.015000000000327,0,Canadian Grand Prix,0,0,,1
157,25,43,0.6142857142857143,4,0,2,False,1,0,HARD,78.49,3.2409999999999854,1.0,3.4290000000000873,1,-14.0,12.233999999999469,7.532000000000153,0,Canadian Grand Prix,0,0,,1
157,25,44,0.6285714285714286,4,0,2,False,1,0,HARD,75.283,3.436999999999898,2.0,3.544999999999618,1,-14.0,10.728000000000064,8.389999999999873,0,Canadian Grand Prix,0,0,,1
157,25,45,0.6428571428571429,3,0,2,False,1,0,HARD,75.295,2.5640000000003056,3.0,3.300000000000182,1,-14.0,18.317999999999756,6.098000000000411,0,Canadian Grand Prix,0,0,,1
157,25,46,0.6571428571428571,3,0,2,False,1,0,HARD,75.32,2.6679999999996653,4.0,3.1900000000000546,1,-14.0,16.041999999999916,9.427000000000136,0,Canadian Grand Prix,0,0,,1
157,25,47,0.6714285714285714,2,0,2,False,1,0,HARD,75.337,2.5720000000001164,5.0,3.1920000000000073,1,-14.0,16.48299999999972,9.818000000000213,0,Canadian Grand Prix,0,0,,1
157,25,48,0.6857142857142857,2,0,2,False,1,0,HARD,75.186,2.588999999999942,6.0,3.3399999999996908,1,-14.0,16.46199999999999,11.45699999999988,0,Canadian Grand Prix,0,0,,1
157,25,49,0.7,2,0,2,False,1,0,HARD,75.314,1.756999999999607,7.0,3.05600000000004,1,-14.0,17.039999999999964,11.831000000000133,0,Canadian Grand Prix,0,0,,1
157,25,50,0.7142857142857143,2,0,2,False,1,0,HARD,75.203,1.498000000000502,8.0,2.8780000000001564,1,-14.0,17.711999999999534,12.164000000000216,0,Canadian Grand Prix,0,0,,1
157,25,51,0.7285714285714285,2,0,2,False,1,0,HARD,75.374,1.3820000000005166,9.0,2.5469999999995707,1,-14.0,18.36700000000019,12.496999999999844,0,Canadian Grand Prix,0,0,,1
157,25,52,0.7428571428571429,2,0,2,False,1,0,HARD,75.257,1.5779999999995198,10.0,2.4030000000002474,1,-14.0,19.03999999999951,12.908000000000357,0,Canadian Grand Prix,0,0,,1
157,25,53,0.7571428571428571,1,0,2,False,1,0,HARD,75.221,0.0,11.0,2.3010000000003856,0,,8.933999999999742,12.98300000000063,0,Canadian Grand Prix,0,0,,1
157,25,54,0.7714285714285715,1,0,2,False,1,0,HARD,74.869,0.0,12.0,2.3099999999994907,0,,5.200000000000728,13.53099999999904,0,Canadian Grand Prix,0,0,,1
157,25,55,0.7857142857142857,1,0,2,False,1,0,HARD,74.849,0.0,13.0,2.2080000000005384,0,,4.869999999999891,13.663000000000466,0,Canadian Grand Prix,0,0,,1
157,25,56,0.8,1,0,2,False,1,0,HARD,74.896,0.0,14.0,1.7439999999996871,0,,5.187000000000808,13.834999999999129,0,Canadian Grand Prix,0,0,,1
157,25,57,0.8142857142857143,1,0,2,False,1,0,HARD,75.102,0.0,15.0,1.1989999999996144,0,,6.028000000000247,14.141999999999824,0,Canadian Grand Prix,0,0,,1
157,25,58,0.8285714285714286,1,0,2,False,1,0,HARD,74.525,0.0,16.0,1.6270000000004077,0,,6.157000000000153,14.78399999999965,1,Canadian Grand Prix,0,0,,1
157,25,59,0.8428571428571429,1,0,2,False,1,0,HARD,74.466,0.0,17.0,1.894999999999527,0,,5.825000000000728,15.586999999999534,0,Canadian Grand Prix,0,0,,1
157,25,60,0.8571428571428571,1,0,2,False,1,0,HARD,74.49,0.0,18.0,2.0910000000003492,0,,5.083000000000538,16.323999999999614,0,Canadian Grand Prix,0,0,,1
157,25,61,0.8714285714285714,1,0,2,False,1,0,HARD,74.357,0.0,19.0,2.225000000000364,0,,4.722999999999956,17.894999999999527,0,Canadian Grand Prix,0,0,,1
157,25,62,0.8857142857142857,1,0,2,False,1,0,HARD,74.306,0.0,20.0,2.2059999999992215,0,,3.248000000000502,18.549999999999272,0,Canadian Grand Prix,0,0,,1
157,25,63,0.9,1,0,2,False,1,0,HARD,74.119,0.0,21.0,2.4399999999996,0,,1.6520000000000437,19.60399999999936,0,Canadian Grand Prix,0,0,,1
157,25,64,0.9142857142857144,1,0,2,False,1,0,HARD,74.301,0.0,22.0,2.543000000000575,0,,1.668999999999869,20.108000000000175,0,Canadian Grand Prix,0,0,,1
157,25,65,0.9285714285714286,1,0,2,False,1,0,HARD,74.364,0.0,23.0,2.8040000000000873,0,,0.6950000000006185,20.922999999999774,0,Canadian Grand Prix,0,0,,1
157,25,66,0.9428571428571428,1,0,2,False,1,0,HARD,74.53,0.0,24.0,2.668000000000575,0,,17.384000000000015,0.1180000000003929,0,Canadian Grand Prix,0,0,,1
157,25,67,0.9571428571428572,1,0,2,False,1,1,HARD,103.5,0.0,25.0,2.6460000000006403,0,,9.351999999999862,9.122000000000298,0,Canadian Grand Prix,0,0,,1
157,25,68,0.9714285714285714,1,0,3,False,1,1,HARD,126.769,0.0,26.0,1.1530000000002474,0,,2.7089999999998327,24.873999999999796,0,Canadian Grand Prix,0,0,,1
157,25,69,0.9857142857142858,1,0,4,False,1,1,HARD,123.817,0.0,27.0,1.081000000000131,0,,1.2120000000004438,27.688999999999396,1,Canadian Grand Prix,0,0,,1
157,25,70,1.0,1,0,5,False,1,0,HARD,127.536,0.0,28.0,0.2280000000000654,0,,8.347000000000662,,1,Canadian Grand Prix,0,0,,1
157,35,1,0.0142857142857142,4,0,5,False,1,0,MEDIUM,83.939,0.6199999999998909,1.0,0.7560000000000002,3,-6.0,16.676999999999992,,0,Canadian Grand Prix,0,0,,0
157,35,2,0.0285714285714285,4,0,0,False,1,0,MEDIUM,77.51,1.5460000000002765,2.0,0.5659999999999741,3,-6.0,14.714000000000029,,1,Canadian Grand Prix,0,0,,0
157,35,3,0.0428571428571428,4,0,0,False,1,0,MEDIUM,76.714,1.3820000000000618,3.0,0.7189999999999941,3,-6.0,13.029000000000025,,1,Canadian Grand Prix,0,0,,0
157,35,4,0.0571428571428571,4,0,0,False,1,0,MEDIUM,76.537,1.561999999999898,4.0,1.1639999999999873,3,-6.0,12.055000000000009,,1,Canadian Grand Prix,0,0,,0
157,35,5,0.0714285714285714,4,0,0,False,1,0,MEDIUM,76.397,1.7729999999996835,5.0,1.274000000000001,3,-6.0,11.134999999999993,,1,Canadian Grand Prix,0,0,,0
157,35,6,0.0857142857142857,4,0,0,False,1,0,MEDIUM,76.209,1.8229999999998656,6.0,1.5710000000000264,3,-6.0,9.733000000000004,,1,Canadian Grand Prix,0,0,,0
157,35,7,0.1,4,0,0,False,1,0,MEDIUM,76.456,1.9840000000003783,7.0,1.6129999999999427,2,-6.0,8.555000000000064,,0,Canadian Grand Prix,0,0,,0
157,35,8,0.1142857142857142,4,0,0,False,1,0,MEDIUM,76.381,1.9289999999991776,8.0,1.6649999999999636,2,-6.0,7.656000000000063,,0,Canadian Grand Prix,0,0,,0
157,35,9,0.1285714285714285,4,0,0,False,1,0,MEDIUM,76.714,2.2039999999997235,9.0,1.608000000000061,2,-6.0,7.136999999999944,,0,Canadian Grand Prix,0,0,,0
157,35,10,0.1428571428571428,4,0,0,False,1,0,MEDIUM,76.775,2.417000000000371,10.0,1.542999999999893,2,-6.0,6.411000000000058,,0,Canadian Grand Prix,0,0,,0
157,35,11,0.1571428571428571,4,0,0,False,1,0,MEDIUM,76.599,2.6890000000003056,11.0,1.669999999999959,2,-6.0,5.711999999999989,,0,Canadian Grand Prix,0,0,,0
157,35,12,0.1714285714285714,3,0,0,False,1,0,MEDIUM,76.937,2.636000000000422,12.0,2.0720000000000027,1,-6.0,4.411000000000058,,0,Canadian Grand Prix,0,0,,0
157,35,13,0.1857142857142857,2,0,0,False,1,0,MEDIUM,76.974,1.8800000000001091,13.0,2.3059999999999263,1,-6.0,1.90300000000002,,0,Canadian Grand Prix,0,0,,0
157,35,14,0.2,1,0,0,False,1,0,MEDIUM,77.023,0.0,14.0,2.7690000000000055,0,,0.1759999999999308,,0,Canadian Grand Prix,0,0,,0
157,35,15,0.2142857142857142,1,0,0,False,1,0,MEDIUM,77.185,0.0,15.0,7.091000000000122,0,,1.961999999999989,0.5020000000001801,0,Canadian Grand Prix,0,0,,0
157,35,16,0.2285714285714285,7,0,0,False,1,1,MEDIUM,92.816,0.0489999999999781,16.0,6.630000000000109,3,13.0,7.977999999999611,,0,Canadian Grand Prix,0,0,,0
157,35,17,0.2428571428571428,7,0,1,False,1,0,HARD,79.713,2.1320000000005166,1.0,4.648000000000138,2,-16.0,11.200999999999569,,0,Canadian Grand Prix,0,0,,1
157,35,18,0.2571428571428571,6,0,1,False,1,0,HARD,75.57,2.2899999999999636,2.0,0.8379999999999654,1,-3.0,9.542000000000144,,0,Canadian Grand Prix,0,0,,1
157,35,19,0.2714285714285714,6,0,1,False,1,0,HARD,76.705,2.962999999999738,3.0,7.680000000000064,1,-3.0,5.160000000000082,,1,Canadian Grand Prix,0,0,,1
157,35,20,0.2857142857142857,6,0,1,False,1,0,HARD,75.886,2.913000000000465,4.0,9.575000000000044,1,-3.0,0.8050000000000637,,0,Canadian Grand Prix,0,0,,1
157,35,21,0.3,6,0,1,False,1,0,HARD,75.826,2.964999999999236,5.0,10.396999999999936,1,-3.0,5.410000000000082,0.80600000000004,0,Canadian Grand Prix,0,0,,1
157,35,22,0.3142857142857143,6,0,1,False,1,0,HARD,76.049,3.07300000000032,6.0,10.94600000000014,1,-3.0,4.171000000000049,2.5,0,Canadian Grand Prix,0,0,,1
157,35,23,0.3285714285714285,6,0,1,False,1,0,HARD,75.95,2.8740000000007053,7.0,11.424999999999956,1,-3.0,3.328999999999951,4.125999999999976,0,Canadian Grand Prix,0,0,,1
157,35,24,0.3428571428571428,6,0,1,False,1,0,HARD,75.775,2.7539999999999054,8.0,11.865000000000007,1,-3.0,1.9720000000002071,5.536999999999807,0,Canadian Grand Prix,0,0,,1
157,35,25,0.3571428571428571,6,0,1,False,1,0,HARD,75.903,2.412000000000262,9.0,12.551000000000158,1,-3.0,1.186999999999898,6.992000000000189,0,Canadian Grand Prix,0,0,,1
157,35,26,0.3714285714285714,6,0,1,False,1,0,HARD,75.764,2.4470000000001164,10.0,13.016000000000076,1,-3.0,0.2980000000000018,8.686999999999898,0,Canadian Grand Prix,0,0,,1
157,35,27,0.3857142857142857,6,0,1,False,1,0,HARD,75.694,2.475999999999658,11.0,13.204999999999927,1,-3.0,2.3479999999999563,0.95699999999988,0,Canadian Grand Prix,0,0,,1
157,35,28,0.4,5,0,1,False,1,0,HARD,75.582,2.456000000000131,12.0,6.9699999999998,1,-3.0,1.9389999999998508,0.09900000000016,0,Canadian Grand Prix,0,0,,1
157,35,29,0.4142857142857143,4,0,1,False,1,0,HARD,75.739,2.505000000000109,13.0,10.23299999999972,1,-3.0,0.3939999999997781,1.8510000000001128,0,Canadian Grand Prix,0,0,,1
157,35,30,0.4285714285714285,4,0,1,False,1,0,HARD,75.272,2.371999999999389,14.0,10.635999999999967,1,-3.0,8.489999999999782,1.6649999999999636,0,Canadian Grand Prix,0,0,,1
157,35,31,0.4428571428571428,4,0,1,False,1,0,HARD,75.373,2.141000000000531,15.0,10.753999999999904,1,-3.0,7.677999999999884,3.4710000000000036,0,Canadian Grand Prix,0,0,,1
157,35,32,0.4571428571428571,4,0,1,False,1,0,HARD,75.415,2.162000000000262,16.0,10.673999999999978,1,-3.0,7.289999999999964,5.295000000000073,0,Canadian Grand Prix,0,0,,1
157,35,33,0.4714285714285714,4,0,1,False,1,0,HARD,75.438,2.173999999999978,17.0,10.53399999999965,1,-3.0,6.851000000000113,7.057999999999993,0,Canadian Grand Prix,0,0,,1
157,35,34,0.4857142857142857,4,0,1,False,1,0,HARD,75.323,2.0479999999997744,18.0,10.572000000000116,1,-3.0,6.30199999999968,9.153999999999996,0,Canadian Grand Prix,0,0,,1
157,35,35,0.5,4,0,1,False,1,0,HARD,75.444,2.130000000000109,19.0,10.460999999999784,2,-3.0,5.917999999999665,11.050000000000182,0,Canadian Grand Prix,0,0,,1
157,35,36,0.5142857142857142,4,0,1,False,1,0,HARD,75.717,2.4020000000000437,20.0,10.268999999999778,2,-3.0,5.683999999999742,12.485000000000127,0,Canadian Grand Prix,0,0,,1
157,35,37,0.5285714285714286,3,0,1,False,1,0,HARD,75.255,2.037999999999556,21.0,10.067000000000007,1,-3.0,4.911999999999807,14.554000000000087,0,Canadian Grand Prix,0,0,,1
157,35,38,0.5428571428571428,2,0,1,False,1,0,HARD,75.203,8.434000000000196,22.0,9.955999999999676,0,-4.0,4.366999999999734,16.0300000000002,0,Canadian Grand Prix,0,0,,1
157,35,39,0.5571428571428572,2,0,1,False,1,0,HARD,75.662,8.329999999999927,23.0,9.264999999999873,0,-4.0,4.031999999999698,16.733000000000175,0,Canadian Grand Prix,0,0,,1
157,35,40,0.5714285714285714,2,0,1,False,1,0,HARD,75.761,8.390000000000327,24.0,8.730000000000018,0,-4.0,3.712999999999738,17.31600000000026,0,Canadian Grand Prix,0,0,,1
157,35,41,0.5857142857142857,2,0,1,False,1,0,HARD,75.417,8.329999999999927,25.0,8.565000000000055,0,-4.0,2.906999999999698,18.094000000000506,0,Canadian Grand Prix,0,0,,1
157,35,42,0.6,1,0,1,False,1,0,HARD,75.441,0.0,26.0,8.442999999999756,0,,1.7570000000000618,18.584000000000287,0,Canadian Grand Prix,0,0,,1
157,35,43,0.6142857142857143,1,0,1,False,1,0,HARD,75.653,0.0,27.0,8.164999999999964,0,,0.8279999999995198,18.938000000000105,0,Canadian Grand Prix,0,0,,1
157,35,44,0.6285714285714286,1,0,1,False,1,0,HARD,75.723,0.0,28.0,7.528999999999996,0,,7.2289999999998145,0.2380000000002837,0,Canadian Grand Prix,0,0,,1
157,35,45,0.6428571428571429,5,0,1,False,1,1,HARD,91.172,1.6109999999998763,29.0,0.4819999999999709,2,21.0,23.228999999999814,1.1870000000003529,0,Canadian Grand Prix,0,0,,1
157,35,46,0.6571428571428571,6,0,2,False,1,0,HARD,78.078,2.486000000000786,1.0,25.46900000000005,2,-7.0,26.19699999999966,1.7580000000002656,1,Canadian Grand Prix,0,0,,1
157,35,47,0.6714285714285714,5,0,2,False,1,0,HARD,74.896,2.1530000000002474,2.0,26.30099999999993,2,-7.0,25.864000000000033,2.5900000000001455,0,Canadian Grand Prix,0,0,,1
157,35,48,0.6857142857142857,5,0,2,False,1,0,HARD,75.207,2.193000000000211,3.0,27.91899999999987,2,-7.0,25.90399999999954,4.208000000000084,0,Canadian Grand Prix,0,0,,1
157,35,49,0.7,5,0,2,False,1,0,HARD,74.736,1.9099999999998545,4.0,28.871000000000095,2,-7.0,25.62099999999964,5.160000000000309,0,Canadian Grand Prix,0,0,,1
157,35,50,0.7142857142857143,5,0,2,False,1,0,HARD,74.531,1.4400000000005095,5.0,29.87599999999975,2,-7.0,25.15099999999984,6.164999999999964,0,Canadian Grand Prix,0,0,,1
157,35,51,0.7285714285714285,5,0,2,False,1,0,HARD,74.719,1.0360000000000582,6.0,30.864000000000033,2,-7.0,24.74699999999939,7.153000000000247,0,Canadian Grand Prix,0,0,,1
157,35,52,0.7428571428571429,5,0,2,False,1,0,HARD,74.584,0.4679999999998472,7.0,31.947999999999865,3,-7.0,24.179000000000087,8.23700000000008,0,Canadian Grand Prix,0,0,,1
157,35,53,0.7571428571428571,4,0,2,False,1,0,HARD,74.643,0.3609999999998763,8.0,10.683999999999742,3,-7.0,13.027000000000044,8.890000000000327,0,Canadian Grand Prix,0,0,,1
157,35,54,0.7714285714285715,4,0,2,False,1,0,HARD,74.989,0.532999999999447,9.0,14.297999999999774,3,-7.0,9.413000000000466,9.317999999999302,0,Canadian Grand Prix,0,0,,1
157,35,55,0.7857142857142857,4,0,2,False,1,0,HARD,74.497,0.2520000000004074,10.0,14.979999999998654,3,-7.0,8.731000000001586,9.80199999999877,0,Canadian Grand Prix,0,0,,1
157,35,56,0.8,4,0,2,False,1,0,HARD,75.526,0.9179999999996652,11.0,14.032999999999449,3,-7.0,9.678000000000791,9.34399999999914,0,Canadian Grand Prix,0,0,,1
157,35,57,0.8142857142857143,4,0,2,False,1,0,HARD,74.366,0.7010000000000218,12.0,13.927999999999884,3,-7.0,9.783000000000357,10.386999999999716,0,Canadian Grand Prix,0,0,,1
157,35,58,0.8285714285714286,4,0,2,False,1,0,HARD,75.324,1.0330000000003563,13.0,13.0,3,-7.0,10.71100000000024,10.229999999999563,0,Canadian Grand Prix,0,0,,1
157,35,59,0.8428571428571429,4,0,2,False,1,0,HARD,75.104,1.4960000000000944,14.0,12.693999999999503,2,-7.0,11.017000000000737,10.394999999999529,0,Canadian Grand Prix,0,0,,1
157,35,60,0.8571428571428571,4,0,2,False,1,0,HARD,74.498,1.5390000000006694,15.0,13.427999999999884,2,-7.0,10.283000000000357,11.123999999999796,0,Canadian Grand Prix,0,0,,1
157,35,61,0.8714285714285714,4,0,2,False,1,0,HARD,74.368,1.38799999999992,16.0,13.777000000000044,2,-7.0,9.934000000000196,12.683999999999289,0,Canadian Grand Prix,0,0,,1
157,35,62,0.8857142857142857,4,0,2,False,1,0,HARD,74.268,1.1720000000004802,17.0,15.289999999999964,2,-7.0,8.421000000000276,13.376999999999498,0,Canadian Grand Prix,0,0,,1
157,35,63,0.9,4,0,2,False,1,0,HARD,74.363,0.8930000000000291,18.0,16.641999999998916,2,-7.0,7.069000000001324,14.18699999999808,0,Canadian Grand Prix,0,0,,1
157,35,64,0.9142857142857144,4,0,2,False,1,0,HARD,74.255,0.5839999999989232,19.0,16.671000000000276,2,-7.0,7.039999999999964,14.73700000000008,0,Canadian Grand Prix,0,0,,1
157,35,65,0.9285714285714286,4,0,2,False,1,0,HARD,74.409,0.4549999999999272,20.0,17.599999999999454,2,-7.0,6.111000000000786,15.506999999999609,0,Canadian Grand Prix,0,0,,1
157,35,66,0.9428571428571428,4,0,2,False,1,0,HARD,75.441,1.243000000000393,21.0,17.502000000000407,2,-7.0,6.208999999999833,22.47400000000016,0,Canadian Grand Prix,0,0,,1
157,35,67,0.9571428571428572,4,0,2,False,1,1,HARD,111.532,8.603000000000975,22.0,18.47400000000016,0,-7.0,5.23700000000008,26.665999999999254,0,Canadian Grand Prix,0,0,,1
157,35,68,0.9714285714285714,4,0,3,False,1,1,SOFT,118.447,3.747000000001208,4.0,14.965000000000146,2,-26.0,8.746000000000095,18.836999999999534,0,Canadian Grand Prix,0,0,,1
157,35,69,0.9857142857142858,4,0,4,False,1,1,SOFT,123.935,3.976000000000567,5.0,1.8299999999999272,1,-26.0,7.367000000000189,21.53399999999965,0,Canadian Grand Prix,0,0,,1
157,35,70,1.0,4,0,5,False,1,0,SOFT,123.49,1.0949999999993452,6.0,1.3329999999987194,3,-26.0,10.45600000000195,,0,Canadian Grand Prix,0,0,,1
157,42,1,0.0142857142857142,3,0,5,False,1,0,MEDIUM,83.319,0.7699999999999818,7.0,0.6199999999999903,2,3.0,16.057000000000002,,0,Canadian Grand Prix,0,0,,0
157,42,2,0.0285714285714285,3,0,0,False,1,0,MEDIUM,76.584,0.9359999999996944,8.0,1.5459999999999925,2,3.0,13.168000000000037,,1,Canadian Grand Prix,0,0,,0
157,42,3,0.0428571428571428,3,0,0,False,1,0,MEDIUM,76.878,1.7199999999998,9.0,1.382000000000005,2,3.0,11.64700000000002,,0,Canadian Grand Prix,0,0,,0
157,42,4,0.0571428571428571,3,0,0,False,1,0,MEDIUM,76.357,2.1520000000000437,10.0,1.561999999999955,2,3.0,10.493000000000052,,1,Canadian Grand Prix,0,0,,0
157,42,5,0.0714285714285714,3,0,0,False,1,0,MEDIUM,76.186,2.436999999999898,11.0,1.7729999999999675,2,3.0,9.362000000000023,,0,Canadian Grand Prix,0,0,,0
157,42,6,0.0857142857142857,3,0,0,False,1,0,MEDIUM,76.159,2.0650000000000546,12.0,1.822999999999979,2,3.0,7.910000000000025,,0,Canadian Grand Prix,0,0,,0
157,42,7,0.1,3,0,0,False,1,0,MEDIUM,76.295,1.7599999999997635,13.0,1.9840000000000373,2,3.0,6.571000000000026,,0,Canadian Grand Prix,0,0,,0
157,42,8,0.1142857142857142,3,0,0,False,1,0,MEDIUM,76.436,1.5560000000004948,14.0,1.9289999999999736,2,3.0,5.727000000000089,,0,Canadian Grand Prix,0,0,,0
157,42,9,0.1285714285714285,3,0,0,False,1,0,MEDIUM,76.439,1.2330000000001746,15.0,2.203999999999951,2,3.0,4.932999999999993,,0,Canadian Grand Prix,0,0,,0
157,42,10,0.1428571428571428,3,0,0,False,1,0,MEDIUM,76.562,1.1149999999997815,16.0,2.41700000000003,2,3.0,3.994000000000028,,0,Canadian Grand Prix,0,0,,0
157,42,11,0.1571428571428571,3,0,0,False,1,0,MEDIUM,76.327,0.4510000000000218,17.0,2.6889999999999645,2,3.0,3.023000000000025,,0,Canadian Grand Prix,0,0,,0
157,42,12,0.1714285714285714,2,0,0,False,1,0,MEDIUM,76.99,2.9960000000000946,18.0,2.6359999999999673,1,3.0,1.775000000000091,,0,Canadian Grand Prix,0,0,,0
157,42,13,0.1857142857142857,1,0,0,False,1,0,MEDIUM,77.73,0.0,19.0,1.8800000000001091,0,,0.0229999999999108,,0,Canadian Grand Prix,0,0,,0
157,42,14,0.2,9,0,0,False,1,1,MEDIUM,93.11,0.180000000000291,20.0,6.76299999999992,4,18.0,14.383000000000038,,0,Canadian Grand Prix,0,0,,0
157,42,15,0.2142857142857142,7,0,1,False,1,0,HARD,79.756,2.730999999999767,2.0,3.770999999999958,2,-13.0,11.780999999999947,,0,Canadian Grand Prix,0,0,,1
157,42,16,0.2285714285714285,6,0,1,False,1,0,HARD,75.989,0.5779999999995198,3.0,0.0489999999999781,2,-13.0,7.928999999999633,,0,Canadian Grand Prix,0,0,,1
157,42,17,0.2428571428571428,5,0,1,False,1,0,HARD,76.902,4.568000000000211,4.0,0.7280000000000655,1,-1.0,8.340999999999667,,1,Canadian Grand Prix,0,0,,1
157,42,18,0.2571428571428571,5,0,1,False,1,0,HARD,76.14,4.703000000000429,5.0,2.2899999999999636,1,-1.0,7.25200000000018,,1,Canadian Grand Prix,0,0,,1
157,42,19,0.2714285714285714,5,0,1,False,1,0,HARD,76.032,4.94800000000032,6.0,2.9629999999999654,1,-1.0,2.1970000000001164,,0,Canadian Grand Prix,0,0,,1
157,42,20,0.2857142857142857,5,0,1,False,1,0,HARD,75.936,5.114999999999782,7.0,2.913000000000011,0,-1.0,4.435999999999922,2.1079999999999472,0,Canadian Grand Prix,0,0,,1
157,42,21,0.3,5,0,1,False,1,0,HARD,75.774,5.173999999999978,8.0,2.964999999999918,0,-1.0,2.4450000000001637,3.770999999999958,0,Canadian Grand Prix,0,0,,1
157,42,22,0.3142857142857143,5,0,1,False,1,0,HARD,75.941,5.399000000000342,9.0,3.0729999999998654,0,-1.0,1.0980000000001835,5.572999999999865,0,Canadian Grand Prix,0,0,,1
157,42,23,0.3285714285714285,5,0,1,False,1,0,HARD,76.149,5.723999999999251,10.0,2.8740000000000236,0,-1.0,0.4549999999999272,7.0,0,Canadian Grand Prix,0,0,,1
157,42,24,0.3428571428571428,5,0,1,False,1,0,HARD,75.895,5.845000000000255,11.0,2.754000000000133,0,-1.0,4.218000000000075,0.7819999999999254,0,Canadian Grand Prix,0,0,,1
157,42,25,0.3571428571428571,5,0,1,False,1,0,HARD,76.245,6.351999999999862,12.0,2.411999999999807,0,-1.0,3.0690000000001874,1.224999999999909,0,Canadian Grand Prix,0,0,,1
157,42,26,0.3714285714285714,5,0,1,False,1,0,HARD,75.729,6.3659999999999854,13.0,2.4470000000001164,0,-1.0,1.5069999999998345,2.1490000000001146,0,Canadian Grand Prix,0,0,,1
157,42,27,0.3857142857142857,5,0,1,False,1,0,HARD,75.665,6.567000000000007,14.0,2.4760000000001128,0,-1.0,1.1799999999998363,0.1280000000001564,0,Canadian Grand Prix,0,0,,1
157,42,28,0.4,4,0,1,False,1,0,HARD,75.602,6.001000000000204,15.0,2.456000000000131,0,-1.0,7.502999999999702,0.5170000000002801,0,Canadian Grand Prix,0,0,,1
157,42,29,0.4142857142857143,3,0,1,False,1,0,HARD,75.69,5.625999999999294,16.0,2.505000000000109,0,-1.0,6.975999999999658,2.111000000000331,0,Canadian Grand Prix,0,0,,1
157,42,30,0.4285714285714285,3,0,1,False,1,0,HARD,75.405,4.998000000000502,17.0,2.3719999999998436,1,-1.0,6.117999999999938,4.036999999999807,0,Canadian Grand Prix,0,0,,1
157,42,31,0.4428571428571428,3,0,1,False,1,0,HARD,75.604,4.777000000000044,18.0,2.1410000000000764,1,-1.0,5.536999999999807,5.61200000000008,0,Canadian Grand Prix,0,0,,1
157,42,32,0.4571428571428571,3,0,1,False,1,0,HARD,75.394,4.326000000000022,19.0,2.161999999999807,1,-1.0,5.128000000000156,7.45699999999988,0,Canadian Grand Prix,0,0,,1
157,42,33,0.4714285714285714,3,0,1,False,1,0,HARD,75.426,3.5650000000005093,20.0,2.173999999999978,1,-1.0,4.677000000000135,9.231999999999973,0,Canadian Grand Prix,0,0,,1
157,42,34,0.4857142857142857,3,0,1,False,1,0,HARD,75.449,2.961999999999535,21.0,2.048000000000229,1,-1.0,4.253999999999451,11.202000000000226,0,Canadian Grand Prix,0,0,,1
157,42,35,0.5,3,0,1,False,1,0,HARD,75.362,2.100999999999658,22.0,2.130000000000109,1,-1.0,3.787999999999556,13.180000000000293,0,Canadian Grand Prix,0,0,,1
157,42,36,0.5142857142857142,3,0,1,False,1,0,HARD,75.445,1.4229999999997744,23.0,2.4020000000000437,1,-1.0,3.281999999999698,14.887000000000173,0,Canadian Grand Prix,0,0,,1
157,42,37,0.5285714285714286,2,0,1,False,1,0,HARD,75.619,6.76299999999992,24.0,2.038000000000011,0,-1.0,2.8739999999997963,16.5920000000001,0,Canadian Grand Prix,0,0,,1
157,42,38,0.5428571428571428,5,0,1,False,1,1,HARD,91.064,3.8669999999992792,25.0,2.536999999999807,1,15.0,18.1899999999996,2.2070000000003347,0,Canadian Grand Prix,0,0,,1
157,42,39,0.5571428571428572,6,0,2,False,1,0,HARD,79.108,1.3279999999995198,1.0,2.4099999999998545,1,-1.0,0.5360000000000582,1.8380000000001928,0,Canadian Grand Prix,0,0,,1
157,42,40,0.5714285714285714,6,0,2,False,1,0,HARD,75.34,1.2169999999996437,2.0,3.150000000000091,1,-1.0,20.560999999999694,0.4680000000003019,0,Canadian Grand Prix,0,0,,1
157,42,41,0.5857142857142857,6,0,2,False,1,0,HARD,75.51,1.436000000000604,3.0,3.862999999999829,1,-1.0,19.847999999999956,1.1530000000002474,0,Canadian Grand Prix,0,0,,1
157,42,42,0.6,6,0,2,False,1,0,HARD,75.473,1.561999999999898,4.0,4.980999999999767,1,-1.0,18.730000000000015,1.611000000000331,0,Canadian Grand Prix,0,0,,1
157,42,43,0.6142857142857143,6,0,2,False,1,0,HARD,75.674,2.1589999999996508,5.0,5.889000000000124,1,-1.0,17.82199999999966,1.94399999999996,0,Canadian Grand Prix,0,0,,1
157,42,44,0.6285714285714286,6,0,2,False,1,0,HARD,75.211,1.9710000000004584,6.0,7.467000000000098,1,-1.0,16.243999999999687,2.874000000000251,0,Canadian Grand Prix,0,0,,1
157,42,45,0.6428571428571429,6,0,2,False,1,0,HARD,75.172,0.4819999999999709,7.0,24.416000000000167,2,-22.0,24.192999999999756,0.705000000000382,0,Canadian Grand Prix,0,0,,1
157,42,46,0.6571428571428571,5,0,2,False,1,0,HARD,75.11,1.9929999999994832,8.0,2.4859999999998763,1,-1.0,21.22499999999991,4.244000000000142,0,Canadian Grand Prix,0,0,,1
157,42,47,0.6714285714285714,4,0,2,False,1,0,HARD,75.229,1.8829999999998108,9.0,2.1530000000002474,1,-1.0,21.557999999999534,4.743000000000393,0,Canadian Grand Prix,0,0,,1
157,42,48,0.6857142857142857,4,0,2,False,1,0,HARD,75.167,1.7160000000003492,10.0,2.1929999999997563,1,-1.0,21.51800000000003,6.40099999999984,0,Canadian Grand Prix,0,0,,1
157,42,49,0.7,4,0,2,False,1,0,HARD,75.019,1.7050000000008363,11.0,1.9099999999998545,2,-1.0,21.80099999999993,7.070000000000164,0,Canadian Grand Prix,0,0,,1
157,42,50,0.7142857142857143,4,0,2,False,1,0,HARD,75.001,1.6809999999995853,12.0,1.4400000000000546,2,-1.0,22.27099999999973,7.605000000000018,0,Canadian Grand Prix,0,0,,1
157,42,51,0.7285714285714285,4,0,2,False,1,0,HARD,75.123,1.7610000000004218,13.0,1.0359999999996037,2,-1.0,22.675000000000185,8.18899999999985,1,Canadian Grand Prix,0,0,,1
157,42,52,0.7428571428571429,4,0,2,False,1,0,HARD,75.152,1.800000000000182,14.0,0.4680000000003019,2,-1.0,23.242999999999483,8.705000000000382,1,Canadian Grand Prix,0,0,,1
157,42,53,0.7571428571428571,3,0,2,False,1,0,HARD,74.75,1.4310000000004948,15.0,0.3609999999994215,2,-1.0,12.666000000000622,9.250999999999747,1,Canadian Grand Prix,0,0,,1
157,42,54,0.7714285714285715,3,0,2,False,1,0,HARD,74.817,1.3699999999998909,16.0,0.5330000000003565,2,-1.0,8.88000000000011,9.850999999999658,1,Canadian Grand Prix,0,0,,1
157,42,55,0.7857142857142857,3,0,2,False,1,0,HARD,74.778,1.40099999999984,17.0,0.2520000000013169,2,-1.0,8.47900000000027,10.054000000000087,1,Canadian Grand Prix,0,0,,1
157,42,56,0.8,3,0,2,False,1,0,HARD,74.86,1.829000000000633,18.0,0.9180000000005748,2,-1.0,8.760000000000218,10.261999999999716,1,Canadian Grand Prix,0,0,,1
157,42,57,0.8142857142857143,3,0,2,False,1,0,HARD,74.583,1.8549999999995632,19.0,0.7010000000000218,2,-1.0,9.082000000000336,11.087999999999738,1,Canadian Grand Prix,0,0,,1
157,42,58,0.8285714285714286,3,0,2,False,1,0,HARD,74.992,1.894000000000233,20.0,1.032999999999447,2,-1.0,9.678000000000791,11.26299999999901,1,Canadian Grand Prix,0,0,,1
157,42,59,0.8428571428571429,3,0,2,False,1,0,HARD,74.641,1.800999999999476,21.0,1.4960000000000946,2,-1.0,9.52100000000064,11.890999999999622,1,Canadian Grand Prix,0,0,,1
157,42,60,0.8571428571428571,3,0,2,False,1,0,HARD,74.455,1.569999999999709,22.0,1.53899999999976,2,-1.0,8.744000000000597,12.662999999999556,1,Canadian Grand Prix,0,0,,1
157,42,61,0.8714285714285714,3,0,2,False,1,0,HARD,74.519,1.597999999999956,23.0,1.38799999999992,2,-1.0,8.546000000000276,14.071999999999209,0,Canadian Grand Prix,0,0,,1
157,42,62,0.8857142857142857,3,0,2,False,1,0,HARD,74.484,1.7950000000000728,24.0,1.1720000000004802,2,-1.0,7.248999999999796,14.548999999999978,1,Canadian Grand Prix,0,0,,1
157,42,63,0.9,3,0,2,False,1,0,HARD,74.642,2.084000000000742,25.0,0.8930000000009386,2,-1.0,6.176000000000386,15.079999999999018,1,Canadian Grand Prix,0,0,,1
157,42,64,0.9142857142857144,3,0,2,False,1,0,HARD,74.564,2.2440000000005966,26.0,0.5839999999998327,2,-1.0,6.456000000000131,15.320999999999913,1,Canadian Grand Prix,0,0,,1
157,42,65,0.9285714285714286,3,0,2,False,1,0,HARD,74.538,2.1570000000010623,27.0,0.4549999999999272,2,-1.0,5.656000000000859,15.961999999999534,1,Canadian Grand Prix,0,0,,1
157,42,66,0.9428571428571428,3,0,2,False,1,0,HARD,74.653,2.4159999999992574,28.0,1.243000000000393,1,-1.0,4.96599999999944,23.717000000000553,1,Canadian Grand Prix,0,0,,1
157,42,67,0.9571428571428572,3,0,2,False,1,1,HARD,104.172,3.110000000000582,29.0,8.603000000000065,1,-1.0,15.108000000000176,3.3659999999999854,1,Canadian Grand Prix,0,0,,1
157,42,68,0.9714285714285714,3,0,3,True,1,1,HARD,123.303,1.1369999999988067,30.0,3.7470000000002983,2,-1.0,4.998999999999796,22.583999999999833,0,Canadian Grand Prix,0,0,,1
157,42,69,0.9857142857142858,3,0,4,False,1,1,HARD,123.706,1.0979999999999563,31.0,3.975999999999658,2,-1.0,3.391000000000531,25.50999999999931,0,Canadian Grand Prix,0,0,,1
157,42,70,1.0,3,0,5,False,1,0,HARD,126.371,0.7860000000000582,32.0,1.0950000000011642,2,-1.0,9.361000000000786,,0,Canadian Grand Prix,0,0,,1
