race_id,race_progress,pit_stops_so_far,current_compound,race_track,fulfilled_second_compound,rained_yet,is_raining,minutes_rain,y_compound
1,0.12727272727272726,0,MEDIUM,Abu Dhabi Grand Prix,0,0,0,,HARD
1,0.2727272727272727,0,MEDIUM,Abu Dhabi Grand Prix,0,0,0,,HARD
1,0.3090909090909091,0,SOFT,Abu Dhabi Grand Prix,0,0,0,,HARD
1,0.6,0,MEDIUM,Abu Dhabi Grand Prix,0,0,0,,HARD
1,0.2909090909090909,0,MEDIUM,Abu Dhabi Grand Prix,0,0,0,,HARD
1,0.7272727272727273,1,HARD,Abu Dhabi Grand Prix,1,0,0,,MEDIUM
1,0.6727272727272727,0,MEDIUM,Abu Dhabi Grand Prix,0,0,0,,HARD
1,0.12727272727272726,0,SOFT,Abu Dhabi Grand Prix,0,0,0,,HARD
1,0.4727272727272727,0,MEDIUM,Abu Dhabi Grand Prix,0,0,0,,HARD
1,0.12727272727272726,0,SOFT,Abu Dhabi Grand Prix,0,0,0,,HARD
1,0.7454545454545455,0,HARD,Abu Dhabi Grand Prix,0,0,0,,MEDIUM
1,0.4909090909090909,0,MEDIUM,Abu Dhabi Grand Prix,0,0,0,,HARD
1,0.01818181818181818,1,MEDIUM,Abu Dhabi Grand Prix,0,0,0,,MEDIUM
1,0.7272727272727273,0,HARD,Abu Dhabi Grand Prix,0,0,0,,MEDIUM
1,0.6363636363636364,0,HARD,Abu Dhabi Grand Prix,0,0,0,,MEDIUM
1,0.6363636363636364,0,HARD,Abu Dhabi Grand Prix,0,0,0,,MEDIUM
2,0.3275862068965517,0,SOFT,Australian Grand Prix,0,0,0,,HARD
2,0.4482758620689655,0,SOFT,Australian Grand Prix,0,0,0,,HARD
2,0.3620689655172414,0,MEDIUM,Australian Grand Prix,0,0,0,,HARD
2,0.4482758620689655,0,MEDIUM,Australian Grand Prix,0,0,0,,HARD
2,0.43103448275862066,0,SOFT,Australian Grand Prix,0,0,0,,MEDIUM
2,0.3793103448275862,0,SOFT,Australian Grand Prix,0,0,0,,HARD
2,0.3448275862068966,0,MEDIUM,Australian Grand Prix,0,0,0,,HARD
2,0.46551724137931033,1,HARD,Australian Grand Prix,1,0,0,,SOFT
2,0.41379310344827586,0,SOFT,Australian Grand Prix,0,0,0,,HARD
2,0.4482758620689655,0,SOFT,Australian Grand Prix,0,0,0,,HARD
2,0.017241379310344827,1,,Australian Grand Prix,0,0,0,,HARD
2,0.3793103448275862,1,HARD,Australian Grand Prix,0,0,0,,SOFT
2,0.43103448275862066,0,MEDIUM,Australian Grand Prix,0,0,0,,HARD
2,0.5,1,HARD,Australian Grand Prix,1,0,0,,SOFT
2,0.43103448275862066,0,SOFT,Australian Grand Prix,0,0,0,,MEDIUM
2,0.39655172413793105,0,SOFT,Australian Grand Prix,0,0,0,,HARD
2,0.3103448275862069,0,SOFT,Australian Grand Prix,0,0,0,,HARD
2,0.41379310344827586,0,SOFT,Australian Grand Prix,0,0,0,,HARD
3,0.2112676056338028,0,SOFT,Austrian Grand Prix,0,0,0,,HARD
3,0.2112676056338028,0,MEDIUM,Austrian Grand Prix,0,0,0,,HARD
3,0.2112676056338028,0,SOFT,Austrian Grand Prix,0,0,0,,HARD
3,0.4788732394366197,1,HARD,Austrian Grand Prix,1,0,0,,MEDIUM
3,0.2112676056338028,0,MEDIUM,Austrian Grand Prix,0,0,0,,HARD
3,0.38028169014084506,0,MEDIUM,Austrian Grand Prix,0,0,0,,HARD
3,0.2112676056338028,0,SOFT,Austrian Grand Prix,0,0,0,,HARD
3,0.39436619718309857,0,SOFT,Austrian Grand Prix,0,0,0,,HARD
3,0.2112676056338028,0,MEDIUM,Austrian Grand Prix,0,0,0,,HARD
3,0.2112676056338028,0,SOFT,Austrian Grand Prix,0,0,0,,HARD
3,0.9154929577464789,1,HARD,Austrian Grand Prix,1,0,0,,MEDIUM
3,0.014084507042253521,2,,Austrian Grand Prix,0,0,0,,HARD
3,0.5633802816901409,1,HARD,Austrian Grand Prix,0,0,0,,HARD
3,0.9154929577464789,2,HARD,Austrian Grand Prix,0,0,0,,
3,0.3380281690140845,0,MEDIUM,Austrian Grand Prix,0,0,0,,HARD
3,0.8450704225352113,1,HARD,Austrian Grand Prix,1,0,0,,SOFT
3,0.2112676056338028,0,MEDIUM,Austrian Grand Prix,0,0,0,,HARD
3,0.2112676056338028,0,MEDIUM,Austrian Grand Prix,0,0,0,,HARD
3,0.6338028169014085,0,HARD,Austrian Grand Prix,0,0,0,,MEDIUM
3,0.2112676056338028,0,SOFT,Austrian Grand Prix,0,0,0,,HARD
4,0.43137254901960786,0,MEDIUM,Azerbaijan Grand Prix,0,0,0,,HARD
4,0.7843137254901961,1,HARD,Azerbaijan Grand Prix,1,0,0,,SOFT
4,0.5882352941176471,0,MEDIUM,Azerbaijan Grand Prix,0,0,0,,HARD
4,0.7843137254901961,1,HARD,Azerbaijan Grand Prix,1,0,0,,SOFT
4,0.7843137254901961,0,MEDIUM,Azerbaijan Grand Prix,0,0,0,,SOFT
4,0.29411764705882354,0,SOFT,Azerbaijan Grand Prix,0,0,0,,HARD
4,0.7843137254901961,1,HARD,Azerbaijan Grand Prix,1,0,0,,SOFT
4,0.47058823529411764,0,MEDIUM,Azerbaijan Grand Prix,0,0,0,,HARD
4,0.7843137254901961,1,HARD,Azerbaijan Grand Prix,1,0,0,,SOFT
4,0.0392156862745098,0,SOFT,Azerbaijan Grand Prix,0,0,0,,HARD
4,0.7843137254901961,1,HARD,Azerbaijan Grand Prix,1,0,0,,MEDIUM
4,0.0392156862745098,0,HARD,Azerbaijan Grand Prix,0,0,0,,MEDIUM
4,0.7843137254901961,1,MEDIUM,Azerbaijan Grand Prix,1,0,0,,SOFT
4,0.0196078431372549,2,,Azerbaijan Grand Prix,0,0,0,,HARD
4,0.7647058823529411,1,HARD,Azerbaijan Grand Prix,0,0,0,,SOFT
4,0.0196078431372549,2,,Azerbaijan Grand Prix,0,0,0,,HARD
4,0.7843137254901961,1,HARD,Azerbaijan Grand Prix,0,0,0,,SOFT
4,0.0196078431372549,2,,Azerbaijan Grand Prix,0,0,0,,SOFT
4,0.43137254901960786,1,SOFT,Azerbaijan Grand Prix,0,0,0,,MEDIUM
4,0.7647058823529411,2,MEDIUM,Azerbaijan Grand Prix,1,0,0,,SOFT
4,0.45098039215686275,0,MEDIUM,Azerbaijan Grand Prix,0,0,0,,HARD
4,0.7843137254901961,1,HARD,Azerbaijan Grand Prix,1,0,0,,SOFT
4,0.23529411764705882,0,SOFT,Azerbaijan Grand Prix,0,0,0,,HARD
4,0.7647058823529411,1,HARD,Azerbaijan Grand Prix,1,0,0,,SOFT
4,0.0196078431372549,2,,Azerbaijan Grand Prix,0,0,0,,HARD
4,0.7843137254901961,1,HARD,Azerbaijan Grand Prix,0,0,0,,SOFT
5,0.43859649122807015,0,MEDIUM,Bahrain Grand Prix,0,0,0,,MEDIUM
5,0.2982456140350877,0,SOFT,Bahrain Grand Prix,0,0,0,,SOFT
5,0.3333333333333333,0,SOFT,Bahrain Grand Prix,0,0,0,,SOFT
5,0.2807017543859649,0,SOFT,Bahrain Grand Prix,0,0,0,,SOFT
5,0.45614035087719296,1,SOFT,Bahrain Grand Prix,0,0,0,,MEDIUM
5,0.05263157894736842,0,MEDIUM,Bahrain Grand Prix,0,0,0,,HARD
5,0.5964912280701754,1,HARD,Bahrain Grand Prix,1,0,0,,SOFT
5,0.3157894736842105,0,SOFT,Bahrain Grand Prix,0,0,0,,MEDIUM
5,0.5263157894736842,1,MEDIUM,Bahrain Grand Prix,1,0,0,,SOFT
5,0.7894736842105263,2,SOFT,Bahrain Grand Prix,1,0,0,,SOFT
5,0.22807017543859648,0,SOFT,Bahrain Grand Prix,0,0,0,,SOFT
5,0.47368421052631576,1,SOFT,Bahrain Grand Prix,0,0,0,,MEDIUM
5,0.24561403508771928,0,MEDIUM,Bahrain Grand Prix,0,0,0,,HARD
5,0.6842105263157895,1,HARD,Bahrain Grand Prix,1,0,0,,SOFT
5,0.17543859649122806,0,MEDIUM,Bahrain Grand Prix,0,0,0,,SOFT
5,0.5087719298245614,1,SOFT,Bahrain Grand Prix,1,0,0,,SOFT
5,0.17543859649122806,0,SOFT,Bahrain Grand Prix,0,0,0,,MEDIUM
5,0.49122807017543857,1,MEDIUM,Bahrain Grand Prix,1,0,0,,HARD
5,0.38596491228070173,0,MEDIUM,Bahrain Grand Prix,0,0,0,,HARD
5,0.7017543859649122,1,HARD,Bahrain Grand Prix,1,0,0,,SOFT
5,0.2631578947368421,0,SOFT,Bahrain Grand Prix,0,0,0,,MEDIUM
5,0.5964912280701754,1,MEDIUM,Bahrain Grand Prix,1,0,0,,SOFT
5,0.2631578947368421,0,SOFT,Bahrain Grand Prix,0,0,0,,HARD
5,0.6140350877192983,1,HARD,Bahrain Grand Prix,1,0,0,,MEDIUM
5,0.40350877192982454,0,MEDIUM,Bahrain Grand Prix,0,0,0,,HARD
5,0.2631578947368421,0,SOFT,Bahrain Grand Prix,0,0,0,,MEDIUM
5,0.6842105263157895,1,MEDIUM,Bahrain Grand Prix,1,0,0,,SOFT
6,0.022727272727272728,2,,Belgian Grand Prix,0,0,0,,SOFT
6,0.4772727272727273,1,SOFT,Belgian Grand Prix,0,0,0,,MEDIUM
6,0.022727272727272728,2,,Belgian Grand Prix,0,0,0,,
6,0.5,1,SOFT,Belgian Grand Prix,0,0,0,,MEDIUM
6,0.022727272727272728,2,,Belgian Grand Prix,0,0,0,,SOFT
6,0.5909090909090909,1,SOFT,Belgian Grand Prix,0,0,0,,MEDIUM
6,0.022727272727272728,2,,Belgian Grand Prix,0,0,0,,MEDIUM
6,0.045454545454545456,1,MEDIUM,Belgian Grand Prix,0,0,0,,SOFT
6,0.6590909090909091,2,SOFT,Belgian Grand Prix,1,0,0,,MEDIUM
6,0.022727272727272728,3,,Belgian Grand Prix,0,0,0,,HARD
6,0.5,1,HARD,Belgian Grand Prix,0,0,0,,SOFT
6,0.022727272727272728,2,,Belgian Grand Prix,0,0,0,,SOFT
6,0.5681818181818182,1,SOFT,Belgian Grand Prix,0,0,0,,MEDIUM
6,0.022727272727272728,2,,Belgian Grand Prix,0,0,0,,SOFT
6,0.5227272727272727,1,SOFT,Belgian Grand Prix,0,0,0,,SOFT
6,0.022727272727272728,2,,Belgian Grand Prix,0,0,0,,SOFT
6,0.5909090909090909,1,SOFT,Belgian Grand Prix,0,0,0,,SOFT
6,0.022727272727272728,2,,Belgian Grand Prix,0,0,0,,MEDIUM
6,0.7045454545454546,1,MEDIUM,Belgian Grand Prix,0,0,0,,SOFT
6,0.022727272727272728,2,,Belgian Grand Prix,0,0,0,,MEDIUM
6,0.5227272727272727,1,MEDIUM,Belgian Grand Prix,0,0,0,,SOFT
6,0.022727272727272728,2,,Belgian Grand Prix,0,0,0,,MEDIUM
6,0.045454545454545456,1,MEDIUM,Belgian Grand Prix,0,0,0,,HARD
6,0.6363636363636364,2,HARD,Belgian Grand Prix,1,0,0,,SOFT
6,0.022727272727272728,3,,Belgian Grand Prix,0,0,0,,MEDIUM
6,0.5454545454545454,1,MEDIUM,Belgian Grand Prix,0,0,0,,SOFT
6,0.022727272727272728,2,,Belgian Grand Prix,0,0,0,,SOFT
6,0.5681818181818182,1,SOFT,Belgian Grand Prix,0,0,0,,MEDIUM
6,0.022727272727272728,2,,Belgian Grand Prix,0,0,0,,SOFT
6,0.5454545454545454,1,SOFT,Belgian Grand Prix,0,0,0,,MEDIUM
6,0.022727272727272728,2,,Belgian Grand Prix,0,0,0,,MEDIUM
6,0.5909090909090909,1,MEDIUM,Belgian Grand Prix,0,0,0,,SOFT
7,0.2676056338028169,0,SOFT,Brazilian Grand Prix,0,0,0,,HARD
7,0.38028169014084506,0,MEDIUM,Brazilian Grand Prix,0,0,0,,HARD
7,0.7464788732394366,1,HARD,Brazilian Grand Prix,1,0,0,,SOFT
7,0.49295774647887325,0,SOFT,Brazilian Grand Prix,0,0,0,,MEDIUM
7,0.5492957746478874,0,SOFT,Brazilian Grand Prix,0,0,0,,MEDIUM
7,0.2535211267605634,0,SOFT,Brazilian Grand Prix,0,0,0,,HARD
7,0.8309859154929577,1,HARD,Brazilian Grand Prix,1,0,0,,MEDIUM
7,0.352112676056338,0,MEDIUM,Brazilian Grand Prix,0,0,0,,HARD
7,0.676056338028169,1,HARD,Brazilian Grand Prix,1,0,0,,SOFT
7,0.49295774647887325,0,SOFT,Brazilian Grand Prix,0,0,0,,HARD
7,0.5492957746478874,0,SOFT,Brazilian Grand Prix,0,0,0,,MEDIUM
7,0.4507042253521127,0,SOFT,Brazilian Grand Prix,0,0,0,,HARD
7,0.5774647887323944,0,MEDIUM,Brazilian Grand Prix,0,0,0,,SOFT
7,0.6901408450704225,0,HARD,Brazilian Grand Prix,0,0,0,,SOFT
7,0.39436619718309857,0,MEDIUM,Brazilian Grand Prix,0,0,0,,HARD
7,0.30985915492957744,0,SOFT,Brazilian Grand Prix,0,0,0,,HARD
7,0.5633802816901409,0,MEDIUM,Brazilian Grand Prix,0,0,0,,SOFT
7,0.8028169014084507,1,SOFT,Brazilian Grand Prix,1,0,0,,SOFT
7,0.43661971830985913,0,MEDIUM,Brazilian Grand Prix,0,0,0,,HARD
8,0.4807692307692308,0,SOFT,British Grand Prix,0,0,0,,MEDIUM
8,0.38461538461538464,0,SOFT,British Grand Prix,0,0,0,,MEDIUM
8,0.6346153846153846,1,MEDIUM,British Grand Prix,1,0,0,,SOFT
8,0.3269230769230769,0,SOFT,British Grand Prix,0,0,0,,MEDIUM
8,0.6346153846153846,1,MEDIUM,British Grand Prix,1,0,0,,SOFT
8,0.34615384615384615,0,SOFT,British Grand Prix,0,0,0,,MEDIUM
8,0.5769230769230769,1,MEDIUM,British Grand Prix,1,0,0,,SOFT
8,0.40384615384615385,0,SOFT,British Grand Prix,0,0,0,,MEDIUM
8,0.25,0,SOFT,British Grand Prix,0,0,0,,MEDIUM
8,0.6153846153846154,1,MEDIUM,British Grand Prix,1,0,0,,SOFT
8,0.4807692307692308,0,SOFT,British Grand Prix,0,0,0,,MEDIUM
8,0.25,0,SOFT,British Grand Prix,0,0,0,,MEDIUM
8,0.6153846153846154,1,MEDIUM,British Grand Prix,1,0,0,,SOFT
8,0.5769230769230769,0,MEDIUM,British Grand Prix,0,0,0,,SOFT
8,0.40384615384615385,0,SOFT,British Grand Prix,0,0,0,,MEDIUM
8,0.6346153846153846,1,MEDIUM,British Grand Prix,1,0,0,,SOFT
8,0.40384615384615385,0,SOFT,British Grand Prix,0,0,0,,MEDIUM
8,0.38461538461538464,0,SOFT,British Grand Prix,0,0,0,,MEDIUM
8,0.6153846153846154,1,MEDIUM,British Grand Prix,1,0,0,,SOFT
8,0.36538461538461536,0,SOFT,British Grand Prix,0,0,0,,MEDIUM
8,0.25,0,SOFT,British Grand Prix,0,0,0,,MEDIUM
8,0.6346153846153846,1,MEDIUM,British Grand Prix,1,0,0,,SOFT
8,0.38461538461538464,0,MEDIUM,British Grand Prix,0,0,0,,HARD
9,0.23529411764705882,0,MEDIUM,Canadian Grand Prix,0,0,0,,HARD
9,0.5441176470588235,0,MEDIUM,Canadian Grand Prix,0,0,0,,HARD
9,0.23529411764705882,0,SOFT,Canadian Grand Prix,0,0,0,,HARD
9,0.25,0,SOFT,Canadian Grand Prix,0,0,0,,HARD
9,0.5294117647058824,0,MEDIUM,Canadian Grand Prix,0,0,0,,HARD
9,0.20588235294117646,0,SOFT,Canadian Grand Prix,0,0,0,,HARD
9,0.27941176470588236,0,MEDIUM,Canadian Grand Prix,0,0,0,,HARD
9,0.1323529411764706,0,SOFT,Canadian Grand Prix,0,0,0,,HARD
9,0.6470588235294118,1,HARD,Canadian Grand Prix,1,0,0,,HARD
9,0.7058823529411765,0,MEDIUM,Canadian Grand Prix,0,0,0,,HARD
9,0.3235294117647059,0,MEDIUM,Canadian Grand Prix,0,0,0,,HARD
9,0.3382352941176471,0,SOFT,Canadian Grand Prix,0,0,0,,HARD
9,0.16176470588235295,0,SOFT,Canadian Grand Prix,0,0,0,,HARD
9,0.014705882352941176,1,,Canadian Grand Prix,0,0,0,,HARD
9,0.47058823529411764,0,MEDIUM,Canadian Grand Prix,0,0,0,,HARD
9,0.19117647058823528,0,SOFT,Canadian Grand Prix,0,0,0,,HARD
10,0.32142857142857145,0,MEDIUM,Chinese Grand Prix,0,0,0,,MEDIUM
10,0.35714285714285715,0,MEDIUM,Chinese Grand Prix,0,0,0,,MEDIUM
10,0.30357142857142855,0,SOFT,Chinese Grand Prix,0,0,0,,SOFT
10,0.5535714285714286,1,SOFT,Chinese Grand Prix,0,0,0,,SOFT
10,0.30357142857142855,0,SOFT,Chinese Grand Prix,0,0,0,,SOFT
10,0.5535714285714286,1,SOFT,Chinese Grand Prix,0,0,0,,SOFT
10,0.3392857142857143,0,MEDIUM,Chinese Grand Prix,0,0,0,,MEDIUM
10,0.21428571428571427,0,SOFT,Chinese Grand Prix,0,0,0,,SOFT
10,0.5535714285714286,1,SOFT,Chinese Grand Prix,0,0,0,,SOFT
10,0.21428571428571427,0,SOFT,Chinese Grand Prix,0,0,0,,SOFT
10,0.5714285714285714,1,SOFT,Chinese Grand Prix,0,0,0,,SOFT
10,0.42857142857142855,0,MEDIUM,Chinese Grand Prix,0,0,0,,MEDIUM
10,0.5178571428571429,0,MEDIUM,Chinese Grand Prix,0,0,0,,MEDIUM
10,0.4107142857142857,0,MEDIUM,Chinese Grand Prix,0,0,0,,MEDIUM
10,0.39285714285714285,0,MEDIUM,Chinese Grand Prix,0,0,0,,MEDIUM
10,0.5,0,MEDIUM,Chinese Grand Prix,0,0,0,,MEDIUM
10,0.5892857142857143,1,MEDIUM,Chinese Grand Prix,0,0,0,,MEDIUM
10,0.19642857142857142,0,MEDIUM,Chinese Grand Prix,0,0,0,,MEDIUM
10,0.5535714285714286,1,MEDIUM,Chinese Grand Prix,0,0,0,,MEDIUM
10,0.48214285714285715,0,MEDIUM,Chinese Grand Prix,0,0,0,,MEDIUM
10,0.23214285714285715,0,SOFT,Chinese Grand Prix,0,0,0,,SOFT
10,0.5535714285714286,1,SOFT,Chinese Grand Prix,0,0,0,,SOFT
11,0.6226415094339622,0,MEDIUM,French Grand Prix,1,1,0,,HARD
11,0.018867924528301886,1,,French Grand Prix,0,0,0,,HARD
11,0.7547169811320755,1,HARD,French Grand Prix,1,1,0,,SOFT
11,0.4716981132075472,0,MEDIUM,French Grand Prix,1,1,0,,HARD
11,0.5283018867924528,0,MEDIUM,French Grand Prix,1,1,0,,HARD
11,0.018867924528301886,1,,French Grand Prix,0,0,0,,HARD
11,0.7358490566037735,1,HARD,French Grand Prix,1,1,0,,MEDIUM
11,0.49056603773584906,0,SOFT,French Grand Prix,1,1,0,,HARD
11,0.5849056603773585,0,SOFT,French Grand Prix,1,1,0,,MEDIUM
11,0.6415094339622641,0,SOFT,French Grand Prix,1,1,0,,MEDIUM
11,0.5283018867924528,0,SOFT,French Grand Prix,1,1,0,,HARD
11,0.7169811320754716,0,SOFT,French Grand Prix,1,1,0,,MEDIUM
11,0.7547169811320755,0,MEDIUM,French Grand Prix,1,1,0,,SOFT
11,0.018867924528301886,1,,French Grand Prix,0,0,0,,SOFT
11,0.660377358490566,0,MEDIUM,French Grand Prix,1,1,0,,SOFT
11,0.6415094339622641,0,SOFT,French Grand Prix,1,1,0,,MEDIUM
11,0.6981132075471698,0,HARD,French Grand Prix,1,1,0,,SOFT
12,0.6268656716417911,0,MEDIUM,German Grand Prix,0,0,0,,SOFT
12,0.43283582089552236,0,SOFT,German Grand Prix,0,0,0,,MEDIUM
12,0.6865671641791045,1,MEDIUM,German Grand Prix,1,0,0,,INTERMEDIATE
12,0.7164179104477612,2,INTERMEDIATE,German Grand Prix,1,0,0,,INTERMEDIATE
12,0.417910447761194,0,SOFT,German Grand Prix,0,0,0,,MEDIUM
12,0.7761194029850746,1,MEDIUM,German Grand Prix,1,0,0,,SOFT
12,0.29850746268656714,0,SOFT,German Grand Prix,0,0,0,,HARD
12,0.746268656716418,1,HARD,German Grand Prix,1,0,0,,INTERMEDIATE
12,0.835820895522388,2,INTERMEDIATE,German Grand Prix,1,1,1,3.9619333333333335,SOFT
12,0.29850746268656714,0,SOFT,German Grand Prix,0,0,0,,MEDIUM
12,0.6417910447761194,1,MEDIUM,German Grand Prix,1,0,0,,INTERMEDIATE
12,0.6865671641791045,2,INTERMEDIATE,German Grand Prix,1,0,0,,SOFT
12,0.3283582089552239,0,SOFT,German Grand Prix,0,0,0,,MEDIUM
12,0.31343283582089554,0,SOFT,German Grand Prix,0,0,0,,HARD
12,0.7611940298507462,1,HARD,German Grand Prix,1,0,0,,INTERMEDIATE
12,0.8208955223880597,2,INTERMEDIATE,German Grand Prix,1,1,1,2.52045,SOFT
12,0.29850746268656714,0,SOFT,German Grand Prix,0,0,0,,HARD
12,0.7611940298507462,1,HARD,German Grand Prix,1,0,0,,INTERMEDIATE
12,0.8208955223880597,2,INTERMEDIATE,German Grand Prix,1,1,1,2.5561666666666665,SOFT
12,0.417910447761194,0,MEDIUM,German Grand Prix,0,0,0,,HARD
12,0.7761194029850746,1,HARD,German Grand Prix,1,0,0,,SOFT
12,0.43283582089552236,0,MEDIUM,German Grand Prix,0,0,0,,HARD
12,0.7761194029850746,1,HARD,German Grand Prix,1,0,0,,SOFT
12,0.6417910447761194,0,MEDIUM,German Grand Prix,0,0,0,,WET
12,0.6865671641791045,1,WET,German Grand Prix,1,0,0,,SOFT
12,0.373134328358209,0,SOFT,German Grand Prix,0,0,0,,MEDIUM
12,0.5671641791044776,0,MEDIUM,German Grand Prix,0,0,0,,SOFT
12,0.208955223880597,0,SOFT,German Grand Prix,0,0,0,,MEDIUM
12,0.7910447761194029,1,MEDIUM,German Grand Prix,1,0,0,,SOFT
12,0.26865671641791045,0,SOFT,German Grand Prix,0,0,0,,HARD
12,0.7611940298507462,1,HARD,German Grand Prix,1,0,0,,INTERMEDIATE
12,0.8208955223880597,2,INTERMEDIATE,German Grand Prix,1,1,1,1.8321166666666666,SOFT
13,0.35714285714285715,0,SOFT,Hungarian Grand Prix,0,0,0,,MEDIUM
13,0.5571428571428572,0,MEDIUM,Hungarian Grand Prix,0,0,0,,SOFT
13,0.6285714285714286,0,MEDIUM,Hungarian Grand Prix,0,0,0,,SOFT
13,0.21428571428571427,0,SOFT,Hungarian Grand Prix,0,0,0,,MEDIUM
13,0.35714285714285715,0,MEDIUM,Hungarian Grand Prix,0,0,0,,HARD
13,0.3142857142857143,0,SOFT,Hungarian Grand Prix,0,0,0,,MEDIUM
13,0.4142857142857143,0,SOFT,Hungarian Grand Prix,0,0,0,,MEDIUM
13,0.44285714285714284,0,SOFT,Hungarian Grand Prix,0,0,0,,MEDIUM
13,0.5571428571428572,0,MEDIUM,Hungarian Grand Prix,0,0,0,,HARD
13,0.34285714285714286,0,SOFT,Hungarian Grand Prix,0,0,0,,HARD
13,0.45714285714285713,0,SOFT,Hungarian Grand Prix,0,0,0,,MEDIUM
13,0.5571428571428572,0,MEDIUM,Hungarian Grand Prix,0,0,0,,SOFT
13,0.08571428571428572,0,SOFT,Hungarian Grand Prix,0,0,0,,HARD
13,0.2,0,SOFT,Hungarian Grand Prix,0,0,0,,MEDIUM
13,0.5428571428571428,1,MEDIUM,Hungarian Grand Prix,1,0,0,,MEDIUM
13,0.32857142857142857,0,MEDIUM,Hungarian Grand Prix,0,0,0,,HARD
13,0.7142857142857143,1,HARD,Hungarian Grand Prix,1,0,0,,SOFT
14,0.5283018867924528,0,SOFT,Italian Grand Prix,1,1,0,,MEDIUM
14,0.018867924528301886,1,,Italian Grand Prix,0,0,0,,MEDIUM
14,0.5471698113207547,1,MEDIUM,Italian Grand Prix,1,1,0,,SOFT
14,0.49056603773584906,0,SOFT,Italian Grand Prix,1,1,0,,MEDIUM
14,0.6792452830188679,0,SOFT,Italian Grand Prix,1,1,0,,MEDIUM
14,0.7358490566037735,0,SOFT,Italian Grand Prix,1,1,0,,MEDIUM
14,0.6415094339622641,0,MEDIUM,Italian Grand Prix,1,1,0,,SOFT
14,0.7358490566037735,0,SOFT,Italian Grand Prix,1,1,0,,MEDIUM
14,0.660377358490566,0,SOFT,Italian Grand Prix,1,1,0,,MEDIUM
14,0.4528301886792453,0,SOFT,Italian Grand Prix,1,1,0,,MEDIUM
14,0.6981132075471698,0,SOFT,Italian Grand Prix,1,1,0,,MEDIUM
14,0.6415094339622641,0,SOFT,Italian Grand Prix,1,1,0,,MEDIUM
14,0.7169811320754716,0,SOFT,Italian Grand Prix,1,1,0,,MEDIUM
14,0.018867924528301886,1,,Italian Grand Prix,0,0,0,,SOFT
14,0.7924528301886793,1,SOFT,Italian Grand Prix,1,1,1,0.03451666666666667,SOFT
14,0.37735849056603776,0,SOFT,Italian Grand Prix,1,1,0,,MEDIUM
14,0.018867924528301886,1,,Italian Grand Prix,0,0,0,,MEDIUM
14,0.7735849056603774,1,MEDIUM,Italian Grand Prix,1,1,0,,SOFT
15,0.4528301886792453,0,MEDIUM,Japanese Grand Prix,0,0,0,,HARD
15,0.49056603773584906,0,SOFT,Japanese Grand Prix,0,0,0,,MEDIUM
15,0.39622641509433965,0,SOFT,Japanese Grand Prix,0,0,0,,MEDIUM
15,0.4339622641509434,0,MEDIUM,Japanese Grand Prix,0,0,0,,HARD
15,0.4339622641509434,0,MEDIUM,Japanese Grand Prix,0,0,0,,HARD
15,0.6037735849056604,0,MEDIUM,Japanese Grand Prix,0,0,0,,HARD
15,0.4528301886792453,0,SOFT,Japanese Grand Prix,0,0,0,,MEDIUM
15,0.5471698113207547,0,MEDIUM,Japanese Grand Prix,0,0,0,,HARD
15,0.49056603773584906,0,MEDIUM,Japanese Grand Prix,0,0,0,,HARD
15,0.5283018867924528,0,SOFT,Japanese Grand Prix,0,0,0,,MEDIUM
15,0.4339622641509434,0,MEDIUM,Japanese Grand Prix,0,0,0,,HARD
15,0.5471698113207547,0,SOFT,Japanese Grand Prix,0,0,0,,MEDIUM
15,0.49056603773584906,0,SOFT,Japanese Grand Prix,0,0,0,,HARD
15,0.09433962264150944,0,MEDIUM,Japanese Grand Prix,0,0,0,,HARD
15,0.32075471698113206,0,SOFT,Japanese Grand Prix,0,0,0,,HARD
16,0.15492957746478872,0,MEDIUM,Mexican Grand Prix,0,0,0,,HARD
16,0.6619718309859155,1,HARD,Mexican Grand Prix,1,0,0,,MEDIUM
16,0.23943661971830985,0,MEDIUM,Mexican Grand Prix,0,0,0,,HARD
16,0.6619718309859155,1,HARD,Mexican Grand Prix,1,0,0,,MEDIUM
16,0.18309859154929578,0,MEDIUM,Mexican Grand Prix,0,0,0,,HARD
16,0.676056338028169,1,HARD,Mexican Grand Prix,1,0,0,,HARD
16,0.15492957746478872,0,MEDIUM,Mexican Grand Prix,0,0,0,,HARD
16,0.676056338028169,1,HARD,Mexican Grand Prix,1,0,0,,MEDIUM
16,0.8732394366197183,2,MEDIUM,Mexican Grand Prix,1,0,0,,SOFT
16,0.18309859154929578,0,SOFT,Mexican Grand Prix,0,0,0,,HARD
16,0.6056338028169014,0,HARD,Mexican Grand Prix,0,0,0,,MEDIUM
16,0.014084507042253521,1,HARD,Mexican Grand Prix,0,0,0,,MEDIUM
16,0.3380281690140845,1,MEDIUM,Mexican Grand Prix,1,0,0,,HARD
16,0.14084507042253522,0,MEDIUM,Mexican Grand Prix,0,0,0,,MEDIUM
16,0.323943661971831,1,MEDIUM,Mexican Grand Prix,0,0,0,,HARD
16,0.16901408450704225,0,MEDIUM,Mexican Grand Prix,0,0,0,,HARD
16,0.15492957746478872,0,MEDIUM,Mexican Grand Prix,0,0,0,,HARD
16,0.07042253521126761,0,SOFT,Mexican Grand Prix,0,0,0,,HARD
16,0.36619718309859156,1,HARD,Mexican Grand Prix,1,0,0,,HARD
16,0.014084507042253521,2,HARD,Mexican Grand Prix,0,0,0,,HARD
16,0.4225352112676056,1,HARD,Mexican Grand Prix,0,0,0,,MEDIUM
16,0.22535211267605634,0,SOFT,Mexican Grand Prix,0,0,0,,HARD
16,0.23943661971830985,0,MEDIUM,Mexican Grand Prix,0,0,0,,HARD
16,0.16901408450704225,0,SOFT,Mexican Grand Prix,0,0,0,,HARD
17,0.15384615384615385,0,SOFT,Monaco Grand Prix,1,1,1,6.538666666666667,MEDIUM
17,0.20512820512820512,0,SOFT,Monaco Grand Prix,1,1,1,11.5742,MEDIUM
17,0.6025641025641025,0,MEDIUM,Monaco Grand Prix,1,1,0,,SOFT
17,0.21794871794871795,0,SOFT,Monaco Grand Prix,1,1,1,12.77065,MEDIUM
17,0.21794871794871795,0,SOFT,Monaco Grand Prix,1,1,1,13.2543,HARD
17,0.20512820512820512,0,SOFT,Monaco Grand Prix,1,1,1,12.309183333333333,MEDIUM
17,0.2692307692307692,0,SOFT,Monaco Grand Prix,1,1,0,,HARD
17,0.19230769230769232,0,MEDIUM,Monaco Grand Prix,1,1,1,11.3169,HARD
17,0.8717948717948718,1,HARD,Monaco Grand Prix,1,1,0,,SOFT
17,0.21794871794871795,0,MEDIUM,Monaco Grand Prix,1,1,1,13.826233333333333,HARD
17,0.2564102564102564,0,MEDIUM,Monaco Grand Prix,1,1,0,,HARD
17,0.9230769230769231,1,HARD,Monaco Grand Prix,1,1,0,,SOFT
17,0.47435897435897434,0,SOFT,Monaco Grand Prix,1,1,0,,HARD
17,0.2948717948717949,0,SOFT,Monaco Grand Prix,1,1,0,,HARD
17,0.21794871794871795,0,MEDIUM,Monaco Grand Prix,1,1,1,13.816516666666667,HARD
17,0.21794871794871795,0,SOFT,Monaco Grand Prix,1,1,1,13.019383333333334,MEDIUM
17,0.6410256410256411,0,MEDIUM,Monaco Grand Prix,1,1,0,,SOFT
18,0.2641509433962264,0,MEDIUM,Russian Grand Prix,1,1,0,,HARD
18,0.24528301886792453,0,MEDIUM,Russian Grand Prix,1,1,0,,HARD
18,0.8113207547169812,0,HARD,Russian Grand Prix,1,1,0,,MEDIUM
18,0.7358490566037735,0,HARD,Russian Grand Prix,1,1,0,,MEDIUM
18,0.22641509433962265,0,MEDIUM,Russian Grand Prix,1,1,0,,HARD
18,0.18867924528301888,0,SOFT,Russian Grand Prix,1,1,0,,HARD
18,0.22641509433962265,0,SOFT,Russian Grand Prix,1,1,0,,HARD
18,0.1509433962264151,0,SOFT,Russian Grand Prix,1,1,0,,HARD
18,0.16981132075471697,0,SOFT,Russian Grand Prix,1,1,0,,HARD
18,0.09433962264150944,0,MEDIUM,Russian Grand Prix,0,0,0,,HARD
18,0.1320754716981132,0,MEDIUM,Russian Grand Prix,1,1,0,,HARD
18,0.18867924528301888,0,SOFT,Russian Grand Prix,1,1,0,,HARD
18,0.20754716981132076,0,SOFT,Russian Grand Prix,1,1,0,,HARD
18,0.6981132075471698,1,HARD,Russian Grand Prix,1,1,0,,MEDIUM
18,0.33962264150943394,0,MEDIUM,Russian Grand Prix,1,1,0,,HARD
18,0.660377358490566,0,HARD,Russian Grand Prix,1,1,0,,MEDIUM
19,0.2459016393442623,0,SOFT,Singapore Grand Prix,0,0,0,,HARD
19,0.22950819672131148,0,SOFT,Singapore Grand Prix,0,0,0,,MEDIUM
19,0.2786885245901639,0,SOFT,Singapore Grand Prix,0,0,0,,HARD
19,0.4426229508196721,0,SOFT,Singapore Grand Prix,0,0,0,,MEDIUM
19,0.26229508196721313,0,SOFT,Singapore Grand Prix,0,0,0,,HARD
19,0.6065573770491803,0,MEDIUM,Singapore Grand Prix,0,0,0,,HARD
19,0.6229508196721312,0,MEDIUM,Singapore Grand Prix,0,0,0,,SOFT
19,0.26229508196721313,0,SOFT,Singapore Grand Prix,0,0,0,,HARD
19,0.6229508196721312,0,MEDIUM,Singapore Grand Prix,0,0,0,,HARD
19,0.6557377049180327,0,HARD,Singapore Grand Prix,0,0,0,,MEDIUM
19,0.7049180327868853,0,MEDIUM,Singapore Grand Prix,0,0,0,,MEDIUM
19,0.4262295081967213,0,SOFT,Singapore Grand Prix,0,0,0,,MEDIUM
19,0.7213114754098361,0,MEDIUM,Singapore Grand Prix,0,0,0,,MEDIUM
19,0.36065573770491804,0,SOFT,Singapore Grand Prix,0,0,0,,HARD
19,0.2459016393442623,0,SOFT,Singapore Grand Prix,0,0,0,,MEDIUM
20,0.3787878787878788,0,MEDIUM,Spanish Grand Prix,1,1,1,12.8895,HARD
20,0.25757575757575757,0,MEDIUM,Spanish Grand Prix,1,1,1,2.1878,HARD
20,0.6212121212121212,1,HARD,Spanish Grand Prix,1,1,1,15.56335,HARD
20,0.5151515151515151,0,MEDIUM,Spanish Grand Prix,1,1,1,5.392366666666667,HARD
20,0.5,0,MEDIUM,Spanish Grand Prix,1,1,1,4.165766666666666,HARD
20,0.2878787878787879,0,MEDIUM,Spanish Grand Prix,1,1,1,4.91485,HARD
20,0.3787878787878788,0,MEDIUM,Spanish Grand Prix,1,1,1,13.757933333333334,HARD
20,0.30303030303030304,0,MEDIUM,Spanish Grand Prix,1,1,1,6.835266666666667,HARD
20,0.3939393939393939,0,MEDIUM,Spanish Grand Prix,1,1,1,15.483833333333333,HARD
20,0.6060606060606061,1,HARD,Spanish Grand Prix,1,1,1,15.656233333333333,MEDIUM
20,0.48484848484848486,0,MEDIUM,Spanish Grand Prix,1,1,1,3.2836666666666665,HARD
20,0.3181818181818182,0,SOFT,Spanish Grand Prix,1,1,1,8.28395,HARD
20,0.015151515151515152,1,,Spanish Grand Prix,0,0,0,,HARD
20,0.5,1,HARD,Spanish Grand Prix,1,1,1,5.4329,HARD
20,0.30303030303030304,0,MEDIUM,Spanish Grand Prix,1,1,1,7.024283333333333,HARD
20,0.5151515151515151,0,MEDIUM,Spanish Grand Prix,1,1,1,6.6173166666666665,HARD
20,0.696969696969697,1,HARD,Spanish Grand Prix,1,0,0,,
20,0.015151515151515152,2,,Spanish Grand Prix,0,0,0,,HARD
20,0.36363636363636365,1,HARD,Spanish Grand Prix,1,1,1,15.341966666666666,HARD
20,0.6212121212121212,2,HARD,Spanish Grand Prix,1,1,1,20.898666666666667,SOFT
20,0.5303030303030303,0,HARD,Spanish Grand Prix,1,1,1,8.123616666666667,MEDIUM
21,0.19642857142857142,0,MEDIUM,United States Grand Prix,0,0,0,,HARD
21,0.6607142857142857,1,HARD,United States Grand Prix,1,0,0,,HARD
21,0.4642857142857143,0,MEDIUM,United States Grand Prix,0,0,0,,HARD
21,0.39285714285714285,0,HARD,United States Grand Prix,0,0,0,,MEDIUM
21,0.4107142857142857,0,MEDIUM,United States Grand Prix,0,0,0,,HARD
21,0.42857142857142855,0,MEDIUM,United States Grand Prix,0,0,0,,HARD
21,0.017857142857142856,1,SOFT,United States Grand Prix,0,0,0,,SOFT
21,0.5535714285714286,1,HARD,United States Grand Prix,1,0,0,,
21,0.44642857142857145,0,SOFT,United States Grand Prix,0,0,0,,HARD
21,0.48214285714285715,0,MEDIUM,United States Grand Prix,0,0,0,,HARD
21,0.017857142857142856,1,MEDIUM,United States Grand Prix,0,0,0,,MEDIUM
21,0.08928571428571429,1,HARD,United States Grand Prix,1,0,0,,
21,0.6785714285714286,2,,United States Grand Prix,1,0,0,,SOFT
21,0.17857142857142858,0,MEDIUM,United States Grand Prix,0,0,0,,HARD
21,0.7142857142857143,1,HARD,United States Grand Prix,1,0,0,,HARD
21,0.17857142857142858,0,MEDIUM,United States Grand Prix,0,0,0,,HARD
21,0.5178571428571429,1,HARD,United States Grand Prix,1,0,0,,MEDIUM
21,0.17857142857142858,0,MEDIUM,United States Grand Prix,0,0,0,,HARD
21,0.6428571428571429,1,HARD,United States Grand Prix,1,0,0,,SOFT
21,0.5357142857142857,0,HARD,United States Grand Prix,0,0,0,,MEDIUM
21,0.375,0,SOFT,United States Grand Prix,0,0,0,,HARD
21,0.4107142857142857,0,SOFT,United States Grand Prix,0,0,0,,HARD
22,0.4727272727272727,0,MEDIUM,Abu Dhabi Grand Prix,0,0,0,,HARD
22,0.21818181818181817,0,SOFT,Abu Dhabi Grand Prix,0,0,0,,HARD
22,0.6909090909090909,1,HARD,Abu Dhabi Grand Prix,1,0,0,,MEDIUM
22,0.45454545454545453,0,MEDIUM,Abu Dhabi Grand Prix,0,0,0,,HARD
22,0.2,0,SOFT,Abu Dhabi Grand Prix,0,0,0,,HARD
22,0.7636363636363637,1,HARD,Abu Dhabi Grand Prix,1,0,0,,SOFT
22,0.5272727272727272,0,MEDIUM,Abu Dhabi Grand Prix,0,0,0,,HARD
22,0.21818181818181817,0,SOFT,Abu Dhabi Grand Prix,0,0,0,,HARD
22,0.7454545454545455,1,HARD,Abu Dhabi Grand Prix,1,0,0,,MEDIUM
22,0.21818181818181817,0,MEDIUM,Abu Dhabi Grand Prix,0,0,0,,HARD
22,0.6909090909090909,1,HARD,Abu Dhabi Grand Prix,1,0,0,,SOFT
22,0.6727272727272727,0,MEDIUM,Abu Dhabi Grand Prix,0,0,0,,HARD
22,0.32727272727272727,0,MEDIUM,Abu Dhabi Grand Prix,0,0,0,,HARD
22,0.36363636363636365,0,MEDIUM,Abu Dhabi Grand Prix,0,0,0,,HARD
22,0.4,0,MEDIUM,Abu Dhabi Grand Prix,0,0,0,,HARD
22,0.32727272727272727,0,SOFT,Abu Dhabi Grand Prix,0,0,0,,MEDIUM
22,0.23636363636363636,0,MEDIUM,Abu Dhabi Grand Prix,0,0,0,,HARD
22,0.14545454545454545,0,SOFT,Abu Dhabi Grand Prix,0,0,0,,HARD
22,0.7272727272727273,0,HARD,Abu Dhabi Grand Prix,0,0,0,,MEDIUM
23,0.25862068965517243,0,SOFT,Australian Grand Prix,0,0,0,,MEDIUM
23,0.2413793103448276,0,SOFT,Australian Grand Prix,0,0,0,,MEDIUM
23,0.43103448275862066,0,SOFT,Australian Grand Prix,0,0,0,,MEDIUM
23,0.39655172413793105,0,SOFT,Australian Grand Prix,0,0,0,,MEDIUM
23,0.4827586206896552,0,SOFT,Australian Grand Prix,0,0,0,,HARD
23,0.22413793103448276,0,SOFT,Australian Grand Prix,0,0,0,,HARD
23,0.2413793103448276,0,SOFT,Australian Grand Prix,0,0,0,,MEDIUM
23,0.46551724137931033,0,MEDIUM,Australian Grand Prix,0,0,0,,HARD
23,0.6379310344827587,0,MEDIUM,Australian Grand Prix,0,0,0,,SOFT
23,0.20689655172413793,0,SOFT,Australian Grand Prix,0,0,0,,MEDIUM
23,0.22413793103448276,0,SOFT,Australian Grand Prix,0,0,0,,HARD
23,0.2413793103448276,0,SOFT,Australian Grand Prix,0,0,0,,MEDIUM
23,0.25862068965517243,0,SOFT,Australian Grand Prix,0,0,0,,HARD
23,0.4482758620689655,0,MEDIUM,Australian Grand Prix,0,0,0,,HARD
23,0.46551724137931033,0,MEDIUM,Australian Grand Prix,0,0,0,,SOFT
24,0.4225352112676056,0,MEDIUM,Austrian Grand Prix,0,0,0,,HARD
24,0.29577464788732394,0,SOFT,Austrian Grand Prix,0,0,0,,HARD
24,0.704225352112676,1,HARD,Austrian Grand Prix,1,0,0,,SOFT
24,0.43661971830985913,0,MEDIUM,Austrian Grand Prix,0,0,0,,HARD
24,0.647887323943662,0,MEDIUM,Austrian Grand Prix,0,0,0,,SOFT
24,0.29577464788732394,0,MEDIUM,Austrian Grand Prix,0,0,0,,HARD
24,0.5774647887323944,0,MEDIUM,Austrian Grand Prix,0,0,0,,HARD
24,0.30985915492957744,0,SOFT,Austrian Grand Prix,0,0,0,,HARD
24,0.39436619718309857,0,MEDIUM,Austrian Grand Prix,0,0,0,,HARD
24,0.352112676056338,0,MEDIUM,Austrian Grand Prix,0,0,0,,HARD
24,0.352112676056338,0,SOFT,Austrian Grand Prix,0,0,0,,HARD
24,0.323943661971831,0,SOFT,Austrian Grand Prix,0,0,0,,HARD
24,0.36619718309859156,0,MEDIUM,Austrian Grand Prix,0,0,0,,HARD
24,0.49295774647887325,0,MEDIUM,Austrian Grand Prix,0,0,0,,HARD
24,0.352112676056338,0,SOFT,Austrian Grand Prix,0,0,0,,MEDIUM
24,0.3380281690140845,0,SOFT,Austrian Grand Prix,0,0,0,,HARD
25,0.2549019607843137,0,SOFT,Azerbaijan Grand Prix,0,0,0,,MEDIUM
25,0.21568627450980393,0,SOFT,Azerbaijan Grand Prix,0,0,0,,MEDIUM
25,0.27450980392156865,0,SOFT,Azerbaijan Grand Prix,0,0,0,,MEDIUM
25,0.23529411764705882,0,SOFT,Azerbaijan Grand Prix,0,0,0,,MEDIUM
25,0.23529411764705882,0,SOFT,Azerbaijan Grand Prix,0,0,0,,MEDIUM
25,0.6666666666666666,0,MEDIUM,Azerbaijan Grand Prix,0,0,0,,SOFT
25,0.9215686274509803,1,SOFT,Azerbaijan Grand Prix,1,0,0,,SOFT
25,0.19607843137254902,0,SOFT,Azerbaijan Grand Prix,0,0,0,,MEDIUM
25,0.13725490196078433,0,SOFT,Azerbaijan Grand Prix,0,0,0,,MEDIUM
25,0.7647058823529411,1,MEDIUM,Azerbaijan Grand Prix,1,0,0,,SOFT
25,0.19607843137254902,0,SOFT,Azerbaijan Grand Prix,0,0,0,,MEDIUM
25,0.11764705882352941,0,SOFT,Azerbaijan Grand Prix,0,0,0,,MEDIUM
25,0.1568627450980392,0,SOFT,Azerbaijan Grand Prix,0,0,0,,MEDIUM
25,0.6666666666666666,1,MEDIUM,Azerbaijan Grand Prix,1,0,0,,SOFT
25,0.23529411764705882,0,SOFT,Azerbaijan Grand Prix,0,0,0,,MEDIUM
25,0.17647058823529413,0,SOFT,Azerbaijan Grand Prix,0,0,0,,MEDIUM
25,0.7647058823529411,1,MEDIUM,Azerbaijan Grand Prix,1,0,0,,SOFT
25,0.13725490196078433,0,SOFT,Azerbaijan Grand Prix,0,0,0,,MEDIUM
25,0.49019607843137253,0,MEDIUM,Azerbaijan Grand Prix,0,0,0,,MEDIUM
25,0.7450980392156863,1,MEDIUM,Azerbaijan Grand Prix,0,0,0,,SOFT
26,0.22807017543859648,0,SOFT,Bahrain Grand Prix,0,0,0,,SOFT
26,0.5964912280701754,1,SOFT,Bahrain Grand Prix,0,0,0,,MEDIUM
26,0.24561403508771928,0,SOFT,Bahrain Grand Prix,0,0,0,,MEDIUM
26,0.6140350877192983,1,MEDIUM,Bahrain Grand Prix,1,0,0,,MEDIUM
26,0.6666666666666666,2,MEDIUM,Bahrain Grand Prix,1,0,0,,SOFT
26,0.19298245614035087,0,SOFT,Bahrain Grand Prix,0,0,0,,MEDIUM
26,0.5614035087719298,1,MEDIUM,Bahrain Grand Prix,1,0,0,,MEDIUM
26,0.21052631578947367,0,SOFT,Bahrain Grand Prix,0,0,0,,MEDIUM
26,0.6491228070175439,1,MEDIUM,Bahrain Grand Prix,1,0,0,,MEDIUM
26,0.22807017543859648,0,SOFT,Bahrain Grand Prix,0,0,0,,MEDIUM
26,0.631578947368421,1,MEDIUM,Bahrain Grand Prix,1,0,0,,MEDIUM
26,0.14035087719298245,0,SOFT,Bahrain Grand Prix,0,0,0,,MEDIUM
26,0.5789473684210527,1,MEDIUM,Bahrain Grand Prix,1,0,0,,MEDIUM
26,0.17543859649122806,0,SOFT,Bahrain Grand Prix,0,0,0,,MEDIUM
26,0.6666666666666666,1,MEDIUM,Bahrain Grand Prix,1,0,0,,SOFT
26,0.017543859649122806,2,SOFT,Bahrain Grand Prix,0,0,0,,MEDIUM
26,0.40350877192982454,1,MEDIUM,Bahrain Grand Prix,1,0,0,,MEDIUM
26,0.15789473684210525,0,SOFT,Bahrain Grand Prix,0,0,0,,SOFT
26,0.6842105263157895,1,SOFT,Bahrain Grand Prix,0,0,0,,MEDIUM
26,0.15789473684210525,0,SOFT,Bahrain Grand Prix,0,0,0,,MEDIUM
26,0.5789473684210527,1,MEDIUM,Bahrain Grand Prix,1,0,0,,SOFT
26,0.15789473684210525,0,SOFT,Bahrain Grand Prix,0,0,0,,SOFT
26,0.43859649122807015,1,SOFT,Bahrain Grand Prix,0,0,0,,MEDIUM
26,0.17543859649122806,0,SOFT,Bahrain Grand Prix,0,0,0,,MEDIUM
26,0.5964912280701754,1,MEDIUM,Bahrain Grand Prix,1,0,0,,SOFT
26,0.21052631578947367,0,SOFT,Bahrain Grand Prix,0,0,0,,MEDIUM
26,0.6666666666666666,1,MEDIUM,Bahrain Grand Prix,1,0,0,,SOFT
26,0.2807017543859649,0,SOFT,Bahrain Grand Prix,0,0,0,,MEDIUM
26,0.7017543859649122,1,MEDIUM,Bahrain Grand Prix,1,0,0,,MEDIUM
26,0.21052631578947367,0,SOFT,Bahrain Grand Prix,0,0,0,,MEDIUM
26,0.45614035087719296,1,MEDIUM,Bahrain Grand Prix,1,0,0,,MEDIUM
27,0.5,0,SOFT,Belgian Grand Prix,0,0,0,,MEDIUM
27,0.3409090909090909,0,SOFT,Belgian Grand Prix,0,0,0,,MEDIUM
27,0.75,1,MEDIUM,Belgian Grand Prix,1,0,0,,SOFT
27,0.022727272727272728,2,SOFT,Belgian Grand Prix,0,0,0,,SOFT
27,0.5227272727272727,0,SOFT,Belgian Grand Prix,0,0,0,,MEDIUM
27,0.4772727272727273,0,SOFT,Belgian Grand Prix,0,0,0,,MEDIUM
27,0.3409090909090909,0,SOFT,Belgian Grand Prix,0,0,0,,MEDIUM
27,0.36363636363636365,0,SOFT,Belgian Grand Prix,0,0,0,,MEDIUM
27,0.5681818181818182,0,SOFT,Belgian Grand Prix,0,0,0,,MEDIUM
27,0.3181818181818182,0,SOFT,Belgian Grand Prix,0,0,0,,MEDIUM
27,0.6818181818181818,1,MEDIUM,Belgian Grand Prix,1,0,0,,SOFT
27,0.29545454545454547,0,SOFT,Belgian Grand Prix,0,0,0,,MEDIUM
27,0.25,0,SOFT,Belgian Grand Prix,0,0,0,,MEDIUM
27,0.7045454545454546,1,MEDIUM,Belgian Grand Prix,1,0,0,,SOFT
27,0.5227272727272727,0,MEDIUM,Belgian Grand Prix,0,0,0,,SOFT
27,0.4318181818181818,0,SOFT,Belgian Grand Prix,0,0,0,,MEDIUM
27,0.5454545454545454,0,MEDIUM,Belgian Grand Prix,0,0,0,,SOFT
27,0.6818181818181818,0,MEDIUM,Belgian Grand Prix,0,0,0,,SOFT
28,0.28169014084507044,0,SOFT,Brazilian Grand Prix,0,0,0,,SOFT
28,0.6056338028169014,1,SOFT,Brazilian Grand Prix,0,0,0,,MEDIUM
28,0.9295774647887324,2,MEDIUM,Brazilian Grand Prix,1,0,0,,SOFT
28,0.29577464788732394,0,SOFT,Brazilian Grand Prix,0,0,0,,SOFT
28,0.6197183098591549,1,SOFT,Brazilian Grand Prix,0,0,0,,MEDIUM
28,0.7605633802816901,2,MEDIUM,Brazilian Grand Prix,1,0,0,,SOFT
28,0.11267605633802817,0,MEDIUM,Brazilian Grand Prix,0,0,0,,SOFT
28,0.5633802816901409,1,SOFT,Brazilian Grand Prix,1,0,0,,SOFT
28,0.4084507042253521,0,SOFT,Brazilian Grand Prix,0,0,0,,MEDIUM
28,0.23943661971830985,0,SOFT,Brazilian Grand Prix,0,0,0,,MEDIUM
28,0.6338028169014085,1,MEDIUM,Brazilian Grand Prix,1,0,0,,SOFT
28,0.36619718309859156,0,SOFT,Brazilian Grand Prix,0,0,0,,MEDIUM
28,0.9154929577464789,1,MEDIUM,Brazilian Grand Prix,1,0,0,,SOFT
28,0.38028169014084506,0,SOFT,Brazilian Grand Prix,0,0,0,,MEDIUM
28,0.7464788732394366,1,MEDIUM,Brazilian Grand Prix,1,0,0,,SOFT
28,0.30985915492957744,0,SOFT,Brazilian Grand Prix,0,0,0,,MEDIUM
28,0.6619718309859155,1,MEDIUM,Brazilian Grand Prix,1,0,0,,SOFT
28,0.29577464788732394,0,SOFT,Brazilian Grand Prix,0,0,0,,MEDIUM
28,0.6619718309859155,1,MEDIUM,Brazilian Grand Prix,1,0,0,,SOFT
28,0.38028169014084506,0,MEDIUM,Brazilian Grand Prix,0,0,0,,HARD
28,0.6197183098591549,1,HARD,Brazilian Grand Prix,1,0,0,,SOFT
28,0.7464788732394366,2,SOFT,Brazilian Grand Prix,1,0,0,,SOFT
28,0.3380281690140845,0,SOFT,Brazilian Grand Prix,0,0,0,,MEDIUM
28,0.704225352112676,1,MEDIUM,Brazilian Grand Prix,1,0,0,,SOFT
28,0.38028169014084506,0,SOFT,Brazilian Grand Prix,0,0,0,,HARD
28,0.7464788732394366,1,HARD,Brazilian Grand Prix,1,0,0,,MEDIUM
28,0.323943661971831,0,MEDIUM,Brazilian Grand Prix,0,0,0,,SOFT
28,0.647887323943662,1,SOFT,Brazilian Grand Prix,1,0,0,,SOFT
28,0.28169014084507044,0,SOFT,Brazilian Grand Prix,0,0,0,,MEDIUM
28,0.647887323943662,1,MEDIUM,Brazilian Grand Prix,1,0,0,,SOFT
28,0.323943661971831,0,MEDIUM,Brazilian Grand Prix,0,0,0,,MEDIUM
28,0.7605633802816901,1,MEDIUM,Brazilian Grand Prix,0,0,0,,SOFT
28,0.9295774647887324,2,SOFT,Brazilian Grand Prix,1,0,0,,SOFT
29,0.38461538461538464,0,MEDIUM,British Grand Prix,0,0,0,,HARD
29,0.25,0,MEDIUM,British Grand Prix,0,0,0,,MEDIUM
29,0.38461538461538464,1,MEDIUM,British Grand Prix,0,0,0,,HARD
29,0.23076923076923078,0,SOFT,British Grand Prix,0,0,0,,MEDIUM
29,0.38461538461538464,1,MEDIUM,British Grand Prix,1,0,0,,HARD
29,0.3076923076923077,0,MEDIUM,British Grand Prix,0,0,0,,MEDIUM
29,0.8653846153846154,1,MEDIUM,British Grand Prix,0,0,0,,SOFT
29,0.38461538461538464,0,MEDIUM,British Grand Prix,0,0,0,,HARD
29,0.25,0,SOFT,British Grand Prix,0,0,0,,MEDIUM
29,0.40384615384615385,1,MEDIUM,British Grand Prix,1,0,0,,HARD
29,0.25,0,MEDIUM,British Grand Prix,0,0,0,,HARD
29,0.75,1,HARD,British Grand Prix,1,0,0,,SOFT
29,0.23076923076923078,0,MEDIUM,British Grand Prix,0,0,0,,HARD
29,0.3269230769230769,0,MEDIUM,British Grand Prix,0,0,0,,HARD
29,0.25,0,SOFT,British Grand Prix,0,0,0,,HARD
29,0.25,0,SOFT,British Grand Prix,0,0,0,,MEDIUM
29,0.25,0,SOFT,British Grand Prix,0,0,0,,MEDIUM
29,0.6730769230769231,1,MEDIUM,British Grand Prix,1,0,0,,HARD
29,0.23076923076923078,0,SOFT,British Grand Prix,0,0,0,,MEDIUM
29,0.40384615384615385,1,MEDIUM,British Grand Prix,1,0,0,,HARD
29,0.40384615384615385,0,MEDIUM,British Grand Prix,0,0,0,,HARD
29,0.38461538461538464,0,MEDIUM,British Grand Prix,0,0,0,,HARD
30,0.4,0,MEDIUM,Canadian Grand Prix,0,0,0,,HARD
30,0.37142857142857144,0,MEDIUM,Canadian Grand Prix,0,0,0,,HARD
30,0.6857142857142857,0,HARD,Canadian Grand Prix,0,0,0,,MEDIUM
30,0.11428571428571428,0,SOFT,Canadian Grand Prix,0,0,0,,HARD
30,0.42857142857142855,0,MEDIUM,Canadian Grand Prix,0,0,0,,HARD
30,0.9571428571428572,1,HARD,Canadian Grand Prix,1,0,0,,SOFT
30,0.04285714285714286,0,SOFT,Canadian Grand Prix,0,0,0,,SOFT
30,0.4714285714285714,0,MEDIUM,Canadian Grand Prix,0,0,0,,HARD
30,0.15714285714285714,0,MEDIUM,Canadian Grand Prix,0,0,0,,HARD
30,0.4857142857142857,0,MEDIUM,Canadian Grand Prix,0,0,0,,HARD
30,0.6428571428571429,0,HARD,Canadian Grand Prix,0,0,0,,MEDIUM
30,0.1,0,SOFT,Canadian Grand Prix,0,0,0,,HARD
30,0.08571428571428572,0,MEDIUM,Canadian Grand Prix,0,0,0,,HARD
30,0.8285714285714286,1,HARD,Canadian Grand Prix,1,0,0,,SOFT
30,0.22857142857142856,0,SOFT,Canadian Grand Prix,0,0,0,,HARD
30,0.17142857142857143,0,MEDIUM,Canadian Grand Prix,0,0,0,,HARD
30,0.4714285714285714,0,HARD,Canadian Grand Prix,0,0,0,,MEDIUM
31,0.39285714285714285,0,MEDIUM,Chinese Grand Prix,0,0,0,,HARD
31,0.6428571428571429,1,HARD,Chinese Grand Prix,1,0,0,,MEDIUM
31,0.32142857142857145,0,MEDIUM,Chinese Grand Prix,0,0,0,,HARD
31,0.625,1,HARD,Chinese Grand Prix,1,0,0,,MEDIUM
31,0.30357142857142855,0,MEDIUM,Chinese Grand Prix,0,0,0,,HARD
31,0.6071428571428571,1,HARD,Chinese Grand Prix,1,0,0,,MEDIUM
31,0.32142857142857145,0,SOFT,Chinese Grand Prix,0,0,0,,HARD
31,0.375,0,MEDIUM,Chinese Grand Prix,0,0,0,,HARD
31,0.6428571428571429,1,HARD,Chinese Grand Prix,1,0,0,,MEDIUM
31,0.017857142857142856,2,MEDIUM,Chinese Grand Prix,0,0,0,,HARD
31,0.6428571428571429,1,HARD,Chinese Grand Prix,1,0,0,,SOFT
31,0.39285714285714285,0,MEDIUM,Chinese Grand Prix,0,0,0,,HARD
31,0.75,1,HARD,Chinese Grand Prix,1,0,0,,MEDIUM
31,0.35714285714285715,0,MEDIUM,Chinese Grand Prix,0,0,0,,HARD
31,0.14285714285714285,0,SOFT,Chinese Grand Prix,0,0,0,,HARD
31,0.625,1,HARD,Chinese Grand Prix,1,0,0,,MEDIUM
31,0.16071428571428573,0,SOFT,Chinese Grand Prix,0,0,0,,HARD
31,0.5892857142857143,1,HARD,Chinese Grand Prix,1,0,0,,MEDIUM
31,0.35714285714285715,0,MEDIUM,Chinese Grand Prix,0,0,0,,HARD
31,0.7857142857142857,1,HARD,Chinese Grand Prix,1,0,0,,SOFT
31,0.3392857142857143,0,SOFT,Chinese Grand Prix,0,0,0,,HARD
31,0.6964285714285714,1,HARD,Chinese Grand Prix,1,0,0,,MEDIUM
31,0.9464285714285714,2,MEDIUM,Chinese Grand Prix,1,0,0,,SOFT
31,0.44642857142857145,0,MEDIUM,Chinese Grand Prix,0,0,0,,HARD
31,0.3392857142857143,0,SOFT,Chinese Grand Prix,0,0,0,,HARD
31,0.125,0,SOFT,Chinese Grand Prix,0,0,0,,MEDIUM
31,0.5357142857142857,1,MEDIUM,Chinese Grand Prix,1,0,0,,MEDIUM
32,0.4528301886792453,0,MEDIUM,French Grand Prix,0,0,0,,HARD
32,0.4716981132075472,0,MEDIUM,French Grand Prix,0,0,0,,HARD
32,0.9622641509433962,1,HARD,French Grand Prix,1,0,0,,SOFT
32,0.37735849056603776,0,MEDIUM,French Grand Prix,0,0,0,,HARD
32,0.3018867924528302,0,MEDIUM,French Grand Prix,0,0,0,,HARD
32,0.4339622641509434,0,MEDIUM,French Grand Prix,0,0,0,,HARD
32,0.3584905660377358,0,MEDIUM,French Grand Prix,0,0,0,,HARD
32,0.39622641509433965,0,MEDIUM,French Grand Prix,0,0,0,,HARD
32,0.33962264150943394,0,MEDIUM,French Grand Prix,0,0,0,,HARD
32,0.7358490566037735,0,HARD,French Grand Prix,0,0,0,,MEDIUM
32,0.32075471698113206,0,SOFT,French Grand Prix,0,0,0,,HARD
32,0.5849056603773585,0,HARD,French Grand Prix,0,0,0,,MEDIUM
32,0.6415094339622641,0,HARD,French Grand Prix,0,0,0,,MEDIUM
32,0.4716981132075472,0,MEDIUM,French Grand Prix,0,0,0,,HARD
32,0.33962264150943394,0,MEDIUM,French Grand Prix,0,0,0,,HARD
32,0.6037735849056604,0,HARD,French Grand Prix,0,0,0,,MEDIUM
33,0.046875,0,WET,German Grand Prix,1,1,1,4.6478,INTERMEDIATE
33,0.4375,1,INTERMEDIATE,German Grand Prix,1,1,1,44.39615,SOFT
33,0.453125,2,SOFT,German Grand Prix,1,0,0,,INTERMEDIATE
33,0.734375,3,INTERMEDIATE,German Grand Prix,1,1,1,74.10528333333333,SOFT
33,0.828125,4,SOFT,German Grand Prix,1,1,1,82.81511666666667,SOFT
33,0.875,5,SOFT,German Grand Prix,1,1,1,87.411,SOFT
33,0.03125,0,WET,German Grand Prix,1,1,1,3.0644833333333334,INTERMEDIATE
33,0.359375,1,INTERMEDIATE,German Grand Prix,1,1,1,37.09621666666666,SOFT
33,0.4375,2,SOFT,German Grand Prix,1,1,1,46.10856666666667,INTERMEDIATE
33,0.640625,3,INTERMEDIATE,German Grand Prix,1,1,1,68.77593333333333,INTERMEDIATE
33,0.734375,4,INTERMEDIATE,German Grand Prix,1,1,1,79.66626666666667,SOFT
33,0.046875,0,WET,German Grand Prix,1,1,1,4.7702,INTERMEDIATE
33,0.390625,1,INTERMEDIATE,German Grand Prix,1,1,1,39.553266666666666,MEDIUM
33,0.453125,2,MEDIUM,German Grand Prix,1,1,1,47.096666666666664,INTERMEDIATE
33,0.640625,3,INTERMEDIATE,German Grand Prix,1,1,1,68.14321666666666,INTERMEDIATE
33,0.71875,4,INTERMEDIATE,German Grand Prix,1,1,1,78.01611666666666,SOFT
33,0.046875,0,WET,German Grand Prix,1,1,1,4.758866666666667,INTERMEDIATE
33,0.40625,1,INTERMEDIATE,German Grand Prix,1,1,1,41.09546666666667,MEDIUM
33,0.46875,2,MEDIUM,German Grand Prix,1,1,1,49.29708333333333,INTERMEDIATE
33,0.71875,3,INTERMEDIATE,German Grand Prix,1,1,1,78.11448333333334,SOFT
33,0.046875,0,WET,German Grand Prix,1,1,1,5.003216666666667,INTERMEDIATE
33,0.421875,1,INTERMEDIATE,German Grand Prix,1,1,1,44.15091666666667,INTERMEDIATE
33,0.71875,2,INTERMEDIATE,German Grand Prix,1,1,1,78.16841666666667,SOFT
33,0.046875,0,WET,German Grand Prix,1,1,1,4.944816666666667,INTERMEDIATE
33,0.40625,1,INTERMEDIATE,German Grand Prix,1,1,1,42.167033333333336,SOFT
33,0.4375,2,SOFT,German Grand Prix,1,1,1,44.35551666666667,INTERMEDIATE
33,0.640625,3,INTERMEDIATE,German Grand Prix,1,1,1,66.48916666666666,INTERMEDIATE
33,0.71875,4,INTERMEDIATE,German Grand Prix,1,1,1,75.71701666666667,SOFT
33,0.125,0,WET,German Grand Prix,1,1,1,13.751,INTERMEDIATE
33,0.328125,1,INTERMEDIATE,German Grand Prix,1,1,1,34.637616666666666,SOFT
33,0.453125,2,SOFT,German Grand Prix,1,1,1,48.77153333333333,INTERMEDIATE
33,0.65625,3,INTERMEDIATE,German Grand Prix,1,1,1,71.11365,INTERMEDIATE
33,0.703125,4,INTERMEDIATE,German Grand Prix,1,1,1,76.76955,SOFT
33,0.890625,5,SOFT,German Grand Prix,1,1,1,94.02023333333334,SOFT
33,0.109375,0,WET,German Grand Prix,1,1,1,12.208066666666667,INTERMEDIATE
33,0.390625,1,INTERMEDIATE,German Grand Prix,1,1,1,40.80553333333334,MEDIUM
33,0.4375,2,MEDIUM,German Grand Prix,1,1,1,45.218016666666664,INTERMEDIATE
33,0.640625,3,INTERMEDIATE,German Grand Prix,1,1,1,67.12643333333334,INTERMEDIATE
33,0.6875,4,INTERMEDIATE,German Grand Prix,1,1,1,72.32603333333333,SOFT
33,0.046875,0,WET,German Grand Prix,1,1,1,4.98465,INTERMEDIATE
33,0.40625,1,INTERMEDIATE,German Grand Prix,1,1,1,42.01218333333333,SOFT
33,0.4375,2,SOFT,German Grand Prix,1,1,1,46.332033333333335,INTERMEDIATE
33,0.71875,3,INTERMEDIATE,German Grand Prix,1,1,1,78.18818333333333,SOFT
33,0.046875,0,WET,German Grand Prix,1,1,1,4.809983333333333,INTERMEDIATE
33,0.40625,1,INTERMEDIATE,German Grand Prix,1,1,1,41.68705,MEDIUM
33,0.4375,2,MEDIUM,German Grand Prix,1,1,1,46.09871666666667,INTERMEDIATE
33,0.734375,3,INTERMEDIATE,German Grand Prix,1,1,1,79.65471666666667,SOFT
33,0.03125,0,WET,German Grand Prix,1,1,1,3.1146333333333334,INTERMEDIATE
33,0.421875,1,INTERMEDIATE,German Grand Prix,1,1,1,43.529133333333334,SOFT
33,0.4375,2,SOFT,German Grand Prix,1,1,1,45.78935,INTERMEDIATE
33,0.71875,3,INTERMEDIATE,German Grand Prix,1,1,1,78.21485,SOFT
33,0.046875,0,WET,German Grand Prix,1,1,1,5.127033333333333,INTERMEDIATE
33,0.390625,1,INTERMEDIATE,German Grand Prix,1,1,1,40.66175,SOFT
33,0.4375,2,SOFT,German Grand Prix,1,1,1,46.62525,INTERMEDIATE
33,0.703125,3,INTERMEDIATE,German Grand Prix,1,1,1,76.73818333333334,SOFT
33,0.046875,0,WET,German Grand Prix,1,1,1,5.053,INTERMEDIATE
33,0.40625,1,INTERMEDIATE,German Grand Prix,1,1,1,41.980533333333334,MEDIUM
33,0.4375,2,MEDIUM,German Grand Prix,1,1,1,46.47388333333333,INTERMEDIATE
33,0.734375,3,INTERMEDIATE,German Grand Prix,1,1,1,79.7225,SOFT
33,0.109375,0,WET,German Grand Prix,1,1,1,12.361983333333333,INTERMEDIATE
33,0.375,1,INTERMEDIATE,German Grand Prix,1,1,1,40.00716666666667,INTERMEDIATE
33,0.640625,2,INTERMEDIATE,German Grand Prix,1,1,1,69.66995,INTERMEDIATE
33,0.734375,3,INTERMEDIATE,German Grand Prix,1,1,1,79.82713333333334,SOFT
33,0.890625,4,SOFT,German Grand Prix,1,1,1,94.57286666666667,SOFT
33,0.109375,0,WET,German Grand Prix,1,1,1,12.433883333333334,INTERMEDIATE
33,0.359375,1,INTERMEDIATE,German Grand Prix,1,1,1,38.569833333333335,INTERMEDIATE
33,0.484375,2,INTERMEDIATE,German Grand Prix,1,1,1,53.548183333333334,INTERMEDIATE
33,0.71875,3,INTERMEDIATE,German Grand Prix,1,1,1,78.40836666666667,SOFT
33,0.890625,4,SOFT,German Grand Prix,1,1,1,94.50301666666667,SOFT
34,0.44285714285714284,0,MEDIUM,Hungarian Grand Prix,0,0,0,,HARD
34,0.6857142857142857,1,HARD,Hungarian Grand Prix,1,0,0,,HARD
34,0.5571428571428572,0,MEDIUM,Hungarian Grand Prix,0,0,0,,SOFT
34,0.35714285714285715,0,MEDIUM,Hungarian Grand Prix,0,0,0,,HARD
34,0.9571428571428572,1,HARD,Hungarian Grand Prix,1,0,0,,SOFT
34,0.6571428571428571,0,HARD,Hungarian Grand Prix,0,0,0,,SOFT
34,0.07142857142857142,0,MEDIUM,Hungarian Grand Prix,0,0,0,,HARD
34,0.6571428571428571,1,HARD,Hungarian Grand Prix,1,0,0,,MEDIUM
34,0.4142857142857143,0,SOFT,Hungarian Grand Prix,0,0,0,,HARD
34,0.38571428571428573,0,MEDIUM,Hungarian Grand Prix,0,0,0,,HARD
34,0.2571428571428571,0,MEDIUM,Hungarian Grand Prix,0,0,0,,HARD
34,0.5428571428571428,0,MEDIUM,Hungarian Grand Prix,0,0,0,,SOFT
34,0.4,0,MEDIUM,Hungarian Grand Prix,0,0,0,,HARD
34,0.4142857142857143,0,SOFT,Hungarian Grand Prix,0,0,0,,MEDIUM
34,0.5142857142857142,0,MEDIUM,Hungarian Grand Prix,0,0,0,,SOFT
34,0.4,0,MEDIUM,Hungarian Grand Prix,0,0,0,,HARD
34,0.4,0,SOFT,Hungarian Grand Prix,0,0,0,,HARD
34,0.3,0,MEDIUM,Hungarian Grand Prix,0,0,0,,HARD
35,0.3584905660377358,0,SOFT,Italian Grand Prix,0,0,0,,MEDIUM
35,0.9245283018867925,1,MEDIUM,Italian Grand Prix,1,0,0,,SOFT
35,0.11320754716981132,0,SOFT,Italian Grand Prix,0,0,0,,HARD
35,0.22641509433962265,1,HARD,Italian Grand Prix,1,0,0,,HARD
35,0.7735849056603774,2,HARD,Italian Grand Prix,1,0,0,,MEDIUM
35,0.018867924528301886,3,MEDIUM,Italian Grand Prix,0,0,0,,SOFT
35,0.5094339622641509,1,SOFT,Italian Grand Prix,1,0,0,,MEDIUM
35,0.5660377358490566,0,SOFT,Italian Grand Prix,0,0,0,,MEDIUM
35,0.5094339622641509,0,SOFT,Italian Grand Prix,0,0,0,,MEDIUM
35,0.37735849056603776,0,SOFT,Italian Grand Prix,0,0,0,,HARD
35,0.5283018867924528,0,MEDIUM,Italian Grand Prix,0,0,0,,SOFT
35,0.2830188679245283,0,SOFT,Italian Grand Prix,0,0,0,,SOFT
35,0.41509433962264153,1,SOFT,Italian Grand Prix,0,0,0,,MEDIUM
35,0.5283018867924528,0,MEDIUM,Italian Grand Prix,0,0,0,,SOFT
35,0.3584905660377358,0,MEDIUM,Italian Grand Prix,0,0,0,,MEDIUM
35,0.49056603773584906,1,MEDIUM,Italian Grand Prix,0,0,0,,SOFT
35,0.5471698113207547,0,SOFT,Italian Grand Prix,0,0,0,,MEDIUM
35,0.49056603773584906,0,SOFT,Italian Grand Prix,0,0,0,,MEDIUM
35,0.4339622641509434,0,MEDIUM,Italian Grand Prix,0,0,0,,HARD
35,0.39622641509433965,0,SOFT,Italian Grand Prix,0,0,0,,MEDIUM
35,0.4339622641509434,0,MEDIUM,Italian Grand Prix,0,0,0,,HARD
36,0.40384615384615385,0,SOFT,Japanese Grand Prix,0,0,0,,MEDIUM
36,0.8076923076923077,1,MEDIUM,Japanese Grand Prix,1,0,0,,SOFT
36,0.3076923076923077,0,SOFT,Japanese Grand Prix,0,0,0,,SOFT
36,0.5961538461538461,1,SOFT,Japanese Grand Prix,0,0,0,,MEDIUM
36,0.3269230769230769,0,SOFT,Japanese Grand Prix,0,0,0,,MEDIUM
36,0.6923076923076923,1,MEDIUM,Japanese Grand Prix,1,0,0,,SOFT
36,0.5,0,SOFT,Japanese Grand Prix,0,0,0,,MEDIUM
36,0.057692307692307696,0,SOFT,Japanese Grand Prix,0,0,0,,MEDIUM
36,0.4807692307692308,1,MEDIUM,Japanese Grand Prix,1,0,0,,SOFT
36,0.8846153846153846,2,SOFT,Japanese Grand Prix,1,0,0,,SOFT
36,0.36538461538461536,0,SOFT,Japanese Grand Prix,0,0,0,,MEDIUM
36,0.7884615384615384,1,MEDIUM,Japanese Grand Prix,1,0,0,,SOFT
36,0.3076923076923077,0,SOFT,Japanese Grand Prix,0,0,0,,HARD
36,0.3269230769230769,0,MEDIUM,Japanese Grand Prix,0,0,0,,HARD
36,0.9038461538461539,1,HARD,Japanese Grand Prix,1,0,0,,SOFT
36,0.34615384615384615,0,SOFT,Japanese Grand Prix,0,0,0,,MEDIUM
36,0.34615384615384615,0,SOFT,Japanese Grand Prix,0,0,0,,MEDIUM
36,0.28846153846153844,0,MEDIUM,Japanese Grand Prix,0,0,0,,HARD
36,0.6923076923076923,1,HARD,Japanese Grand Prix,1,0,0,,SOFT
36,0.28846153846153844,0,SOFT,Japanese Grand Prix,0,0,0,,MEDIUM
36,0.6538461538461539,1,MEDIUM,Japanese Grand Prix,1,0,0,,SOFT
36,0.07692307692307693,0,SOFT,Japanese Grand Prix,0,0,0,,MEDIUM
36,0.4807692307692308,1,MEDIUM,Japanese Grand Prix,1,0,0,,HARD
36,0.5192307692307693,0,SOFT,Japanese Grand Prix,0,0,0,,MEDIUM
36,0.34615384615384615,0,MEDIUM,Japanese Grand Prix,0,0,0,,HARD
36,0.9423076923076923,1,HARD,Japanese Grand Prix,1,0,0,,SOFT
37,0.323943661971831,0,MEDIUM,Mexican Grand Prix,0,0,0,,HARD
37,0.5211267605633803,0,MEDIUM,Mexican Grand Prix,0,0,0,,HARD
37,0.07042253521126761,0,MEDIUM,Mexican Grand Prix,0,0,0,,HARD
37,0.704225352112676,0,HARD,Mexican Grand Prix,0,0,0,,MEDIUM
37,0.5070422535211268,0,MEDIUM,Mexican Grand Prix,0,0,0,,HARD
37,0.2112676056338028,0,SOFT,Mexican Grand Prix,0,0,0,,HARD
37,0.49295774647887325,1,HARD,Mexican Grand Prix,1,0,0,,MEDIUM
37,0.2112676056338028,0,MEDIUM,Mexican Grand Prix,0,0,0,,MEDIUM
37,0.6056338028169014,1,MEDIUM,Mexican Grand Prix,0,0,0,,HARD
37,0.28169014084507044,0,MEDIUM,Mexican Grand Prix,0,0,0,,HARD
37,0.39436619718309857,0,MEDIUM,Mexican Grand Prix,0,0,0,,HARD
37,0.5211267605633803,0,MEDIUM,Mexican Grand Prix,0,0,0,,HARD
37,0.1267605633802817,0,SOFT,Mexican Grand Prix,0,0,0,,HARD
37,0.6901408450704225,1,HARD,Mexican Grand Prix,1,0,0,,MEDIUM
37,0.2535211267605634,0,MEDIUM,Mexican Grand Prix,0,0,0,,HARD
37,0.19718309859154928,0,MEDIUM,Mexican Grand Prix,0,0,0,,MEDIUM
37,0.6197183098591549,1,MEDIUM,Mexican Grand Prix,0,0,0,,HARD
37,0.14084507042253522,0,SOFT,Mexican Grand Prix,0,0,0,,HARD
37,0.6197183098591549,1,HARD,Mexican Grand Prix,1,0,0,,MEDIUM
37,0.29577464788732394,0,MEDIUM,Mexican Grand Prix,0,0,0,,HARD
38,0.14102564102564102,0,SOFT,Monaco Grand Prix,0,0,0,,MEDIUM
38,0.14102564102564102,0,SOFT,Monaco Grand Prix,0,0,0,,HARD
38,0.14102564102564102,0,SOFT,Monaco Grand Prix,0,0,0,,HARD
38,0.14102564102564102,0,SOFT,Monaco Grand Prix,0,0,0,,MEDIUM
38,0.14102564102564102,0,SOFT,Monaco Grand Prix,0,0,0,,MEDIUM
38,0.15384615384615385,1,MEDIUM,Monaco Grand Prix,1,0,0,,HARD
38,0.38461538461538464,0,SOFT,Monaco Grand Prix,1,1,1,3.85895,MEDIUM
38,0.14102564102564102,0,MEDIUM,Monaco Grand Prix,0,0,0,,HARD
38,0.6410256410256411,0,SOFT,Monaco Grand Prix,1,1,1,29.812866666666668,MEDIUM
38,0.14102564102564102,0,SOFT,Monaco Grand Prix,0,0,0,,MEDIUM
38,0.34615384615384615,0,SOFT,Monaco Grand Prix,0,0,0,,MEDIUM
38,0.7948717948717948,1,MEDIUM,Monaco Grand Prix,1,1,1,45.314233333333334,SOFT
38,0.11538461538461539,0,MEDIUM,Monaco Grand Prix,0,0,0,,HARD
38,0.5128205128205128,0,SOFT,Monaco Grand Prix,1,1,1,16.89305,MEDIUM
38,0.6025641025641025,0,MEDIUM,Monaco Grand Prix,1,1,1,26.576933333333333,SOFT
38,0.41025641025641024,0,SOFT,Monaco Grand Prix,1,1,1,6.42165,MEDIUM
38,0.1282051282051282,0,MEDIUM,Monaco Grand Prix,0,0,0,,HARD
39,0.5283018867924528,0,MEDIUM,Russian Grand Prix,1,1,0,,SOFT
39,0.5283018867924528,0,SOFT,Russian Grand Prix,1,1,0,,MEDIUM
39,0.5283018867924528,0,MEDIUM,Russian Grand Prix,1,1,0,,SOFT
39,0.39622641509433965,0,SOFT,Russian Grand Prix,1,1,0,,MEDIUM
39,0.41509433962264153,0,SOFT,Russian Grand Prix,1,1,0,,MEDIUM
39,0.5660377358490566,1,MEDIUM,Russian Grand Prix,1,0,0,,MEDIUM
39,0.4339622641509434,0,SOFT,Russian Grand Prix,1,1,0,,MEDIUM
39,0.5094339622641509,0,SOFT,Russian Grand Prix,1,1,0,,MEDIUM
39,0.5094339622641509,0,MEDIUM,Russian Grand Prix,1,1,0,,SOFT
39,0.49056603773584906,0,MEDIUM,Russian Grand Prix,1,1,0,,SOFT
39,0.16981132075471697,0,MEDIUM,Russian Grand Prix,0,0,0,,MEDIUM
39,0.5094339622641509,1,MEDIUM,Russian Grand Prix,1,1,0,,SOFT
39,0.3018867924528302,0,SOFT,Russian Grand Prix,1,1,0,,MEDIUM
39,0.5471698113207547,1,MEDIUM,Russian Grand Prix,1,1,0,,SOFT
39,0.5471698113207547,0,MEDIUM,Russian Grand Prix,1,1,0,,SOFT
39,0.37735849056603776,0,SOFT,Russian Grand Prix,1,1,0,,MEDIUM
39,0.5094339622641509,0,HARD,Russian Grand Prix,1,1,0,,SOFT
39,0.5471698113207547,1,SOFT,Russian Grand Prix,1,1,0,,SOFT
39,0.03773584905660377,0,SOFT,Russian Grand Prix,0,0,0,,HARD
39,0.5094339622641509,1,HARD,Russian Grand Prix,1,1,0,,MEDIUM
40,0.4262295081967213,0,SOFT,Singapore Grand Prix,0,0,0,,HARD
40,0.3114754098360656,0,SOFT,Singapore Grand Prix,0,0,0,,HARD
40,0.3114754098360656,0,SOFT,Singapore Grand Prix,0,0,0,,HARD
40,0.5573770491803278,0,MEDIUM,Singapore Grand Prix,0,0,0,,HARD
40,0.36065573770491804,0,SOFT,Singapore Grand Prix,0,0,0,,HARD
40,0.01639344262295082,1,SOFT,Singapore Grand Prix,0,0,0,,HARD
40,0.5737704918032787,1,HARD,Singapore Grand Prix,1,0,0,,MEDIUM
40,0.32786885245901637,0,SOFT,Singapore Grand Prix,0,0,0,,HARD
40,0.3770491803278688,0,MEDIUM,Singapore Grand Prix,0,0,0,,HARD
40,0.5737704918032787,1,HARD,Singapore Grand Prix,1,0,0,,SOFT
40,0.5081967213114754,0,MEDIUM,Singapore Grand Prix,0,0,0,,HARD
40,0.6721311475409836,1,HARD,Singapore Grand Prix,1,0,0,,SOFT
40,0.7213114754098361,2,SOFT,Singapore Grand Prix,1,0,0,,SOFT
40,0.5245901639344263,0,HARD,Singapore Grand Prix,0,0,0,,MEDIUM
40,0.01639344262295082,1,SOFT,Singapore Grand Prix,0,0,0,,HARD
40,0.5901639344262295,1,HARD,Singapore Grand Prix,1,0,0,,MEDIUM
40,0.32786885245901637,0,SOFT,Singapore Grand Prix,0,0,0,,HARD
40,0.32786885245901637,0,SOFT,Singapore Grand Prix,0,0,0,,HARD
40,0.19672131147540983,0,MEDIUM,Singapore Grand Prix,0,0,0,,HARD
40,0.5901639344262295,1,HARD,Singapore Grand Prix,1,0,0,,SOFT
40,0.5573770491803278,0,MEDIUM,Singapore Grand Prix,0,0,0,,HARD
40,0.5901639344262295,1,HARD,Singapore Grand Prix,1,0,0,,SOFT
41,0.4090909090909091,0,SOFT,Spanish Grand Prix,0,0,0,,MEDIUM
41,0.696969696969697,1,MEDIUM,Spanish Grand Prix,1,0,0,,SOFT
41,0.2878787878787879,0,SOFT,Spanish Grand Prix,0,0,0,,MEDIUM
41,0.6060606060606061,1,MEDIUM,Spanish Grand Prix,1,0,0,,MEDIUM
41,0.30303030303030304,0,SOFT,Spanish Grand Prix,0,0,0,,SOFT
41,0.6515151515151515,1,SOFT,Spanish Grand Prix,0,0,0,,MEDIUM
41,0.36363636363636365,0,SOFT,Spanish Grand Prix,0,0,0,,HARD
41,0.6818181818181818,1,HARD,Spanish Grand Prix,1,0,0,,MEDIUM
41,0.3939393939393939,0,SOFT,Spanish Grand Prix,0,0,0,,MEDIUM
41,0.6818181818181818,1,MEDIUM,Spanish Grand Prix,1,0,0,,SOFT
41,0.36363636363636365,0,SOFT,Spanish Grand Prix,0,0,0,,MEDIUM
41,0.696969696969697,1,MEDIUM,Spanish Grand Prix,1,0,0,,SOFT
41,0.3787878787878788,0,SOFT,Spanish Grand Prix,0,0,0,,HARD
41,0.696969696969697,1,HARD,Spanish Grand Prix,1,0,0,,MEDIUM
41,0.36363636363636365,0,SOFT,Spanish Grand Prix,0,0,0,,MEDIUM
41,0.6818181818181818,1,MEDIUM,Spanish Grand Prix,1,0,0,,SOFT
41,0.3939393939393939,0,SOFT,Spanish Grand Prix,0,0,0,,MEDIUM
41,0.696969696969697,1,MEDIUM,Spanish Grand Prix,1,0,0,,SOFT
41,0.3484848484848485,0,SOFT,Spanish Grand Prix,0,0,0,,MEDIUM
41,0.6818181818181818,1,MEDIUM,Spanish Grand Prix,1,0,0,,SOFT
41,0.3333333333333333,0,SOFT,Spanish Grand Prix,0,0,0,,MEDIUM
41,0.696969696969697,1,MEDIUM,Spanish Grand Prix,1,0,0,,SOFT
41,0.42424242424242425,0,MEDIUM,Spanish Grand Prix,0,0,0,,HARD
41,0.6818181818181818,1,HARD,Spanish Grand Prix,1,0,0,,SOFT
41,0.5303030303030303,0,MEDIUM,Spanish Grand Prix,0,0,0,,SOFT
41,0.3787878787878788,0,SOFT,Spanish Grand Prix,0,0,0,,MEDIUM
41,0.6818181818181818,1,MEDIUM,Spanish Grand Prix,1,0,0,,MEDIUM
41,0.3181818181818182,0,SOFT,Spanish Grand Prix,0,0,0,,MEDIUM
41,0.6818181818181818,1,MEDIUM,Spanish Grand Prix,1,0,0,,MEDIUM
42,0.42857142857142855,0,MEDIUM,United States Grand Prix,0,0,0,,HARD
42,0.23214285714285715,0,MEDIUM,United States Grand Prix,0,0,0,,HARD
42,0.6071428571428571,1,HARD,United States Grand Prix,1,0,0,,MEDIUM
42,0.375,0,SOFT,United States Grand Prix,0,0,0,,HARD
42,0.25,0,MEDIUM,United States Grand Prix,0,0,0,,HARD
42,0.625,1,HARD,United States Grand Prix,1,0,0,,MEDIUM
42,0.32142857142857145,0,SOFT,United States Grand Prix,0,0,0,,HARD
42,0.35714285714285715,0,MEDIUM,United States Grand Prix,0,0,0,,HARD
42,0.75,1,HARD,United States Grand Prix,1,0,0,,SOFT
42,0.42857142857142855,0,MEDIUM,United States Grand Prix,0,0,0,,HARD
42,0.42857142857142855,0,MEDIUM,United States Grand Prix,0,0,0,,HARD
42,0.16071428571428573,0,MEDIUM,United States Grand Prix,0,0,0,,HARD
42,0.5178571428571429,1,HARD,United States Grand Prix,1,0,0,,SOFT
42,0.32142857142857145,0,SOFT,United States Grand Prix,0,0,0,,HARD
42,0.7142857142857143,1,HARD,United States Grand Prix,1,0,0,,SOFT
42,0.48214285714285715,0,HARD,United States Grand Prix,0,0,0,,MEDIUM
42,0.6964285714285714,1,MEDIUM,United States Grand Prix,1,0,0,,SOFT
42,0.017857142857142856,2,SOFT,United States Grand Prix,0,0,0,,MEDIUM
42,0.35714285714285715,1,MEDIUM,United States Grand Prix,1,0,0,,MEDIUM
42,0.7142857142857143,2,MEDIUM,United States Grand Prix,1,0,0,,SOFT
42,0.3392857142857143,0,SOFT,United States Grand Prix,0,0,0,,HARD
42,0.75,1,HARD,United States Grand Prix,1,0,0,,MEDIUM
42,0.375,0,HARD,United States Grand Prix,0,0,0,,MEDIUM
42,0.6964285714285714,1,MEDIUM,United States Grand Prix,1,0,0,,SOFT
42,0.30357142857142855,0,MEDIUM,United States Grand Prix,0,0,0,,HARD
42,0.6964285714285714,1,HARD,United States Grand Prix,1,0,0,,SOFT
43,0.2692307692307692,0,MEDIUM,70th Anniversary Grand Prix,0,0,0,,HARD
43,0.7884615384615384,1,HARD,70th Anniversary Grand Prix,1,0,0,,HARD
43,0.4230769230769231,0,HARD,70th Anniversary Grand Prix,0,0,0,,HARD
43,0.6346153846153846,1,HARD,70th Anniversary Grand Prix,0,0,0,,MEDIUM
43,0.5,0,HARD,70th Anniversary Grand Prix,0,0,0,,MEDIUM
43,0.6153846153846154,1,MEDIUM,70th Anniversary Grand Prix,1,0,0,,HARD
43,0.2692307692307692,0,MEDIUM,70th Anniversary Grand Prix,0,0,0,,MEDIUM
43,0.5,1,MEDIUM,70th Anniversary Grand Prix,0,0,0,,HARD
43,0.6730769230769231,2,HARD,70th Anniversary Grand Prix,1,0,0,,MEDIUM
43,0.25,0,MEDIUM,70th Anniversary Grand Prix,0,0,0,,HARD
43,0.6153846153846154,1,HARD,70th Anniversary Grand Prix,1,0,0,,HARD
43,0.4230769230769231,0,HARD,70th Anniversary Grand Prix,0,0,0,,MEDIUM
43,0.6538461538461539,1,MEDIUM,70th Anniversary Grand Prix,1,0,0,,HARD
43,0.34615384615384615,0,MEDIUM,70th Anniversary Grand Prix,0,0,0,,HARD
43,0.34615384615384615,0,MEDIUM,70th Anniversary Grand Prix,0,0,0,,HARD
43,0.5961538461538461,1,HARD,70th Anniversary Grand Prix,1,0,0,,HARD
43,0.1346153846153846,0,MEDIUM,70th Anniversary Grand Prix,0,0,0,,HARD
43,0.4423076923076923,1,HARD,70th Anniversary Grand Prix,1,0,0,,HARD
43,0.4230769230769231,0,MEDIUM,70th Anniversary Grand Prix,0,0,0,,HARD
43,0.5,0,HARD,70th Anniversary Grand Prix,0,0,0,,MEDIUM
43,0.28846153846153844,0,MEDIUM,70th Anniversary Grand Prix,0,0,0,,HARD
43,0.5769230769230769,1,HARD,70th Anniversary Grand Prix,1,0,0,,HARD
43,0.8461538461538461,2,HARD,70th Anniversary Grand Prix,1,0,0,,SOFT
43,0.11538461538461539,0,MEDIUM,70th Anniversary Grand Prix,0,0,0,,HARD
43,0.5769230769230769,1,HARD,70th Anniversary Grand Prix,1,0,0,,HARD
43,0.23076923076923078,0,MEDIUM,70th Anniversary Grand Prix,0,0,0,,HARD
43,0.5576923076923077,1,HARD,70th Anniversary Grand Prix,1,0,0,,HARD
43,0.36538461538461536,0,HARD,70th Anniversary Grand Prix,0,0,0,,HARD
43,0.6730769230769231,1,HARD,70th Anniversary Grand Prix,0,0,0,,MEDIUM
44,0.18181818181818182,0,MEDIUM,Abu Dhabi Grand Prix,0,0,0,,HARD
44,0.6363636363636364,0,HARD,Abu Dhabi Grand Prix,0,0,0,,MEDIUM
44,0.18181818181818182,0,MEDIUM,Abu Dhabi Grand Prix,0,0,0,,HARD
44,0.7090909090909091,0,HARD,Abu Dhabi Grand Prix,0,0,0,,MEDIUM
44,0.18181818181818182,0,MEDIUM,Abu Dhabi Grand Prix,0,0,0,,HARD
44,0.18181818181818182,0,MEDIUM,Abu Dhabi Grand Prix,0,0,0,,HARD
44,0.4,0,MEDIUM,Abu Dhabi Grand Prix,0,0,0,,HARD
44,0.18181818181818182,0,SOFT,Abu Dhabi Grand Prix,0,0,0,,HARD
44,0.18181818181818182,0,SOFT,Abu Dhabi Grand Prix,0,0,0,,HARD
44,0.18181818181818182,0,MEDIUM,Abu Dhabi Grand Prix,0,0,0,,HARD
44,0.18181818181818182,0,MEDIUM,Abu Dhabi Grand Prix,0,0,0,,HARD
44,0.18181818181818182,0,SOFT,Abu Dhabi Grand Prix,0,0,0,,HARD
44,0.18181818181818182,0,SOFT,Abu Dhabi Grand Prix,0,0,0,,HARD
44,0.18181818181818182,0,SOFT,Abu Dhabi Grand Prix,0,0,0,,HARD
44,0.18181818181818182,0,MEDIUM,Abu Dhabi Grand Prix,0,0,0,,HARD
45,0.29577464788732394,0,SOFT,Austrian Grand Prix,0,0,0,,SOFT
45,0.7183098591549296,1,HARD,Austrian Grand Prix,1,0,0,,HARD
45,0.29577464788732394,0,MEDIUM,Austrian Grand Prix,0,0,0,,MEDIUM
45,0.647887323943662,1,HARD,Austrian Grand Prix,1,0,0,,HARD
45,0.7183098591549296,2,SOFT,Austrian Grand Prix,1,0,0,,SOFT
45,0.30985915492957744,0,SOFT,Austrian Grand Prix,0,0,0,,SOFT
45,0.7323943661971831,1,HARD,Austrian Grand Prix,1,0,0,,HARD
45,0.29577464788732394,0,SOFT,Austrian Grand Prix,0,0,0,,SOFT
45,0.6619718309859155,1,HARD,Austrian Grand Prix,1,0,0,,HARD
45,0.7183098591549296,2,MEDIUM,Austrian Grand Prix,1,0,0,,MEDIUM
45,0.29577464788732394,0,SOFT,Austrian Grand Prix,0,0,0,,SOFT
45,0.647887323943662,1,HARD,Austrian Grand Prix,1,0,0,,HARD
45,0.7183098591549296,2,MEDIUM,Austrian Grand Prix,1,0,0,,MEDIUM
45,0.29577464788732394,0,SOFT,Austrian Grand Prix,0,0,0,,SOFT
45,0.7183098591549296,1,MEDIUM,Austrian Grand Prix,1,0,0,,MEDIUM
45,0.29577464788732394,0,MEDIUM,Austrian Grand Prix,0,0,0,,MEDIUM
45,0.7183098591549296,1,HARD,Austrian Grand Prix,1,0,0,,HARD
45,0.29577464788732394,0,MEDIUM,Austrian Grand Prix,0,0,0,,MEDIUM
45,0.7183098591549296,1,HARD,Austrian Grand Prix,1,0,0,,HARD
45,0.2676056338028169,0,MEDIUM,Austrian Grand Prix,0,0,0,,HARD
45,0.647887323943662,1,HARD,Austrian Grand Prix,1,0,0,,SOFT
45,0.29577464788732394,0,SOFT,Austrian Grand Prix,0,0,0,,SOFT
45,0.647887323943662,1,HARD,Austrian Grand Prix,1,0,0,,HARD
45,0.7183098591549296,2,SOFT,Austrian Grand Prix,1,0,0,,SOFT
45,0.29577464788732394,0,SOFT,Austrian Grand Prix,0,0,0,,SOFT
45,0.647887323943662,1,HARD,Austrian Grand Prix,1,0,0,,HARD
45,0.7183098591549296,2,MEDIUM,Austrian Grand Prix,1,0,0,,MEDIUM
45,0.29577464788732394,0,MEDIUM,Austrian Grand Prix,0,0,0,,MEDIUM
45,0.647887323943662,1,HARD,Austrian Grand Prix,1,0,0,,HARD
45,0.7183098591549296,2,SOFT,Austrian Grand Prix,1,0,0,,SOFT
45,0.28169014084507044,0,MEDIUM,Austrian Grand Prix,0,0,0,,MEDIUM
45,0.704225352112676,1,HARD,Austrian Grand Prix,1,0,0,,HARD
45,0.7183098591549296,2,HARD,Austrian Grand Prix,1,0,0,,HARD
45,0.28169014084507044,0,MEDIUM,Austrian Grand Prix,0,0,0,,HARD
45,0.29577464788732394,0,MEDIUM,Austrian Grand Prix,0,0,0,,MEDIUM
45,0.647887323943662,1,HARD,Austrian Grand Prix,1,0,0,,HARD
45,0.7183098591549296,2,SOFT,Austrian Grand Prix,1,0,0,,SOFT
46,0.017543859649122806,3,MEDIUM,Bahrain Grand Prix,0,0,0,,MEDIUM
46,0.3333333333333333,1,MEDIUM,Bahrain Grand Prix,0,0,0,,MEDIUM
46,0.6140350877192983,2,MEDIUM,Bahrain Grand Prix,0,0,0,,HARD
46,0.017543859649122806,3,MEDIUM,Bahrain Grand Prix,0,0,0,,HARD
46,0.3508771929824561,1,HARD,Bahrain Grand Prix,1,0,0,,MEDIUM
46,0.6842105263157895,2,MEDIUM,Bahrain Grand Prix,1,0,0,,HARD
46,0.017543859649122806,3,MEDIUM,Bahrain Grand Prix,0,0,0,,MEDIUM
46,0.2807017543859649,1,MEDIUM,Bahrain Grand Prix,0,0,0,,HARD
46,0.631578947368421,2,HARD,Bahrain Grand Prix,1,0,0,,HARD
46,0.017543859649122806,3,SOFT,Bahrain Grand Prix,0,0,0,,SOFT
46,0.3684210526315789,1,SOFT,Bahrain Grand Prix,0,0,0,,MEDIUM
46,0.6842105263157895,2,MEDIUM,Bahrain Grand Prix,1,0,0,,HARD
46,0.017543859649122806,3,HARD,Bahrain Grand Prix,0,0,0,,MEDIUM
46,0.40350877192982454,1,MEDIUM,Bahrain Grand Prix,1,0,0,,HARD
46,0.7017543859649122,2,HARD,Bahrain Grand Prix,1,0,0,,HARD
46,0.017543859649122806,3,MEDIUM,Bahrain Grand Prix,0,0,0,,HARD
46,0.43859649122807015,1,HARD,Bahrain Grand Prix,1,0,0,,HARD
46,0.017543859649122806,2,MEDIUM,Bahrain Grand Prix,0,0,0,,MEDIUM
46,0.2982456140350877,1,MEDIUM,Bahrain Grand Prix,0,0,0,,MEDIUM
46,0.5964912280701754,2,MEDIUM,Bahrain Grand Prix,0,0,0,,HARD
46,0.017543859649122806,3,MEDIUM,Bahrain Grand Prix,0,0,0,,MEDIUM
46,0.2982456140350877,1,MEDIUM,Bahrain Grand Prix,0,0,0,,HARD
46,0.7017543859649122,2,HARD,Bahrain Grand Prix,1,0,0,,MEDIUM
46,0.017543859649122806,3,MEDIUM,Bahrain Grand Prix,0,0,0,,MEDIUM
46,0.3333333333333333,1,MEDIUM,Bahrain Grand Prix,0,0,0,,MEDIUM
46,0.5964912280701754,2,MEDIUM,Bahrain Grand Prix,0,0,0,,HARD
46,0.017543859649122806,3,MEDIUM,Bahrain Grand Prix,0,0,0,,MEDIUM
46,0.3157894736842105,1,MEDIUM,Bahrain Grand Prix,0,0,0,,MEDIUM
46,0.6666666666666666,2,MEDIUM,Bahrain Grand Prix,0,0,0,,HARD
46,0.017543859649122806,3,MEDIUM,Bahrain Grand Prix,0,0,0,,SOFT
46,0.2982456140350877,1,SOFT,Bahrain Grand Prix,1,0,0,,HARD
46,0.5789473684210527,2,HARD,Bahrain Grand Prix,1,0,0,,HARD
46,0.017543859649122806,3,MEDIUM,Bahrain Grand Prix,0,0,0,,MEDIUM
46,0.3508771929824561,1,MEDIUM,Bahrain Grand Prix,0,0,0,,HARD
46,0.6842105263157895,2,HARD,Bahrain Grand Prix,1,0,0,,MEDIUM
46,0.017543859649122806,3,HARD,Bahrain Grand Prix,0,0,0,,MEDIUM
46,0.3684210526315789,1,MEDIUM,Bahrain Grand Prix,1,0,0,,MEDIUM
46,0.6491228070175439,2,MEDIUM,Bahrain Grand Prix,1,0,0,,HARD
47,0.25,0,MEDIUM,Belgian Grand Prix,0,0,0,,HARD
47,0.25,0,MEDIUM,Belgian Grand Prix,0,0,0,,HARD
47,0.25,0,MEDIUM,Belgian Grand Prix,0,0,0,,SOFT
47,0.25,0,SOFT,Belgian Grand Prix,0,0,0,,HARD
47,0.25,0,MEDIUM,Belgian Grand Prix,0,0,0,,HARD
47,0.22727272727272727,0,SOFT,Belgian Grand Prix,0,0,0,,HARD
47,0.5454545454545454,1,HARD,Belgian Grand Prix,1,0,0,,MEDIUM
47,0.4090909090909091,0,SOFT,Belgian Grand Prix,0,0,0,,HARD
47,0.22727272727272727,0,MEDIUM,Belgian Grand Prix,0,0,0,,HARD
47,0.25,0,SOFT,Belgian Grand Prix,0,0,0,,HARD
47,0.5909090909090909,0,HARD,Belgian Grand Prix,0,0,0,,MEDIUM
47,0.25,0,SOFT,Belgian Grand Prix,0,0,0,,HARD
47,0.22727272727272727,0,MEDIUM,Belgian Grand Prix,0,0,0,,SOFT
47,0.25,0,SOFT,Belgian Grand Prix,0,0,0,,SOFT
47,0.25,0,SOFT,Belgian Grand Prix,0,0,0,,SOFT
47,0.25,0,MEDIUM,Belgian Grand Prix,0,0,0,,HARD
48,0.25,0,MEDIUM,British Grand Prix,0,0,0,,HARD
48,0.23076923076923078,0,SOFT,British Grand Prix,0,0,0,,HARD
48,0.25,0,MEDIUM,British Grand Prix,0,0,0,,HARD
48,0.9615384615384616,1,HARD,British Grand Prix,1,0,0,,SOFT
48,0.23076923076923078,0,SOFT,British Grand Prix,0,0,0,,HARD
48,0.25,0,MEDIUM,British Grand Prix,0,0,0,,HARD
48,0.9615384615384616,1,HARD,British Grand Prix,1,0,0,,SOFT
48,0.25,0,SOFT,British Grand Prix,0,0,0,,HARD
48,0.9807692307692307,1,HARD,British Grand Prix,1,0,0,,MEDIUM
48,0.25,0,MEDIUM,British Grand Prix,0,0,0,,HARD
48,0.25,0,MEDIUM,British Grand Prix,0,0,0,,HARD
48,0.23076923076923078,0,MEDIUM,British Grand Prix,0,0,0,,HARD
48,0.23076923076923078,0,SOFT,British Grand Prix,0,0,0,,HARD
48,0.11538461538461539,0,MEDIUM,British Grand Prix,0,0,0,,HARD
48,0.5769230769230769,1,HARD,British Grand Prix,1,0,0,,MEDIUM
48,0.23076923076923078,0,SOFT,British Grand Prix,0,0,0,,HARD
48,0.23076923076923078,0,MEDIUM,British Grand Prix,0,0,0,,HARD
48,0.23076923076923078,0,MEDIUM,British Grand Prix,0,0,0,,HARD
48,0.23076923076923078,0,MEDIUM,British Grand Prix,0,0,0,,HARD
49,0.26666666666666666,0,SOFT,Eifel Grand Prix,0,0,0,,MEDIUM
49,0.75,1,MEDIUM,Eifel Grand Prix,1,1,0,,SOFT
49,0.18333333333333332,0,MEDIUM,Eifel Grand Prix,0,0,0,,HARD
49,0.6833333333333333,1,HARD,Eifel Grand Prix,1,1,0,,SOFT
49,0.26666666666666666,0,SOFT,Eifel Grand Prix,0,0,0,,MEDIUM
49,0.75,1,MEDIUM,Eifel Grand Prix,1,1,0,,SOFT
49,0.26666666666666666,0,SOFT,Eifel Grand Prix,0,0,0,,MEDIUM
49,0.7333333333333333,1,MEDIUM,Eifel Grand Prix,1,1,0,,SOFT
49,0.4666666666666667,0,SOFT,Eifel Grand Prix,1,1,0,,MEDIUM
49,0.7333333333333333,1,MEDIUM,Eifel Grand Prix,1,1,0,,SOFT
49,0.16666666666666666,0,SOFT,Eifel Grand Prix,0,0,0,,MEDIUM
49,0.5833333333333334,1,MEDIUM,Eifel Grand Prix,1,1,0,,MEDIUM
49,0.4666666666666667,0,SOFT,Eifel Grand Prix,1,1,0,,MEDIUM
49,0.75,1,MEDIUM,Eifel Grand Prix,1,1,0,,SOFT
49,0.4666666666666667,0,MEDIUM,Eifel Grand Prix,1,1,0,,HARD
49,0.23333333333333334,0,SOFT,Eifel Grand Prix,0,0,0,,MEDIUM
49,0.5666666666666667,1,MEDIUM,Eifel Grand Prix,1,1,0,,MEDIUM
49,0.5,0,MEDIUM,Eifel Grand Prix,1,1,0,,HARD
49,0.7333333333333333,1,HARD,Eifel Grand Prix,1,1,0,,SOFT
49,0.16666666666666666,0,SOFT,Eifel Grand Prix,0,0,0,,MEDIUM
49,0.7333333333333333,1,MEDIUM,Eifel Grand Prix,1,1,0,,SOFT
49,0.48333333333333334,0,SOFT,Eifel Grand Prix,1,1,0,,MEDIUM
49,0.7333333333333333,1,MEDIUM,Eifel Grand Prix,1,1,0,,SOFT
49,0.2833333333333333,0,MEDIUM,Eifel Grand Prix,1,1,1,0.42046666666666666,HARD
49,0.7333333333333333,1,HARD,Eifel Grand Prix,1,1,0,,SOFT
49,0.25,0,SOFT,Eifel Grand Prix,0,0,0,,MEDIUM
49,0.6,1,MEDIUM,Eifel Grand Prix,1,1,0,,MEDIUM
49,0.23333333333333334,0,SOFT,Eifel Grand Prix,0,0,0,,MEDIUM
49,0.55,1,MEDIUM,Eifel Grand Prix,1,1,0,,MEDIUM
50,0.47619047619047616,0,MEDIUM,Emilia Romagna Grand Prix,0,0,0,,HARD
50,0.8253968253968254,1,HARD,Emilia Romagna Grand Prix,1,0,0,,SOFT
50,0.6190476190476191,0,MEDIUM,Emilia Romagna Grand Prix,0,0,0,,HARD
50,0.8095238095238095,1,HARD,Emilia Romagna Grand Prix,1,0,0,,SOFT
50,0.2222222222222222,0,SOFT,Emilia Romagna Grand Prix,0,0,0,,HARD
50,0.30158730158730157,0,MEDIUM,Emilia Romagna Grand Prix,0,0,0,,HARD
50,0.8095238095238095,1,HARD,Emilia Romagna Grand Prix,1,0,0,,SOFT
50,0.2698412698412698,0,SOFT,Emilia Romagna Grand Prix,0,0,0,,MEDIUM
50,0.8095238095238095,1,MEDIUM,Emilia Romagna Grand Prix,1,0,0,,SOFT
50,0.20634920634920634,0,SOFT,Emilia Romagna Grand Prix,0,0,0,,HARD
50,0.42857142857142855,0,MEDIUM,Emilia Romagna Grand Prix,0,0,0,,HARD
50,0.8095238095238095,1,HARD,Emilia Romagna Grand Prix,1,0,0,,SOFT
50,0.14285714285714285,0,MEDIUM,Emilia Romagna Grand Prix,0,0,0,,HARD
50,0.7936507936507936,1,HARD,Emilia Romagna Grand Prix,1,0,0,,SOFT
50,0.015873015873015872,2,MEDIUM,Emilia Romagna Grand Prix,0,0,0,,HARD
50,0.4603174603174603,1,HARD,Emilia Romagna Grand Prix,1,0,0,,MEDIUM
50,0.8253968253968254,2,MEDIUM,Emilia Romagna Grand Prix,1,0,0,,SOFT
50,0.7619047619047619,0,MEDIUM,Emilia Romagna Grand Prix,0,0,0,,SOFT
50,0.2222222222222222,0,SOFT,Emilia Romagna Grand Prix,0,0,0,,HARD
50,0.9365079365079365,1,HARD,Emilia Romagna Grand Prix,1,0,0,,SOFT
50,0.20634920634920634,0,SOFT,Emilia Romagna Grand Prix,0,0,0,,MEDIUM
50,0.8412698412698413,1,MEDIUM,Emilia Romagna Grand Prix,1,0,0,,SOFT
50,0.2222222222222222,0,SOFT,Emilia Romagna Grand Prix,0,0,0,,HARD
50,0.8095238095238095,1,HARD,Emilia Romagna Grand Prix,1,0,0,,SOFT
50,0.15873015873015872,0,SOFT,Emilia Romagna Grand Prix,0,0,0,,MEDIUM
50,0.5396825396825397,0,MEDIUM,Emilia Romagna Grand Prix,0,0,0,,HARD
51,0.04285714285714286,0,INTERMEDIATE,Hungarian Grand Prix,1,1,0,,MEDIUM
51,0.5285714285714286,1,MEDIUM,Hungarian Grand Prix,1,1,0,,MEDIUM
51,0.9428571428571428,2,MEDIUM,Hungarian Grand Prix,1,1,0,,SOFT
51,0.04285714285714286,0,INTERMEDIATE,Hungarian Grand Prix,1,1,0,,MEDIUM
51,0.4142857142857143,1,MEDIUM,Hungarian Grand Prix,1,1,0,,HARD
51,0.05714285714285714,0,INTERMEDIATE,Hungarian Grand Prix,1,1,0,,MEDIUM
51,0.5142857142857142,1,MEDIUM,Hungarian Grand Prix,1,1,0,,HARD
51,0.05714285714285714,0,INTERMEDIATE,Hungarian Grand Prix,1,1,0,,MEDIUM
51,0.6142857142857143,1,MEDIUM,Hungarian Grand Prix,1,1,0,,MEDIUM
51,0.02857142857142857,0,INTERMEDIATE,Hungarian Grand Prix,1,1,0,,MEDIUM
51,0.4714285714285714,1,MEDIUM,Hungarian Grand Prix,1,1,0,,MEDIUM
51,0.7,2,MEDIUM,Hungarian Grand Prix,1,1,0,,HARD
51,0.04285714285714286,0,INTERMEDIATE,Hungarian Grand Prix,1,1,0,,MEDIUM
51,0.5714285714285714,1,MEDIUM,Hungarian Grand Prix,1,1,0,,HARD
51,0.02857142857142857,0,INTERMEDIATE,Hungarian Grand Prix,1,1,0,,SOFT
51,0.2857142857142857,1,SOFT,Hungarian Grand Prix,1,1,0,,HARD
51,0.04285714285714286,0,INTERMEDIATE,Hungarian Grand Prix,1,1,0,,MEDIUM
51,0.5,1,MEDIUM,Hungarian Grand Prix,1,1,0,,HARD
51,0.5,0,MEDIUM,Hungarian Grand Prix,1,1,0,,HARD
51,0.04285714285714286,0,INTERMEDIATE,Hungarian Grand Prix,1,1,0,,MEDIUM
51,0.5,1,MEDIUM,Hungarian Grand Prix,1,1,0,,MEDIUM
51,0.7428571428571429,2,MEDIUM,Hungarian Grand Prix,1,1,0,,HARD
51,0.05714285714285714,0,INTERMEDIATE,Hungarian Grand Prix,1,1,0,,MEDIUM
51,0.44285714285714284,1,MEDIUM,Hungarian Grand Prix,1,1,0,,HARD
51,0.04285714285714286,0,INTERMEDIATE,Hungarian Grand Prix,1,1,0,,MEDIUM
51,0.4714285714285714,1,MEDIUM,Hungarian Grand Prix,1,1,0,,HARD
51,0.04285714285714286,0,INTERMEDIATE,Hungarian Grand Prix,1,1,0,,MEDIUM
51,0.4857142857142857,1,MEDIUM,Hungarian Grand Prix,1,1,0,,HARD
51,0.05714285714285714,0,INTERMEDIATE,Hungarian Grand Prix,1,1,0,,MEDIUM
51,0.5,1,MEDIUM,Hungarian Grand Prix,1,1,0,,HARD
51,0.014285714285714285,2,INTERMEDIATE,Hungarian Grand Prix,1,1,1,1.7580666666666667,SOFT
51,0.2571428571428571,1,SOFT,Hungarian Grand Prix,1,1,0,,HARD
52,0.37735849056603776,0,SOFT,Italian Grand Prix,0,0,0,,MEDIUM
52,0.49056603773584906,1,MEDIUM,Italian Grand Prix,1,0,0,,HARD
52,0.5283018867924528,2,HARD,Italian Grand Prix,1,0,0,,HARD
52,0.41509433962264153,0,SOFT,Italian Grand Prix,0,0,0,,MEDIUM
52,0.49056603773584906,1,MEDIUM,Italian Grand Prix,1,0,0,,MEDIUM
52,0.41509433962264153,0,SOFT,Italian Grand Prix,0,0,0,,MEDIUM
52,0.49056603773584906,1,MEDIUM,Italian Grand Prix,1,0,0,,MEDIUM
52,0.41509433962264153,0,SOFT,Italian Grand Prix,0,0,0,,MEDIUM
52,0.49056603773584906,1,MEDIUM,Italian Grand Prix,1,0,0,,MEDIUM
52,0.41509433962264153,0,SOFT,Italian Grand Prix,0,0,0,,MEDIUM
52,0.49056603773584906,1,MEDIUM,Italian Grand Prix,1,0,0,,MEDIUM
52,0.41509433962264153,0,MEDIUM,Italian Grand Prix,0,0,0,,HARD
52,0.49056603773584906,1,HARD,Italian Grand Prix,1,0,0,,HARD
52,0.49056603773584906,0,SOFT,Italian Grand Prix,0,0,0,,MEDIUM
52,0.3584905660377358,0,SOFT,Italian Grand Prix,0,0,0,,HARD
52,0.49056603773584906,1,HARD,Italian Grand Prix,1,0,0,,MEDIUM
52,0.41509433962264153,0,SOFT,Italian Grand Prix,0,0,0,,MEDIUM
52,0.49056603773584906,1,MEDIUM,Italian Grand Prix,1,0,0,,SOFT
52,0.33962264150943394,0,MEDIUM,Italian Grand Prix,0,0,0,,HARD
52,0.49056603773584906,1,HARD,Italian Grand Prix,1,0,0,,SOFT
52,0.41509433962264153,0,SOFT,Italian Grand Prix,0,0,0,,MEDIUM
52,0.49056603773584906,1,MEDIUM,Italian Grand Prix,1,0,0,,HARD
52,0.41509433962264153,0,SOFT,Italian Grand Prix,0,0,0,,MEDIUM
52,0.49056603773584906,1,MEDIUM,Italian Grand Prix,1,0,0,,MEDIUM
52,0.41509433962264153,0,HARD,Italian Grand Prix,0,0,0,,MEDIUM
52,0.49056603773584906,1,MEDIUM,Italian Grand Prix,1,0,0,,MEDIUM
52,0.41509433962264153,0,MEDIUM,Italian Grand Prix,0,0,0,,HARD
52,0.49056603773584906,1,HARD,Italian Grand Prix,1,0,0,,MEDIUM
52,0.3018867924528302,0,MEDIUM,Italian Grand Prix,0,0,0,,HARD
52,0.49056603773584906,1,HARD,Italian Grand Prix,1,0,0,,MEDIUM
53,0.6060606060606061,0,MEDIUM,Portuguese Grand Prix,0,0,0,,HARD
53,0.4090909090909091,0,MEDIUM,Portuguese Grand Prix,0,0,0,,HARD
53,0.3484848484848485,0,SOFT,Portuguese Grand Prix,0,0,0,,MEDIUM
53,0.21212121212121213,0,SOFT,Portuguese Grand Prix,0,0,0,,MEDIUM
53,0.6212121212121212,0,MEDIUM,Portuguese Grand Prix,0,0,0,,HARD
53,0.3939393939393939,0,SOFT,Portuguese Grand Prix,0,0,0,,MEDIUM
53,0.5151515151515151,0,MEDIUM,Portuguese Grand Prix,0,0,0,,HARD
53,0.015151515151515152,1,SOFT,Portuguese Grand Prix,0,0,0,,MEDIUM
53,0.6818181818181818,1,MEDIUM,Portuguese Grand Prix,1,0,0,,SOFT
53,0.42424242424242425,0,SOFT,Portuguese Grand Prix,0,0,0,,MEDIUM
53,0.803030303030303,0,MEDIUM,Portuguese Grand Prix,0,0,0,,SOFT
53,0.16666666666666666,0,SOFT,Portuguese Grand Prix,0,0,0,,MEDIUM
53,0.2878787878787879,0,SOFT,Portuguese Grand Prix,0,0,0,,MEDIUM
53,0.696969696969697,1,MEDIUM,Portuguese Grand Prix,1,0,0,,SOFT
53,0.2727272727272727,0,SOFT,Portuguese Grand Prix,0,0,0,,HARD
53,0.6515151515151515,1,HARD,Portuguese Grand Prix,1,0,0,,MEDIUM
53,0.42424242424242425,0,MEDIUM,Portuguese Grand Prix,0,0,0,,HARD
53,0.5454545454545454,0,MEDIUM,Portuguese Grand Prix,0,0,0,,HARD
54,0.3018867924528302,0,SOFT,Russian Grand Prix,0,0,0,,HARD
54,0.5660377358490566,0,MEDIUM,Russian Grand Prix,0,0,0,,HARD
54,0.4716981132075472,0,MEDIUM,Russian Grand Prix,0,0,0,,HARD
54,0.2830188679245283,0,SOFT,Russian Grand Prix,0,0,0,,HARD
54,0.49056603773584906,0,MEDIUM,Russian Grand Prix,0,0,0,,HARD
54,0.5283018867924528,0,MEDIUM,Russian Grand Prix,0,0,0,,HARD
54,0.37735849056603776,0,SOFT,Russian Grand Prix,0,0,0,,HARD
54,0.3584905660377358,0,MEDIUM,Russian Grand Prix,0,0,0,,HARD
54,0.33962264150943394,0,SOFT,Russian Grand Prix,0,0,0,,HARD
54,0.7924528301886793,1,HARD,Russian Grand Prix,1,0,0,,MEDIUM
54,0.33962264150943394,0,SOFT,Russian Grand Prix,0,0,0,,HARD
54,0.660377358490566,0,HARD,Russian Grand Prix,0,0,0,,MEDIUM
54,0.018867924528301886,1,SOFT,Russian Grand Prix,0,0,0,,HARD
54,0.5094339622641509,1,HARD,Russian Grand Prix,1,0,0,,MEDIUM
54,0.018867924528301886,2,SOFT,Russian Grand Prix,0,0,0,,HARD
54,0.8867924528301887,1,HARD,Russian Grand Prix,1,0,0,,MEDIUM
54,0.5660377358490566,0,HARD,Russian Grand Prix,0,0,0,,MEDIUM
54,0.3018867924528302,0,MEDIUM,Russian Grand Prix,0,0,0,,HARD
55,0.3563218390804598,0,MEDIUM,Sakhir Grand Prix,0,0,0,,HARD
55,0.6206896551724138,1,HARD,Sakhir Grand Prix,1,0,0,,SOFT
55,0.7241379310344828,2,SOFT,Sakhir Grand Prix,1,0,0,,SOFT
55,0.3333333333333333,0,SOFT,Sakhir Grand Prix,0,0,0,,MEDIUM
55,0.632183908045977,1,MEDIUM,Sakhir Grand Prix,1,0,0,,HARD
55,0.5632183908045977,0,MEDIUM,Sakhir Grand Prix,0,0,0,,HARD
55,0.7126436781609196,1,HARD,Sakhir Grand Prix,1,0,0,,HARD
55,0.3218390804597701,0,SOFT,Sakhir Grand Prix,0,0,0,,MEDIUM
55,0.632183908045977,1,MEDIUM,Sakhir Grand Prix,1,0,0,,MEDIUM
55,0.011494252873563218,2,SOFT,Sakhir Grand Prix,0,0,0,,MEDIUM
55,0.5402298850574713,1,MEDIUM,Sakhir Grand Prix,1,0,0,,HARD
55,0.2988505747126437,0,SOFT,Sakhir Grand Prix,0,0,0,,MEDIUM
55,0.6206896551724138,1,MEDIUM,Sakhir Grand Prix,1,0,0,,SOFT
55,0.4827586206896552,0,SOFT,Sakhir Grand Prix,0,0,0,,MEDIUM
55,0.3218390804597701,0,SOFT,Sakhir Grand Prix,0,0,0,,MEDIUM
55,0.5862068965517241,1,MEDIUM,Sakhir Grand Prix,1,0,0,,HARD
55,0.47126436781609193,0,MEDIUM,Sakhir Grand Prix,0,0,0,,HARD
55,0.26436781609195403,0,MEDIUM,Sakhir Grand Prix,0,0,0,,HARD
55,0.6206896551724138,1,HARD,Sakhir Grand Prix,1,0,0,,MEDIUM
55,0.7126436781609196,2,MEDIUM,Sakhir Grand Prix,1,0,0,,SOFT
55,0.5402298850574713,0,MEDIUM,Sakhir Grand Prix,0,0,0,,HARD
55,0.7126436781609196,1,HARD,Sakhir Grand Prix,1,0,0,,SOFT
55,0.22988505747126436,0,SOFT,Sakhir Grand Prix,0,0,0,,MEDIUM
55,0.6206896551724138,1,MEDIUM,Sakhir Grand Prix,1,0,0,,MEDIUM
55,0.3103448275862069,0,SOFT,Sakhir Grand Prix,0,0,0,,MEDIUM
55,0.6091954022988506,1,MEDIUM,Sakhir Grand Prix,1,0,0,,HARD
55,0.2988505747126437,0,MEDIUM,Sakhir Grand Prix,0,0,0,,HARD
55,0.6206896551724138,1,HARD,Sakhir Grand Prix,1,0,0,,MEDIUM
56,0.3484848484848485,0,SOFT,Spanish Grand Prix,0,0,0,,MEDIUM
56,0.7575757575757576,1,MEDIUM,Spanish Grand Prix,1,0,0,,MEDIUM
56,0.4393939393939394,0,MEDIUM,Spanish Grand Prix,0,0,0,,SOFT
56,0.3181818181818182,0,SOFT,Spanish Grand Prix,0,0,0,,MEDIUM
56,0.6212121212121212,1,MEDIUM,Spanish Grand Prix,1,0,0,,MEDIUM
56,0.5303030303030303,0,MEDIUM,Spanish Grand Prix,0,0,0,,SOFT
56,0.3484848484848485,0,SOFT,Spanish Grand Prix,0,0,0,,MEDIUM
56,0.7272727272727273,1,MEDIUM,Spanish Grand Prix,1,0,0,,SOFT
56,0.9696969696969697,2,SOFT,Spanish Grand Prix,1,0,0,,MEDIUM
56,0.3333333333333333,0,SOFT,Spanish Grand Prix,0,0,0,,SOFT
56,0.6212121212121212,1,SOFT,Spanish Grand Prix,0,0,0,,MEDIUM
56,0.4393939393939394,0,SOFT,Spanish Grand Prix,0,0,0,,MEDIUM
56,0.42424242424242425,0,SOFT,Spanish Grand Prix,0,0,0,,MEDIUM
56,0.4090909090909091,0,SOFT,Spanish Grand Prix,0,0,0,,MEDIUM
56,0.6363636363636364,1,MEDIUM,Spanish Grand Prix,1,0,0,,SOFT
56,0.3181818181818182,0,SOFT,Spanish Grand Prix,0,0,0,,MEDIUM
56,0.6363636363636364,1,MEDIUM,Spanish Grand Prix,1,0,0,,MEDIUM
56,0.5151515151515151,0,MEDIUM,Spanish Grand Prix,0,0,0,,SOFT
56,0.30303030303030304,0,MEDIUM,Spanish Grand Prix,0,0,0,,MEDIUM
56,0.6666666666666666,1,MEDIUM,Spanish Grand Prix,0,0,0,,SOFT
56,0.25757575757575757,0,SOFT,Spanish Grand Prix,0,0,0,,HARD
56,0.5909090909090909,1,HARD,Spanish Grand Prix,1,0,0,,MEDIUM
56,0.3181818181818182,0,SOFT,Spanish Grand Prix,0,0,0,,SOFT
56,0.6666666666666666,1,SOFT,Spanish Grand Prix,0,0,0,,MEDIUM
56,0.3181818181818182,0,SOFT,Spanish Grand Prix,0,0,0,,MEDIUM
56,0.6818181818181818,1,MEDIUM,Spanish Grand Prix,1,0,0,,MEDIUM
57,0.38028169014084506,0,SOFT,Styrian Grand Prix,1,1,0,,MEDIUM
57,0.3380281690140845,0,SOFT,Styrian Grand Prix,1,1,0,,MEDIUM
57,0.9577464788732394,1,MEDIUM,Styrian Grand Prix,1,1,0,,SOFT
57,0.5211267605633803,0,MEDIUM,Styrian Grand Prix,1,1,0,,SOFT
57,0.4788732394366197,0,SOFT,Styrian Grand Prix,1,1,0,,MEDIUM
57,0.4507042253521127,0,SOFT,Styrian Grand Prix,1,1,0,,MEDIUM
57,0.9295774647887324,1,MEDIUM,Styrian Grand Prix,1,1,0,,SOFT
57,0.5352112676056338,0,SOFT,Styrian Grand Prix,1,1,0,,MEDIUM
57,0.5211267605633803,0,SOFT,Styrian Grand Prix,1,1,0,,MEDIUM
57,0.43661971830985913,0,SOFT,Styrian Grand Prix,1,1,0,,MEDIUM
57,0.4647887323943662,0,SOFT,Styrian Grand Prix,1,1,0,,MEDIUM
57,0.3380281690140845,0,SOFT,Styrian Grand Prix,1,1,0,,HARD
57,0.6901408450704225,1,HARD,Styrian Grand Prix,1,1,0,,SOFT
57,0.6197183098591549,0,MEDIUM,Styrian Grand Prix,1,1,0,,SOFT
57,0.49295774647887325,0,SOFT,Styrian Grand Prix,1,1,0,,MEDIUM
57,0.5492957746478874,0,SOFT,Styrian Grand Prix,1,1,0,,MEDIUM
57,0.5070422535211268,0,MEDIUM,Styrian Grand Prix,1,1,0,,HARD
57,0.5492957746478874,0,MEDIUM,Styrian Grand Prix,1,1,0,,SOFT
58,0.13793103448275862,0,WET,Turkish Grand Prix,1,1,0,,INTERMEDIATE
58,0.13793103448275862,0,WET,Turkish Grand Prix,1,1,0,,INTERMEDIATE
58,0.5689655172413793,1,INTERMEDIATE,Turkish Grand Prix,1,1,0,,INTERMEDIATE
58,0.1896551724137931,0,WET,Turkish Grand Prix,1,1,0,,INTERMEDIATE
58,0.3103448275862069,1,INTERMEDIATE,Turkish Grand Prix,1,1,0,,INTERMEDIATE
58,0.7413793103448276,2,INTERMEDIATE,Turkish Grand Prix,1,1,0,,INTERMEDIATE
58,0.1724137931034483,0,WET,Turkish Grand Prix,1,1,0,,INTERMEDIATE
58,0.5517241379310345,1,INTERMEDIATE,Turkish Grand Prix,1,1,0,,INTERMEDIATE
58,0.1206896551724138,0,WET,Turkish Grand Prix,1,1,0,,INTERMEDIATE
58,0.7931034482758621,1,INTERMEDIATE,Turkish Grand Prix,1,1,0,,INTERMEDIATE
58,0.1724137931034483,0,WET,Turkish Grand Prix,1,1,0,,INTERMEDIATE
58,0.5689655172413793,1,INTERMEDIATE,Turkish Grand Prix,1,1,0,,INTERMEDIATE
58,0.10344827586206896,0,WET,Turkish Grand Prix,1,1,0,,INTERMEDIATE
58,0.5172413793103449,1,INTERMEDIATE,Turkish Grand Prix,1,1,0,,INTERMEDIATE
58,0.1724137931034483,0,WET,Turkish Grand Prix,1,1,0,,INTERMEDIATE
58,0.15517241379310345,0,WET,Turkish Grand Prix,1,1,1,1.4459666666666666,INTERMEDIATE
58,0.6206896551724138,1,INTERMEDIATE,Turkish Grand Prix,1,1,0,,INTERMEDIATE
58,0.1724137931034483,0,WET,Turkish Grand Prix,1,1,0,,INTERMEDIATE
58,0.5689655172413793,1,INTERMEDIATE,Turkish Grand Prix,1,1,0,,INTERMEDIATE
58,0.017241379310344827,2,WET,Turkish Grand Prix,1,1,1,1.80805,WET
58,0.1724137931034483,1,WET,Turkish Grand Prix,1,1,0,,INTERMEDIATE
58,0.13793103448275862,0,WET,Turkish Grand Prix,1,1,1,0.1986,INTERMEDIATE
58,0.5172413793103449,1,INTERMEDIATE,Turkish Grand Prix,1,1,0,,INTERMEDIATE
58,0.8620689655172413,2,INTERMEDIATE,Turkish Grand Prix,1,1,0,,INTERMEDIATE
58,0.20689655172413793,0,WET,Turkish Grand Prix,1,1,0,,INTERMEDIATE
58,0.5862068965517241,1,INTERMEDIATE,Turkish Grand Prix,1,1,0,,INTERMEDIATE
58,0.15517241379310345,0,WET,Turkish Grand Prix,1,1,0,,INTERMEDIATE
58,0.6206896551724138,1,INTERMEDIATE,Turkish Grand Prix,1,1,0,,INTERMEDIATE
58,0.13793103448275862,0,WET,Turkish Grand Prix,1,1,1,0.5226833333333334,INTERMEDIATE
59,0.11864406779661017,0,SOFT,Tuscan Grand Prix,0,0,0,,SOFT
59,0.13559322033898305,1,SOFT,Tuscan Grand Prix,0,0,0,,SOFT
59,0.5084745762711864,2,SOFT,Tuscan Grand Prix,0,0,0,,MEDIUM
59,0.11864406779661017,0,SOFT,Tuscan Grand Prix,0,0,0,,SOFT
59,0.13559322033898305,1,SOFT,Tuscan Grand Prix,0,0,0,,
60,0.2413793103448276,0,MEDIUM,Abu Dhabi Grand Prix,0,0,0,,HARD
60,0.39655172413793105,0,MEDIUM,Abu Dhabi Grand Prix,0,0,0,,HARD
60,0.22413793103448276,0,SOFT,Abu Dhabi Grand Prix,0,0,0,,HARD
60,0.6206896551724138,1,HARD,Abu Dhabi Grand Prix,1,0,0,,HARD
60,0.9137931034482759,2,HARD,Abu Dhabi Grand Prix,1,0,0,,SOFT
60,0.3103448275862069,0,SOFT,Abu Dhabi Grand Prix,0,0,0,,HARD
60,0.896551724137931,1,HARD,Abu Dhabi Grand Prix,1,0,0,,SOFT
60,0.5172413793103449,0,MEDIUM,Abu Dhabi Grand Prix,0,0,0,,HARD
60,0.3275862068965517,0,SOFT,Abu Dhabi Grand Prix,0,0,0,,HARD
60,0.25862068965517243,0,SOFT,Abu Dhabi Grand Prix,0,0,0,,HARD
60,0.603448275862069,1,HARD,Abu Dhabi Grand Prix,1,0,0,,MEDIUM
60,0.6206896551724138,0,HARD,Abu Dhabi Grand Prix,0,0,0,,MEDIUM
60,0.3620689655172414,0,MEDIUM,Abu Dhabi Grand Prix,0,0,0,,HARD
60,0.896551724137931,1,HARD,Abu Dhabi Grand Prix,1,0,0,,SOFT
60,0.6206896551724138,0,HARD,Abu Dhabi Grand Prix,0,0,0,,MEDIUM
60,0.9310344827586207,1,MEDIUM,Abu Dhabi Grand Prix,1,0,0,,SOFT
60,0.25862068965517243,0,SOFT,Abu Dhabi Grand Prix,0,0,0,,HARD
60,0.29310344827586204,0,SOFT,Abu Dhabi Grand Prix,0,0,0,,HARD
60,0.8275862068965517,1,HARD,Abu Dhabi Grand Prix,1,0,0,,MEDIUM
60,0.39655172413793105,0,MEDIUM,Abu Dhabi Grand Prix,0,0,0,,HARD
60,0.9137931034482759,1,HARD,Abu Dhabi Grand Prix,1,0,0,,SOFT
60,0.1724137931034483,0,SOFT,Abu Dhabi Grand Prix,0,0,0,,HARD
60,0.896551724137931,1,HARD,Abu Dhabi Grand Prix,1,0,0,,SOFT
61,0.43661971830985913,0,MEDIUM,Austrian Grand Prix,1,1,0,,HARD
61,0.7464788732394366,1,HARD,Austrian Grand Prix,1,1,0,,HARD
61,0.4507042253521127,0,MEDIUM,Austrian Grand Prix,1,1,0,,HARD
61,0.8450704225352113,1,HARD,Austrian Grand Prix,1,1,0,,HARD
61,0.4084507042253521,0,MEDIUM,Austrian Grand Prix,1,1,0,,HARD
61,0.4225352112676056,0,MEDIUM,Austrian Grand Prix,1,1,0,,HARD
61,0.676056338028169,0,HARD,Austrian Grand Prix,1,1,0,,MEDIUM
61,0.4788732394366197,0,MEDIUM,Austrian Grand Prix,1,1,0,,HARD
61,0.4507042253521127,0,MEDIUM,Austrian Grand Prix,1,1,0,,HARD
61,0.4507042253521127,0,MEDIUM,Austrian Grand Prix,1,1,0,,HARD
61,0.19718309859154928,0,SOFT,Austrian Grand Prix,1,1,0,,HARD
61,0.647887323943662,1,HARD,Austrian Grand Prix,1,1,0,,HARD
61,0.18309859154929578,0,SOFT,Austrian Grand Prix,1,1,0,,HARD
61,0.6338028169014085,1,HARD,Austrian Grand Prix,1,1,0,,HARD
61,0.5211267605633803,0,HARD,Austrian Grand Prix,1,1,0,,MEDIUM
61,0.4225352112676056,0,MEDIUM,Austrian Grand Prix,1,1,0,,HARD
61,0.014084507042253521,1,MEDIUM,Austrian Grand Prix,0,0,0,,HARD
61,0.4084507042253521,1,HARD,Austrian Grand Prix,1,1,0,,HARD
61,0.4225352112676056,0,MEDIUM,Austrian Grand Prix,1,1,0,,HARD
61,0.16901408450704225,0,SOFT,Austrian Grand Prix,1,1,0,,HARD
61,0.7183098591549296,1,HARD,Austrian Grand Prix,1,1,0,,HARD
62,0.21568627450980393,0,SOFT,Azerbaijan Grand Prix,0,0,0,,HARD
62,0.9215686274509803,1,HARD,Azerbaijan Grand Prix,1,0,0,,HARD
62,0.9411764705882353,2,HARD,Azerbaijan Grand Prix,1,0,0,,SOFT
62,0.35294117647058826,0,SOFT,Azerbaijan Grand Prix,0,0,0,,HARD
62,0.9215686274509803,1,HARD,Azerbaijan Grand Prix,1,0,0,,HARD
62,0.9411764705882353,2,HARD,Azerbaijan Grand Prix,1,0,0,,SOFT
62,0.21568627450980393,0,SOFT,Azerbaijan Grand Prix,0,0,0,,HARD
62,0.9215686274509803,1,HARD,Azerbaijan Grand Prix,1,0,0,,HARD
62,0.9411764705882353,2,HARD,Azerbaijan Grand Prix,1,0,0,,SOFT
62,0.21568627450980393,0,SOFT,Azerbaijan Grand Prix,0,0,0,,HARD
62,0.9215686274509803,1,HARD,Azerbaijan Grand Prix,1,0,0,,SOFT
62,0.9411764705882353,2,SOFT,Azerbaijan Grand Prix,1,0,0,,SOFT
62,0.19607843137254902,0,SOFT,Azerbaijan Grand Prix,0,0,0,,HARD
62,0.9215686274509803,1,HARD,Azerbaijan Grand Prix,1,0,0,,HARD
62,0.9411764705882353,2,HARD,Azerbaijan Grand Prix,1,0,0,,SOFT
62,0.17647058823529413,0,SOFT,Azerbaijan Grand Prix,0,0,0,,HARD
62,0.9215686274509803,1,HARD,Azerbaijan Grand Prix,1,0,0,,HARD
62,0.9411764705882353,2,HARD,Azerbaijan Grand Prix,1,0,0,,SOFT
62,0.2549019607843137,0,SOFT,Azerbaijan Grand Prix,0,0,0,,HARD
62,0.9215686274509803,1,HARD,Azerbaijan Grand Prix,1,0,0,,HARD
62,0.9411764705882353,2,HARD,Azerbaijan Grand Prix,1,0,0,,SOFT
62,0.21568627450980393,0,SOFT,Azerbaijan Grand Prix,0,0,0,,HARD
62,0.9215686274509803,1,HARD,Azerbaijan Grand Prix,1,0,0,,HARD
62,0.9411764705882353,2,HARD,Azerbaijan Grand Prix,1,0,0,,SOFT
62,0.2549019607843137,0,MEDIUM,Azerbaijan Grand Prix,0,0,0,,HARD
62,0.9215686274509803,1,HARD,Azerbaijan Grand Prix,1,0,0,,HARD
62,0.9411764705882353,2,HARD,Azerbaijan Grand Prix,1,0,0,,SOFT
62,0.13725490196078433,0,SOFT,Azerbaijan Grand Prix,0,0,0,,HARD
62,0.9215686274509803,1,HARD,Azerbaijan Grand Prix,1,0,0,,HARD
62,0.9411764705882353,2,HARD,Azerbaijan Grand Prix,1,0,0,,SOFT
62,0.17647058823529413,0,SOFT,Azerbaijan Grand Prix,0,0,0,,HARD
62,0.9215686274509803,1,HARD,Azerbaijan Grand Prix,1,0,0,,HARD
62,0.9411764705882353,2,HARD,Azerbaijan Grand Prix,1,0,0,,SOFT
63,0.23214285714285715,0,MEDIUM,Bahrain Grand Prix,0,0,0,,HARD
63,0.5,1,HARD,Bahrain Grand Prix,1,0,0,,HARD
63,0.42857142857142855,0,MEDIUM,Bahrain Grand Prix,0,0,0,,HARD
63,0.30357142857142855,0,MEDIUM,Bahrain Grand Prix,0,0,0,,MEDIUM
63,0.6964285714285714,1,MEDIUM,Bahrain Grand Prix,0,0,0,,HARD
63,0.23214285714285715,0,SOFT,Bahrain Grand Prix,0,0,0,,MEDIUM
63,0.5714285714285714,1,MEDIUM,Bahrain Grand Prix,1,0,0,,HARD
63,0.2857142857142857,0,MEDIUM,Bahrain Grand Prix,0,0,0,,HARD
63,0.5357142857142857,1,HARD,Bahrain Grand Prix,1,0,0,,HARD
63,0.9642857142857143,2,HARD,Bahrain Grand Prix,1,0,0,,MEDIUM
63,0.26785714285714285,0,SOFT,Bahrain Grand Prix,0,0,0,,MEDIUM
63,0.6607142857142857,1,MEDIUM,Bahrain Grand Prix,1,0,0,,HARD
63,0.21428571428571427,0,SOFT,Bahrain Grand Prix,0,0,0,,MEDIUM
63,0.5714285714285714,1,MEDIUM,Bahrain Grand Prix,1,0,0,,HARD
63,0.03571428571428571,0,MEDIUM,Bahrain Grand Prix,0,0,0,,MEDIUM
63,0.3392857142857143,1,MEDIUM,Bahrain Grand Prix,0,0,0,,HARD
63,0.6785714285714286,2,HARD,Bahrain Grand Prix,1,0,0,,MEDIUM
63,0.21428571428571427,0,SOFT,Bahrain Grand Prix,0,0,0,,MEDIUM
63,0.5,1,MEDIUM,Bahrain Grand Prix,1,0,0,,HARD
63,0.23214285714285715,0,SOFT,Bahrain Grand Prix,0,0,0,,MEDIUM
63,0.5535714285714286,1,MEDIUM,Bahrain Grand Prix,1,0,0,,HARD
63,0.23214285714285715,0,MEDIUM,Bahrain Grand Prix,0,0,0,,HARD
63,0.5178571428571429,1,HARD,Bahrain Grand Prix,1,0,0,,MEDIUM
63,0.21428571428571427,0,SOFT,Bahrain Grand Prix,0,0,0,,MEDIUM
63,0.5892857142857143,1,MEDIUM,Bahrain Grand Prix,1,0,0,,HARD
63,0.21428571428571427,0,MEDIUM,Bahrain Grand Prix,0,0,0,,HARD
63,0.5357142857142857,1,HARD,Bahrain Grand Prix,1,0,0,,MEDIUM
63,0.23214285714285715,0,SOFT,Bahrain Grand Prix,0,0,0,,MEDIUM
63,0.6428571428571429,1,MEDIUM,Bahrain Grand Prix,1,0,0,,MEDIUM
63,0.26785714285714285,0,MEDIUM,Bahrain Grand Prix,0,0,0,,HARD
63,0.5892857142857143,1,HARD,Bahrain Grand Prix,1,0,0,,HARD
64,1.0,0,,Belgian Grand Prix,0,0,0,,
64,1.0,0,,Belgian Grand Prix,0,0,0,,
64,1.0,0,,Belgian Grand Prix,0,0,0,,
64,1.0,0,,Belgian Grand Prix,0,0,0,,
64,1.0,0,,Belgian Grand Prix,0,0,0,,
64,1.0,0,,Belgian Grand Prix,0,0,0,,
64,1.0,0,,Belgian Grand Prix,0,0,0,,
64,1.0,0,,Belgian Grand Prix,0,0,0,,
64,1.0,0,,Belgian Grand Prix,0,0,0,,
64,1.0,0,,Belgian Grand Prix,0,0,0,,
64,1.0,0,,Belgian Grand Prix,0,0,0,,
64,1.0,0,,Belgian Grand Prix,0,0,0,,
64,1.0,0,,Belgian Grand Prix,0,0,0,,
64,1.0,0,,Belgian Grand Prix,0,0,0,,
64,1.0,0,,Belgian Grand Prix,0,0,0,,
65,0.038461538461538464,0,MEDIUM,British Grand Prix,0,0,0,,MEDIUM
65,0.5192307692307693,1,MEDIUM,British Grand Prix,0,0,0,,HARD
65,0.038461538461538464,0,MEDIUM,British Grand Prix,0,0,0,,MEDIUM
65,0.38461538461538464,1,MEDIUM,British Grand Prix,0,0,0,,HARD
65,0.038461538461538464,0,MEDIUM,British Grand Prix,0,0,0,,MEDIUM
65,0.4230769230769231,1,MEDIUM,British Grand Prix,0,0,0,,HARD
65,0.038461538461538464,0,MEDIUM,British Grand Prix,0,0,0,,MEDIUM
65,0.5384615384615384,1,MEDIUM,British Grand Prix,0,0,0,,HARD
65,0.038461538461538464,0,MEDIUM,British Grand Prix,0,0,0,,MEDIUM
65,0.5576923076923077,1,MEDIUM,British Grand Prix,0,0,0,,HARD
65,0.038461538461538464,0,MEDIUM,British Grand Prix,0,0,0,,MEDIUM
65,0.46153846153846156,1,MEDIUM,British Grand Prix,0,0,0,,HARD
65,0.038461538461538464,0,MEDIUM,British Grand Prix,0,0,0,,MEDIUM
65,0.4423076923076923,1,MEDIUM,British Grand Prix,0,0,0,,HARD
65,0.038461538461538464,0,MEDIUM,British Grand Prix,0,0,0,,MEDIUM
65,0.5384615384615384,1,MEDIUM,British Grand Prix,0,0,0,,HARD
65,0.8846153846153846,2,HARD,British Grand Prix,1,0,0,,SOFT
65,0.038461538461538464,0,MEDIUM,British Grand Prix,0,0,0,,MEDIUM
65,0.36538461538461536,1,MEDIUM,British Grand Prix,0,0,0,,HARD
65,0.038461538461538464,0,MEDIUM,British Grand Prix,0,0,0,,MEDIUM
65,0.34615384615384615,1,MEDIUM,British Grand Prix,0,0,0,,HARD
65,0.038461538461538464,0,MEDIUM,British Grand Prix,0,0,0,,MEDIUM
65,0.40384615384615385,1,MEDIUM,British Grand Prix,0,0,0,,HARD
65,0.038461538461538464,0,MEDIUM,British Grand Prix,0,0,0,,MEDIUM
65,0.4423076923076923,1,MEDIUM,British Grand Prix,0,0,0,,HARD
65,0.038461538461538464,0,MEDIUM,British Grand Prix,0,0,0,,MEDIUM
65,0.34615384615384615,1,MEDIUM,British Grand Prix,0,0,0,,HARD
65,0.038461538461538464,0,MEDIUM,British Grand Prix,0,0,0,,MEDIUM
65,0.36538461538461536,1,MEDIUM,British Grand Prix,0,0,0,,HARD
65,0.038461538461538464,0,MEDIUM,British Grand Prix,0,0,0,,MEDIUM
65,0.5769230769230769,1,MEDIUM,British Grand Prix,0,0,0,,HARD
66,0.2777777777777778,0,SOFT,Dutch Grand Prix,0,0,0,,MEDIUM
66,0.5416666666666666,1,MEDIUM,Dutch Grand Prix,1,0,0,,MEDIUM
66,0.9722222222222222,2,MEDIUM,Dutch Grand Prix,1,0,0,,SOFT
66,0.1388888888888889,0,SOFT,Dutch Grand Prix,0,0,0,,HARD
66,0.6111111111111112,1,HARD,Dutch Grand Prix,1,0,0,,MEDIUM
66,0.2916666666666667,0,SOFT,Dutch Grand Prix,0,0,0,,MEDIUM
66,0.5555555555555556,1,MEDIUM,Dutch Grand Prix,1,0,0,,HARD
66,0.4166666666666667,0,SOFT,Dutch Grand Prix,0,0,0,,HARD
66,0.4305555555555556,0,SOFT,Dutch Grand Prix,0,0,0,,MEDIUM
66,0.9305555555555556,1,MEDIUM,Dutch Grand Prix,1,0,0,,SOFT
66,0.4305555555555556,0,SOFT,Dutch Grand Prix,0,0,0,,HARD
66,0.4722222222222222,0,SOFT,Dutch Grand Prix,0,0,0,,HARD
66,0.1111111111111111,0,HARD,Dutch Grand Prix,0,0,0,,MEDIUM
66,0.6527777777777778,1,MEDIUM,Dutch Grand Prix,1,0,0,,SOFT
66,0.4583333333333333,0,SOFT,Dutch Grand Prix,0,0,0,,MEDIUM
66,0.375,0,SOFT,Dutch Grand Prix,0,0,0,,HARD
66,0.3333333333333333,0,SOFT,Dutch Grand Prix,0,0,0,,MEDIUM
66,0.4305555555555556,0,SOFT,Dutch Grand Prix,0,0,0,,MEDIUM
66,0.5833333333333334,0,MEDIUM,Dutch Grand Prix,0,0,0,,HARD
66,0.375,0,SOFT,Dutch Grand Prix,0,0,0,,MEDIUM
66,0.4583333333333333,1,MEDIUM,Dutch Grand Prix,1,0,0,,HARD
66,0.5555555555555556,0,MEDIUM,Dutch Grand Prix,0,0,0,,HARD
67,0.4444444444444444,0,INTERMEDIATE,Emilia Romagna Grand Prix,1,1,1,45.58226666666667,MEDIUM
67,0.49206349206349204,1,MEDIUM,Emilia Romagna Grand Prix,1,0,0,,MEDIUM
67,0.5079365079365079,2,MEDIUM,Emilia Romagna Grand Prix,1,0,0,,MEDIUM
67,0.5238095238095238,3,MEDIUM,Emilia Romagna Grand Prix,1,0,0,,MEDIUM
67,0.047619047619047616,0,INTERMEDIATE,Emilia Romagna Grand Prix,1,1,1,6.292383333333333,INTERMEDIATE
67,0.31746031746031744,1,INTERMEDIATE,Emilia Romagna Grand Prix,1,1,1,35.3104,MEDIUM
67,0.3492063492063492,2,MEDIUM,Emilia Romagna Grand Prix,1,1,1,39.00233333333333,MEDIUM
67,0.5079365079365079,3,MEDIUM,Emilia Romagna Grand Prix,1,1,1,55.48125,SOFT
67,0.5238095238095238,4,SOFT,Emilia Romagna Grand Prix,1,0,0,,SOFT
67,0.9682539682539683,5,SOFT,Emilia Romagna Grand Prix,1,1,0,,
67,0.42857142857142855,0,INTERMEDIATE,Emilia Romagna Grand Prix,1,1,1,44.120383333333336,MEDIUM
67,0.5238095238095238,1,MEDIUM,Emilia Romagna Grand Prix,1,1,1,54.33828333333334,MEDIUM
67,0.42857142857142855,0,INTERMEDIATE,Emilia Romagna Grand Prix,1,1,1,45.08646666666667,MEDIUM
67,0.5238095238095238,1,MEDIUM,Emilia Romagna Grand Prix,1,1,1,55.55806666666667,SOFT
67,0.42857142857142855,0,INTERMEDIATE,Emilia Romagna Grand Prix,1,1,1,44.98858333333333,MEDIUM
67,0.5238095238095238,1,MEDIUM,Emilia Romagna Grand Prix,1,1,1,55.373783333333336,MEDIUM
67,0.4444444444444444,0,INTERMEDIATE,Emilia Romagna Grand Prix,1,1,1,45.85556666666667,MEDIUM
67,0.5238095238095238,1,MEDIUM,Emilia Romagna Grand Prix,1,1,1,54.626666666666665,MEDIUM
67,0.4444444444444444,0,INTERMEDIATE,Emilia Romagna Grand Prix,1,1,1,46.102016666666664,MEDIUM
67,0.5238095238095238,1,MEDIUM,Emilia Romagna Grand Prix,1,1,1,55.317166666666665,SOFT
67,0.4444444444444444,0,INTERMEDIATE,Emilia Romagna Grand Prix,1,1,1,47.4348,MEDIUM
67,0.5079365079365079,1,MEDIUM,Emilia Romagna Grand Prix,1,1,1,54.75241666666667,MEDIUM
67,0.5238095238095238,2,MEDIUM,Emilia Romagna Grand Prix,1,0,0,,MEDIUM
67,0.42857142857142855,0,INTERMEDIATE,Emilia Romagna Grand Prix,1,1,1,45.39365,MEDIUM
67,0.5079365079365079,1,MEDIUM,Emilia Romagna Grand Prix,1,1,1,54.359183333333334,MEDIUM
67,0.5238095238095238,2,MEDIUM,Emilia Romagna Grand Prix,1,0,0,,MEDIUM
67,0.2222222222222222,0,WET,Emilia Romagna Grand Prix,1,1,1,26.29693333333333,INTERMEDIATE
67,0.4126984126984127,1,INTERMEDIATE,Emilia Romagna Grand Prix,1,1,1,44.88046666666666,MEDIUM
67,0.5079365079365079,2,MEDIUM,Emilia Romagna Grand Prix,1,1,1,55.42958333333333,MEDIUM
67,0.5238095238095238,3,MEDIUM,Emilia Romagna Grand Prix,1,0,0,,MEDIUM
67,0.015873015873015872,4,WET,Emilia Romagna Grand Prix,1,1,1,1.4016,INTERMEDIATE
67,0.42857142857142855,1,INTERMEDIATE,Emilia Romagna Grand Prix,1,1,1,43.243766666666666,MEDIUM
67,0.49206349206349204,2,MEDIUM,Emilia Romagna Grand Prix,1,1,1,49.92581666666667,SOFT
67,0.5079365079365079,3,SOFT,Emilia Romagna Grand Prix,1,1,1,52.337,MEDIUM
67,0.5238095238095238,4,MEDIUM,Emilia Romagna Grand Prix,1,0,0,,MEDIUM
67,0.4126984126984127,0,INTERMEDIATE,Emilia Romagna Grand Prix,1,1,1,44.042966666666665,MEDIUM
67,0.5079365079365079,1,MEDIUM,Emilia Romagna Grand Prix,1,1,1,54.403333333333336,MEDIUM
67,0.5238095238095238,2,MEDIUM,Emilia Romagna Grand Prix,1,0,0,,MEDIUM
67,0.4444444444444444,0,INTERMEDIATE,Emilia Romagna Grand Prix,1,1,1,46.31263333333333,MEDIUM
67,0.5238095238095238,1,MEDIUM,Emilia Romagna Grand Prix,1,1,1,55.23643333333333,SOFT
67,0.42857142857142855,0,INTERMEDIATE,Emilia Romagna Grand Prix,1,1,1,45.65985,MEDIUM
67,0.5079365079365079,1,MEDIUM,Emilia Romagna Grand Prix,1,1,1,54.584783333333334,MEDIUM
67,0.5238095238095238,2,MEDIUM,Emilia Romagna Grand Prix,1,0,0,,MEDIUM
67,0.6349206349206349,3,MEDIUM,Emilia Romagna Grand Prix,1,1,0,,MEDIUM
67,0.3968253968253968,0,INTERMEDIATE,Emilia Romagna Grand Prix,1,1,1,42.7827,MEDIUM
67,0.5079365079365079,1,MEDIUM,Emilia Romagna Grand Prix,1,1,1,54.546033333333334,SOFT
67,0.5238095238095238,2,SOFT,Emilia Romagna Grand Prix,1,0,0,,SOFT
68,0.3584905660377358,0,MEDIUM,French Grand Prix,0,0,0,,HARD
68,0.6981132075471698,0,HARD,French Grand Prix,0,0,0,,MEDIUM
68,0.33962264150943394,0,MEDIUM,French Grand Prix,0,0,0,,HARD
68,0.6037735849056604,1,HARD,French Grand Prix,1,0,0,,MEDIUM
68,0.3018867924528302,0,MEDIUM,French Grand Prix,0,0,0,,HARD
68,0.32075471698113206,0,MEDIUM,French Grand Prix,0,0,0,,HARD
68,0.32075471698113206,0,MEDIUM,French Grand Prix,0,0,0,,HARD
68,0.4528301886792453,0,MEDIUM,French Grand Prix,0,0,0,,HARD
68,0.33962264150943394,0,MEDIUM,French Grand Prix,0,0,0,,HARD
68,0.6415094339622641,0,HARD,French Grand Prix,0,0,0,,SOFT
68,0.32075471698113206,0,MEDIUM,French Grand Prix,0,0,0,,HARD
68,0.5283018867924528,0,HARD,French Grand Prix,0,0,0,,MEDIUM
68,0.4528301886792453,0,MEDIUM,French Grand Prix,0,0,0,,HARD
68,0.5283018867924528,0,HARD,French Grand Prix,0,0,0,,MEDIUM
68,0.32075471698113206,0,MEDIUM,French Grand Prix,0,0,0,,HARD
68,0.2830188679245283,0,MEDIUM,French Grand Prix,0,0,0,,HARD
69,0.02857142857142857,0,INTERMEDIATE,Hungarian Grand Prix,0,0,0,,INTERMEDIATE
69,0.05714285714285714,1,INTERMEDIATE,Hungarian Grand Prix,0,0,0,,MEDIUM
69,0.2714285714285714,2,MEDIUM,Hungarian Grand Prix,1,0,0,,HARD
69,0.6714285714285714,3,HARD,Hungarian Grand Prix,1,1,1,29.388233333333332,MEDIUM
69,0.014285714285714285,4,INTERMEDIATE,Hungarian Grand Prix,0,0,0,,INTERMEDIATE
69,0.02857142857142857,1,INTERMEDIATE,Hungarian Grand Prix,0,0,0,,INTERMEDIATE
69,0.04285714285714286,2,INTERMEDIATE,Hungarian Grand Prix,0,0,0,,MEDIUM
69,0.2857142857142857,3,MEDIUM,Hungarian Grand Prix,1,0,0,,HARD
69,0.5714285714285714,4,HARD,Hungarian Grand Prix,1,1,1,20.744816666666665,MEDIUM
69,0.02857142857142857,0,INTERMEDIATE,Hungarian Grand Prix,0,0,0,,INTERMEDIATE
69,0.04285714285714286,1,INTERMEDIATE,Hungarian Grand Prix,0,0,0,,MEDIUM
69,0.2857142857142857,2,MEDIUM,Hungarian Grand Prix,1,0,0,,HARD
69,0.02857142857142857,0,INTERMEDIATE,Hungarian Grand Prix,0,0,0,,INTERMEDIATE
69,0.04285714285714286,1,INTERMEDIATE,Hungarian Grand Prix,0,0,0,,MEDIUM
69,0.45714285714285713,2,MEDIUM,Hungarian Grand Prix,1,1,1,8.8569,HARD
69,0.02857142857142857,0,INTERMEDIATE,Hungarian Grand Prix,0,0,0,,INTERMEDIATE
69,0.04285714285714286,1,INTERMEDIATE,Hungarian Grand Prix,0,0,0,,MEDIUM
69,0.5571428571428572,2,MEDIUM,Hungarian Grand Prix,1,1,1,18.52305,HARD
69,0.02857142857142857,0,INTERMEDIATE,Hungarian Grand Prix,0,0,0,,INTERMEDIATE
69,0.04285714285714286,1,INTERMEDIATE,Hungarian Grand Prix,0,0,0,,MEDIUM
69,0.42857142857142855,2,MEDIUM,Hungarian Grand Prix,1,1,1,6.4153,HARD
69,0.9714285714285714,3,HARD,Hungarian Grand Prix,1,1,0,,SOFT
69,0.02857142857142857,0,INTERMEDIATE,Hungarian Grand Prix,0,0,0,,INTERMEDIATE
69,0.04285714285714286,1,INTERMEDIATE,Hungarian Grand Prix,0,0,0,,MEDIUM
69,0.5285714285714286,2,MEDIUM,Hungarian Grand Prix,1,1,1,15.530083333333334,HARD
69,0.02857142857142857,0,INTERMEDIATE,Hungarian Grand Prix,0,0,0,,INTERMEDIATE
69,0.04285714285714286,1,INTERMEDIATE,Hungarian Grand Prix,0,0,0,,MEDIUM
69,0.21428571428571427,2,MEDIUM,Hungarian Grand Prix,1,0,0,,HARD
69,0.7571428571428571,3,HARD,Hungarian Grand Prix,1,1,1,38.91015,SOFT
69,0.014285714285714285,4,INTERMEDIATE,Hungarian Grand Prix,0,0,0,,INTERMEDIATE
69,0.02857142857142857,1,INTERMEDIATE,Hungarian Grand Prix,0,0,0,,
69,0.014285714285714285,2,MEDIUM,Hungarian Grand Prix,0,0,0,,INTERMEDIATE
69,0.02857142857142857,1,INTERMEDIATE,Hungarian Grand Prix,1,0,0,,INTERMEDIATE
69,0.04285714285714286,2,INTERMEDIATE,Hungarian Grand Prix,1,0,0,,MEDIUM
69,0.15714285714285714,3,MEDIUM,Hungarian Grand Prix,1,0,0,,MEDIUM
69,0.4714285714285714,4,MEDIUM,Hungarian Grand Prix,1,1,1,11.592766666666666,HARD
69,0.02857142857142857,0,INTERMEDIATE,Hungarian Grand Prix,0,0,0,,INTERMEDIATE
69,0.04285714285714286,1,INTERMEDIATE,Hungarian Grand Prix,0,0,0,,MEDIUM
69,0.3,2,MEDIUM,Hungarian Grand Prix,1,0,0,,HARD
69,0.02857142857142857,0,INTERMEDIATE,Hungarian Grand Prix,0,0,0,,INTERMEDIATE
69,0.04285714285714286,1,INTERMEDIATE,Hungarian Grand Prix,0,0,0,,MEDIUM
69,0.32857142857142857,2,MEDIUM,Hungarian Grand Prix,1,0,0,,HARD
69,0.02857142857142857,0,INTERMEDIATE,Hungarian Grand Prix,0,0,0,,INTERMEDIATE
69,0.04285714285714286,1,INTERMEDIATE,Hungarian Grand Prix,0,0,0,,MEDIUM
69,0.3142857142857143,2,MEDIUM,Hungarian Grand Prix,1,0,0,,HARD
69,0.02857142857142857,0,INTERMEDIATE,Hungarian Grand Prix,0,0,0,,INTERMEDIATE
69,0.04285714285714286,1,INTERMEDIATE,Hungarian Grand Prix,0,0,0,,MEDIUM
69,0.4857142857142857,2,MEDIUM,Hungarian Grand Prix,1,1,1,12.562283333333333,HARD
69,0.014285714285714285,3,INTERMEDIATE,Hungarian Grand Prix,0,0,0,,INTERMEDIATE
69,0.02857142857142857,1,INTERMEDIATE,Hungarian Grand Prix,0,0,0,,INTERMEDIATE
69,0.04285714285714286,2,INTERMEDIATE,Hungarian Grand Prix,0,0,0,,
70,0.41509433962264153,0,MEDIUM,Italian Grand Prix,0,0,0,,HARD
70,0.49056603773584906,1,HARD,Italian Grand Prix,1,0,0,,MEDIUM
70,0.41509433962264153,0,MEDIUM,Italian Grand Prix,0,0,0,,HARD
70,0.49056603773584906,0,HARD,Italian Grand Prix,0,0,0,,MEDIUM
70,0.49056603773584906,0,MEDIUM,Italian Grand Prix,0,0,0,,HARD
70,0.49056603773584906,0,MEDIUM,Italian Grand Prix,0,0,0,,HARD
70,0.49056603773584906,0,MEDIUM,Italian Grand Prix,0,0,0,,HARD
70,0.4716981132075472,0,MEDIUM,Italian Grand Prix,0,0,0,,HARD
70,0.4716981132075472,0,MEDIUM,Italian Grand Prix,0,0,0,,HARD
70,0.49056603773584906,0,MEDIUM,Italian Grand Prix,0,0,0,,HARD
70,0.4528301886792453,0,MEDIUM,Italian Grand Prix,0,0,0,,HARD
70,0.018867924528301886,1,MEDIUM,Italian Grand Prix,0,0,0,,HARD
70,0.4716981132075472,1,HARD,Italian Grand Prix,1,0,0,,MEDIUM
70,0.49056603773584906,0,MEDIUM,Italian Grand Prix,0,0,0,,HARD
70,0.49056603773584906,0,HARD,Italian Grand Prix,0,0,0,,MEDIUM
70,0.4339622641509434,0,MEDIUM,Italian Grand Prix,0,0,0,,HARD
70,0.4339622641509434,0,MEDIUM,Italian Grand Prix,0,0,0,,HARD
71,0.4084507042253521,0,MEDIUM,Mexico City Grand Prix,0,0,0,,HARD
71,0.4647887323943662,0,MEDIUM,Mexico City Grand Prix,0,0,0,,HARD
71,0.4647887323943662,0,MEDIUM,Mexico City Grand Prix,0,0,0,,HARD
71,0.014084507042253521,1,MEDIUM,Mexico City Grand Prix,0,0,0,,HARD
71,0.5352112676056338,1,HARD,Mexico City Grand Prix,1,0,0,,MEDIUM
71,0.5915492957746479,0,MEDIUM,Mexico City Grand Prix,0,0,0,,HARD
71,0.4225352112676056,0,MEDIUM,Mexico City Grand Prix,0,0,0,,HARD
71,0.5633802816901409,0,MEDIUM,Mexico City Grand Prix,0,0,0,,HARD
71,0.5492957746478874,0,MEDIUM,Mexico City Grand Prix,0,0,0,,HARD
71,0.16901408450704225,0,MEDIUM,Mexico City Grand Prix,0,0,0,,HARD
71,0.4788732394366197,1,HARD,Mexico City Grand Prix,1,0,0,,MEDIUM
71,0.43661971830985913,0,MEDIUM,Mexico City Grand Prix,0,0,0,,HARD
71,0.19718309859154928,0,SOFT,Mexico City Grand Prix,0,0,0,,HARD
71,0.4507042253521127,0,MEDIUM,Mexico City Grand Prix,0,0,0,,HARD
71,0.6197183098591549,0,MEDIUM,Mexico City Grand Prix,0,0,0,,HARD
71,0.22535211267605634,0,MEDIUM,Mexico City Grand Prix,0,0,0,,HARD
72,0.3717948717948718,0,SOFT,Monaco Grand Prix,0,0,0,,HARD
72,0.8589743589743589,1,HARD,Monaco Grand Prix,1,0,0,,SOFT
72,0.3974358974358974,0,SOFT,Monaco Grand Prix,0,0,0,,HARD
72,0.4358974358974359,0,SOFT,Monaco Grand Prix,0,0,0,,HARD
72,0.46153846153846156,0,MEDIUM,Monaco Grand Prix,0,0,0,,HARD
72,0.41025641025641024,0,SOFT,Monaco Grand Prix,0,0,0,,HARD
72,0.44871794871794873,0,SOFT,Monaco Grand Prix,0,0,0,,HARD
72,0.5769230769230769,0,MEDIUM,Monaco Grand Prix,0,0,0,,SOFT
72,0.7435897435897436,0,HARD,Monaco Grand Prix,0,0,0,,SOFT
72,0.38461538461538464,0,SOFT,Monaco Grand Prix,0,0,0,,HARD
72,0.47435897435897434,0,SOFT,Monaco Grand Prix,0,0,0,,MEDIUM
72,0.5512820512820513,0,MEDIUM,Monaco Grand Prix,0,0,0,,HARD
72,0.38461538461538464,0,SOFT,Monaco Grand Prix,0,0,0,,HARD
72,0.4230769230769231,0,SOFT,Monaco Grand Prix,0,0,0,,HARD
72,0.3974358974358974,0,MEDIUM,Monaco Grand Prix,0,0,0,,HARD
72,0.5512820512820513,0,MEDIUM,Monaco Grand Prix,0,0,0,,HARD
73,0.030303030303030304,0,MEDIUM,Portuguese Grand Prix,0,0,0,,MEDIUM
73,0.045454545454545456,1,MEDIUM,Portuguese Grand Prix,0,0,0,,MEDIUM
73,0.5606060606060606,2,MEDIUM,Portuguese Grand Prix,0,0,0,,HARD
73,0.030303030303030304,0,SOFT,Portuguese Grand Prix,0,0,0,,SOFT
73,0.045454545454545456,1,SOFT,Portuguese Grand Prix,0,0,0,,SOFT
73,0.3333333333333333,2,SOFT,Portuguese Grand Prix,0,0,0,,MEDIUM
73,0.030303030303030304,0,MEDIUM,Portuguese Grand Prix,0,0,0,,MEDIUM
73,0.045454545454545456,1,MEDIUM,Portuguese Grand Prix,0,0,0,,MEDIUM
73,0.6212121212121212,2,MEDIUM,Portuguese Grand Prix,0,0,0,,HARD
73,0.030303030303030304,0,SOFT,Portuguese Grand Prix,0,0,0,,SOFT
73,0.045454545454545456,1,SOFT,Portuguese Grand Prix,0,0,0,,SOFT
73,0.3181818181818182,2,SOFT,Portuguese Grand Prix,0,0,0,,MEDIUM
73,0.030303030303030304,0,MEDIUM,Portuguese Grand Prix,0,0,0,,MEDIUM
73,0.045454545454545456,1,MEDIUM,Portuguese Grand Prix,0,0,0,,MEDIUM
73,0.3787878787878788,2,MEDIUM,Portuguese Grand Prix,0,0,0,,HARD
73,0.030303030303030304,0,MEDIUM,Portuguese Grand Prix,0,0,0,,MEDIUM
73,0.045454545454545456,1,MEDIUM,Portuguese Grand Prix,0,0,0,,MEDIUM
73,0.7727272727272727,2,MEDIUM,Portuguese Grand Prix,0,0,0,,SOFT
73,0.030303030303030304,0,MEDIUM,Portuguese Grand Prix,0,0,0,,MEDIUM
73,0.045454545454545456,1,MEDIUM,Portuguese Grand Prix,0,0,0,,MEDIUM
73,0.6060606060606061,2,MEDIUM,Portuguese Grand Prix,0,0,0,,HARD
73,0.030303030303030304,0,SOFT,Portuguese Grand Prix,0,0,0,,SOFT
73,0.045454545454545456,1,SOFT,Portuguese Grand Prix,0,0,0,,SOFT
73,0.5909090909090909,2,SOFT,Portuguese Grand Prix,0,0,0,,MEDIUM
73,0.030303030303030304,0,SOFT,Portuguese Grand Prix,0,0,0,,SOFT
73,0.045454545454545456,1,SOFT,Portuguese Grand Prix,0,0,0,,SOFT
73,0.36363636363636365,2,SOFT,Portuguese Grand Prix,0,0,0,,MEDIUM
73,0.030303030303030304,0,SOFT,Portuguese Grand Prix,0,0,0,,SOFT
73,0.045454545454545456,1,SOFT,Portuguese Grand Prix,0,0,0,,SOFT
73,0.3333333333333333,2,SOFT,Portuguese Grand Prix,0,0,0,,HARD
73,0.030303030303030304,0,SOFT,Portuguese Grand Prix,0,0,0,,SOFT
73,0.045454545454545456,1,SOFT,Portuguese Grand Prix,0,0,0,,SOFT
73,0.3333333333333333,2,SOFT,Portuguese Grand Prix,0,0,0,,MEDIUM
73,0.030303030303030304,0,MEDIUM,Portuguese Grand Prix,0,0,0,,MEDIUM
73,0.045454545454545456,1,MEDIUM,Portuguese Grand Prix,0,0,0,,MEDIUM
73,0.3333333333333333,2,MEDIUM,Portuguese Grand Prix,0,0,0,,HARD
73,0.030303030303030304,0,MEDIUM,Portuguese Grand Prix,0,0,0,,MEDIUM
73,0.045454545454545456,1,MEDIUM,Portuguese Grand Prix,0,0,0,,MEDIUM
73,0.3181818181818182,2,MEDIUM,Portuguese Grand Prix,0,0,0,,HARD
74,0.3157894736842105,0,MEDIUM,Qatar Grand Prix,0,0,0,,HARD
74,0.7368421052631579,1,HARD,Qatar Grand Prix,1,1,0,,MEDIUM
74,0.45614035087719296,0,SOFT,Qatar Grand Prix,1,1,0,,MEDIUM
74,0.2982456140350877,0,MEDIUM,Qatar Grand Prix,0,0,0,,HARD
74,0.7192982456140351,1,HARD,Qatar Grand Prix,1,1,0,,MEDIUM
74,0.9649122807017544,2,MEDIUM,Qatar Grand Prix,1,1,0,,SOFT
74,0.45614035087719296,0,MEDIUM,Qatar Grand Prix,1,1,0,,HARD
74,0.47368421052631576,0,MEDIUM,Qatar Grand Prix,1,1,0,,HARD
74,0.47368421052631576,0,MEDIUM,Qatar Grand Prix,1,1,0,,HARD
74,0.3333333333333333,0,MEDIUM,Qatar Grand Prix,0,0,0,,HARD
74,0.7192982456140351,1,HARD,Qatar Grand Prix,1,1,0,,MEDIUM
74,0.40350877192982454,0,SOFT,Qatar Grand Prix,1,1,1,2.326783333333333,HARD
74,0.40350877192982454,0,MEDIUM,Qatar Grand Prix,1,1,1,2.65725,HARD
74,0.22807017543859648,0,SOFT,Qatar Grand Prix,0,0,0,,MEDIUM
74,0.6140350877192983,1,MEDIUM,Qatar Grand Prix,1,1,0,,MEDIUM
74,0.42105263157894735,0,SOFT,Qatar Grand Prix,1,1,0,,HARD
74,0.17543859649122806,0,SOFT,Qatar Grand Prix,0,0,0,,MEDIUM
74,0.5263157894736842,1,MEDIUM,Qatar Grand Prix,1,1,0,,HARD
74,0.43859649122807015,0,SOFT,Qatar Grand Prix,1,1,0,,HARD
74,0.8596491228070176,1,HARD,Qatar Grand Prix,1,1,0,,MEDIUM
74,0.2631578947368421,0,SOFT,Qatar Grand Prix,0,0,0,,MEDIUM
74,0.5614035087719298,1,MEDIUM,Qatar Grand Prix,1,1,0,,MEDIUM
74,0.15789473684210525,0,SOFT,Qatar Grand Prix,0,0,0,,MEDIUM
74,0.5964912280701754,1,MEDIUM,Qatar Grand Prix,1,1,0,,HARD
75,0.49056603773584906,0,MEDIUM,Russian Grand Prix,0,0,0,,HARD
75,0.9245283018867925,1,HARD,Russian Grand Prix,1,0,0,,INTERMEDIATE
75,0.49056603773584906,0,MEDIUM,Russian Grand Prix,0,0,0,,HARD
75,0.9433962264150944,1,HARD,Russian Grand Prix,1,0,0,,INTERMEDIATE
75,0.49056603773584906,0,HARD,Russian Grand Prix,0,0,0,,MEDIUM
75,0.9056603773584906,1,MEDIUM,Russian Grand Prix,1,0,0,,INTERMEDIATE
75,0.41509433962264153,0,MEDIUM,Russian Grand Prix,0,0,0,,HARD
75,0.9056603773584906,1,HARD,Russian Grand Prix,1,0,0,,INTERMEDIATE
75,0.5283018867924528,0,HARD,Russian Grand Prix,0,0,0,,MEDIUM
75,0.8867924528301887,1,MEDIUM,Russian Grand Prix,1,0,0,,INTERMEDIATE
75,0.2641509433962264,0,MEDIUM,Russian Grand Prix,0,0,0,,HARD
75,0.9056603773584906,1,HARD,Russian Grand Prix,1,0,0,,INTERMEDIATE
75,0.660377358490566,0,HARD,Russian Grand Prix,0,0,0,,MEDIUM
75,0.9622641509433962,1,MEDIUM,Russian Grand Prix,1,0,0,,INTERMEDIATE
75,0.6792452830188679,0,HARD,Russian Grand Prix,0,0,0,,MEDIUM
75,0.9433962264150944,1,MEDIUM,Russian Grand Prix,1,0,0,,INTERMEDIATE
75,0.6792452830188679,0,HARD,Russian Grand Prix,0,0,0,,MEDIUM
75,0.9433962264150944,1,MEDIUM,Russian Grand Prix,1,0,0,,INTERMEDIATE
75,0.22641509433962265,0,MEDIUM,Russian Grand Prix,0,0,0,,HARD
75,0.9056603773584906,1,HARD,Russian Grand Prix,1,0,0,,INTERMEDIATE
75,0.6226415094339622,0,HARD,Russian Grand Prix,0,0,0,,MEDIUM
75,0.9433962264150944,1,MEDIUM,Russian Grand Prix,1,0,0,,INTERMEDIATE
75,0.2830188679245283,0,MEDIUM,Russian Grand Prix,0,0,0,,HARD
75,0.9433962264150944,1,HARD,Russian Grand Prix,1,0,0,,INTERMEDIATE
75,0.2830188679245283,0,MEDIUM,Russian Grand Prix,0,0,0,,HARD
75,0.8867924528301887,1,HARD,Russian Grand Prix,1,0,0,,INTERMEDIATE
75,0.5283018867924528,0,MEDIUM,Russian Grand Prix,0,0,0,,HARD
75,0.9622641509433962,1,HARD,Russian Grand Prix,1,0,0,,INTERMEDIATE
75,0.24528301886792453,0,MEDIUM,Russian Grand Prix,0,0,0,,HARD
75,0.8867924528301887,1,HARD,Russian Grand Prix,1,0,0,,INTERMEDIATE
76,0.2,0,MEDIUM,Saudi Arabian Grand Prix,0,0,0,,HARD
76,0.26,1,HARD,Saudi Arabian Grand Prix,1,0,0,,HARD
76,0.3,2,HARD,Saudi Arabian Grand Prix,1,0,0,,HARD
76,0.26,0,MEDIUM,Saudi Arabian Grand Prix,0,0,0,,HARD
76,0.3,1,HARD,Saudi Arabian Grand Prix,1,0,0,,MEDIUM
76,0.26,0,HARD,Saudi Arabian Grand Prix,0,0,0,,MEDIUM
76,0.3,1,MEDIUM,Saudi Arabian Grand Prix,1,0,0,,MEDIUM
76,0.2,0,MEDIUM,Saudi Arabian Grand Prix,0,0,0,,HARD
76,0.26,1,HARD,Saudi Arabian Grand Prix,1,0,0,,HARD
76,0.3,2,HARD,Saudi Arabian Grand Prix,1,0,0,,MEDIUM
76,0.26,0,HARD,Saudi Arabian Grand Prix,0,0,0,,MEDIUM
76,0.3,1,MEDIUM,Saudi Arabian Grand Prix,1,0,0,,MEDIUM
76,0.2,0,MEDIUM,Saudi Arabian Grand Prix,0,0,0,,HARD
76,0.26,1,HARD,Saudi Arabian Grand Prix,1,0,0,,HARD
76,0.3,2,HARD,Saudi Arabian Grand Prix,1,0,0,,HARD
76,0.18,0,MEDIUM,Saudi Arabian Grand Prix,0,0,0,,HARD
76,0.26,1,HARD,Saudi Arabian Grand Prix,1,0,0,,HARD
76,0.3,2,HARD,Saudi Arabian Grand Prix,1,0,0,,MEDIUM
76,0.26,0,MEDIUM,Saudi Arabian Grand Prix,0,0,0,,HARD
76,0.3,1,HARD,Saudi Arabian Grand Prix,1,0,0,,HARD
76,0.26,0,MEDIUM,Saudi Arabian Grand Prix,0,0,0,,HARD
76,0.3,1,HARD,Saudi Arabian Grand Prix,1,0,0,,HARD
76,0.26,0,MEDIUM,Saudi Arabian Grand Prix,0,0,0,,HARD
76,0.3,1,HARD,Saudi Arabian Grand Prix,1,0,0,,HARD
76,0.52,2,HARD,Saudi Arabian Grand Prix,1,0,0,,MEDIUM
76,0.2,0,SOFT,Saudi Arabian Grand Prix,0,0,0,,HARD
76,0.26,1,HARD,Saudi Arabian Grand Prix,1,0,0,,HARD
76,0.3,2,HARD,Saudi Arabian Grand Prix,1,0,0,,HARD
76,0.26,0,MEDIUM,Saudi Arabian Grand Prix,0,0,0,,HARD
76,0.3,1,HARD,Saudi Arabian Grand Prix,1,0,0,,HARD
76,0.2,0,MEDIUM,Saudi Arabian Grand Prix,0,0,0,,HARD
76,0.26,1,HARD,Saudi Arabian Grand Prix,1,0,0,,MEDIUM
76,0.3,2,MEDIUM,Saudi Arabian Grand Prix,1,0,0,,HARD
76,0.26,0,MEDIUM,Saudi Arabian Grand Prix,0,0,0,,HARD
76,0.3,1,HARD,Saudi Arabian Grand Prix,1,0,0,,MEDIUM
76,0.46,2,MEDIUM,Saudi Arabian Grand Prix,1,0,0,,HARD
77,0.42424242424242425,0,SOFT,Spanish Grand Prix,0,0,0,,MEDIUM
77,0.6363636363636364,1,MEDIUM,Spanish Grand Prix,1,0,0,,MEDIUM
77,0.3181818181818182,0,SOFT,Spanish Grand Prix,0,0,0,,MEDIUM
77,0.5757575757575758,1,MEDIUM,Spanish Grand Prix,1,0,0,,SOFT
77,0.36363636363636365,0,SOFT,Spanish Grand Prix,0,0,0,,MEDIUM
77,0.9090909090909091,1,MEDIUM,Spanish Grand Prix,1,0,0,,SOFT
77,0.3787878787878788,0,SOFT,Spanish Grand Prix,0,0,0,,MEDIUM
77,0.696969696969697,1,MEDIUM,Spanish Grand Prix,1,0,0,,SOFT
77,0.3484848484848485,0,SOFT,Spanish Grand Prix,0,0,0,,MEDIUM
77,0.803030303030303,1,MEDIUM,Spanish Grand Prix,1,0,0,,SOFT
77,0.3333333333333333,0,SOFT,Spanish Grand Prix,0,0,0,,MEDIUM
77,0.696969696969697,1,MEDIUM,Spanish Grand Prix,1,0,0,,SOFT
77,0.42424242424242425,0,SOFT,Spanish Grand Prix,0,0,0,,MEDIUM
77,0.8787878787878788,1,MEDIUM,Spanish Grand Prix,1,0,0,,SOFT
77,0.4090909090909091,0,SOFT,Spanish Grand Prix,0,0,0,,MEDIUM
77,0.8636363636363636,1,MEDIUM,Spanish Grand Prix,1,0,0,,SOFT
77,0.3333333333333333,0,SOFT,Spanish Grand Prix,0,0,0,,MEDIUM
77,0.5909090909090909,1,MEDIUM,Spanish Grand Prix,1,0,0,,SOFT
77,0.2727272727272727,0,SOFT,Spanish Grand Prix,0,0,0,,MEDIUM
77,0.7121212121212122,1,MEDIUM,Spanish Grand Prix,1,0,0,,SOFT
77,0.3484848484848485,0,SOFT,Spanish Grand Prix,0,0,0,,MEDIUM
77,0.5606060606060606,0,MEDIUM,Spanish Grand Prix,0,0,0,,SOFT
77,0.3484848484848485,0,SOFT,Spanish Grand Prix,0,0,0,,MEDIUM
77,0.7727272727272727,1,MEDIUM,Spanish Grand Prix,1,0,0,,SOFT
77,0.12121212121212122,0,SOFT,Spanish Grand Prix,0,0,0,,MEDIUM
77,0.5909090909090909,1,MEDIUM,Spanish Grand Prix,1,0,0,,SOFT
77,0.13636363636363635,0,SOFT,Spanish Grand Prix,0,0,0,,MEDIUM
77,0.42424242424242425,1,MEDIUM,Spanish Grand Prix,1,0,0,,MEDIUM
78,0.39436619718309857,0,MEDIUM,Styrian Grand Prix,0,0,0,,HARD
78,0.971830985915493,1,HARD,Styrian Grand Prix,1,0,0,,SOFT
78,0.38028169014084506,0,MEDIUM,Styrian Grand Prix,0,0,0,,HARD
78,0.4084507042253521,0,MEDIUM,Styrian Grand Prix,0,0,0,,HARD
78,0.5774647887323944,0,MEDIUM,Styrian Grand Prix,0,0,0,,HARD
78,0.38028169014084506,0,MEDIUM,Styrian Grand Prix,0,0,0,,HARD
78,0.5774647887323944,0,MEDIUM,Styrian Grand Prix,0,0,0,,HARD
78,0.014084507042253521,1,SOFT,Styrian Grand Prix,0,0,0,,HARD
78,0.5211267605633803,1,HARD,Styrian Grand Prix,1,0,0,,MEDIUM
78,0.36619718309859156,0,SOFT,Styrian Grand Prix,0,0,0,,HARD
78,0.7605633802816901,1,HARD,Styrian Grand Prix,1,0,0,,MEDIUM
78,0.38028169014084506,0,SOFT,Styrian Grand Prix,0,0,0,,HARD
78,0.39436619718309857,0,SOFT,Styrian Grand Prix,0,0,0,,HARD
78,0.5070422535211268,0,MEDIUM,Styrian Grand Prix,0,0,0,,HARD
78,0.5070422535211268,0,HARD,Styrian Grand Prix,0,0,0,,MEDIUM
78,0.43661971830985913,0,SOFT,Styrian Grand Prix,0,0,0,,HARD
78,0.323943661971831,0,MEDIUM,Styrian Grand Prix,0,0,0,,HARD
78,0.36619718309859156,0,SOFT,Styrian Grand Prix,0,0,0,,HARD
79,0.09859154929577464,0,MEDIUM,São Paulo Grand Prix,0,0,0,,MEDIUM
79,0.11267605633802817,1,MEDIUM,São Paulo Grand Prix,0,0,0,,MEDIUM
79,0.4788732394366197,2,MEDIUM,São Paulo Grand Prix,0,0,0,,HARD
79,0.09859154929577464,0,MEDIUM,São Paulo Grand Prix,0,0,0,,MEDIUM
79,0.11267605633802817,1,MEDIUM,São Paulo Grand Prix,0,0,0,,MEDIUM
79,0.4225352112676056,2,MEDIUM,São Paulo Grand Prix,0,0,0,,HARD
80,0.8620689655172413,0,INTERMEDIATE,Turkish Grand Prix,0,0,0,,INTERMEDIATE
80,0.6206896551724138,0,INTERMEDIATE,Turkish Grand Prix,0,0,0,,INTERMEDIATE
80,0.3620689655172414,0,INTERMEDIATE,Turkish Grand Prix,0,0,0,,INTERMEDIATE
80,0.6379310344827587,0,INTERMEDIATE,Turkish Grand Prix,0,0,0,,INTERMEDIATE
80,0.6206896551724138,0,INTERMEDIATE,Turkish Grand Prix,0,0,0,,INTERMEDIATE
80,0.8103448275862069,0,INTERMEDIATE,Turkish Grand Prix,0,0,0,,INTERMEDIATE
80,0.6379310344827587,0,INTERMEDIATE,Turkish Grand Prix,0,0,0,,INTERMEDIATE
80,0.6724137931034483,0,INTERMEDIATE,Turkish Grand Prix,0,0,0,,INTERMEDIATE
80,0.6724137931034483,0,INTERMEDIATE,Turkish Grand Prix,0,0,0,,INTERMEDIATE
80,0.6379310344827587,0,INTERMEDIATE,Turkish Grand Prix,0,0,0,,INTERMEDIATE
80,0.5862068965517241,0,INTERMEDIATE,Turkish Grand Prix,0,0,0,,INTERMEDIATE
80,0.6896551724137931,0,INTERMEDIATE,Turkish Grand Prix,0,0,0,,INTERMEDIATE
80,0.603448275862069,0,INTERMEDIATE,Turkish Grand Prix,0,0,0,,INTERMEDIATE
80,0.603448275862069,0,INTERMEDIATE,Turkish Grand Prix,0,0,0,,INTERMEDIATE
81,0.23214285714285715,0,MEDIUM,United States Grand Prix,0,0,0,,HARD
81,0.6607142857142857,1,HARD,United States Grand Prix,1,0,0,,HARD
81,0.30357142857142855,0,MEDIUM,United States Grand Prix,0,0,0,,MEDIUM
81,0.6785714285714286,1,MEDIUM,United States Grand Prix,0,0,0,,HARD
81,0.17857142857142858,0,MEDIUM,United States Grand Prix,0,0,0,,HARD
81,0.5178571428571429,1,HARD,United States Grand Prix,1,0,0,,HARD
81,0.19642857142857142,0,MEDIUM,United States Grand Prix,0,0,0,,HARD
81,0.5357142857142857,1,HARD,United States Grand Prix,1,0,0,,HARD
81,0.26785714285714285,0,MEDIUM,United States Grand Prix,0,0,0,,HARD
81,0.6071428571428571,1,HARD,United States Grand Prix,1,0,0,,HARD
81,0.19642857142857142,0,SOFT,United States Grand Prix,0,0,0,,HARD
81,0.5178571428571429,1,HARD,United States Grand Prix,1,0,0,,HARD
81,0.21428571428571427,0,MEDIUM,United States Grand Prix,0,0,0,,HARD
81,0.5714285714285714,1,HARD,United States Grand Prix,1,0,0,,HARD
81,0.21428571428571427,0,MEDIUM,United States Grand Prix,0,0,0,,MEDIUM
81,0.5357142857142857,1,MEDIUM,United States Grand Prix,0,0,0,,HARD
81,0.32142857142857145,0,MEDIUM,United States Grand Prix,0,0,0,,MEDIUM
81,0.6071428571428571,1,MEDIUM,United States Grand Prix,0,0,0,,HARD
81,0.21428571428571427,0,MEDIUM,United States Grand Prix,0,0,0,,MEDIUM
81,0.5535714285714286,1,MEDIUM,United States Grand Prix,0,0,0,,HARD
81,0.17857142857142858,0,MEDIUM,United States Grand Prix,0,0,0,,HARD
81,0.5357142857142857,1,HARD,United States Grand Prix,1,0,0,,HARD
81,0.14285714285714285,0,MEDIUM,United States Grand Prix,0,0,0,,MEDIUM
81,0.4642857142857143,1,MEDIUM,United States Grand Prix,0,0,0,,HARD
81,0.16071428571428573,0,MEDIUM,United States Grand Prix,0,0,0,,HARD
81,0.5535714285714286,1,HARD,United States Grand Prix,1,0,0,,HARD
81,0.08928571428571429,0,MEDIUM,United States Grand Prix,0,0,0,,HARD
81,0.44642857142857145,1,HARD,United States Grand Prix,1,0,0,,HARD
81,0.16071428571428573,0,SOFT,United States Grand Prix,0,0,0,,HARD
81,0.5714285714285714,1,HARD,United States Grand Prix,1,0,0,,HARD
82,0.43103448275862066,0,MEDIUM,Abu Dhabi Grand Prix,0,0,0,,HARD
82,0.3448275862068966,0,MEDIUM,Abu Dhabi Grand Prix,0,0,0,,HARD
82,0.3275862068965517,0,MEDIUM,Abu Dhabi Grand Prix,0,0,0,,HARD
82,0.5172413793103449,0,HARD,Abu Dhabi Grand Prix,0,0,0,,MEDIUM
82,0.29310344827586204,0,MEDIUM,Abu Dhabi Grand Prix,0,0,0,,HARD
82,0.6724137931034483,1,HARD,Abu Dhabi Grand Prix,1,0,0,,HARD
82,0.3620689655172414,0,MEDIUM,Abu Dhabi Grand Prix,0,0,0,,HARD
82,0.25862068965517243,0,MEDIUM,Abu Dhabi Grand Prix,0,0,0,,HARD
82,0.5689655172413793,1,HARD,Abu Dhabi Grand Prix,1,0,0,,HARD
82,0.22413793103448276,0,MEDIUM,Abu Dhabi Grand Prix,0,0,0,,HARD
82,0.6896551724137931,1,HARD,Abu Dhabi Grand Prix,1,0,0,,MEDIUM
82,0.2413793103448276,0,SOFT,Abu Dhabi Grand Prix,0,0,0,,HARD
82,0.2413793103448276,0,MEDIUM,Abu Dhabi Grand Prix,0,0,0,,HARD
82,0.7068965517241379,1,HARD,Abu Dhabi Grand Prix,1,0,0,,HARD
82,0.20689655172413793,0,MEDIUM,Abu Dhabi Grand Prix,0,0,0,,HARD
82,0.603448275862069,1,HARD,Abu Dhabi Grand Prix,1,0,0,,MEDIUM
82,0.25862068965517243,0,MEDIUM,Abu Dhabi Grand Prix,0,0,0,,HARD
82,0.7241379310344828,1,HARD,Abu Dhabi Grand Prix,1,0,0,,MEDIUM
82,0.25862068965517243,0,MEDIUM,Abu Dhabi Grand Prix,0,0,0,,HARD
82,0.6724137931034483,1,HARD,Abu Dhabi Grand Prix,1,0,0,,MEDIUM
82,0.2413793103448276,0,MEDIUM,Abu Dhabi Grand Prix,0,0,0,,HARD
82,0.6551724137931034,1,HARD,Abu Dhabi Grand Prix,1,0,0,,SOFT
82,0.25862068965517243,0,MEDIUM,Abu Dhabi Grand Prix,0,0,0,,HARD
82,0.7586206896551724,1,HARD,Abu Dhabi Grand Prix,1,0,0,,SOFT
83,0.3793103448275862,0,MEDIUM,Australian Grand Prix,0,0,0,,HARD
83,0.3620689655172414,0,MEDIUM,Australian Grand Prix,0,0,0,,HARD
83,0.3793103448275862,0,MEDIUM,Australian Grand Prix,0,0,0,,HARD
83,0.3793103448275862,0,MEDIUM,Australian Grand Prix,0,0,0,,HARD
83,0.3448275862068966,0,MEDIUM,Australian Grand Prix,0,0,0,,HARD
83,0.6724137931034483,0,HARD,Australian Grand Prix,0,0,0,,MEDIUM
83,0.05172413793103448,0,HARD,Australian Grand Prix,0,0,0,,MEDIUM
83,0.06896551724137931,1,MEDIUM,Australian Grand Prix,1,0,0,,HARD
83,0.39655172413793105,2,HARD,Australian Grand Prix,1,0,0,,HARD
83,0.3620689655172414,0,MEDIUM,Australian Grand Prix,0,0,0,,HARD
83,0.29310344827586204,0,MEDIUM,Australian Grand Prix,0,0,0,,HARD
83,0.9827586206896551,0,HARD,Australian Grand Prix,0,0,0,,SOFT
83,0.3448275862068966,0,MEDIUM,Australian Grand Prix,0,0,0,,HARD
83,0.39655172413793105,0,MEDIUM,Australian Grand Prix,0,0,0,,HARD
83,0.3103448275862069,0,MEDIUM,Australian Grand Prix,0,0,0,,HARD
83,0.2413793103448276,0,MEDIUM,Australian Grand Prix,0,0,0,,HARD
83,0.3620689655172414,0,MEDIUM,Australian Grand Prix,0,0,0,,HARD
84,0.39436619718309857,0,MEDIUM,Austrian Grand Prix,0,0,0,,HARD
84,0.7183098591549296,1,HARD,Austrian Grand Prix,1,0,0,,MEDIUM
84,0.18309859154929578,0,MEDIUM,Austrian Grand Prix,0,0,0,,HARD
84,0.5070422535211268,1,HARD,Austrian Grand Prix,1,0,0,,HARD
84,0.8169014084507042,2,HARD,Austrian Grand Prix,1,0,0,,MEDIUM
84,0.16901408450704225,0,MEDIUM,Austrian Grand Prix,0,0,0,,HARD
84,0.6197183098591549,1,HARD,Austrian Grand Prix,1,0,0,,
84,0.08450704225352113,0,MEDIUM,Austrian Grand Prix,0,0,0,,HARD
84,0.5492957746478874,1,HARD,Austrian Grand Prix,1,0,0,,HARD
84,0.36619718309859156,0,MEDIUM,Austrian Grand Prix,0,0,0,,HARD
84,0.6901408450704225,1,HARD,Austrian Grand Prix,1,0,0,,HARD
84,0.8169014084507042,2,HARD,Austrian Grand Prix,1,0,0,,MEDIUM
84,0.2112676056338028,0,MEDIUM,Austrian Grand Prix,0,0,0,,HARD
84,0.5774647887323944,1,HARD,Austrian Grand Prix,1,0,0,,
84,0.38028169014084506,0,HARD,Austrian Grand Prix,0,0,0,,HARD
84,0.8028169014084507,1,HARD,Austrian Grand Prix,0,0,0,,MEDIUM
84,0.8169014084507042,2,MEDIUM,Austrian Grand Prix,1,0,0,,MEDIUM
84,0.4084507042253521,0,MEDIUM,Austrian Grand Prix,0,0,0,,HARD
84,0.676056338028169,1,HARD,Austrian Grand Prix,1,0,0,,MEDIUM
84,0.16901408450704225,0,MEDIUM,Austrian Grand Prix,0,0,0,,HARD
84,0.5633802816901409,1,HARD,Austrian Grand Prix,1,0,0,,
84,0.22535211267605634,0,MEDIUM,Austrian Grand Prix,0,0,0,,HARD
84,0.6197183098591549,1,HARD,Austrian Grand Prix,1,0,0,,
84,0.15492957746478872,0,MEDIUM,Austrian Grand Prix,0,0,0,,HARD
84,0.5774647887323944,1,HARD,Austrian Grand Prix,1,0,0,,HARD
84,0.19718309859154928,0,MEDIUM,Austrian Grand Prix,0,0,0,,HARD
84,0.6056338028169014,1,HARD,Austrian Grand Prix,1,0,0,,
84,0.15492957746478872,0,MEDIUM,Austrian Grand Prix,0,0,0,,HARD
84,0.5633802816901409,1,HARD,Austrian Grand Prix,1,0,0,,
84,0.22535211267605634,0,MEDIUM,Austrian Grand Prix,0,0,0,,HARD
84,0.6056338028169014,1,HARD,Austrian Grand Prix,1,0,0,,
84,0.3380281690140845,0,HARD,Austrian Grand Prix,0,0,0,,HARD
84,0.647887323943662,1,HARD,Austrian Grand Prix,0,0,0,,MEDIUM
85,0.17647058823529413,0,MEDIUM,Azerbaijan Grand Prix,0,0,0,,HARD
85,0.6470588235294118,1,HARD,Azerbaijan Grand Prix,1,0,0,,HARD
85,0.17647058823529413,0,MEDIUM,Azerbaijan Grand Prix,0,0,0,,HARD
85,0.35294117647058826,0,MEDIUM,Azerbaijan Grand Prix,0,0,0,,HARD
85,0.6470588235294118,1,HARD,Azerbaijan Grand Prix,1,0,0,,HARD
85,0.6470588235294118,0,HARD,Azerbaijan Grand Prix,0,0,0,,MEDIUM
85,0.6470588235294118,0,HARD,Azerbaijan Grand Prix,0,0,0,,MEDIUM
85,0.3137254901960784,0,MEDIUM,Azerbaijan Grand Prix,0,0,0,,HARD
85,0.6470588235294118,1,HARD,Azerbaijan Grand Prix,1,0,0,,HARD
85,0.35294117647058826,0,MEDIUM,Azerbaijan Grand Prix,0,0,0,,HARD
85,0.17647058823529413,0,MEDIUM,Azerbaijan Grand Prix,0,0,0,,HARD
85,0.6470588235294118,0,HARD,Azerbaijan Grand Prix,0,0,0,,MEDIUM
85,0.17647058823529413,0,MEDIUM,Azerbaijan Grand Prix,0,0,0,,HARD
85,0.5686274509803921,1,HARD,Azerbaijan Grand Prix,1,0,0,,HARD
85,0.39215686274509803,0,MEDIUM,Azerbaijan Grand Prix,0,0,0,,HARD
85,0.17647058823529413,0,MEDIUM,Azerbaijan Grand Prix,0,0,0,,HARD
85,0.6470588235294118,1,HARD,Azerbaijan Grand Prix,1,0,0,,HARD
85,0.058823529411764705,0,MEDIUM,Azerbaijan Grand Prix,0,0,0,,MEDIUM
85,0.3333333333333333,1,MEDIUM,Azerbaijan Grand Prix,0,0,0,,HARD
85,0.17647058823529413,0,MEDIUM,Azerbaijan Grand Prix,0,0,0,,HARD
85,0.7450980392156863,1,HARD,Azerbaijan Grand Prix,1,0,0,,SOFT
85,0.17647058823529413,0,HARD,Azerbaijan Grand Prix,0,0,0,,MEDIUM
85,0.45098039215686275,1,MEDIUM,Azerbaijan Grand Prix,1,0,0,,HARD
86,0.19298245614035087,0,SOFT,Bahrain Grand Prix,0,0,0,,HARD
86,0.47368421052631576,1,HARD,Bahrain Grand Prix,1,0,0,,MEDIUM
86,0.7719298245614035,2,MEDIUM,Bahrain Grand Prix,1,0,0,,SOFT
86,0.2982456140350877,0,MEDIUM,Bahrain Grand Prix,0,0,0,,SOFT
86,0.5789473684210527,1,SOFT,Bahrain Grand Prix,1,0,0,,HARD
86,0.7719298245614035,2,HARD,Bahrain Grand Prix,1,0,0,,SOFT
86,0.24561403508771928,0,SOFT,Bahrain Grand Prix,0,0,0,,MEDIUM
86,0.631578947368421,1,MEDIUM,Bahrain Grand Prix,1,0,0,,MEDIUM
86,0.7894736842105263,2,MEDIUM,Bahrain Grand Prix,1,0,0,,SOFT
86,0.24561403508771928,0,SOFT,Bahrain Grand Prix,0,0,0,,SOFT
86,0.5789473684210527,1,SOFT,Bahrain Grand Prix,0,0,0,,MEDIUM
86,0.7719298245614035,2,MEDIUM,Bahrain Grand Prix,1,0,0,,SOFT
86,0.2631578947368421,0,SOFT,Bahrain Grand Prix,0,0,0,,SOFT
86,0.543859649122807,1,SOFT,Bahrain Grand Prix,0,0,0,,MEDIUM
86,0.8070175438596491,2,MEDIUM,Bahrain Grand Prix,1,0,0,,SOFT
86,0.24561403508771928,0,SOFT,Bahrain Grand Prix,0,0,0,,SOFT
86,0.5964912280701754,1,SOFT,Bahrain Grand Prix,0,0,0,,MEDIUM
86,0.8070175438596491,2,MEDIUM,Bahrain Grand Prix,1,0,0,,SOFT
86,0.19298245614035087,0,SOFT,Bahrain Grand Prix,0,0,0,,MEDIUM
86,0.43859649122807015,1,MEDIUM,Bahrain Grand Prix,1,0,0,,HARD
86,0.7368421052631579,2,HARD,Bahrain Grand Prix,1,0,0,,SOFT
86,0.3157894736842105,0,SOFT,Bahrain Grand Prix,0,0,0,,SOFT
86,0.6666666666666666,1,SOFT,Bahrain Grand Prix,0,0,0,,MEDIUM
86,0.7894736842105263,2,MEDIUM,Bahrain Grand Prix,1,0,0,,SOFT
86,0.24561403508771928,0,SOFT,Bahrain Grand Prix,0,0,0,,MEDIUM
86,0.5263157894736842,1,MEDIUM,Bahrain Grand Prix,1,0,0,,HARD
86,0.7543859649122807,2,HARD,Bahrain Grand Prix,1,0,0,,SOFT
86,0.22807017543859648,0,SOFT,Bahrain Grand Prix,0,0,0,,MEDIUM
86,0.6140350877192983,1,MEDIUM,Bahrain Grand Prix,1,0,0,,MEDIUM
86,0.8070175438596491,2,MEDIUM,Bahrain Grand Prix,1,0,0,,SOFT
86,0.42105263157894735,0,MEDIUM,Bahrain Grand Prix,0,0,0,,HARD
86,0.7192982456140351,1,HARD,Bahrain Grand Prix,1,0,0,,SOFT
86,0.7894736842105263,2,SOFT,Bahrain Grand Prix,1,0,0,,SOFT
86,0.2631578947368421,0,SOFT,Bahrain Grand Prix,0,0,0,,HARD
86,0.5789473684210527,1,HARD,Bahrain Grand Prix,1,0,0,,MEDIUM
86,0.7894736842105263,2,MEDIUM,Bahrain Grand Prix,1,0,0,,SOFT
86,0.2631578947368421,0,SOFT,Bahrain Grand Prix,0,0,0,,MEDIUM
86,0.5087719298245614,1,MEDIUM,Bahrain Grand Prix,1,0,0,,SOFT
86,0.7719298245614035,2,SOFT,Bahrain Grand Prix,1,0,0,,SOFT
86,0.21052631578947367,0,SOFT,Bahrain Grand Prix,0,0,0,,MEDIUM
86,0.6140350877192983,1,MEDIUM,Bahrain Grand Prix,1,0,0,,SOFT
86,0.2631578947368421,0,SOFT,Bahrain Grand Prix,0,0,0,,MEDIUM
86,0.6491228070175439,1,MEDIUM,Bahrain Grand Prix,1,0,0,,MEDIUM
86,0.7894736842105263,2,MEDIUM,Bahrain Grand Prix,1,0,0,,SOFT
87,0.3181818181818182,0,MEDIUM,Belgian Grand Prix,0,0,0,,HARD
87,0.75,1,HARD,Belgian Grand Prix,1,0,0,,MEDIUM
87,0.3409090909090909,0,SOFT,Belgian Grand Prix,0,0,0,,MEDIUM
87,0.6818181818181818,1,MEDIUM,Belgian Grand Prix,1,0,0,,MEDIUM
87,0.2727272727272727,0,MEDIUM,Belgian Grand Prix,0,0,0,,HARD
87,0.7272727272727273,1,HARD,Belgian Grand Prix,1,0,0,,MEDIUM
87,0.25,0,SOFT,Belgian Grand Prix,0,0,0,,MEDIUM
87,0.5681818181818182,1,MEDIUM,Belgian Grand Prix,1,0,0,,HARD
87,0.06818181818181818,0,SOFT,Belgian Grand Prix,0,0,0,,MEDIUM
87,0.5681818181818182,1,MEDIUM,Belgian Grand Prix,1,0,0,,MEDIUM
87,0.9545454545454546,2,MEDIUM,Belgian Grand Prix,1,0,0,,SOFT
87,0.3181818181818182,0,MEDIUM,Belgian Grand Prix,0,0,0,,MEDIUM
87,0.6136363636363636,1,MEDIUM,Belgian Grand Prix,0,0,0,,HARD
87,0.25,0,MEDIUM,Belgian Grand Prix,0,0,0,,MEDIUM
87,0.5681818181818182,1,MEDIUM,Belgian Grand Prix,0,0,0,,HARD
87,0.3409090909090909,0,MEDIUM,Belgian Grand Prix,0,0,0,,MEDIUM
87,0.5909090909090909,1,MEDIUM,Belgian Grand Prix,0,0,0,,HARD
87,0.22727272727272727,0,MEDIUM,Belgian Grand Prix,0,0,0,,HARD
87,0.5,1,HARD,Belgian Grand Prix,1,0,0,,SOFT
87,0.2727272727272727,0,MEDIUM,Belgian Grand Prix,0,0,0,,HARD
87,0.7272727272727273,1,HARD,Belgian Grand Prix,1,0,0,,MEDIUM
87,0.22727272727272727,0,MEDIUM,Belgian Grand Prix,0,0,0,,HARD
87,0.5909090909090909,1,HARD,Belgian Grand Prix,1,0,0,,MEDIUM
87,0.29545454545454547,0,MEDIUM,Belgian Grand Prix,0,0,0,,HARD
87,0.6590909090909091,1,HARD,Belgian Grand Prix,1,0,0,,MEDIUM
87,0.29545454545454547,0,MEDIUM,Belgian Grand Prix,0,0,0,,MEDIUM
87,0.6590909090909091,1,MEDIUM,Belgian Grand Prix,0,0,0,,HARD
87,0.4090909090909091,0,HARD,Belgian Grand Prix,0,0,0,,MEDIUM
87,0.6818181818181818,1,MEDIUM,Belgian Grand Prix,1,0,0,,SOFT
87,0.3181818181818182,0,MEDIUM,Belgian Grand Prix,0,0,0,,MEDIUM
87,0.6363636363636364,1,MEDIUM,Belgian Grand Prix,0,0,0,,SOFT
88,0.019230769230769232,2,MEDIUM,British Grand Prix,0,0,0,,MEDIUM
88,0.6346153846153846,1,MEDIUM,British Grand Prix,1,1,0,,HARD
88,0.75,2,HARD,British Grand Prix,1,1,0,,SOFT
88,0.019230769230769232,3,SOFT,British Grand Prix,0,0,0,,SOFT
88,0.11538461538461539,1,SOFT,British Grand Prix,0,0,0,,MEDIUM
88,0.75,2,MEDIUM,British Grand Prix,1,1,0,,MEDIUM
88,0.019230769230769232,3,SOFT,British Grand Prix,0,0,0,,MEDIUM
88,0.23076923076923078,1,MEDIUM,British Grand Prix,1,1,0,,MEDIUM
88,0.4423076923076923,2,MEDIUM,British Grand Prix,1,1,0,,HARD
88,0.75,3,HARD,British Grand Prix,1,1,0,,SOFT
88,0.019230769230769232,4,MEDIUM,British Grand Prix,0,0,0,,MEDIUM
88,0.38461538461538464,1,MEDIUM,British Grand Prix,1,1,0,,HARD
88,0.6153846153846154,2,HARD,British Grand Prix,1,1,0,,SOFT
88,0.7307692307692307,3,SOFT,British Grand Prix,1,1,0,,SOFT
88,0.019230769230769232,4,MEDIUM,British Grand Prix,0,0,0,,MEDIUM
88,0.38461538461538464,1,MEDIUM,British Grand Prix,1,1,0,,HARD
88,0.75,2,HARD,British Grand Prix,1,1,0,,SOFT
88,0.019230769230769232,3,MEDIUM,British Grand Prix,0,0,0,,MEDIUM
88,0.4807692307692308,1,MEDIUM,British Grand Prix,1,1,0,,HARD
88,0.019230769230769232,2,MEDIUM,British Grand Prix,0,0,0,,MEDIUM
88,0.09615384615384616,1,MEDIUM,British Grand Prix,0,0,0,,MEDIUM
88,0.75,2,MEDIUM,British Grand Prix,1,1,0,,SOFT
88,0.019230769230769232,3,SOFT,British Grand Prix,0,0,0,,MEDIUM
88,0.4230769230769231,1,MEDIUM,British Grand Prix,1,1,0,,MEDIUM
88,0.019230769230769232,2,MEDIUM,British Grand Prix,0,0,0,,MEDIUM
88,0.6346153846153846,1,MEDIUM,British Grand Prix,1,1,0,,HARD
88,0.75,2,HARD,British Grand Prix,1,1,0,,SOFT
88,0.019230769230769232,3,MEDIUM,British Grand Prix,0,0,0,,MEDIUM
88,0.28846153846153844,1,MEDIUM,British Grand Prix,1,1,1,1.2434333333333334,HARD
88,0.7692307692307693,2,HARD,British Grand Prix,1,1,0,,MEDIUM
88,0.019230769230769232,3,MEDIUM,British Grand Prix,0,0,0,,SOFT
88,0.4230769230769231,1,SOFT,British Grand Prix,1,1,0,,HARD
88,0.019230769230769232,2,MEDIUM,British Grand Prix,0,0,0,,MEDIUM
88,0.6538461538461539,1,MEDIUM,British Grand Prix,1,1,0,,HARD
88,0.7692307692307693,2,HARD,British Grand Prix,1,1,0,,SOFT
88,0.019230769230769232,3,SOFT,British Grand Prix,0,0,0,,SOFT
88,0.36538461538461536,1,SOFT,British Grand Prix,1,1,0,,MEDIUM
88,0.75,2,MEDIUM,British Grand Prix,1,1,0,,SOFT
88,0.019230769230769232,3,MEDIUM,British Grand Prix,0,0,0,,SOFT
88,0.34615384615384615,1,SOFT,British Grand Prix,1,1,0,,HARD
88,0.7307692307692307,2,HARD,British Grand Prix,1,1,0,,SOFT
88,0.019230769230769232,3,MEDIUM,British Grand Prix,0,0,0,,MEDIUM
88,0.36538461538461536,1,MEDIUM,British Grand Prix,1,1,0,,HARD
88,0.75,2,HARD,British Grand Prix,1,1,0,,SOFT
89,0.12857142857142856,0,MEDIUM,Canadian Grand Prix,0,0,0,,HARD
89,0.6285714285714286,1,HARD,Canadian Grand Prix,1,0,0,,HARD
89,0.07142857142857142,0,MEDIUM,Canadian Grand Prix,0,0,0,,HARD
89,0.2714285714285714,1,HARD,Canadian Grand Prix,1,0,0,,HARD
89,0.12857142857142856,0,MEDIUM,Canadian Grand Prix,0,0,0,,HARD
89,0.6142857142857143,1,HARD,Canadian Grand Prix,1,0,0,,HARD
89,0.2714285714285714,0,MEDIUM,Canadian Grand Prix,0,0,0,,HARD
89,0.7,1,HARD,Canadian Grand Prix,1,0,0,,HARD
89,0.7,0,HARD,Canadian Grand Prix,0,0,0,,MEDIUM
89,0.2857142857142857,0,MEDIUM,Canadian Grand Prix,0,0,0,,HARD
89,0.7,1,HARD,Canadian Grand Prix,1,0,0,,HARD
89,0.5857142857142857,0,HARD,Canadian Grand Prix,0,0,0,,MEDIUM
89,0.4,0,MEDIUM,Canadian Grand Prix,0,0,0,,HARD
89,0.7,1,HARD,Canadian Grand Prix,1,0,0,,MEDIUM
89,0.6714285714285714,0,HARD,Canadian Grand Prix,0,0,0,,MEDIUM
89,0.07142857142857142,0,MEDIUM,Canadian Grand Prix,0,0,0,,HARD
89,0.5142857142857142,1,HARD,Canadian Grand Prix,1,0,0,,HARD
89,0.2714285714285714,0,MEDIUM,Canadian Grand Prix,0,0,0,,HARD
89,0.7,1,HARD,Canadian Grand Prix,1,0,0,,MEDIUM
89,0.2571428571428571,0,MEDIUM,Canadian Grand Prix,0,0,0,,HARD
89,0.6857142857142857,1,HARD,Canadian Grand Prix,1,0,0,,HARD
89,0.2714285714285714,0,HARD,Canadian Grand Prix,0,0,0,,HARD
89,0.6,1,HARD,Canadian Grand Prix,0,0,0,,MEDIUM
89,0.2714285714285714,0,MEDIUM,Canadian Grand Prix,0,0,0,,HARD
89,0.6428571428571429,1,HARD,Canadian Grand Prix,1,0,0,,HARD
89,0.2714285714285714,0,MEDIUM,Canadian Grand Prix,0,0,0,,HARD
89,0.7,1,HARD,Canadian Grand Prix,1,0,0,,HARD
90,0.4027777777777778,0,MEDIUM,Dutch Grand Prix,0,0,0,,HARD
90,0.6666666666666666,1,HARD,Dutch Grand Prix,1,0,0,,MEDIUM
90,0.7916666666666666,2,MEDIUM,Dutch Grand Prix,1,0,0,,MEDIUM
90,0.19444444444444445,0,SOFT,Dutch Grand Prix,0,0,0,,MEDIUM
90,0.5972222222222222,1,MEDIUM,Dutch Grand Prix,1,0,0,,HARD
90,0.7916666666666666,2,HARD,Dutch Grand Prix,1,0,0,,SOFT
90,0.16666666666666666,0,SOFT,Dutch Grand Prix,0,0,0,,HARD
90,0.6527777777777778,1,HARD,Dutch Grand Prix,1,0,0,,SOFT
90,0.7916666666666666,2,SOFT,Dutch Grand Prix,1,0,0,,SOFT
90,0.25,0,SOFT,Dutch Grand Prix,0,0,0,,HARD
90,0.7777777777777778,1,HARD,Dutch Grand Prix,1,0,0,,SOFT
90,0.7916666666666666,2,SOFT,Dutch Grand Prix,1,0,0,,SOFT
90,0.2361111111111111,0,MEDIUM,Dutch Grand Prix,0,0,0,,HARD
90,0.6527777777777778,1,HARD,Dutch Grand Prix,1,0,0,,SOFT
90,0.7916666666666666,2,SOFT,Dutch Grand Prix,1,0,0,,SOFT
90,0.4305555555555556,0,MEDIUM,Dutch Grand Prix,0,0,0,,HARD
90,0.6666666666666666,1,HARD,Dutch Grand Prix,1,0,0,,MEDIUM
90,0.7916666666666666,2,MEDIUM,Dutch Grand Prix,1,0,0,,SOFT
91,0.2857142857142857,0,INTERMEDIATE,Emilia Romagna Grand Prix,0,0,0,,MEDIUM
91,0.2698412698412698,0,INTERMEDIATE,Emilia Romagna Grand Prix,0,0,0,,MEDIUM
91,0.30158730158730157,0,INTERMEDIATE,Emilia Romagna Grand Prix,0,0,0,,MEDIUM
91,0.8095238095238095,1,MEDIUM,Emilia Romagna Grand Prix,1,0,0,,SOFT
91,0.2857142857142857,0,INTERMEDIATE,Emilia Romagna Grand Prix,0,0,0,,MEDIUM
91,0.30158730158730157,0,INTERMEDIATE,Emilia Romagna Grand Prix,0,0,0,,MEDIUM
91,0.7777777777777778,1,MEDIUM,Emilia Romagna Grand Prix,1,0,0,,SOFT
91,0.8412698412698413,2,SOFT,Emilia Romagna Grand Prix,1,0,0,,SOFT
91,0.2857142857142857,0,INTERMEDIATE,Emilia Romagna Grand Prix,0,0,0,,MEDIUM
91,0.7936507936507936,1,MEDIUM,Emilia Romagna Grand Prix,1,0,0,,SOFT
91,0.2857142857142857,0,INTERMEDIATE,Emilia Romagna Grand Prix,0,0,0,,MEDIUM
91,0.2857142857142857,0,INTERMEDIATE,Emilia Romagna Grand Prix,0,0,0,,MEDIUM
91,0.2698412698412698,0,INTERMEDIATE,Emilia Romagna Grand Prix,0,0,0,,MEDIUM
91,0.2857142857142857,0,INTERMEDIATE,Emilia Romagna Grand Prix,0,0,0,,MEDIUM
91,0.2698412698412698,0,INTERMEDIATE,Emilia Romagna Grand Prix,0,0,0,,MEDIUM
91,0.30158730158730157,0,INTERMEDIATE,Emilia Romagna Grand Prix,0,0,0,,MEDIUM
91,0.2857142857142857,0,INTERMEDIATE,Emilia Romagna Grand Prix,0,0,0,,MEDIUM
91,0.2857142857142857,0,INTERMEDIATE,Emilia Romagna Grand Prix,0,0,0,,MEDIUM
91,0.2857142857142857,0,INTERMEDIATE,Emilia Romagna Grand Prix,0,0,0,,MEDIUM
92,0.33962264150943394,0,MEDIUM,French Grand Prix,0,0,0,,HARD
92,0.3584905660377358,0,MEDIUM,French Grand Prix,0,0,0,,HARD
92,0.3018867924528302,0,MEDIUM,French Grand Prix,0,0,0,,HARD
92,0.33962264150943394,0,MEDIUM,French Grand Prix,0,0,0,,HARD
92,0.33962264150943394,0,HARD,French Grand Prix,0,0,0,,HARD
92,0.6792452830188679,1,HARD,French Grand Prix,0,0,0,,MEDIUM
92,0.33962264150943394,0,HARD,French Grand Prix,0,0,0,,MEDIUM
92,0.7924528301886793,1,MEDIUM,French Grand Prix,1,0,0,,MEDIUM
92,0.33962264150943394,0,MEDIUM,French Grand Prix,0,0,0,,HARD
92,0.33962264150943394,0,MEDIUM,French Grand Prix,0,0,0,,HARD
92,0.33962264150943394,0,MEDIUM,French Grand Prix,0,0,0,,HARD
92,0.33962264150943394,0,HARD,French Grand Prix,0,0,0,,MEDIUM
92,0.33962264150943394,0,MEDIUM,French Grand Prix,0,0,0,,HARD
92,0.33962264150943394,0,MEDIUM,French Grand Prix,0,0,0,,HARD
92,0.33962264150943394,0,MEDIUM,French Grand Prix,0,0,0,,HARD
92,0.33962264150943394,0,MEDIUM,French Grand Prix,0,0,0,,HARD
92,0.16981132075471697,0,MEDIUM,French Grand Prix,0,0,0,,HARD
92,0.33962264150943394,1,HARD,French Grand Prix,1,0,0,,HARD
93,0.2714285714285714,0,MEDIUM,Hungarian Grand Prix,0,0,0,,MEDIUM
93,0.7285714285714285,1,MEDIUM,Hungarian Grand Prix,1,1,0,,SOFT
93,0.21428571428571427,0,SOFT,Hungarian Grand Prix,0,0,0,,MEDIUM
93,0.6571428571428571,1,MEDIUM,Hungarian Grand Prix,1,1,0,,MEDIUM
93,0.22857142857142856,0,SOFT,Hungarian Grand Prix,0,0,0,,MEDIUM
93,0.5428571428571428,1,MEDIUM,Hungarian Grand Prix,1,1,1,2.25685,MEDIUM
93,0.21428571428571427,0,SOFT,Hungarian Grand Prix,0,0,0,,MEDIUM
93,0.6571428571428571,1,MEDIUM,Hungarian Grand Prix,1,1,0,,HARD
93,0.24285714285714285,0,MEDIUM,Hungarian Grand Prix,0,0,0,,MEDIUM
93,0.6714285714285714,1,MEDIUM,Hungarian Grand Prix,1,1,0,,SOFT
93,0.3,0,MEDIUM,Hungarian Grand Prix,0,0,0,,MEDIUM
93,0.5571428571428572,1,MEDIUM,Hungarian Grand Prix,1,1,1,3.5331,HARD
93,0.7714285714285715,2,HARD,Hungarian Grand Prix,1,1,0,,SOFT
93,0.2571428571428571,0,SOFT,Hungarian Grand Prix,0,0,0,,MEDIUM
93,0.6,1,MEDIUM,Hungarian Grand Prix,1,1,1,8.2289,MEDIUM
93,0.3,0,MEDIUM,Hungarian Grand Prix,0,0,0,,HARD
93,0.2,0,SOFT,Hungarian Grand Prix,0,0,0,,MEDIUM
93,0.6571428571428571,1,MEDIUM,Hungarian Grand Prix,1,1,0,,SOFT
93,0.22857142857142856,0,SOFT,Hungarian Grand Prix,0,0,0,,MEDIUM
93,0.6571428571428571,1,MEDIUM,Hungarian Grand Prix,1,1,0,,SOFT
93,0.32857142857142857,0,MEDIUM,Hungarian Grand Prix,0,0,0,,HARD
93,0.2,0,SOFT,Hungarian Grand Prix,0,0,0,,MEDIUM
93,0.6,1,MEDIUM,Hungarian Grand Prix,1,1,1,8.4842,HARD
93,0.22857142857142856,0,SOFT,Hungarian Grand Prix,0,0,0,,MEDIUM
93,0.5571428571428572,1,MEDIUM,Hungarian Grand Prix,1,1,1,3.6281333333333334,MEDIUM
93,0.3,0,MEDIUM,Hungarian Grand Prix,0,0,0,,HARD
93,0.5857142857142857,1,HARD,Hungarian Grand Prix,1,1,1,7.862,MEDIUM
93,0.38571428571428573,0,MEDIUM,Hungarian Grand Prix,0,0,0,,HARD
93,0.7285714285714285,1,HARD,Hungarian Grand Prix,1,1,0,,SOFT
94,0.6226415094339622,0,MEDIUM,Italian Grand Prix,0,0,0,,SOFT
94,0.4716981132075472,0,SOFT,Italian Grand Prix,0,0,0,,MEDIUM
94,0.9056603773584906,1,MEDIUM,Italian Grand Prix,1,0,0,,SOFT
94,0.660377358490566,0,MEDIUM,Italian Grand Prix,0,0,0,,SOFT
94,0.5660377358490566,0,MEDIUM,Italian Grand Prix,0,0,0,,SOFT
94,0.8867924528301887,1,SOFT,Italian Grand Prix,1,0,0,,SOFT
94,0.22641509433962265,0,SOFT,Italian Grand Prix,0,0,0,,MEDIUM
94,0.6226415094339622,1,MEDIUM,Italian Grand Prix,1,0,0,,SOFT
94,0.9056603773584906,2,SOFT,Italian Grand Prix,1,0,0,,SOFT
94,0.1320754716981132,0,MEDIUM,Italian Grand Prix,0,0,0,,HARD
94,0.7924528301886793,1,HARD,Italian Grand Prix,1,0,0,,SOFT
94,0.33962264150943394,0,MEDIUM,Italian Grand Prix,0,0,0,,HARD
94,0.3584905660377358,0,SOFT,Italian Grand Prix,0,0,0,,HARD
94,0.660377358490566,0,MEDIUM,Italian Grand Prix,0,0,0,,SOFT
94,0.8867924528301887,1,SOFT,Italian Grand Prix,1,0,0,,SOFT
94,0.4339622641509434,0,SOFT,Italian Grand Prix,0,0,0,,HARD
94,0.8867924528301887,1,HARD,Italian Grand Prix,1,0,0,,SOFT
94,0.2830188679245283,0,MEDIUM,Italian Grand Prix,0,0,0,,HARD
94,0.8867924528301887,1,HARD,Italian Grand Prix,1,0,0,,SOFT
94,0.3584905660377358,0,MEDIUM,Italian Grand Prix,0,0,0,,HARD
94,0.8867924528301887,1,HARD,Italian Grand Prix,1,0,0,,SOFT
94,0.6226415094339622,0,MEDIUM,Italian Grand Prix,0,0,0,,SOFT
94,0.33962264150943394,0,MEDIUM,Italian Grand Prix,0,0,0,,HARD
94,0.3584905660377358,0,SOFT,Italian Grand Prix,0,0,0,,MEDIUM
95,0.07142857142857142,0,INTERMEDIATE,Japanese Grand Prix,0,0,0,,WET
95,0.25,1,WET,Japanese Grand Prix,1,1,1,5.3584,INTERMEDIATE
95,0.07142857142857142,0,INTERMEDIATE,Japanese Grand Prix,0,0,0,,WET
95,0.17857142857142858,1,WET,Japanese Grand Prix,1,0,0,,INTERMEDIATE
95,0.07142857142857142,0,INTERMEDIATE,Japanese Grand Prix,0,0,0,,WET
95,0.25,1,WET,Japanese Grand Prix,1,1,1,5.004783333333333,INTERMEDIATE
95,0.07142857142857142,0,INTERMEDIATE,Japanese Grand Prix,0,0,0,,WET
95,0.2857142857142857,1,WET,Japanese Grand Prix,1,1,1,7.4797,INTERMEDIATE
95,0.07142857142857142,0,INTERMEDIATE,Japanese Grand Prix,0,0,0,,WET
95,0.21428571428571427,1,WET,Japanese Grand Prix,1,1,1,3.89095,INTERMEDIATE
95,0.07142857142857142,0,INTERMEDIATE,Japanese Grand Prix,0,0,0,,WET
95,0.25,1,WET,Japanese Grand Prix,1,1,1,5.057366666666667,INTERMEDIATE
95,0.07142857142857142,0,INTERMEDIATE,Japanese Grand Prix,0,0,0,,WET
95,0.25,1,WET,Japanese Grand Prix,1,1,1,5.164483333333333,INTERMEDIATE
95,0.07142857142857142,0,INTERMEDIATE,Japanese Grand Prix,0,0,0,,WET
95,0.25,1,WET,Japanese Grand Prix,1,1,1,5.72965,INTERMEDIATE
95,0.07142857142857142,0,INTERMEDIATE,Japanese Grand Prix,0,0,0,,WET
95,0.2857142857142857,1,WET,Japanese Grand Prix,1,1,1,7.2663,INTERMEDIATE
95,0.7857142857142857,2,INTERMEDIATE,Japanese Grand Prix,1,1,1,32.97925,INTERMEDIATE
95,0.07142857142857142,0,INTERMEDIATE,Japanese Grand Prix,0,0,0,,WET
95,0.25,1,WET,Japanese Grand Prix,1,1,1,5.733016666666667,INTERMEDIATE
95,0.6785714285714286,2,INTERMEDIATE,Japanese Grand Prix,1,1,1,28.003466666666668,INTERMEDIATE
95,0.07142857142857142,0,INTERMEDIATE,Japanese Grand Prix,0,0,0,,WET
95,0.25,1,WET,Japanese Grand Prix,1,1,1,5.2807,INTERMEDIATE
95,0.07142857142857142,0,INTERMEDIATE,Japanese Grand Prix,0,0,0,,WET
95,0.21428571428571427,1,WET,Japanese Grand Prix,1,1,1,3.85235,INTERMEDIATE
95,0.07142857142857142,0,INTERMEDIATE,Japanese Grand Prix,0,0,0,,WET
95,0.25,1,WET,Japanese Grand Prix,1,1,1,5.519116666666666,INTERMEDIATE
95,0.07142857142857142,0,INTERMEDIATE,Japanese Grand Prix,0,0,0,,WET
95,0.17857142857142858,1,WET,Japanese Grand Prix,1,0,0,,INTERMEDIATE
95,0.07142857142857142,0,INTERMEDIATE,Japanese Grand Prix,0,0,0,,WET
95,0.25,1,WET,Japanese Grand Prix,1,1,1,5.647766666666667,INTERMEDIATE
95,0.7142857142857143,2,INTERMEDIATE,Japanese Grand Prix,1,1,1,29.78925,INTERMEDIATE
96,0.4084507042253521,0,MEDIUM,Mexico City Grand Prix,0,0,0,,HARD
96,0.5352112676056338,0,SOFT,Mexico City Grand Prix,0,0,0,,MEDIUM
96,0.352112676056338,0,SOFT,Mexico City Grand Prix,0,0,0,,MEDIUM
96,0.6197183098591549,0,MEDIUM,Mexico City Grand Prix,0,0,0,,SOFT
96,0.5492957746478874,0,MEDIUM,Mexico City Grand Prix,0,0,0,,HARD
96,0.4084507042253521,0,SOFT,Mexico City Grand Prix,0,0,0,,MEDIUM
96,0.39436619718309857,0,SOFT,Mexico City Grand Prix,0,0,0,,MEDIUM
96,0.323943661971831,0,SOFT,Mexico City Grand Prix,0,0,0,,MEDIUM
96,0.23943661971830985,0,MEDIUM,Mexico City Grand Prix,0,0,0,,SOFT
96,0.5633802816901409,1,SOFT,Mexico City Grand Prix,1,0,0,,SOFT
96,0.5633802816901409,0,MEDIUM,Mexico City Grand Prix,0,0,0,,SOFT
96,0.4647887323943662,0,MEDIUM,Mexico City Grand Prix,0,0,0,,HARD
96,0.5352112676056338,0,MEDIUM,Mexico City Grand Prix,0,0,0,,SOFT
96,0.43661971830985913,0,MEDIUM,Mexico City Grand Prix,0,0,0,,HARD
96,0.4788732394366197,0,MEDIUM,Mexico City Grand Prix,0,0,0,,HARD
96,0.971830985915493,1,HARD,Mexico City Grand Prix,1,0,0,,SOFT
96,0.6338028169014085,0,MEDIUM,Mexico City Grand Prix,0,0,0,,SOFT
97,0.38596491228070173,0,MEDIUM,Miami Grand Prix,1,1,0,,HARD
97,0.45614035087719296,0,MEDIUM,Miami Grand Prix,1,1,0,,HARD
97,0.5263157894736842,0,MEDIUM,Miami Grand Prix,1,1,0,,HARD
97,0.7192982456140351,1,HARD,Miami Grand Prix,1,1,0,,SOFT
97,0.45614035087719296,0,MEDIUM,Miami Grand Prix,1,1,0,,HARD
97,0.47368421052631576,0,MEDIUM,Miami Grand Prix,1,1,0,,HARD
97,0.42105263157894735,0,MEDIUM,Miami Grand Prix,1,1,0,,HARD
97,0.47368421052631576,0,MEDIUM,Miami Grand Prix,1,1,0,,HARD
97,0.7192982456140351,1,HARD,Miami Grand Prix,1,1,0,,MEDIUM
97,0.2631578947368421,0,MEDIUM,Miami Grand Prix,1,1,0,,HARD
97,0.7017543859649122,0,HARD,Miami Grand Prix,1,1,0,,MEDIUM
97,0.7192982456140351,0,HARD,Miami Grand Prix,1,1,0,,SOFT
97,0.2807017543859649,0,MEDIUM,Miami Grand Prix,1,1,0,,HARD
97,0.7017543859649122,0,HARD,Miami Grand Prix,1,1,0,,MEDIUM
97,0.5964912280701754,0,HARD,Miami Grand Prix,1,1,0,,MEDIUM
97,0.19298245614035087,0,MEDIUM,Miami Grand Prix,1,1,0,,HARD
97,0.7192982456140351,1,HARD,Miami Grand Prix,1,0,0,,SOFT
97,0.24561403508771928,0,MEDIUM,Miami Grand Prix,1,1,0,,HARD
97,0.9473684210526315,1,HARD,Miami Grand Prix,1,1,0,,MEDIUM
98,0.234375,0,WET,Monaco Grand Prix,0,0,0,,INTERMEDIATE
98,0.34375,1,INTERMEDIATE,Monaco Grand Prix,1,0,0,,HARD
98,0.46875,2,HARD,Monaco Grand Prix,1,0,0,,MEDIUM
98,0.09375,0,WET,Monaco Grand Prix,0,0,0,,INTERMEDIATE
98,0.359375,1,INTERMEDIATE,Monaco Grand Prix,1,0,0,,HARD
98,0.46875,2,HARD,Monaco Grand Prix,1,0,0,,HARD
98,0.28125,0,WET,Monaco Grand Prix,0,0,0,,INTERMEDIATE
98,0.34375,1,INTERMEDIATE,Monaco Grand Prix,1,0,0,,HARD
98,0.46875,2,HARD,Monaco Grand Prix,1,0,0,,MEDIUM
98,0.296875,0,WET,Monaco Grand Prix,0,0,0,,HARD
98,0.46875,1,HARD,Monaco Grand Prix,1,0,0,,HARD
98,0.3125,0,WET,Monaco Grand Prix,0,0,0,,HARD
98,0.46875,1,HARD,Monaco Grand Prix,1,0,0,,HARD
98,0.328125,0,WET,Monaco Grand Prix,0,0,0,,HARD
98,0.46875,1,HARD,Monaco Grand Prix,1,0,0,,HARD
98,0.28125,0,WET,Monaco Grand Prix,0,0,0,,INTERMEDIATE
98,0.328125,1,INTERMEDIATE,Monaco Grand Prix,1,0,0,,HARD
98,0.46875,2,HARD,Monaco Grand Prix,1,0,0,,HARD
98,0.25,0,WET,Monaco Grand Prix,0,0,0,,INTERMEDIATE
98,0.34375,1,INTERMEDIATE,Monaco Grand Prix,1,0,0,,HARD
98,0.46875,2,HARD,Monaco Grand Prix,1,0,0,,MEDIUM
98,0.328125,0,WET,Monaco Grand Prix,0,0,0,,HARD
98,0.46875,1,HARD,Monaco Grand Prix,1,0,0,,MEDIUM
98,0.015625,2,WET,Monaco Grand Prix,0,0,0,,WET
98,0.03125,1,WET,Monaco Grand Prix,0,0,0,,INTERMEDIATE
98,0.375,2,INTERMEDIATE,Monaco Grand Prix,1,0,0,,HARD
98,0.453125,3,HARD,Monaco Grand Prix,1,0,0,,
98,0.03125,0,INTERMEDIATE,Monaco Grand Prix,0,0,0,,INTERMEDIATE
98,0.34375,1,INTERMEDIATE,Monaco Grand Prix,0,0,0,,HARD
98,0.46875,2,HARD,Monaco Grand Prix,1,0,0,,HARD
98,0.328125,0,WET,Monaco Grand Prix,0,0,0,,HARD
98,0.46875,1,HARD,Monaco Grand Prix,1,0,0,,MEDIUM
98,0.265625,0,WET,Monaco Grand Prix,0,0,0,,INTERMEDIATE
98,0.34375,1,INTERMEDIATE,Monaco Grand Prix,1,0,0,,HARD
98,0.46875,2,HARD,Monaco Grand Prix,1,0,0,,HARD
98,0.796875,3,HARD,Monaco Grand Prix,1,1,1,30.470383333333334,MEDIUM
98,0.328125,0,WET,Monaco Grand Prix,0,0,0,,HARD
98,0.46875,1,HARD,Monaco Grand Prix,1,0,0,,MEDIUM
98,0.015625,2,WET,Monaco Grand Prix,0,0,0,,INTERMEDIATE
98,0.03125,1,INTERMEDIATE,Monaco Grand Prix,1,0,0,,HARD
98,0.296875,2,HARD,Monaco Grand Prix,1,0,0,,HARD
98,0.453125,3,MEDIUM,Monaco Grand Prix,1,0,0,,MEDIUM
99,0.8,0,HARD,Saudi Arabian Grand Prix,0,0,0,,MEDIUM
99,0.32,0,MEDIUM,Saudi Arabian Grand Prix,0,0,0,,HARD
99,0.32,0,MEDIUM,Saudi Arabian Grand Prix,0,0,0,,HARD
99,0.7,1,HARD,Saudi Arabian Grand Prix,1,0,0,,MEDIUM
99,0.72,2,MEDIUM,Saudi Arabian Grand Prix,1,0,0,,
99,0.32,0,MEDIUM,Saudi Arabian Grand Prix,0,0,0,,HARD
99,0.32,0,MEDIUM,Saudi Arabian Grand Prix,0,0,0,,HARD
99,0.3,0,MEDIUM,Saudi Arabian Grand Prix,0,0,0,,HARD
99,0.74,0,HARD,Saudi Arabian Grand Prix,0,0,0,,MEDIUM
99,0.26,0,MEDIUM,Saudi Arabian Grand Prix,0,0,0,,HARD
99,0.3,0,MEDIUM,Saudi Arabian Grand Prix,0,0,0,,HARD
99,0.32,0,MEDIUM,Saudi Arabian Grand Prix,0,0,0,,HARD
99,0.74,0,HARD,Saudi Arabian Grand Prix,0,0,0,,MEDIUM
99,0.26,0,MEDIUM,Saudi Arabian Grand Prix,0,0,0,,HARD
99,0.32,0,MEDIUM,Saudi Arabian Grand Prix,0,0,0,,HARD
99,0.32,0,MEDIUM,Saudi Arabian Grand Prix,0,0,0,,HARD
99,0.32,0,MEDIUM,Saudi Arabian Grand Prix,0,0,0,,HARD
99,0.54,1,HARD,Saudi Arabian Grand Prix,1,0,0,,HARD
100,0.576271186440678,0,INTERMEDIATE,Singapore Grand Prix,1,1,0,,MEDIUM
100,0.576271186440678,0,INTERMEDIATE,Singapore Grand Prix,1,1,0,,MEDIUM
100,0.5932203389830508,0,INTERMEDIATE,Singapore Grand Prix,1,1,0,,MEDIUM
100,0.6779661016949152,1,MEDIUM,Singapore Grand Prix,1,1,0,,SOFT
100,0.6101694915254238,0,INTERMEDIATE,Singapore Grand Prix,0,0,0,,SOFT
100,0.559322033898305,0,INTERMEDIATE,Singapore Grand Prix,1,1,0,,SOFT
100,0.5932203389830508,0,INTERMEDIATE,Singapore Grand Prix,1,1,0,,MEDIUM
100,0.576271186440678,0,INTERMEDIATE,Singapore Grand Prix,1,1,0,,MEDIUM
100,0.5932203389830508,0,INTERMEDIATE,Singapore Grand Prix,1,1,0,,MEDIUM
100,0.11864406779661017,0,INTERMEDIATE,Singapore Grand Prix,1,1,1,14.649016666666666,INTERMEDIATE
100,0.559322033898305,1,INTERMEDIATE,Singapore Grand Prix,1,1,0,,MEDIUM
100,0.5932203389830508,0,INTERMEDIATE,Singapore Grand Prix,1,1,0,,MEDIUM
100,0.559322033898305,0,INTERMEDIATE,Singapore Grand Prix,1,1,0,,MEDIUM
100,0.6101694915254238,0,INTERMEDIATE,Singapore Grand Prix,1,1,0,,MEDIUM
100,0.3559322033898305,0,INTERMEDIATE,Singapore Grand Prix,1,1,1,42.50683333333333,MEDIUM
100,0.5932203389830508,1,MEDIUM,Singapore Grand Prix,1,1,0,,MEDIUM
100,0.6949152542372882,2,MEDIUM,Singapore Grand Prix,1,0,0,,SOFT
100,0.864406779661017,3,SOFT,Singapore Grand Prix,1,1,0,,SOFT
100,0.559322033898305,0,INTERMEDIATE,Singapore Grand Prix,1,1,0,,MEDIUM
100,0.576271186440678,0,INTERMEDIATE,Singapore Grand Prix,1,1,0,,MEDIUM
100,0.6949152542372882,1,MEDIUM,Singapore Grand Prix,1,0,0,,SOFT
101,0.015151515151515152,2,MEDIUM,Spanish Grand Prix,0,0,0,,SOFT
101,0.3333333333333333,1,SOFT,Spanish Grand Prix,1,0,0,,MEDIUM
101,0.7272727272727273,2,MEDIUM,Spanish Grand Prix,1,0,0,,SOFT
101,0.3181818181818182,0,SOFT,Spanish Grand Prix,0,0,0,,SOFT
101,0.6363636363636364,1,SOFT,Spanish Grand Prix,0,0,0,,MEDIUM
101,0.19696969696969696,0,SOFT,Spanish Grand Prix,0,0,0,,MEDIUM
101,0.42424242424242425,1,MEDIUM,Spanish Grand Prix,1,0,0,,SOFT
101,0.6666666666666666,2,SOFT,Spanish Grand Prix,1,0,0,,MEDIUM
101,0.16666666666666666,0,SOFT,Spanish Grand Prix,0,0,0,,SOFT
101,0.4696969696969697,1,SOFT,Spanish Grand Prix,0,0,0,,MEDIUM
101,0.7272727272727273,2,MEDIUM,Spanish Grand Prix,1,0,0,,SOFT
101,0.21212121212121213,0,SOFT,Spanish Grand Prix,0,0,0,,MEDIUM
101,0.5151515151515151,1,MEDIUM,Spanish Grand Prix,1,0,0,,MEDIUM
101,0.15151515151515152,0,SOFT,Spanish Grand Prix,0,0,0,,MEDIUM
101,0.4696969696969697,1,MEDIUM,Spanish Grand Prix,1,0,0,,MEDIUM
101,0.6818181818181818,2,MEDIUM,Spanish Grand Prix,1,0,0,,SOFT
101,0.25757575757575757,0,SOFT,Spanish Grand Prix,0,0,0,,MEDIUM
101,0.5606060606060606,1,MEDIUM,Spanish Grand Prix,1,0,0,,MEDIUM
101,0.803030303030303,2,MEDIUM,Spanish Grand Prix,1,0,0,,SOFT
101,0.15151515151515152,0,SOFT,Spanish Grand Prix,0,0,0,,MEDIUM
101,0.4696969696969697,1,MEDIUM,Spanish Grand Prix,1,0,0,,SOFT
101,0.803030303030303,2,SOFT,Spanish Grand Prix,1,0,0,,SOFT
101,0.21212121212121213,0,SOFT,Spanish Grand Prix,0,0,0,,SOFT
101,0.4090909090909091,1,SOFT,Spanish Grand Prix,0,0,0,,MEDIUM
101,0.696969696969697,2,MEDIUM,Spanish Grand Prix,1,0,0,,SOFT
101,0.15151515151515152,0,SOFT,Spanish Grand Prix,0,0,0,,MEDIUM
101,0.4393939393939394,1,MEDIUM,Spanish Grand Prix,1,0,0,,SOFT
101,0.696969696969697,2,SOFT,Spanish Grand Prix,1,0,0,,SOFT
101,0.19696969696969696,0,SOFT,Spanish Grand Prix,0,0,0,,MEDIUM
101,0.5303030303030303,1,MEDIUM,Spanish Grand Prix,1,0,0,,SOFT
101,0.7878787878787878,2,SOFT,Spanish Grand Prix,1,0,0,,SOFT
101,0.18181818181818182,0,SOFT,Spanish Grand Prix,0,0,0,,MEDIUM
101,0.5,1,MEDIUM,Spanish Grand Prix,1,0,0,,SOFT
101,0.7727272727272727,2,SOFT,Spanish Grand Prix,1,0,0,,SOFT
101,0.19696969696969696,0,SOFT,Spanish Grand Prix,0,0,0,,MEDIUM
101,0.5454545454545454,1,MEDIUM,Spanish Grand Prix,1,0,0,,MEDIUM
101,0.7727272727272727,2,MEDIUM,Spanish Grand Prix,1,0,0,,SOFT
101,0.16666666666666666,0,SOFT,Spanish Grand Prix,0,0,0,,MEDIUM
101,0.48484848484848486,1,MEDIUM,Spanish Grand Prix,1,0,0,,SOFT
101,0.7878787878787878,2,SOFT,Spanish Grand Prix,1,0,0,,SOFT
101,0.18181818181818182,0,SOFT,Spanish Grand Prix,0,0,0,,SOFT
101,0.45454545454545453,1,SOFT,Spanish Grand Prix,0,0,0,,MEDIUM
102,0.4084507042253521,0,SOFT,São Paulo Grand Prix,0,0,0,,MEDIUM
102,0.676056338028169,1,MEDIUM,São Paulo Grand Prix,1,0,0,,SOFT
102,0.36619718309859156,0,SOFT,São Paulo Grand Prix,0,0,0,,MEDIUM
102,0.6338028169014085,1,MEDIUM,São Paulo Grand Prix,1,0,0,,MEDIUM
102,0.09859154929577464,0,SOFT,São Paulo Grand Prix,0,0,0,,MEDIUM
102,0.323943661971831,1,MEDIUM,São Paulo Grand Prix,1,0,0,,SOFT
102,0.676056338028169,2,SOFT,São Paulo Grand Prix,1,0,0,,SOFT
102,0.3380281690140845,0,SOFT,São Paulo Grand Prix,0,0,0,,MEDIUM
102,0.6338028169014085,1,MEDIUM,São Paulo Grand Prix,1,0,0,,SOFT
102,0.23943661971830985,0,MEDIUM,São Paulo Grand Prix,0,0,0,,SOFT
102,0.5070422535211268,1,SOFT,São Paulo Grand Prix,1,0,0,,MEDIUM
102,0.7464788732394366,2,MEDIUM,São Paulo Grand Prix,1,0,0,,SOFT
102,0.09859154929577464,0,MEDIUM,São Paulo Grand Prix,0,0,0,,MEDIUM
102,0.29577464788732394,1,MEDIUM,São Paulo Grand Prix,0,0,0,,SOFT
102,0.6197183098591549,2,SOFT,São Paulo Grand Prix,1,0,0,,SOFT
102,0.323943661971831,0,SOFT,São Paulo Grand Prix,0,0,0,,MEDIUM
102,0.6619718309859155,1,MEDIUM,São Paulo Grand Prix,1,0,0,,MEDIUM
102,0.19718309859154928,0,MEDIUM,São Paulo Grand Prix,0,0,0,,MEDIUM
102,0.49295774647887325,1,MEDIUM,São Paulo Grand Prix,0,0,0,,MEDIUM
102,0.7323943661971831,2,MEDIUM,São Paulo Grand Prix,0,0,0,,SOFT
102,0.4084507042253521,0,MEDIUM,São Paulo Grand Prix,0,0,0,,MEDIUM
102,0.676056338028169,1,MEDIUM,São Paulo Grand Prix,0,0,0,,SOFT
102,0.2676056338028169,0,SOFT,São Paulo Grand Prix,0,0,0,,MEDIUM
102,0.49295774647887325,1,MEDIUM,São Paulo Grand Prix,1,0,0,,SOFT
102,0.7323943661971831,2,SOFT,São Paulo Grand Prix,1,0,0,,MEDIUM
102,0.3380281690140845,0,SOFT,São Paulo Grand Prix,0,0,0,,MEDIUM
102,0.6619718309859155,1,MEDIUM,São Paulo Grand Prix,1,0,0,,SOFT
102,0.056338028169014086,0,HARD,São Paulo Grand Prix,0,0,0,,MEDIUM
102,0.352112676056338,1,MEDIUM,São Paulo Grand Prix,1,0,0,,MEDIUM
102,0.6619718309859155,2,MEDIUM,São Paulo Grand Prix,1,0,0,,MEDIUM
102,0.3380281690140845,0,SOFT,São Paulo Grand Prix,0,0,0,,MEDIUM
102,0.6901408450704225,1,MEDIUM,São Paulo Grand Prix,1,0,0,,SOFT
102,0.3380281690140845,0,MEDIUM,São Paulo Grand Prix,0,0,0,,SOFT
102,0.647887323943662,1,SOFT,São Paulo Grand Prix,1,0,0,,SOFT
102,0.22535211267605634,0,SOFT,São Paulo Grand Prix,0,0,0,,MEDIUM
102,0.5211267605633803,1,MEDIUM,São Paulo Grand Prix,1,0,0,,SOFT
103,0.21428571428571427,0,MEDIUM,United States Grand Prix,0,0,0,,HARD
103,0.6071428571428571,1,HARD,United States Grand Prix,1,0,0,,HARD
103,0.32142857142857145,0,MEDIUM,United States Grand Prix,0,0,0,,MEDIUM
103,0.7321428571428571,1,MEDIUM,United States Grand Prix,0,0,0,,HARD
103,0.23214285714285715,0,MEDIUM,United States Grand Prix,0,0,0,,HARD
103,0.625,1,HARD,United States Grand Prix,1,0,0,,MEDIUM
103,0.32142857142857145,0,MEDIUM,United States Grand Prix,0,0,0,,HARD
103,0.625,1,HARD,United States Grand Prix,1,0,0,,MEDIUM
103,0.25,0,MEDIUM,United States Grand Prix,0,0,0,,HARD
103,0.6785714285714286,1,HARD,United States Grand Prix,1,0,0,,MEDIUM
103,0.32142857142857145,0,HARD,United States Grand Prix,0,0,0,,MEDIUM
103,0.32142857142857145,0,HARD,United States Grand Prix,0,0,0,,MEDIUM
103,0.39285714285714285,1,MEDIUM,United States Grand Prix,1,0,0,,HARD
103,0.19642857142857142,0,MEDIUM,United States Grand Prix,0,0,0,,HARD
103,0.5714285714285714,1,HARD,United States Grand Prix,1,0,0,,HARD
103,0.32142857142857145,0,HARD,United States Grand Prix,0,0,0,,HARD
103,0.8035714285714286,1,HARD,United States Grand Prix,0,0,0,,MEDIUM
103,0.16071428571428573,0,MEDIUM,United States Grand Prix,0,0,0,,MEDIUM
103,0.32142857142857145,1,MEDIUM,United States Grand Prix,0,0,0,,HARD
103,0.25,0,MEDIUM,United States Grand Prix,0,0,0,,HARD
103,0.6071428571428571,1,HARD,United States Grand Prix,1,0,0,,HARD
103,0.23214285714285715,0,MEDIUM,United States Grand Prix,0,0,0,,HARD
103,0.6428571428571429,1,HARD,United States Grand Prix,1,0,0,,HARD
103,0.9642857142857143,2,HARD,United States Grand Prix,1,0,0,,SOFT
103,0.17857142857142858,0,MEDIUM,United States Grand Prix,0,0,0,,MEDIUM
103,0.5892857142857143,1,MEDIUM,United States Grand Prix,0,0,0,,HARD
103,0.32142857142857145,0,HARD,United States Grand Prix,0,0,0,,MEDIUM
103,0.5892857142857143,1,MEDIUM,United States Grand Prix,1,0,0,,HARD
103,0.16071428571428573,0,MEDIUM,United States Grand Prix,0,0,0,,HARD
103,0.4107142857142857,1,HARD,United States Grand Prix,1,0,0,,HARD
104,0.25862068965517243,0,MEDIUM,Abu Dhabi Grand Prix,0,0,0,,HARD
104,0.603448275862069,1,HARD,Abu Dhabi Grand Prix,1,0,0,,HARD
104,0.27586206896551724,0,MEDIUM,Abu Dhabi Grand Prix,0,0,0,,HARD
104,0.7413793103448276,1,HARD,Abu Dhabi Grand Prix,1,0,0,,HARD
104,0.1206896551724138,0,MEDIUM,Abu Dhabi Grand Prix,0,0,0,,HARD
104,0.5344827586206896,1,HARD,Abu Dhabi Grand Prix,1,0,0,,HARD
104,0.29310344827586204,0,MEDIUM,Abu Dhabi Grand Prix,0,0,0,,HARD
104,0.603448275862069,1,HARD,Abu Dhabi Grand Prix,1,0,0,,HARD
104,0.29310344827586204,0,MEDIUM,Abu Dhabi Grand Prix,0,0,0,,HARD
104,0.7241379310344828,1,HARD,Abu Dhabi Grand Prix,1,0,0,,HARD
104,0.20689655172413793,0,MEDIUM,Abu Dhabi Grand Prix,0,0,0,,HARD
104,0.6206896551724138,1,HARD,Abu Dhabi Grand Prix,1,0,0,,HARD
104,0.3793103448275862,0,HARD,Abu Dhabi Grand Prix,0,0,0,,HARD
104,0.7241379310344828,1,HARD,Abu Dhabi Grand Prix,0,0,0,,MEDIUM
104,0.29310344827586204,0,MEDIUM,Abu Dhabi Grand Prix,0,0,0,,HARD
104,0.5517241379310345,1,HARD,Abu Dhabi Grand Prix,1,0,0,,HARD
104,0.25862068965517243,0,MEDIUM,Abu Dhabi Grand Prix,0,0,0,,HARD
104,0.22413793103448276,0,MEDIUM,Abu Dhabi Grand Prix,0,0,0,,HARD
104,0.5689655172413793,1,HARD,Abu Dhabi Grand Prix,1,0,0,,HARD
104,0.27586206896551724,0,MEDIUM,Abu Dhabi Grand Prix,0,0,0,,HARD
104,0.7413793103448276,1,HARD,Abu Dhabi Grand Prix,1,0,0,,HARD
104,0.2413793103448276,0,MEDIUM,Abu Dhabi Grand Prix,0,0,0,,HARD
104,0.5689655172413793,1,HARD,Abu Dhabi Grand Prix,1,0,0,,HARD
104,0.2413793103448276,0,MEDIUM,Abu Dhabi Grand Prix,0,0,0,,HARD
104,0.5862068965517241,1,HARD,Abu Dhabi Grand Prix,1,0,0,,HARD
104,0.3793103448275862,0,MEDIUM,Abu Dhabi Grand Prix,0,0,0,,HARD
104,0.22413793103448276,0,MEDIUM,Abu Dhabi Grand Prix,0,0,0,,HARD
104,0.6206896551724138,1,HARD,Abu Dhabi Grand Prix,1,0,0,,HARD
105,0.13793103448275862,0,MEDIUM,Australian Grand Prix,0,0,0,,HARD
105,0.9482758620689655,1,HARD,Australian Grand Prix,1,0,0,,SOFT
105,0.9827586206896551,2,SOFT,Australian Grand Prix,1,0,0,,SOFT
105,0.13793103448275862,0,MEDIUM,Australian Grand Prix,0,0,0,,HARD
105,0.9482758620689655,1,HARD,Australian Grand Prix,1,0,0,,SOFT
105,0.9827586206896551,2,SOFT,Australian Grand Prix,1,0,0,,SOFT
105,0.13793103448275862,0,MEDIUM,Australian Grand Prix,0,0,0,,HARD
105,0.9482758620689655,1,HARD,Australian Grand Prix,1,0,0,,SOFT
105,0.9827586206896551,2,SOFT,Australian Grand Prix,1,0,0,,SOFT
105,0.13793103448275862,0,MEDIUM,Australian Grand Prix,0,0,0,,HARD
105,0.9482758620689655,1,HARD,Australian Grand Prix,1,0,0,,SOFT
105,0.9827586206896551,2,SOFT,Australian Grand Prix,1,0,0,,SOFT
105,0.13793103448275862,0,SOFT,Australian Grand Prix,0,0,0,,HARD
105,0.9482758620689655,1,HARD,Australian Grand Prix,1,0,0,,SOFT
105,0.017241379310344827,2,SOFT,Australian Grand Prix,0,0,0,,HARD
105,0.13793103448275862,1,HARD,Australian Grand Prix,1,0,0,,HARD
105,0.9482758620689655,2,HARD,Australian Grand Prix,1,0,0,,SOFT
105,0.13793103448275862,0,MEDIUM,Australian Grand Prix,0,0,0,,HARD
105,0.9482758620689655,1,HARD,Australian Grand Prix,1,0,0,,SOFT
105,0.9827586206896551,2,SOFT,Australian Grand Prix,1,0,0,,SOFT
105,0.13793103448275862,0,MEDIUM,Australian Grand Prix,0,0,0,,HARD
105,0.9482758620689655,1,HARD,Australian Grand Prix,1,0,0,,SOFT
105,0.9827586206896551,2,SOFT,Australian Grand Prix,1,0,0,,SOFT
106,0.028169014084507043,0,MEDIUM,Austrian Grand Prix,0,0,0,,MEDIUM
106,0.19718309859154928,1,MEDIUM,Austrian Grand Prix,0,0,0,,HARD
106,0.5915492957746479,2,HARD,Austrian Grand Prix,1,1,0,,MEDIUM
106,0.028169014084507043,0,MEDIUM,Austrian Grand Prix,0,0,0,,MEDIUM
106,0.3380281690140845,1,MEDIUM,Austrian Grand Prix,1,1,0,,HARD
106,0.6901408450704225,2,HARD,Austrian Grand Prix,1,1,0,,MEDIUM
106,0.971830985915493,3,MEDIUM,Austrian Grand Prix,1,1,0,,SOFT
106,0.028169014084507043,0,HARD,Austrian Grand Prix,0,0,0,,HARD
106,0.29577464788732394,1,HARD,Austrian Grand Prix,1,1,0,,MEDIUM
106,0.5633802816901409,2,MEDIUM,Austrian Grand Prix,1,1,0,,HARD
106,0.028169014084507043,0,MEDIUM,Austrian Grand Prix,0,0,0,,MEDIUM
106,0.2112676056338028,1,MEDIUM,Austrian Grand Prix,1,1,1,0.8073166666666667,MEDIUM
106,0.6338028169014085,2,MEDIUM,Austrian Grand Prix,1,1,0,,HARD
106,0.028169014084507043,0,MEDIUM,Austrian Grand Prix,0,0,0,,MEDIUM
106,0.2112676056338028,1,MEDIUM,Austrian Grand Prix,1,1,1,0.7099833333333333,MEDIUM
106,0.6619718309859155,2,MEDIUM,Austrian Grand Prix,1,1,0,,HARD
106,0.028169014084507043,0,MEDIUM,Austrian Grand Prix,0,0,0,,MEDIUM
106,0.352112676056338,1,MEDIUM,Austrian Grand Prix,1,1,0,,MEDIUM
106,0.704225352112676,2,MEDIUM,Austrian Grand Prix,1,1,0,,HARD
106,0.028169014084507043,0,HARD,Austrian Grand Prix,0,0,0,,HARD
106,0.2112676056338028,1,HARD,Austrian Grand Prix,1,1,1,0.9142833333333333,MEDIUM
106,0.6197183098591549,2,MEDIUM,Austrian Grand Prix,1,1,0,,MEDIUM
106,0.028169014084507043,0,MEDIUM,Austrian Grand Prix,0,0,0,,MEDIUM
106,0.2112676056338028,1,MEDIUM,Austrian Grand Prix,1,1,1,1.0204,HARD
106,0.5070422535211268,2,HARD,Austrian Grand Prix,1,1,0,,HARD
106,0.7605633802816901,3,HARD,Austrian Grand Prix,1,1,0,,MEDIUM
106,0.028169014084507043,0,MEDIUM,Austrian Grand Prix,0,0,0,,MEDIUM
106,0.19718309859154928,1,MEDIUM,Austrian Grand Prix,0,0,0,,HARD
106,0.6197183098591549,2,HARD,Austrian Grand Prix,1,1,0,,MEDIUM
106,0.028169014084507043,0,MEDIUM,Austrian Grand Prix,0,0,0,,MEDIUM
106,0.19718309859154928,1,MEDIUM,Austrian Grand Prix,0,0,0,,HARD
106,0.5633802816901409,2,HARD,Austrian Grand Prix,1,1,0,,HARD
106,0.028169014084507043,0,MEDIUM,Austrian Grand Prix,0,0,0,,MEDIUM
106,0.19718309859154928,1,MEDIUM,Austrian Grand Prix,0,0,0,,HARD
106,0.5774647887323944,2,HARD,Austrian Grand Prix,1,1,0,,HARD
106,0.028169014084507043,0,MEDIUM,Austrian Grand Prix,0,0,0,,MEDIUM
106,0.19718309859154928,1,MEDIUM,Austrian Grand Prix,0,0,0,,HARD
106,0.5774647887323944,2,HARD,Austrian Grand Prix,1,1,0,,HARD
106,0.028169014084507043,0,MEDIUM,Austrian Grand Prix,0,0,0,,MEDIUM
106,0.19718309859154928,1,MEDIUM,Austrian Grand Prix,0,0,0,,HARD
106,0.5774647887323944,2,HARD,Austrian Grand Prix,1,1,0,,MEDIUM
106,0.028169014084507043,0,MEDIUM,Austrian Grand Prix,0,0,0,,MEDIUM
106,0.11267605633802817,1,MEDIUM,Austrian Grand Prix,0,0,0,,HARD
106,0.5352112676056338,2,HARD,Austrian Grand Prix,1,1,0,,HARD
106,0.028169014084507043,0,MEDIUM,Austrian Grand Prix,0,0,0,,MEDIUM
106,0.19718309859154928,1,MEDIUM,Austrian Grand Prix,0,0,0,,HARD
106,0.6056338028169014,2,HARD,Austrian Grand Prix,1,1,0,,HARD
107,0.17647058823529413,0,MEDIUM,Azerbaijan Grand Prix,0,0,0,,HARD
107,0.19607843137254902,0,MEDIUM,Azerbaijan Grand Prix,0,0,0,,HARD
107,0.21568627450980393,0,MEDIUM,Azerbaijan Grand Prix,0,0,0,,HARD
107,0.21568627450980393,0,MEDIUM,Azerbaijan Grand Prix,0,0,0,,HARD
107,0.21568627450980393,0,MEDIUM,Azerbaijan Grand Prix,0,0,0,,HARD
107,0.19607843137254902,0,MEDIUM,Azerbaijan Grand Prix,0,0,0,,HARD
107,0.21568627450980393,0,MEDIUM,Azerbaijan Grand Prix,0,0,0,,HARD
107,0.21568627450980393,0,MEDIUM,Azerbaijan Grand Prix,0,0,0,,HARD
107,0.09803921568627451,0,MEDIUM,Azerbaijan Grand Prix,0,0,0,,HARD
107,0.45098039215686275,1,HARD,Azerbaijan Grand Prix,1,0,0,,HARD
107,0.9803921568627451,0,HARD,Azerbaijan Grand Prix,0,0,0,,SOFT
107,0.13725490196078433,0,MEDIUM,Azerbaijan Grand Prix,0,0,0,,HARD
107,0.17647058823529413,0,MEDIUM,Azerbaijan Grand Prix,0,0,0,,HARD
107,0.21568627450980393,0,MEDIUM,Azerbaijan Grand Prix,0,0,0,,HARD
107,0.9607843137254902,1,HARD,Azerbaijan Grand Prix,1,0,0,,SOFT
107,0.1568627450980392,0,MEDIUM,Azerbaijan Grand Prix,0,0,0,,HARD
107,0.1568627450980392,0,MEDIUM,Azerbaijan Grand Prix,0,0,0,,HARD
108,0.21052631578947367,0,SOFT,Bahrain Grand Prix,0,0,0,,HARD
108,0.5263157894736842,1,HARD,Bahrain Grand Prix,1,0,0,,HARD
108,0.24561403508771928,0,SOFT,Bahrain Grand Prix,0,0,0,,SOFT
108,0.631578947368421,1,SOFT,Bahrain Grand Prix,0,0,0,,HARD
108,0.19298245614035087,0,SOFT,Bahrain Grand Prix,0,0,0,,HARD
108,0.5087719298245614,1,HARD,Bahrain Grand Prix,1,0,0,,HARD
108,0.22807017543859648,0,SOFT,Bahrain Grand Prix,0,0,0,,HARD
108,0.543859649122807,1,HARD,Bahrain Grand Prix,1,0,0,,HARD
108,0.2982456140350877,0,SOFT,Bahrain Grand Prix,0,0,0,,SOFT
108,0.5964912280701754,1,SOFT,Bahrain Grand Prix,0,0,0,,HARD
108,0.2631578947368421,0,HARD,Bahrain Grand Prix,0,0,0,,HARD
108,0.5087719298245614,1,HARD,Bahrain Grand Prix,0,0,0,,SOFT
108,0.7017543859649122,2,SOFT,Bahrain Grand Prix,1,0,0,,SOFT
108,0.24561403508771928,0,SOFT,Bahrain Grand Prix,0,0,0,,HARD
108,0.5964912280701754,1,HARD,Bahrain Grand Prix,1,0,0,,HARD
108,0.2631578947368421,0,SOFT,Bahrain Grand Prix,0,0,0,,HARD
108,0.5263157894736842,1,HARD,Bahrain Grand Prix,1,0,0,,HARD
108,0.15789473684210525,0,SOFT,Bahrain Grand Prix,0,0,0,,HARD
108,0.43859649122807015,1,HARD,Bahrain Grand Prix,1,0,0,,HARD
108,0.7017543859649122,2,HARD,Bahrain Grand Prix,1,0,0,,SOFT
108,0.19298245614035087,0,SOFT,Bahrain Grand Prix,0,0,0,,HARD
108,0.45614035087719296,1,HARD,Bahrain Grand Prix,1,0,0,,HARD
108,0.7017543859649122,2,HARD,Bahrain Grand Prix,1,0,0,,SOFT
108,0.19298245614035087,0,SOFT,Bahrain Grand Prix,0,0,0,,SOFT
108,0.45614035087719296,1,SOFT,Bahrain Grand Prix,0,0,0,,HARD
108,0.7017543859649122,2,HARD,Bahrain Grand Prix,1,0,0,,SOFT
108,0.22807017543859648,0,SOFT,Bahrain Grand Prix,0,0,0,,HARD
108,0.543859649122807,1,HARD,Bahrain Grand Prix,1,0,0,,HARD
108,0.17543859649122806,0,SOFT,Bahrain Grand Prix,0,0,0,,HARD
108,0.45614035087719296,1,HARD,Bahrain Grand Prix,1,0,0,,HARD
108,0.7017543859649122,2,HARD,Bahrain Grand Prix,1,0,0,,SOFT
108,0.19298245614035087,0,SOFT,Bahrain Grand Prix,0,0,0,,HARD
108,0.47368421052631576,1,HARD,Bahrain Grand Prix,1,0,0,,HARD
108,0.21052631578947367,0,SOFT,Bahrain Grand Prix,0,0,0,,SOFT
108,0.5263157894736842,1,SOFT,Bahrain Grand Prix,0,0,0,,HARD
108,0.7017543859649122,2,HARD,Bahrain Grand Prix,1,0,0,,SOFT
109,0.2727272727272727,0,SOFT,Belgian Grand Prix,0,0,0,,MEDIUM
109,0.6136363636363636,1,MEDIUM,Belgian Grand Prix,1,1,0,,SOFT
109,0.9545454545454546,2,SOFT,Belgian Grand Prix,1,1,0,,MEDIUM
109,0.3181818181818182,0,SOFT,Belgian Grand Prix,0,0,0,,MEDIUM
109,0.6818181818181818,1,MEDIUM,Belgian Grand Prix,1,1,0,,SOFT
109,0.13636363636363635,0,SOFT,Belgian Grand Prix,0,0,0,,MEDIUM
109,0.5454545454545454,1,MEDIUM,Belgian Grand Prix,1,1,0,,MEDIUM
109,0.29545454545454547,0,SOFT,Belgian Grand Prix,0,0,0,,MEDIUM
109,0.6363636363636364,1,MEDIUM,Belgian Grand Prix,1,1,0,,SOFT
109,0.29545454545454547,0,SOFT,Belgian Grand Prix,0,0,0,,MEDIUM
109,0.6590909090909091,1,MEDIUM,Belgian Grand Prix,1,1,0,,SOFT
109,0.11363636363636363,0,SOFT,Belgian Grand Prix,0,0,0,,MEDIUM
109,0.5681818181818182,1,MEDIUM,Belgian Grand Prix,1,1,0,,MEDIUM
109,0.22727272727272727,0,MEDIUM,Belgian Grand Prix,0,0,0,,MEDIUM
109,0.6590909090909091,1,MEDIUM,Belgian Grand Prix,1,1,0,,SOFT
109,0.45454545454545453,0,MEDIUM,Belgian Grand Prix,0,0,0,,SOFT
109,0.5227272727272727,0,SOFT,Belgian Grand Prix,1,1,0,,MEDIUM
109,0.13636363636363635,0,SOFT,Belgian Grand Prix,0,0,0,,MEDIUM
109,0.5681818181818182,1,MEDIUM,Belgian Grand Prix,1,1,0,,SOFT
109,0.1590909090909091,0,SOFT,Belgian Grand Prix,0,0,0,,MEDIUM
109,0.5227272727272727,1,MEDIUM,Belgian Grand Prix,1,1,0,,MEDIUM
109,0.75,2,MEDIUM,Belgian Grand Prix,1,1,0,,SOFT
109,0.11363636363636363,0,MEDIUM,Belgian Grand Prix,0,0,0,,HARD
109,0.38636363636363635,1,HARD,Belgian Grand Prix,1,0,0,,SOFT
109,0.5,0,MEDIUM,Belgian Grand Prix,1,1,1,0.9212,SOFT
109,0.20454545454545456,0,MEDIUM,Belgian Grand Prix,0,0,0,,MEDIUM
109,0.5454545454545454,1,MEDIUM,Belgian Grand Prix,1,1,0,,SOFT
109,0.1590909090909091,0,SOFT,Belgian Grand Prix,0,0,0,,MEDIUM
109,0.5681818181818182,1,MEDIUM,Belgian Grand Prix,1,1,0,,SOFT
110,0.6346153846153846,0,MEDIUM,British Grand Prix,0,0,0,,SOFT
110,0.6346153846153846,0,MEDIUM,British Grand Prix,0,0,0,,SOFT
110,0.6153846153846154,0,HARD,British Grand Prix,0,0,0,,SOFT
110,0.5,0,MEDIUM,British Grand Prix,0,0,0,,HARD
110,0.34615384615384615,0,MEDIUM,British Grand Prix,0,0,0,,HARD
110,0.6153846153846154,1,HARD,British Grand Prix,1,0,0,,MEDIUM
110,0.5384615384615384,0,MEDIUM,British Grand Prix,0,0,0,,SOFT
110,0.6346153846153846,0,MEDIUM,British Grand Prix,0,0,0,,SOFT
110,0.5961538461538461,0,MEDIUM,British Grand Prix,0,0,0,,SOFT
110,0.1346153846153846,0,HARD,British Grand Prix,0,0,0,,MEDIUM
110,0.6153846153846154,1,MEDIUM,British Grand Prix,1,0,0,,SOFT
110,0.6153846153846154,0,MEDIUM,British Grand Prix,0,0,0,,SOFT
110,0.6346153846153846,0,MEDIUM,British Grand Prix,0,0,0,,HARD
110,0.5384615384615384,0,SOFT,British Grand Prix,0,0,0,,MEDIUM
110,0.46153846153846156,0,MEDIUM,British Grand Prix,0,0,0,,HARD
110,0.6346153846153846,1,HARD,British Grand Prix,1,0,0,,SOFT
110,0.6923076923076923,2,SOFT,British Grand Prix,1,0,0,,SOFT
110,0.5576923076923077,0,MEDIUM,British Grand Prix,0,0,0,,HARD
110,0.5576923076923077,0,MEDIUM,British Grand Prix,0,0,0,,SOFT
111,0.17142857142857143,0,MEDIUM,Canadian Grand Prix,0,0,0,,HARD
111,0.5714285714285714,1,HARD,Canadian Grand Prix,1,0,0,,MEDIUM
111,0.17142857142857143,0,MEDIUM,Canadian Grand Prix,0,0,0,,HARD
111,0.6,1,HARD,Canadian Grand Prix,1,0,0,,MEDIUM
111,0.5142857142857142,0,HARD,Canadian Grand Prix,0,0,0,,MEDIUM
111,0.5428571428571428,0,MEDIUM,Canadian Grand Prix,0,0,0,,HARD
111,0.5571428571428572,0,MEDIUM,Canadian Grand Prix,0,0,0,,HARD
111,0.5285714285714286,0,HARD,Canadian Grand Prix,0,0,0,,MEDIUM
111,0.9714285714285714,1,MEDIUM,Canadian Grand Prix,1,0,0,,SOFT
111,0.17142857142857143,0,MEDIUM,Canadian Grand Prix,0,0,0,,HARD
111,0.5857142857142857,1,HARD,Canadian Grand Prix,1,0,0,,HARD
111,0.15714285714285714,0,MEDIUM,Canadian Grand Prix,0,0,0,,HARD
111,0.38571428571428573,1,HARD,Canadian Grand Prix,1,0,0,,HARD
111,0.14285714285714285,0,SOFT,Canadian Grand Prix,0,0,0,,HARD
111,0.4714285714285714,1,HARD,Canadian Grand Prix,1,0,0,,HARD
111,0.17142857142857143,0,MEDIUM,Canadian Grand Prix,0,0,0,,HARD
111,0.5142857142857142,1,HARD,Canadian Grand Prix,1,0,0,,HARD
111,0.15714285714285714,0,MEDIUM,Canadian Grand Prix,0,0,0,,HARD
111,0.44285714285714284,1,HARD,Canadian Grand Prix,1,0,0,,HARD
111,0.17142857142857143,0,MEDIUM,Canadian Grand Prix,0,0,0,,HARD
111,0.17142857142857143,0,MEDIUM,Canadian Grand Prix,0,0,0,,HARD
111,0.5,1,HARD,Canadian Grand Prix,1,0,0,,HARD
111,0.014285714285714285,2,MEDIUM,Canadian Grand Prix,0,0,0,,HARD
111,0.4857142857142857,1,HARD,Canadian Grand Prix,1,0,0,,HARD
111,0.17142857142857143,0,MEDIUM,Canadian Grand Prix,0,0,0,,HARD
111,0.5285714285714286,1,HARD,Canadian Grand Prix,1,0,0,,HARD
112,0.041666666666666664,0,MEDIUM,Dutch Grand Prix,0,0,0,,INTERMEDIATE
112,0.125,1,INTERMEDIATE,Dutch Grand Prix,1,0,0,,SOFT
112,0.625,2,SOFT,Dutch Grand Prix,1,1,1,0.6101666666666666,SOFT
112,0.8333333333333334,3,SOFT,Dutch Grand Prix,1,1,1,2.672283333333333,INTERMEDIATE
112,0.8888888888888888,4,INTERMEDIATE,Dutch Grand Prix,1,0,0,,INTERMEDIATE
112,0.027777777777777776,0,SOFT,Dutch Grand Prix,0,0,0,,INTERMEDIATE
112,0.1527777777777778,1,INTERMEDIATE,Dutch Grand Prix,1,0,0,,SOFT
112,0.6805555555555556,2,SOFT,Dutch Grand Prix,1,1,1,5.035833333333334,SOFT
112,0.8472222222222222,3,SOFT,Dutch Grand Prix,1,1,1,3.345066666666667,INTERMEDIATE
112,0.875,4,INTERMEDIATE,Dutch Grand Prix,1,1,1,6.6037,WET
112,0.8888888888888888,5,WET,Dutch Grand Prix,1,1,0,,INTERMEDIATE
112,0.2222222222222222,0,SOFT,Dutch Grand Prix,0,0,0,,MEDIUM
112,0.6527777777777778,1,MEDIUM,Dutch Grand Prix,1,1,1,3.45865,SOFT
112,0.8194444444444444,2,SOFT,Dutch Grand Prix,1,1,1,1.9165333333333334,INTERMEDIATE
112,0.875,3,INTERMEDIATE,Dutch Grand Prix,1,1,0,,INTERMEDIATE
112,0.8888888888888888,4,INTERMEDIATE,Dutch Grand Prix,1,0,0,,INTERMEDIATE
112,0.027777777777777776,0,SOFT,Dutch Grand Prix,0,0,0,,INTERMEDIATE
112,0.1388888888888889,1,INTERMEDIATE,Dutch Grand Prix,1,0,0,,SOFT
112,0.5694444444444444,2,SOFT,Dutch Grand Prix,1,0,0,,SOFT
112,0.8333333333333334,3,SOFT,Dutch Grand Prix,1,1,1,2.5429833333333334,INTERMEDIATE
112,0.8888888888888888,4,INTERMEDIATE,Dutch Grand Prix,1,0,0,,INTERMEDIATE
112,0.013888888888888888,5,SOFT,Dutch Grand Prix,0,0,0,,INTERMEDIATE
112,0.16666666666666666,1,INTERMEDIATE,Dutch Grand Prix,1,0,0,,SOFT
112,0.625,2,SOFT,Dutch Grand Prix,1,1,1,0.1417,SOFT
112,0.8333333333333334,3,SOFT,Dutch Grand Prix,1,1,1,2.17205,INTERMEDIATE
112,0.875,4,INTERMEDIATE,Dutch Grand Prix,1,1,1,7.230166666666666,INTERMEDIATE
112,0.8888888888888888,5,INTERMEDIATE,Dutch Grand Prix,1,0,0,,INTERMEDIATE
112,0.027777777777777776,0,SOFT,Dutch Grand Prix,0,0,0,,INTERMEDIATE
112,0.1388888888888889,1,INTERMEDIATE,Dutch Grand Prix,1,0,0,,SOFT
112,0.6666666666666666,2,SOFT,Dutch Grand Prix,1,1,1,4.017833333333333,SOFT
112,0.8472222222222222,3,SOFT,Dutch Grand Prix,1,1,1,3.752483333333333,INTERMEDIATE
112,0.8888888888888888,4,INTERMEDIATE,Dutch Grand Prix,1,1,0,,INTERMEDIATE
112,0.05555555555555555,0,SOFT,Dutch Grand Prix,0,0,0,,INTERMEDIATE
112,0.125,1,INTERMEDIATE,Dutch Grand Prix,1,0,0,,SOFT
112,0.2222222222222222,2,SOFT,Dutch Grand Prix,1,0,0,,MEDIUM
112,0.4722222222222222,3,MEDIUM,Dutch Grand Prix,1,0,0,,SOFT
112,0.8333333333333334,4,SOFT,Dutch Grand Prix,1,1,1,3.13215,INTERMEDIATE
112,0.875,5,INTERMEDIATE,Dutch Grand Prix,1,1,0,,INTERMEDIATE
112,0.8888888888888888,6,INTERMEDIATE,Dutch Grand Prix,1,0,0,,INTERMEDIATE
112,0.013888888888888888,7,SOFT,Dutch Grand Prix,0,0,0,,INTERMEDIATE
112,0.1527777777777778,1,INTERMEDIATE,Dutch Grand Prix,1,0,0,,SOFT
112,0.6388888888888888,2,SOFT,Dutch Grand Prix,1,1,1,1.5264333333333333,SOFT
112,0.8333333333333334,3,SOFT,Dutch Grand Prix,1,1,1,2.5220166666666666,INTERMEDIATE
112,0.8888888888888888,4,INTERMEDIATE,Dutch Grand Prix,1,0,0,,INTERMEDIATE
112,0.027777777777777776,0,SOFT,Dutch Grand Prix,0,0,0,,INTERMEDIATE
112,0.1388888888888889,1,INTERMEDIATE,Dutch Grand Prix,1,0,0,,SOFT
112,0.5972222222222222,2,SOFT,Dutch Grand Prix,1,0,0,,SOFT
112,0.8472222222222222,3,SOFT,Dutch Grand Prix,1,1,1,4.215133333333333,WET
112,0.875,4,WET,Dutch Grand Prix,1,1,0,,INTERMEDIATE
112,0.8888888888888888,5,INTERMEDIATE,Dutch Grand Prix,1,0,0,,INTERMEDIATE
112,0.2222222222222222,0,SOFT,Dutch Grand Prix,0,0,0,,MEDIUM
112,0.6666666666666666,1,MEDIUM,Dutch Grand Prix,1,1,1,4.688183333333333,SOFT
112,0.8333333333333334,2,SOFT,Dutch Grand Prix,1,1,1,3.1418833333333334,INTERMEDIATE
112,0.875,3,INTERMEDIATE,Dutch Grand Prix,1,1,0,,INTERMEDIATE
112,0.8888888888888888,4,INTERMEDIATE,Dutch Grand Prix,1,0,0,,INTERMEDIATE
112,0.6111111111111112,0,SOFT,Dutch Grand Prix,0,0,0,,MEDIUM
112,0.8472222222222222,1,MEDIUM,Dutch Grand Prix,1,1,1,4.114916666666667,INTERMEDIATE
112,0.875,2,INTERMEDIATE,Dutch Grand Prix,1,1,1,7.804166666666666,INTERMEDIATE
112,0.8888888888888888,3,INTERMEDIATE,Dutch Grand Prix,1,0,0,,INTERMEDIATE
112,0.041666666666666664,0,SOFT,Dutch Grand Prix,0,0,0,,INTERMEDIATE
112,0.1388888888888889,1,INTERMEDIATE,Dutch Grand Prix,1,0,0,,SOFT
112,0.5833333333333334,2,SOFT,Dutch Grand Prix,1,0,0,,SOFT
112,0.8333333333333334,3,SOFT,Dutch Grand Prix,1,1,1,2.7525333333333335,INTERMEDIATE
112,0.875,4,INTERMEDIATE,Dutch Grand Prix,1,1,1,7.6541,INTERMEDIATE
112,0.8888888888888888,5,INTERMEDIATE,Dutch Grand Prix,1,0,0,,INTERMEDIATE
112,0.013888888888888888,6,SOFT,Dutch Grand Prix,0,0,0,,INTERMEDIATE
112,0.1388888888888889,1,INTERMEDIATE,Dutch Grand Prix,1,0,0,,SOFT
112,0.8333333333333334,2,SOFT,Dutch Grand Prix,1,1,1,3.0084,INTERMEDIATE
112,0.875,3,INTERMEDIATE,Dutch Grand Prix,1,1,0,,INTERMEDIATE
112,0.8888888888888888,4,INTERMEDIATE,Dutch Grand Prix,1,0,0,,INTERMEDIATE
112,0.20833333333333334,0,SOFT,Dutch Grand Prix,0,0,0,,SOFT
112,0.6388888888888888,1,SOFT,Dutch Grand Prix,1,1,1,1.9343166666666667,MEDIUM
112,0.8333333333333334,2,MEDIUM,Dutch Grand Prix,1,1,1,2.8472333333333335,INTERMEDIATE
112,0.875,3,INTERMEDIATE,Dutch Grand Prix,1,1,1,7.981733333333334,INTERMEDIATE
112,0.8888888888888888,4,INTERMEDIATE,Dutch Grand Prix,1,0,0,,INTERMEDIATE
112,0.013888888888888888,5,SOFT,Dutch Grand Prix,0,0,0,,INTERMEDIATE
112,0.1388888888888889,1,INTERMEDIATE,Dutch Grand Prix,1,0,0,,SOFT
112,0.2361111111111111,2,SOFT,Dutch Grand Prix,1,0,0,,MEDIUM
112,0.6388888888888888,3,MEDIUM,Dutch Grand Prix,1,1,1,2.3228833333333334,SOFT
112,0.8194444444444444,4,SOFT,Dutch Grand Prix,1,1,1,1.98125,INTERMEDIATE
112,0.875,5,INTERMEDIATE,Dutch Grand Prix,1,1,0,,INTERMEDIATE
112,0.8888888888888888,6,INTERMEDIATE,Dutch Grand Prix,1,0,0,,INTERMEDIATE
113,0.22857142857142856,0,MEDIUM,Hungarian Grand Prix,0,0,0,,HARD
113,0.7,1,HARD,Hungarian Grand Prix,1,0,0,,MEDIUM
113,0.32857142857142857,0,MEDIUM,Hungarian Grand Prix,0,0,0,,HARD
113,0.7285714285714285,1,HARD,Hungarian Grand Prix,1,0,0,,MEDIUM
113,0.2571428571428571,0,MEDIUM,Hungarian Grand Prix,0,0,0,,HARD
113,0.4142857142857143,1,HARD,Hungarian Grand Prix,1,0,0,,MEDIUM
113,0.12857142857142856,0,MEDIUM,Hungarian Grand Prix,0,0,0,,HARD
113,0.5714285714285714,1,HARD,Hungarian Grand Prix,1,0,0,,HARD
113,0.21428571428571427,0,SOFT,Hungarian Grand Prix,0,0,0,,HARD
113,0.6285714285714286,1,HARD,Hungarian Grand Prix,1,0,0,,HARD
113,0.24285714285714285,0,MEDIUM,Hungarian Grand Prix,0,0,0,,HARD
113,0.6142857142857143,1,HARD,Hungarian Grand Prix,1,0,0,,HARD
113,0.34285714285714286,0,HARD,Hungarian Grand Prix,0,0,0,,MEDIUM
113,0.6,1,MEDIUM,Hungarian Grand Prix,1,0,0,,MEDIUM
113,0.2857142857142857,0,MEDIUM,Hungarian Grand Prix,0,0,0,,HARD
113,0.6142857142857143,1,HARD,Hungarian Grand Prix,1,0,0,,HARD
113,0.12857142857142856,0,SOFT,Hungarian Grand Prix,0,0,0,,HARD
113,0.4857142857142857,1,HARD,Hungarian Grand Prix,1,0,0,,HARD
113,0.22857142857142856,0,MEDIUM,Hungarian Grand Prix,0,0,0,,HARD
113,0.5428571428571428,1,HARD,Hungarian Grand Prix,1,0,0,,HARD
113,0.11428571428571428,0,MEDIUM,Hungarian Grand Prix,0,0,0,,HARD
113,0.44285714285714284,1,HARD,Hungarian Grand Prix,1,0,0,,HARD
113,0.24285714285714285,0,MEDIUM,Hungarian Grand Prix,0,0,0,,HARD
113,0.6285714285714286,1,HARD,Hungarian Grand Prix,1,0,0,,MEDIUM
113,0.4,0,HARD,Hungarian Grand Prix,0,0,0,,MEDIUM
113,0.6571428571428571,1,MEDIUM,Hungarian Grand Prix,1,0,0,,MEDIUM
113,0.12857142857142856,0,SOFT,Hungarian Grand Prix,0,0,0,,HARD
113,0.6285714285714286,1,HARD,Hungarian Grand Prix,1,0,0,,MEDIUM
113,0.2571428571428571,0,MEDIUM,Hungarian Grand Prix,0,0,0,,HARD
113,0.6,1,HARD,Hungarian Grand Prix,1,0,0,,MEDIUM
114,0.5294117647058824,0,HARD,Italian Grand Prix,0,0,0,,MEDIUM
114,0.39215686274509803,0,MEDIUM,Italian Grand Prix,0,0,0,,HARD
114,0.49019607843137253,0,HARD,Italian Grand Prix,0,0,0,,MEDIUM
114,0.37254901960784315,0,MEDIUM,Italian Grand Prix,0,0,0,,HARD
114,0.39215686274509803,0,MEDIUM,Italian Grand Prix,0,0,0,,HARD
114,0.4117647058823529,0,MEDIUM,Italian Grand Prix,0,0,0,,HARD
114,0.4117647058823529,0,MEDIUM,Italian Grand Prix,0,0,0,,HARD
114,0.19607843137254902,0,MEDIUM,Italian Grand Prix,0,0,0,,HARD
114,0.6078431372549019,1,HARD,Italian Grand Prix,1,0,0,,MEDIUM
114,0.29411764705882354,0,MEDIUM,Italian Grand Prix,0,0,0,,HARD
114,0.43137254901960786,0,MEDIUM,Italian Grand Prix,0,0,0,,HARD
114,0.37254901960784315,0,MEDIUM,Italian Grand Prix,0,0,0,,HARD
114,0.21568627450980393,0,MEDIUM,Italian Grand Prix,0,0,0,,HARD
114,0.6470588235294118,1,HARD,Italian Grand Prix,1,0,0,,MEDIUM
114,0.45098039215686275,0,MEDIUM,Italian Grand Prix,0,0,0,,HARD
114,0.803921568627451,1,HARD,Italian Grand Prix,1,0,0,,MEDIUM
114,0.27450980392156865,0,MEDIUM,Italian Grand Prix,0,0,0,,HARD
114,0.2549019607843137,0,MEDIUM,Italian Grand Prix,0,0,0,,HARD
114,0.6470588235294118,1,HARD,Italian Grand Prix,1,0,0,,MEDIUM
115,0.3018867924528302,0,MEDIUM,Japanese Grand Prix,0,0,0,,HARD
115,0.6415094339622641,1,HARD,Japanese Grand Prix,1,0,0,,HARD
115,0.3018867924528302,0,MEDIUM,Japanese Grand Prix,0,0,0,,MEDIUM
115,0.6981132075471698,1,MEDIUM,Japanese Grand Prix,0,0,0,,HARD
115,0.33962264150943394,0,MEDIUM,Japanese Grand Prix,0,0,0,,MEDIUM
115,0.7169811320754716,1,MEDIUM,Japanese Grand Prix,0,0,0,,HARD
115,0.32075471698113206,0,MEDIUM,Japanese Grand Prix,0,0,0,,MEDIUM
115,0.6415094339622641,1,MEDIUM,Japanese Grand Prix,0,0,0,,HARD
115,0.22641509433962265,0,MEDIUM,Japanese Grand Prix,0,0,0,,HARD
115,0.5849056603773585,1,HARD,Japanese Grand Prix,1,0,0,,HARD
115,0.20754716981132076,0,SOFT,Japanese Grand Prix,0,0,0,,HARD
115,0.4716981132075472,1,HARD,Japanese Grand Prix,1,0,0,,HARD
115,0.33962264150943394,0,MEDIUM,Japanese Grand Prix,0,0,0,,HARD
115,0.6415094339622641,1,HARD,Japanese Grand Prix,1,0,0,,HARD
115,0.018867924528301886,2,MEDIUM,Japanese Grand Prix,0,0,0,,HARD
115,0.5283018867924528,1,HARD,Japanese Grand Prix,1,0,0,,HARD
115,0.1509433962264151,0,SOFT,Japanese Grand Prix,0,0,0,,MEDIUM
115,0.39622641509433965,1,MEDIUM,Japanese Grand Prix,1,0,0,,HARD
115,0.6981132075471698,2,HARD,Japanese Grand Prix,1,0,0,,MEDIUM
115,0.32075471698113206,0,MEDIUM,Japanese Grand Prix,0,0,0,,HARD
115,0.6792452830188679,1,HARD,Japanese Grand Prix,1,0,0,,HARD
115,0.4528301886792453,0,MEDIUM,Japanese Grand Prix,0,0,0,,HARD
115,0.16981132075471697,0,SOFT,Japanese Grand Prix,0,0,0,,MEDIUM
115,0.5660377358490566,1,MEDIUM,Japanese Grand Prix,1,0,0,,HARD
115,0.018867924528301886,2,SOFT,Japanese Grand Prix,0,0,0,,SOFT
115,0.18867924528301888,1,SOFT,Japanese Grand Prix,0,0,0,,SOFT
115,0.5471698113207547,2,SOFT,Japanese Grand Prix,0,0,0,,HARD
115,0.24528301886792453,0,MEDIUM,Japanese Grand Prix,0,0,0,,HARD
115,0.660377358490566,1,HARD,Japanese Grand Prix,1,0,0,,HARD
115,0.18867924528301888,0,SOFT,Japanese Grand Prix,0,0,0,,MEDIUM
115,0.4716981132075472,1,MEDIUM,Japanese Grand Prix,1,0,0,,HARD
116,0.34,0,HARD,Las Vegas Grand Prix,0,0,0,,MEDIUM
116,0.52,1,MEDIUM,Las Vegas Grand Prix,1,0,0,,HARD
116,0.32,0,MEDIUM,Las Vegas Grand Prix,0,0,0,,HARD
116,0.52,1,HARD,Las Vegas Grand Prix,1,0,0,,HARD
116,0.34,0,MEDIUM,Las Vegas Grand Prix,0,0,0,,HARD
116,0.06,0,MEDIUM,Las Vegas Grand Prix,0,0,0,,HARD
116,0.52,1,HARD,Las Vegas Grand Prix,1,0,0,,HARD
116,0.42,0,MEDIUM,Las Vegas Grand Prix,0,0,0,,HARD
116,0.02,1,MEDIUM,Las Vegas Grand Prix,0,0,0,,HARD
116,0.52,1,HARD,Las Vegas Grand Prix,1,0,0,,HARD
116,0.28,0,MEDIUM,Las Vegas Grand Prix,0,0,0,,HARD
116,0.52,1,HARD,Las Vegas Grand Prix,1,0,0,,HARD
116,0.02,2,MEDIUM,Las Vegas Grand Prix,0,0,0,,HARD
116,0.52,1,HARD,Las Vegas Grand Prix,1,0,0,,HARD
116,0.06,0,SOFT,Las Vegas Grand Prix,0,0,0,,HARD
116,0.52,1,HARD,Las Vegas Grand Prix,1,0,0,,HARD
116,0.34,0,MEDIUM,Las Vegas Grand Prix,0,0,0,,HARD
116,0.4,0,MEDIUM,Las Vegas Grand Prix,0,0,0,,HARD
116,0.32,0,MEDIUM,Las Vegas Grand Prix,0,0,0,,HARD
116,0.3,0,MEDIUM,Las Vegas Grand Prix,0,0,0,,HARD
116,0.52,1,HARD,Las Vegas Grand Prix,1,0,0,,HARD
116,0.52,0,HARD,Las Vegas Grand Prix,0,0,0,,MEDIUM
116,0.32,0,HARD,Las Vegas Grand Prix,0,0,0,,HARD
116,0.86,1,HARD,Las Vegas Grand Prix,0,0,0,,MEDIUM
117,0.3380281690140845,0,MEDIUM,Mexico City Grand Prix,0,0,0,,HARD
117,0.4788732394366197,1,HARD,Mexico City Grand Prix,1,0,0,,MEDIUM
117,0.2676056338028169,0,MEDIUM,Mexico City Grand Prix,0,0,0,,HARD
117,0.4647887323943662,1,HARD,Mexico City Grand Prix,1,0,0,,HARD
117,0.4788732394366197,2,HARD,Mexico City Grand Prix,1,0,0,,HARD
117,0.38028169014084506,0,MEDIUM,Mexico City Grand Prix,0,0,0,,HARD
117,0.4788732394366197,1,HARD,Mexico City Grand Prix,1,0,0,,HARD
117,0.43661971830985913,0,MEDIUM,Mexico City Grand Prix,0,0,0,,HARD
117,0.4788732394366197,1,HARD,Mexico City Grand Prix,1,0,0,,HARD
117,0.4225352112676056,0,MEDIUM,Mexico City Grand Prix,0,0,0,,HARD
117,0.4788732394366197,1,HARD,Mexico City Grand Prix,1,0,0,,HARD
117,0.43661971830985913,0,MEDIUM,Mexico City Grand Prix,0,0,0,,HARD
117,0.4788732394366197,1,HARD,Mexico City Grand Prix,1,0,0,,HARD
117,0.39436619718309857,0,MEDIUM,Mexico City Grand Prix,0,0,0,,HARD
117,0.4788732394366197,1,HARD,Mexico City Grand Prix,1,0,0,,HARD
117,0.4788732394366197,0,HARD,Mexico City Grand Prix,0,0,0,,MEDIUM
117,0.323943661971831,0,MEDIUM,Mexico City Grand Prix,0,0,0,,HARD
117,0.4788732394366197,1,HARD,Mexico City Grand Prix,1,0,0,,MEDIUM
117,0.4647887323943662,0,HARD,Mexico City Grand Prix,0,0,0,,MEDIUM
117,0.4788732394366197,1,MEDIUM,Mexico City Grand Prix,1,0,0,,MEDIUM
117,0.15492957746478872,0,SOFT,Mexico City Grand Prix,0,0,0,,HARD
117,0.4647887323943662,1,HARD,Mexico City Grand Prix,1,0,0,,MEDIUM
117,0.4788732394366197,2,MEDIUM,Mexico City Grand Prix,1,0,0,,MEDIUM
117,0.36619718309859156,0,MEDIUM,Mexico City Grand Prix,0,0,0,,HARD
117,0.4788732394366197,1,HARD,Mexico City Grand Prix,1,0,0,,MEDIUM
117,0.1267605633802817,0,MEDIUM,Mexico City Grand Prix,0,0,0,,HARD
117,0.4788732394366197,1,HARD,Mexico City Grand Prix,1,0,0,,HARD
117,0.29577464788732394,0,MEDIUM,Mexico City Grand Prix,0,0,0,,HARD
117,0.4788732394366197,1,HARD,Mexico City Grand Prix,1,0,0,,HARD
117,0.352112676056338,0,MEDIUM,Mexico City Grand Prix,0,0,0,,HARD
117,0.4788732394366197,1,HARD,Mexico City Grand Prix,1,0,0,,MEDIUM
118,0.6491228070175439,0,HARD,Miami Grand Prix,0,0,0,,MEDIUM
118,0.7894736842105263,0,HARD,Miami Grand Prix,0,0,0,,MEDIUM
118,0.2631578947368421,0,MEDIUM,Miami Grand Prix,0,0,0,,HARD
118,0.3157894736842105,0,MEDIUM,Miami Grand Prix,0,0,0,,HARD
118,0.2982456140350877,0,MEDIUM,Miami Grand Prix,0,0,0,,HARD
118,0.3508771929824561,0,MEDIUM,Miami Grand Prix,0,0,0,,HARD
118,0.24561403508771928,0,MEDIUM,Miami Grand Prix,0,0,0,,HARD
118,0.42105263157894735,0,MEDIUM,Miami Grand Prix,0,0,0,,HARD
118,0.7368421052631579,0,HARD,Miami Grand Prix,0,0,0,,MEDIUM
118,0.2631578947368421,0,MEDIUM,Miami Grand Prix,0,0,0,,HARD
118,0.6842105263157895,0,HARD,Miami Grand Prix,0,0,0,,MEDIUM
118,0.5789473684210527,0,HARD,Miami Grand Prix,0,0,0,,MEDIUM
118,0.38596491228070173,0,MEDIUM,Miami Grand Prix,0,0,0,,HARD
118,0.2982456140350877,0,MEDIUM,Miami Grand Prix,0,0,0,,HARD
118,0.631578947368421,0,HARD,Miami Grand Prix,0,0,0,,MEDIUM
119,0.3974358974358974,0,MEDIUM,Monaco Grand Prix,0,0,0,,HARD
119,0.6923076923076923,1,HARD,Monaco Grand Prix,1,0,0,,INTERMEDIATE
119,0.7051282051282052,0,MEDIUM,Monaco Grand Prix,0,0,0,,INTERMEDIATE
119,0.6538461538461539,0,HARD,Monaco Grand Prix,0,0,0,,INTERMEDIATE
119,0.4230769230769231,0,HARD,Monaco Grand Prix,0,0,0,,MEDIUM
119,0.7051282051282052,1,MEDIUM,Monaco Grand Prix,1,0,0,,INTERMEDIATE
119,0.5641025641025641,0,HARD,Monaco Grand Prix,0,0,0,,MEDIUM
119,0.7051282051282052,1,MEDIUM,Monaco Grand Prix,1,0,0,,INTERMEDIATE
119,0.6923076923076923,0,HARD,Monaco Grand Prix,0,0,0,,MEDIUM
119,0.7051282051282052,1,MEDIUM,Monaco Grand Prix,1,0,0,,INTERMEDIATE
119,0.6025641025641025,0,HARD,Monaco Grand Prix,0,0,0,,MEDIUM
119,0.6923076923076923,1,MEDIUM,Monaco Grand Prix,1,0,0,,INTERMEDIATE
119,0.41025641025641024,0,MEDIUM,Monaco Grand Prix,0,0,0,,HARD
119,0.6923076923076923,1,HARD,Monaco Grand Prix,1,0,0,,INTERMEDIATE
119,0.23076923076923078,0,MEDIUM,Monaco Grand Prix,0,0,0,,HARD
119,0.6666666666666666,1,HARD,Monaco Grand Prix,1,0,0,,INTERMEDIATE
119,0.6410256410256411,0,MEDIUM,Monaco Grand Prix,0,0,0,,HARD
119,0.6923076923076923,1,HARD,Monaco Grand Prix,1,0,0,,INTERMEDIATE
119,0.6923076923076923,0,HARD,Monaco Grand Prix,0,0,0,,INTERMEDIATE
119,0.6794871794871795,0,MEDIUM,Monaco Grand Prix,0,0,0,,INTERMEDIATE
119,0.01282051282051282,1,SOFT,Monaco Grand Prix,0,0,0,,HARD
119,0.6666666666666666,1,HARD,Monaco Grand Prix,1,0,0,,INTERMEDIATE
119,0.6794871794871795,0,MEDIUM,Monaco Grand Prix,0,0,0,,INTERMEDIATE
119,0.6923076923076923,0,HARD,Monaco Grand Prix,0,0,0,,INTERMEDIATE
120,0.2982456140350877,0,MEDIUM,Qatar Grand Prix,0,0,0,,MEDIUM
120,0.5964912280701754,1,MEDIUM,Qatar Grand Prix,0,0,0,,HARD
120,0.8947368421052632,2,HARD,Qatar Grand Prix,1,0,0,,MEDIUM
120,0.05263157894736842,0,SOFT,Qatar Grand Prix,0,0,0,,MEDIUM
120,0.3684210526315789,1,MEDIUM,Qatar Grand Prix,1,0,0,,HARD
120,0.6842105263157895,2,HARD,Qatar Grand Prix,1,0,0,,HARD
120,0.21052631578947367,0,MEDIUM,Qatar Grand Prix,0,0,0,,MEDIUM
120,0.43859649122807015,1,MEDIUM,Qatar Grand Prix,0,0,0,,HARD
120,0.7543859649122807,2,HARD,Qatar Grand Prix,1,0,0,,MEDIUM
120,0.2982456140350877,0,HARD,Qatar Grand Prix,0,0,0,,MEDIUM
120,0.543859649122807,1,MEDIUM,Qatar Grand Prix,1,0,0,,MEDIUM
120,0.7543859649122807,2,MEDIUM,Qatar Grand Prix,1,0,0,,MEDIUM
120,0.05263157894736842,0,SOFT,Qatar Grand Prix,0,0,0,,MEDIUM
120,0.3684210526315789,1,MEDIUM,Qatar Grand Prix,1,0,0,,HARD
120,0.6842105263157895,2,HARD,Qatar Grand Prix,1,0,0,,HARD
120,0.19298245614035087,0,MEDIUM,Qatar Grand Prix,0,0,0,,MEDIUM
120,0.45614035087719296,1,MEDIUM,Qatar Grand Prix,0,0,0,,HARD
120,0.7719298245614035,2,HARD,Qatar Grand Prix,1,0,0,,MEDIUM
120,0.05263157894736842,0,MEDIUM,Qatar Grand Prix,0,0,0,,MEDIUM
120,0.3684210526315789,1,MEDIUM,Qatar Grand Prix,0,0,0,,HARD
120,0.6842105263157895,2,HARD,Qatar Grand Prix,1,0,0,,MEDIUM
120,0.19298245614035087,0,MEDIUM,Qatar Grand Prix,0,0,0,,MEDIUM
120,0.45614035087719296,1,MEDIUM,Qatar Grand Prix,0,0,0,,HARD
120,0.7719298245614035,2,HARD,Qatar Grand Prix,1,0,0,,MEDIUM
120,0.17543859649122806,0,MEDIUM,Qatar Grand Prix,0,0,0,,MEDIUM
120,0.43859649122807015,1,MEDIUM,Qatar Grand Prix,0,0,0,,HARD
120,0.7543859649122807,2,HARD,Qatar Grand Prix,1,0,0,,MEDIUM
120,0.3157894736842105,0,MEDIUM,Qatar Grand Prix,0,0,0,,MEDIUM
120,0.543859649122807,1,MEDIUM,Qatar Grand Prix,0,0,0,,HARD
120,0.7719298245614035,2,HARD,Qatar Grand Prix,1,0,0,,HARD
120,0.22807017543859648,0,MEDIUM,Qatar Grand Prix,0,0,0,,MEDIUM
120,0.47368421052631576,1,MEDIUM,Qatar Grand Prix,0,0,0,,MEDIUM
120,0.7719298245614035,2,MEDIUM,Qatar Grand Prix,0,0,0,,HARD
120,0.15789473684210525,0,MEDIUM,Qatar Grand Prix,0,0,0,,MEDIUM
120,0.38596491228070173,1,MEDIUM,Qatar Grand Prix,0,0,0,,HARD
120,0.7017543859649122,2,HARD,Qatar Grand Prix,1,0,0,,HARD
120,0.3157894736842105,0,MEDIUM,Qatar Grand Prix,0,0,0,,HARD
120,0.6140350877192983,1,HARD,Qatar Grand Prix,1,0,0,,HARD
120,0.9122807017543859,2,HARD,Qatar Grand Prix,1,0,0,,SOFT
120,0.21052631578947367,0,MEDIUM,Qatar Grand Prix,0,0,0,,MEDIUM
120,0.43859649122807015,1,MEDIUM,Qatar Grand Prix,0,0,0,,MEDIUM
120,0.7543859649122807,2,MEDIUM,Qatar Grand Prix,0,0,0,,HARD
121,0.36,0,HARD,Saudi Arabian Grand Prix,0,0,0,,MEDIUM
121,0.36,0,MEDIUM,Saudi Arabian Grand Prix,0,0,0,,HARD
121,0.3,0,MEDIUM,Saudi Arabian Grand Prix,0,0,0,,HARD
121,0.32,0,SOFT,Saudi Arabian Grand Prix,0,0,0,,HARD
121,0.36,0,MEDIUM,Saudi Arabian Grand Prix,0,0,0,,HARD
121,0.16,0,MEDIUM,Saudi Arabian Grand Prix,0,0,0,,HARD
121,0.36,0,MEDIUM,Saudi Arabian Grand Prix,0,0,0,,HARD
121,0.28,0,MEDIUM,Saudi Arabian Grand Prix,0,0,0,,HARD
121,0.32,0,MEDIUM,Saudi Arabian Grand Prix,0,0,0,,HARD
121,0.22,0,MEDIUM,Saudi Arabian Grand Prix,0,0,0,,HARD
121,0.36,0,MEDIUM,Saudi Arabian Grand Prix,0,0,0,,HARD
121,0.34,0,MEDIUM,Saudi Arabian Grand Prix,0,0,0,,HARD
121,0.22,0,MEDIUM,Saudi Arabian Grand Prix,0,0,0,,HARD
121,0.36,1,HARD,Saudi Arabian Grand Prix,1,0,0,,MEDIUM
121,0.34,0,MEDIUM,Saudi Arabian Grand Prix,0,0,0,,HARD
121,0.02,1,MEDIUM,Saudi Arabian Grand Prix,0,0,0,,HARD
122,0.3225806451612903,0,MEDIUM,Singapore Grand Prix,0,0,0,,HARD
122,0.7096774193548387,1,HARD,Singapore Grand Prix,1,0,0,,MEDIUM
122,0.6451612903225806,0,HARD,Singapore Grand Prix,0,0,0,,MEDIUM
122,0.3225806451612903,0,MEDIUM,Singapore Grand Prix,0,0,0,,HARD
122,0.3225806451612903,0,SOFT,Singapore Grand Prix,0,0,0,,HARD
122,0.6290322580645161,0,HARD,Singapore Grand Prix,0,0,0,,MEDIUM
122,0.3225806451612903,0,MEDIUM,Singapore Grand Prix,0,0,0,,HARD
122,0.6935483870967742,1,HARD,Singapore Grand Prix,1,0,0,,SOFT
122,0.3225806451612903,0,MEDIUM,Singapore Grand Prix,0,0,0,,HARD
122,0.7096774193548387,1,HARD,Singapore Grand Prix,1,0,0,,SOFT
122,0.3225806451612903,0,MEDIUM,Singapore Grand Prix,0,0,0,,HARD
122,0.3225806451612903,0,MEDIUM,Singapore Grand Prix,0,0,0,,HARD
122,0.3225806451612903,0,MEDIUM,Singapore Grand Prix,0,0,0,,HARD
122,0.6935483870967742,1,HARD,Singapore Grand Prix,1,0,0,,MEDIUM
122,0.3225806451612903,0,MEDIUM,Singapore Grand Prix,0,0,0,,HARD
122,0.03225806451612903,0,SOFT,Singapore Grand Prix,0,0,0,,HARD
122,0.3225806451612903,1,HARD,Singapore Grand Prix,1,0,0,,MEDIUM
122,0.3225806451612903,0,MEDIUM,Singapore Grand Prix,0,0,0,,HARD
122,0.3064516129032258,0,MEDIUM,Singapore Grand Prix,0,0,0,,HARD
122,0.6935483870967742,1,HARD,Singapore Grand Prix,1,0,0,,MEDIUM
122,0.3225806451612903,0,MEDIUM,Singapore Grand Prix,0,0,0,,HARD
123,0.36363636363636365,0,SOFT,Spanish Grand Prix,0,0,0,,MEDIUM
123,0.7575757575757576,1,MEDIUM,Spanish Grand Prix,1,0,0,,SOFT
123,0.3939393939393939,0,MEDIUM,Spanish Grand Prix,0,0,0,,HARD
123,0.7878787878787878,1,HARD,Spanish Grand Prix,1,0,0,,SOFT
123,0.22727272727272727,0,SOFT,Spanish Grand Prix,0,0,0,,MEDIUM
123,0.6212121212121212,1,MEDIUM,Spanish Grand Prix,1,0,0,,HARD
123,0.24242424242424243,0,HARD,Spanish Grand Prix,0,0,0,,SOFT
123,0.6212121212121212,1,SOFT,Spanish Grand Prix,1,0,0,,HARD
123,0.4090909090909091,0,MEDIUM,Spanish Grand Prix,0,0,0,,HARD
123,0.7575757575757576,1,HARD,Spanish Grand Prix,1,0,0,,SOFT
123,0.2878787878787879,0,SOFT,Spanish Grand Prix,0,0,0,,SOFT
123,0.6666666666666666,1,SOFT,Spanish Grand Prix,0,0,0,,HARD
123,0.21212121212121213,0,SOFT,Spanish Grand Prix,0,0,0,,SOFT
123,0.5151515151515151,1,SOFT,Spanish Grand Prix,0,0,0,,HARD
123,0.2878787878787879,0,SOFT,Spanish Grand Prix,0,0,0,,MEDIUM
123,0.5909090909090909,1,MEDIUM,Spanish Grand Prix,1,0,0,,HARD
123,0.19696969696969696,0,SOFT,Spanish Grand Prix,0,0,0,,MEDIUM
123,0.5303030303030303,1,MEDIUM,Spanish Grand Prix,1,0,0,,HARD
123,0.12121212121212122,0,SOFT,Spanish Grand Prix,0,0,0,,MEDIUM
123,0.3939393939393939,1,MEDIUM,Spanish Grand Prix,1,0,0,,HARD
123,0.6515151515151515,2,HARD,Spanish Grand Prix,1,0,0,,MEDIUM
123,0.3787878787878788,0,SOFT,Spanish Grand Prix,0,0,0,,MEDIUM
123,0.6818181818181818,1,MEDIUM,Spanish Grand Prix,1,0,0,,SOFT
123,0.15151515151515152,0,SOFT,Spanish Grand Prix,0,0,0,,HARD
123,0.5151515151515151,1,HARD,Spanish Grand Prix,1,0,0,,MEDIUM
123,0.13636363636363635,0,SOFT,Spanish Grand Prix,0,0,0,,HARD
123,0.5454545454545454,1,HARD,Spanish Grand Prix,1,0,0,,HARD
123,0.13636363636363635,0,SOFT,Spanish Grand Prix,0,0,0,,HARD
123,0.5757575757575758,1,HARD,Spanish Grand Prix,1,0,0,,MEDIUM
123,0.25757575757575757,0,SOFT,Spanish Grand Prix,0,0,0,,HARD
123,0.5909090909090909,1,HARD,Spanish Grand Prix,1,0,0,,MEDIUM
124,0.014084507042253521,2,SOFT,São Paulo Grand Prix,0,0,0,,SOFT
124,0.028169014084507043,1,SOFT,São Paulo Grand Prix,0,0,0,,SOFT
124,0.2535211267605634,2,SOFT,São Paulo Grand Prix,0,0,0,,MEDIUM
124,0.647887323943662,3,MEDIUM,São Paulo Grand Prix,1,0,0,,SOFT
124,0.014084507042253521,4,SOFT,São Paulo Grand Prix,0,0,0,,SOFT
124,0.028169014084507043,1,SOFT,São Paulo Grand Prix,0,0,0,,SOFT
124,0.38028169014084506,2,SOFT,São Paulo Grand Prix,0,0,0,,MEDIUM
124,0.7887323943661971,3,MEDIUM,São Paulo Grand Prix,1,0,0,,SOFT
124,0.014084507042253521,4,SOFT,São Paulo Grand Prix,0,0,0,,SOFT
124,0.028169014084507043,1,SOFT,São Paulo Grand Prix,0,0,0,,SOFT
124,0.36619718309859156,2,SOFT,São Paulo Grand Prix,0,0,0,,MEDIUM
124,0.7746478873239436,3,MEDIUM,São Paulo Grand Prix,1,0,0,,SOFT
124,0.014084507042253521,4,SOFT,São Paulo Grand Prix,0,0,0,,SOFT
124,0.028169014084507043,1,SOFT,São Paulo Grand Prix,0,0,0,,SOFT
124,0.36619718309859156,2,SOFT,São Paulo Grand Prix,0,0,0,,MEDIUM
124,0.7183098591549296,3,MEDIUM,São Paulo Grand Prix,1,0,0,,SOFT
124,0.014084507042253521,4,SOFT,São Paulo Grand Prix,0,0,0,,SOFT
124,0.028169014084507043,1,SOFT,São Paulo Grand Prix,0,0,0,,SOFT
124,0.28169014084507044,2,SOFT,São Paulo Grand Prix,0,0,0,,MEDIUM
124,0.647887323943662,3,MEDIUM,São Paulo Grand Prix,1,0,0,,SOFT
124,0.014084507042253521,4,SOFT,São Paulo Grand Prix,0,0,0,,SOFT
124,0.028169014084507043,1,SOFT,São Paulo Grand Prix,0,0,0,,SOFT
124,0.352112676056338,2,SOFT,São Paulo Grand Prix,0,0,0,,MEDIUM
124,0.6619718309859155,3,MEDIUM,São Paulo Grand Prix,1,0,0,,SOFT
124,0.014084507042253521,4,SOFT,São Paulo Grand Prix,0,0,0,,SOFT
124,0.028169014084507043,1,SOFT,São Paulo Grand Prix,0,0,0,,SOFT
124,0.30985915492957744,2,SOFT,São Paulo Grand Prix,0,0,0,,MEDIUM
124,0.7323943661971831,3,MEDIUM,São Paulo Grand Prix,1,0,0,,SOFT
124,0.014084507042253521,4,SOFT,São Paulo Grand Prix,0,0,0,,SOFT
124,0.028169014084507043,1,SOFT,São Paulo Grand Prix,0,0,0,,SOFT
124,0.36619718309859156,2,SOFT,São Paulo Grand Prix,0,0,0,,MEDIUM
124,0.647887323943662,3,MEDIUM,São Paulo Grand Prix,1,0,0,,SOFT
124,0.014084507042253521,4,SOFT,São Paulo Grand Prix,0,0,0,,SOFT
124,0.028169014084507043,1,SOFT,São Paulo Grand Prix,0,0,0,,SOFT
124,0.19718309859154928,2,SOFT,São Paulo Grand Prix,0,0,0,,MEDIUM
124,0.43661971830985913,3,MEDIUM,São Paulo Grand Prix,1,0,0,,SOFT
124,0.7183098591549296,4,SOFT,São Paulo Grand Prix,1,0,0,,SOFT
124,0.014084507042253521,5,SOFT,São Paulo Grand Prix,0,0,0,,MEDIUM
124,0.028169014084507043,1,MEDIUM,São Paulo Grand Prix,1,0,0,,SOFT
124,0.29577464788732394,2,SOFT,São Paulo Grand Prix,1,0,0,,SOFT
124,0.647887323943662,3,SOFT,São Paulo Grand Prix,1,0,0,,SOFT
124,0.014084507042253521,4,SOFT,São Paulo Grand Prix,0,0,0,,SOFT
124,0.028169014084507043,1,SOFT,São Paulo Grand Prix,0,0,0,,SOFT
124,0.38028169014084506,2,SOFT,São Paulo Grand Prix,0,0,0,,MEDIUM
124,0.8309859154929577,3,MEDIUM,São Paulo Grand Prix,1,0,0,,SOFT
124,0.014084507042253521,4,SOFT,São Paulo Grand Prix,0,0,0,,SOFT
124,0.028169014084507043,1,SOFT,São Paulo Grand Prix,0,0,0,,SOFT
124,0.2676056338028169,2,SOFT,São Paulo Grand Prix,0,0,0,,MEDIUM
124,0.6338028169014085,3,MEDIUM,São Paulo Grand Prix,1,0,0,,SOFT
124,0.8028169014084507,4,SOFT,São Paulo Grand Prix,1,0,0,,
124,0.014084507042253521,5,SOFT,São Paulo Grand Prix,0,0,0,,SOFT
124,0.028169014084507043,1,SOFT,São Paulo Grand Prix,0,0,0,,SOFT
124,0.36619718309859156,2,SOFT,São Paulo Grand Prix,0,0,0,,MEDIUM
124,0.7746478873239436,3,MEDIUM,São Paulo Grand Prix,1,0,0,,SOFT
124,0.014084507042253521,4,SOFT,São Paulo Grand Prix,0,0,0,,MEDIUM
124,0.028169014084507043,1,MEDIUM,São Paulo Grand Prix,1,0,0,,MEDIUM
124,0.3380281690140845,2,MEDIUM,São Paulo Grand Prix,1,0,0,,SOFT
124,0.7323943661971831,3,SOFT,São Paulo Grand Prix,1,0,0,,SOFT
124,0.014084507042253521,4,MEDIUM,São Paulo Grand Prix,0,0,0,,MEDIUM
124,0.028169014084507043,1,MEDIUM,São Paulo Grand Prix,0,0,0,,SOFT
124,0.23943661971830985,2,SOFT,São Paulo Grand Prix,1,0,0,,SOFT
124,0.6197183098591549,3,SOFT,São Paulo Grand Prix,1,0,0,,SOFT
125,0.2857142857142857,0,MEDIUM,United States Grand Prix,0,0,0,,MEDIUM
125,0.625,1,MEDIUM,United States Grand Prix,0,0,0,,HARD
125,0.39285714285714285,0,MEDIUM,United States Grand Prix,0,0,0,,HARD
125,0.8392857142857143,1,HARD,United States Grand Prix,1,0,0,,SOFT
125,0.17857142857142858,0,MEDIUM,United States Grand Prix,0,0,0,,HARD
125,0.5,1,HARD,United States Grand Prix,1,0,0,,HARD
125,0.30357142857142855,0,MEDIUM,United States Grand Prix,0,0,0,,MEDIUM
125,0.625,1,MEDIUM,United States Grand Prix,0,0,0,,HARD
125,0.30357142857142855,0,MEDIUM,United States Grand Prix,0,0,0,,MEDIUM
125,0.6607142857142857,1,MEDIUM,United States Grand Prix,0,0,0,,HARD
125,0.17857142857142858,0,MEDIUM,United States Grand Prix,0,0,0,,HARD
125,0.5178571428571429,1,HARD,United States Grand Prix,1,0,0,,MEDIUM
125,0.35714285714285715,0,HARD,United States Grand Prix,0,0,0,,MEDIUM
125,0.7142857142857143,1,MEDIUM,United States Grand Prix,1,0,0,,MEDIUM
125,0.32142857142857145,0,MEDIUM,United States Grand Prix,0,0,0,,MEDIUM
125,0.6607142857142857,1,MEDIUM,United States Grand Prix,0,0,0,,HARD
125,0.3392857142857143,0,HARD,United States Grand Prix,0,0,0,,MEDIUM
125,0.6071428571428571,1,MEDIUM,United States Grand Prix,1,0,0,,MEDIUM
125,0.17857142857142858,0,MEDIUM,United States Grand Prix,0,0,0,,HARD
125,0.5178571428571429,1,HARD,United States Grand Prix,1,0,0,,MEDIUM
125,0.30357142857142855,0,MEDIUM,United States Grand Prix,0,0,0,,HARD
125,0.6071428571428571,1,HARD,United States Grand Prix,1,0,0,,HARD
125,0.375,0,MEDIUM,United States Grand Prix,0,0,0,,HARD
125,0.6964285714285714,1,HARD,United States Grand Prix,1,0,0,,MEDIUM
125,0.30357142857142855,0,MEDIUM,United States Grand Prix,0,0,0,,HARD
125,0.6071428571428571,1,HARD,United States Grand Prix,1,0,0,,MEDIUM
125,0.9642857142857143,2,MEDIUM,United States Grand Prix,1,0,0,,SOFT
125,0.16071428571428573,0,MEDIUM,United States Grand Prix,0,0,0,,HARD
125,0.48214285714285715,1,HARD,United States Grand Prix,1,0,0,,HARD
125,0.19642857142857142,0,MEDIUM,United States Grand Prix,0,0,0,,HARD
125,0.5714285714285714,1,HARD,United States Grand Prix,1,0,0,,MEDIUM
126,0.5862068965517241,0,HARD,Abu Dhabi Grand Prix,0,0,0,,MEDIUM
126,0.5,0,MEDIUM,Abu Dhabi Grand Prix,0,0,0,,HARD
126,0.43103448275862066,0,MEDIUM,Abu Dhabi Grand Prix,0,0,0,,HARD
126,0.3448275862068966,0,MEDIUM,Abu Dhabi Grand Prix,0,0,0,,HARD
126,0.22413793103448276,0,MEDIUM,Abu Dhabi Grand Prix,0,0,0,,HARD
126,0.6379310344827587,1,HARD,Abu Dhabi Grand Prix,1,0,0,,HARD
126,0.1896551724137931,0,MEDIUM,Abu Dhabi Grand Prix,0,0,0,,HARD
126,0.5517241379310345,1,HARD,Abu Dhabi Grand Prix,1,0,0,,HARD
126,0.2413793103448276,0,MEDIUM,Abu Dhabi Grand Prix,0,0,0,,HARD
126,0.22413793103448276,0,MEDIUM,Abu Dhabi Grand Prix,0,0,0,,HARD
126,0.20689655172413793,0,MEDIUM,Abu Dhabi Grand Prix,0,0,0,,HARD
126,0.4482758620689655,0,MEDIUM,Abu Dhabi Grand Prix,0,0,0,,HARD
126,0.4482758620689655,0,MEDIUM,Abu Dhabi Grand Prix,0,0,0,,HARD
126,0.3793103448275862,0,MEDIUM,Abu Dhabi Grand Prix,0,0,0,,HARD
126,0.20689655172413793,0,MEDIUM,Abu Dhabi Grand Prix,0,0,0,,HARD
126,0.6724137931034483,1,HARD,Abu Dhabi Grand Prix,1,0,0,,HARD
126,0.06896551724137931,0,MEDIUM,Abu Dhabi Grand Prix,0,0,0,,HARD
126,0.5517241379310345,1,HARD,Abu Dhabi Grand Prix,1,0,0,,HARD
126,0.3793103448275862,0,MEDIUM,Abu Dhabi Grand Prix,0,0,0,,HARD
127,0.08620689655172414,0,SOFT,Australian Grand Prix,0,0,0,,HARD
127,0.5,1,HARD,Australian Grand Prix,1,0,0,,HARD
127,0.13793103448275862,0,MEDIUM,Australian Grand Prix,0,0,0,,HARD
127,0.6206896551724138,1,HARD,Australian Grand Prix,1,0,0,,HARD
127,0.27586206896551724,0,MEDIUM,Australian Grand Prix,0,0,0,,HARD
127,0.7068965517241379,1,HARD,Australian Grand Prix,1,0,0,,HARD
127,0.15517241379310345,0,MEDIUM,Australian Grand Prix,0,0,0,,HARD
127,0.5862068965517241,1,HARD,Australian Grand Prix,1,0,0,,HARD
127,0.2413793103448276,0,MEDIUM,Australian Grand Prix,0,0,0,,HARD
127,0.603448275862069,1,HARD,Australian Grand Prix,1,0,0,,HARD
127,0.1206896551724138,0,MEDIUM,Australian Grand Prix,0,0,0,,HARD
127,0.5689655172413793,1,HARD,Australian Grand Prix,1,0,0,,HARD
127,0.29310344827586204,0,HARD,Australian Grand Prix,0,0,0,,MEDIUM
127,0.7068965517241379,1,MEDIUM,Australian Grand Prix,1,0,0,,HARD
127,0.13793103448275862,0,MEDIUM,Australian Grand Prix,0,0,0,,HARD
127,0.6379310344827587,1,HARD,Australian Grand Prix,1,0,0,,HARD
127,0.29310344827586204,0,MEDIUM,Australian Grand Prix,0,0,0,,HARD
127,0.7068965517241379,1,HARD,Australian Grand Prix,1,0,0,,HARD
127,0.29310344827586204,0,HARD,Australian Grand Prix,0,0,0,,MEDIUM
127,0.603448275862069,1,MEDIUM,Australian Grand Prix,1,0,0,,HARD
127,0.10344827586206896,0,MEDIUM,Australian Grand Prix,0,0,0,,HARD
127,0.46551724137931033,1,HARD,Australian Grand Prix,1,0,0,,HARD
127,0.2413793103448276,0,MEDIUM,Australian Grand Prix,0,0,0,,HARD
127,0.6896551724137931,1,HARD,Australian Grand Prix,1,0,0,,HARD
127,0.15517241379310345,0,MEDIUM,Australian Grand Prix,0,0,0,,HARD
127,0.6206896551724138,1,HARD,Australian Grand Prix,1,0,0,,HARD
127,0.10344827586206896,0,SOFT,Australian Grand Prix,0,0,0,,HARD
127,0.603448275862069,1,HARD,Australian Grand Prix,1,0,0,,HARD
127,0.15517241379310345,0,MEDIUM,Australian Grand Prix,0,0,0,,HARD
127,0.6724137931034483,1,HARD,Australian Grand Prix,1,0,0,,HARD
128,0.29577464788732394,0,MEDIUM,Austrian Grand Prix,0,0,0,,HARD
128,0.7464788732394366,1,HARD,Austrian Grand Prix,1,1,0,,MEDIUM
128,0.323943661971831,0,MEDIUM,Austrian Grand Prix,0,0,0,,HARD
128,0.7183098591549296,1,HARD,Austrian Grand Prix,1,1,0,,MEDIUM
128,0.9014084507042254,2,MEDIUM,Austrian Grand Prix,1,1,0,,SOFT
128,0.14084507042253522,0,MEDIUM,Austrian Grand Prix,0,0,0,,HARD
128,0.5211267605633803,1,HARD,Austrian Grand Prix,1,1,0,,HARD
128,0.30985915492957744,0,MEDIUM,Austrian Grand Prix,0,0,0,,HARD
128,0.6619718309859155,1,HARD,Austrian Grand Prix,1,1,0,,MEDIUM
128,0.014084507042253521,2,MEDIUM,Austrian Grand Prix,0,0,0,,HARD
128,0.22535211267605634,1,HARD,Austrian Grand Prix,1,0,0,,MEDIUM
128,0.4647887323943662,2,MEDIUM,Austrian Grand Prix,1,0,0,,MEDIUM
128,0.7183098591549296,3,MEDIUM,Austrian Grand Prix,1,1,0,,MEDIUM
128,0.29577464788732394,0,MEDIUM,Austrian Grand Prix,0,0,0,,HARD
128,0.7183098591549296,1,HARD,Austrian Grand Prix,1,1,0,,MEDIUM
128,0.14084507042253522,0,MEDIUM,Austrian Grand Prix,0,0,0,,HARD
128,0.5352112676056338,1,HARD,Austrian Grand Prix,1,1,0,,HARD
128,0.28169014084507044,0,MEDIUM,Austrian Grand Prix,0,0,0,,MEDIUM
128,0.6056338028169014,1,MEDIUM,Austrian Grand Prix,1,1,0,,HARD
128,0.28169014084507044,0,MEDIUM,Austrian Grand Prix,0,0,0,,HARD
128,0.5915492957746479,1,HARD,Austrian Grand Prix,1,1,0,,MEDIUM
128,0.2676056338028169,0,MEDIUM,Austrian Grand Prix,0,0,0,,HARD
128,0.6056338028169014,1,HARD,Austrian Grand Prix,1,1,0,,MEDIUM
128,0.15492957746478872,0,MEDIUM,Austrian Grand Prix,0,0,0,,HARD
128,0.5492957746478874,1,HARD,Austrian Grand Prix,1,1,0,,HARD
128,0.16901408450704225,0,MEDIUM,Austrian Grand Prix,0,0,0,,HARD
128,0.5492957746478874,1,HARD,Austrian Grand Prix,1,1,0,,HARD
128,0.30985915492957744,0,MEDIUM,Austrian Grand Prix,0,0,0,,MEDIUM
128,0.647887323943662,1,MEDIUM,Austrian Grand Prix,1,1,0,,HARD
128,0.29577464788732394,0,MEDIUM,Austrian Grand Prix,0,0,0,,HARD
128,0.6197183098591549,1,HARD,Austrian Grand Prix,1,1,0,,HARD
128,0.352112676056338,0,MEDIUM,Austrian Grand Prix,0,0,0,,HARD
128,0.7183098591549296,1,HARD,Austrian Grand Prix,1,1,0,,MEDIUM
129,0.23529411764705882,0,MEDIUM,Azerbaijan Grand Prix,0,0,0,,HARD
129,0.23529411764705882,0,MEDIUM,Azerbaijan Grand Prix,0,0,0,,HARD
129,0.9607843137254902,1,HARD,Azerbaijan Grand Prix,1,0,0,,SOFT
129,0.9607843137254902,0,HARD,Azerbaijan Grand Prix,0,0,0,,SOFT
129,0.3137254901960784,0,MEDIUM,Azerbaijan Grand Prix,0,0,0,,HARD
129,0.21568627450980393,0,MEDIUM,Azerbaijan Grand Prix,0,0,0,,HARD
129,0.9803921568627451,0,HARD,Azerbaijan Grand Prix,0,0,0,,SOFT
129,0.9607843137254902,0,HARD,Azerbaijan Grand Prix,0,0,0,,SOFT
129,0.29411764705882354,0,MEDIUM,Azerbaijan Grand Prix,0,0,0,,HARD
129,0.6078431372549019,0,HARD,Azerbaijan Grand Prix,0,0,0,,MEDIUM
129,0.7254901960784313,0,HARD,Azerbaijan Grand Prix,0,0,0,,MEDIUM
129,0.23529411764705882,0,MEDIUM,Azerbaijan Grand Prix,0,0,0,,HARD
129,0.6666666666666666,0,HARD,Azerbaijan Grand Prix,0,0,0,,MEDIUM
129,0.29411764705882354,0,MEDIUM,Azerbaijan Grand Prix,0,0,0,,HARD
129,0.19607843137254902,0,MEDIUM,Azerbaijan Grand Prix,0,0,0,,HARD
129,0.27450980392156865,0,MEDIUM,Azerbaijan Grand Prix,0,0,0,,HARD
130,0.21052631578947367,0,SOFT,Bahrain Grand Prix,0,0,0,,HARD
130,0.5789473684210527,1,HARD,Bahrain Grand Prix,1,0,0,,HARD
130,0.2982456140350877,0,SOFT,Bahrain Grand Prix,0,0,0,,HARD
130,0.6491228070175439,1,HARD,Bahrain Grand Prix,1,0,0,,SOFT
130,0.22807017543859648,0,SOFT,Bahrain Grand Prix,0,0,0,,HARD
130,0.6140350877192983,1,HARD,Bahrain Grand Prix,1,0,0,,SOFT
130,0.24561403508771928,0,SOFT,Bahrain Grand Prix,0,0,0,,HARD
130,0.6140350877192983,1,HARD,Bahrain Grand Prix,1,0,0,,HARD
130,0.19298245614035087,0,SOFT,Bahrain Grand Prix,0,0,0,,HARD
130,0.5964912280701754,1,HARD,Bahrain Grand Prix,1,0,0,,HARD
130,0.21052631578947367,0,SOFT,Bahrain Grand Prix,0,0,0,,HARD
130,0.631578947368421,1,HARD,Bahrain Grand Prix,1,0,0,,SOFT
130,0.19298245614035087,0,SOFT,Bahrain Grand Prix,0,0,0,,HARD
130,0.5614035087719298,1,HARD,Bahrain Grand Prix,1,0,0,,HARD
130,0.2631578947368421,0,SOFT,Bahrain Grand Prix,0,0,0,,HARD
130,0.7192982456140351,1,HARD,Bahrain Grand Prix,1,0,0,,HARD
130,0.15789473684210525,0,SOFT,Bahrain Grand Prix,0,0,0,,HARD
130,0.47368421052631576,1,HARD,Bahrain Grand Prix,1,0,0,,HARD
130,0.2631578947368421,0,SOFT,Bahrain Grand Prix,0,0,0,,HARD
130,0.631578947368421,1,HARD,Bahrain Grand Prix,1,0,0,,HARD
130,0.22807017543859648,0,SOFT,Bahrain Grand Prix,0,0,0,,HARD
130,0.5789473684210527,1,HARD,Bahrain Grand Prix,1,0,0,,HARD
130,0.19298245614035087,0,SOFT,Bahrain Grand Prix,0,0,0,,HARD
130,0.543859649122807,1,HARD,Bahrain Grand Prix,1,0,0,,HARD
130,0.24561403508771928,0,SOFT,Bahrain Grand Prix,0,0,0,,HARD
130,0.5964912280701754,1,HARD,Bahrain Grand Prix,1,0,0,,HARD
130,0.15789473684210525,0,SOFT,Bahrain Grand Prix,0,0,0,,HARD
130,0.49122807017543857,1,HARD,Bahrain Grand Prix,1,0,0,,HARD
130,0.21052631578947367,0,SOFT,Bahrain Grand Prix,0,0,0,,HARD
130,0.5964912280701754,1,HARD,Bahrain Grand Prix,1,0,0,,HARD
131,0.25,0,MEDIUM,Belgian Grand Prix,0,0,0,,HARD
131,0.5909090909090909,1,HARD,Belgian Grand Prix,1,0,0,,HARD
131,0.22727272727272727,0,MEDIUM,Belgian Grand Prix,0,0,0,,HARD
131,0.6363636363636364,1,HARD,Belgian Grand Prix,1,0,0,,MEDIUM
131,0.18181818181818182,0,SOFT,Belgian Grand Prix,0,0,0,,MEDIUM
131,0.4772727272727273,1,MEDIUM,Belgian Grand Prix,1,0,0,,SOFT
131,0.25,0,MEDIUM,Belgian Grand Prix,0,0,0,,HARD
131,0.7954545454545454,1,HARD,Belgian Grand Prix,1,0,0,,MEDIUM
131,0.45454545454545453,0,HARD,Belgian Grand Prix,0,0,0,,MEDIUM
131,0.6363636363636364,1,MEDIUM,Belgian Grand Prix,1,0,0,,HARD
131,0.2727272727272727,0,MEDIUM,Belgian Grand Prix,0,0,0,,HARD
131,0.5681818181818182,1,HARD,Belgian Grand Prix,1,0,0,,HARD
131,0.25,0,MEDIUM,Belgian Grand Prix,0,0,0,,MEDIUM
131,0.4772727272727273,1,MEDIUM,Belgian Grand Prix,0,0,0,,HARD
131,0.9545454545454546,2,HARD,Belgian Grand Prix,1,0,0,,SOFT
131,0.38636363636363635,0,MEDIUM,Belgian Grand Prix,0,0,0,,HARD
131,0.29545454545454547,0,MEDIUM,Belgian Grand Prix,0,0,0,,MEDIUM
131,0.2727272727272727,0,MEDIUM,Belgian Grand Prix,0,0,0,,MEDIUM
131,0.20454545454545456,0,MEDIUM,Belgian Grand Prix,0,0,0,,HARD
131,0.6363636363636364,1,HARD,Belgian Grand Prix,1,0,0,,HARD
131,0.2727272727272727,0,MEDIUM,Belgian Grand Prix,0,0,0,,HARD
131,0.6818181818181818,1,HARD,Belgian Grand Prix,1,0,0,,HARD
131,0.18181818181818182,0,MEDIUM,Belgian Grand Prix,0,0,0,,MEDIUM
131,0.5227272727272727,1,MEDIUM,Belgian Grand Prix,0,0,0,,HARD
131,0.3409090909090909,0,MEDIUM,Belgian Grand Prix,0,0,0,,HARD
131,0.6590909090909091,1,HARD,Belgian Grand Prix,1,0,0,,HARD
131,0.25,0,MEDIUM,Belgian Grand Prix,0,0,0,,HARD
131,0.6818181818181818,1,HARD,Belgian Grand Prix,1,0,0,,HARD
132,0.5192307692307693,0,MEDIUM,British Grand Prix,1,1,0,,INTERMEDIATE
132,0.7307692307692307,1,INTERMEDIATE,British Grand Prix,1,1,0,,SOFT
132,0.5,0,MEDIUM,British Grand Prix,1,1,0,,INTERMEDIATE
132,0.7307692307692307,1,INTERMEDIATE,British Grand Prix,1,1,0,,HARD
132,0.5,0,MEDIUM,British Grand Prix,1,1,0,,INTERMEDIATE
132,0.7115384615384616,1,INTERMEDIATE,British Grand Prix,1,1,0,,SOFT
132,0.5,0,MEDIUM,British Grand Prix,1,1,0,,INTERMEDIATE
132,0.7115384615384616,1,INTERMEDIATE,British Grand Prix,1,1,0,,SOFT
132,0.5,0,MEDIUM,British Grand Prix,1,1,0,,INTERMEDIATE
132,0.75,1,INTERMEDIATE,British Grand Prix,1,1,0,,HARD
132,0.9615384615384616,2,HARD,British Grand Prix,1,1,0,,SOFT
132,0.36538461538461536,0,MEDIUM,British Grand Prix,1,1,0,,INTERMEDIATE
132,0.5192307692307693,1,INTERMEDIATE,British Grand Prix,1,1,0,,INTERMEDIATE
132,0.7115384615384616,2,INTERMEDIATE,British Grand Prix,1,1,0,,SOFT
132,0.5192307692307693,0,MEDIUM,British Grand Prix,1,1,0,,INTERMEDIATE
132,0.7115384615384616,1,INTERMEDIATE,British Grand Prix,1,1,0,,SOFT
132,0.5192307692307693,0,MEDIUM,British Grand Prix,1,1,0,,INTERMEDIATE
132,0.7307692307692307,1,INTERMEDIATE,British Grand Prix,1,1,0,,MEDIUM
132,0.5,0,MEDIUM,British Grand Prix,1,1,0,,INTERMEDIATE
132,0.75,1,INTERMEDIATE,British Grand Prix,1,1,0,,MEDIUM
132,0.5,0,MEDIUM,British Grand Prix,1,1,0,,INTERMEDIATE
132,0.75,1,INTERMEDIATE,British Grand Prix,1,1,0,,SOFT
132,0.5192307692307693,0,MEDIUM,British Grand Prix,1,1,0,,INTERMEDIATE
132,0.7307692307692307,1,INTERMEDIATE,British Grand Prix,1,1,0,,MEDIUM
132,0.5192307692307693,0,MEDIUM,British Grand Prix,1,1,0,,INTERMEDIATE
132,0.75,1,INTERMEDIATE,British Grand Prix,1,1,0,,SOFT
132,0.5192307692307693,0,MEDIUM,British Grand Prix,1,1,0,,INTERMEDIATE
132,0.7307692307692307,1,INTERMEDIATE,British Grand Prix,1,1,0,,SOFT
132,0.5384615384615384,0,MEDIUM,British Grand Prix,1,1,0,,INTERMEDIATE
132,0.7307692307692307,1,INTERMEDIATE,British Grand Prix,1,1,0,,MEDIUM
132,0.5192307692307693,0,MEDIUM,British Grand Prix,1,1,0,,INTERMEDIATE
132,0.7307692307692307,1,INTERMEDIATE,British Grand Prix,1,1,0,,SOFT
133,0.35714285714285715,0,INTERMEDIATE,Canadian Grand Prix,1,1,0,,INTERMEDIATE
133,0.6142857142857143,1,INTERMEDIATE,Canadian Grand Prix,1,1,0,,MEDIUM
133,0.7714285714285715,2,MEDIUM,Canadian Grand Prix,1,1,0,,HARD
133,0.35714285714285715,0,INTERMEDIATE,Canadian Grand Prix,1,1,0,,INTERMEDIATE
133,0.6428571428571429,1,INTERMEDIATE,Canadian Grand Prix,1,1,0,,MEDIUM
133,0.37142857142857144,0,INTERMEDIATE,Canadian Grand Prix,1,1,0,,INTERMEDIATE
133,0.6142857142857143,1,INTERMEDIATE,Canadian Grand Prix,1,1,0,,MEDIUM
133,0.6,0,INTERMEDIATE,Canadian Grand Prix,1,1,0,,MEDIUM
133,0.1,0,WET,Canadian Grand Prix,1,1,1,11.612516666666666,INTERMEDIATE
133,0.35714285714285715,1,INTERMEDIATE,Canadian Grand Prix,1,1,0,,INTERMEDIATE
133,0.5857142857142857,2,INTERMEDIATE,Canadian Grand Prix,1,1,0,,MEDIUM
133,0.7714285714285715,3,MEDIUM,Canadian Grand Prix,1,1,0,,MEDIUM
133,0.35714285714285715,0,INTERMEDIATE,Canadian Grand Prix,1,1,0,,INTERMEDIATE
133,0.6285714285714286,1,INTERMEDIATE,Canadian Grand Prix,1,1,0,,HARD
133,0.35714285714285715,0,INTERMEDIATE,Canadian Grand Prix,1,1,0,,INTERMEDIATE
133,0.6285714285714286,1,INTERMEDIATE,Canadian Grand Prix,1,1,0,,HARD
133,0.35714285714285715,0,INTERMEDIATE,Canadian Grand Prix,1,1,0,,INTERMEDIATE
133,0.5714285714285714,1,INTERMEDIATE,Canadian Grand Prix,1,1,0,,HARD
133,0.6285714285714286,0,INTERMEDIATE,Canadian Grand Prix,1,1,0,,MEDIUM
133,0.17142857142857143,0,WET,Canadian Grand Prix,1,1,0,,INTERMEDIATE
133,0.35714285714285715,1,INTERMEDIATE,Canadian Grand Prix,1,1,0,,INTERMEDIATE
133,0.6285714285714286,2,INTERMEDIATE,Canadian Grand Prix,1,1,0,,MEDIUM
133,0.37142857142857144,0,INTERMEDIATE,Canadian Grand Prix,1,1,0,,INTERMEDIATE
133,0.6714285714285714,1,INTERMEDIATE,Canadian Grand Prix,1,1,0,,MEDIUM
133,0.35714285714285715,0,INTERMEDIATE,Canadian Grand Prix,1,1,0,,INTERMEDIATE
133,0.6428571428571429,1,INTERMEDIATE,Canadian Grand Prix,1,1,0,,HARD
133,0.7714285714285715,2,HARD,Canadian Grand Prix,1,1,0,,MEDIUM
133,0.6285714285714286,0,INTERMEDIATE,Canadian Grand Prix,1,1,0,,MEDIUM
133,0.34285714285714286,0,INTERMEDIATE,Canadian Grand Prix,1,1,0,,INTERMEDIATE
133,0.6285714285714286,1,INTERMEDIATE,Canadian Grand Prix,1,1,0,,MEDIUM
133,0.7428571428571429,2,MEDIUM,Canadian Grand Prix,1,1,0,,MEDIUM
133,0.35714285714285715,0,INTERMEDIATE,Canadian Grand Prix,1,1,0,,INTERMEDIATE
133,0.6285714285714286,1,INTERMEDIATE,Canadian Grand Prix,1,1,0,,MEDIUM
134,0.16071428571428573,0,SOFT,Chinese Grand Prix,0,0,0,,MEDIUM
134,0.375,1,MEDIUM,Chinese Grand Prix,1,0,0,,HARD
134,0.23214285714285715,0,MEDIUM,Chinese Grand Prix,0,0,0,,HARD
134,0.4107142857142857,1,HARD,Chinese Grand Prix,1,0,0,,HARD
134,0.30357142857142855,0,MEDIUM,Chinese Grand Prix,0,0,0,,HARD
134,0.375,0,MEDIUM,Chinese Grand Prix,0,0,0,,HARD
134,0.23214285714285715,0,MEDIUM,Chinese Grand Prix,0,0,0,,HARD
134,0.4107142857142857,1,HARD,Chinese Grand Prix,1,0,0,,HARD
134,0.19642857142857142,0,MEDIUM,Chinese Grand Prix,0,0,0,,HARD
134,0.4107142857142857,1,HARD,Chinese Grand Prix,1,0,0,,SOFT
134,0.7678571428571429,2,SOFT,Chinese Grand Prix,1,0,0,,MEDIUM
134,0.19642857142857142,0,MEDIUM,Chinese Grand Prix,0,0,0,,HARD
134,0.4107142857142857,1,HARD,Chinese Grand Prix,1,0,0,,HARD
134,0.6785714285714286,2,HARD,Chinese Grand Prix,1,0,0,,MEDIUM
134,0.16071428571428573,0,MEDIUM,Chinese Grand Prix,0,0,0,,HARD
134,0.4107142857142857,1,HARD,Chinese Grand Prix,1,0,0,,HARD
134,0.14285714285714285,0,MEDIUM,Chinese Grand Prix,0,0,0,,HARD
134,0.4107142857142857,1,HARD,Chinese Grand Prix,1,0,0,,HARD
134,0.16071428571428573,0,MEDIUM,Chinese Grand Prix,0,0,0,,MEDIUM
134,0.4107142857142857,1,MEDIUM,Chinese Grand Prix,0,0,0,,HARD
134,0.39285714285714285,0,MEDIUM,Chinese Grand Prix,0,0,0,,HARD
134,0.19642857142857142,0,MEDIUM,Chinese Grand Prix,0,0,0,,MEDIUM
134,0.4107142857142857,1,MEDIUM,Chinese Grand Prix,0,0,0,,HARD
134,0.14285714285714285,0,MEDIUM,Chinese Grand Prix,0,0,0,,HARD
134,0.4107142857142857,1,HARD,Chinese Grand Prix,1,0,0,,HARD
134,0.7142857142857143,2,HARD,Chinese Grand Prix,1,0,0,,SOFT
134,0.2857142857142857,0,MEDIUM,Chinese Grand Prix,0,0,0,,MEDIUM
134,0.42857142857142855,1,MEDIUM,Chinese Grand Prix,0,0,0,,HARD
135,0.3194444444444444,0,SOFT,Dutch Grand Prix,0,0,0,,HARD
135,0.6666666666666666,1,HARD,Dutch Grand Prix,1,0,0,,SOFT
135,0.375,0,MEDIUM,Dutch Grand Prix,0,0,0,,HARD
135,0.4027777777777778,0,MEDIUM,Dutch Grand Prix,0,0,0,,HARD
135,0.4166666666666667,0,MEDIUM,Dutch Grand Prix,0,0,0,,HARD
135,0.3333333333333333,0,MEDIUM,Dutch Grand Prix,0,0,0,,HARD
135,0.4027777777777778,0,MEDIUM,Dutch Grand Prix,0,0,0,,HARD
135,0.4305555555555556,0,MEDIUM,Dutch Grand Prix,0,0,0,,HARD
135,0.4166666666666667,0,MEDIUM,Dutch Grand Prix,0,0,0,,HARD
135,0.4444444444444444,0,MEDIUM,Dutch Grand Prix,0,0,0,,HARD
135,0.4166666666666667,0,MEDIUM,Dutch Grand Prix,0,0,0,,HARD
135,0.19444444444444445,0,MEDIUM,Dutch Grand Prix,0,0,0,,HARD
135,0.16666666666666666,0,MEDIUM,Dutch Grand Prix,0,0,0,,HARD
135,0.75,1,HARD,Dutch Grand Prix,1,0,0,,MEDIUM
135,0.3888888888888889,0,MEDIUM,Dutch Grand Prix,0,0,0,,HARD
135,0.3472222222222222,0,MEDIUM,Dutch Grand Prix,0,0,0,,HARD
135,0.75,1,HARD,Dutch Grand Prix,1,0,0,,SOFT
135,0.4583333333333333,0,MEDIUM,Dutch Grand Prix,0,0,0,,HARD
136,0.42857142857142855,0,MEDIUM,Emilia Romagna Grand Prix,0,0,0,,HARD
136,0.38095238095238093,0,MEDIUM,Emilia Romagna Grand Prix,0,0,0,,HARD
136,0.1746031746031746,0,MEDIUM,Emilia Romagna Grand Prix,0,0,0,,HARD
136,0.42857142857142855,0,MEDIUM,Emilia Romagna Grand Prix,0,0,0,,HARD
136,0.3968253968253968,0,MEDIUM,Emilia Romagna Grand Prix,0,0,0,,HARD
136,0.5873015873015873,0,HARD,Emilia Romagna Grand Prix,0,0,0,,MEDIUM
136,0.5873015873015873,0,MEDIUM,Emilia Romagna Grand Prix,0,0,0,,HARD
136,0.5873015873015873,0,MEDIUM,Emilia Romagna Grand Prix,0,0,0,,HARD
136,0.3968253968253968,0,MEDIUM,Emilia Romagna Grand Prix,0,0,0,,HARD
136,0.20634920634920634,0,MEDIUM,Emilia Romagna Grand Prix,0,0,0,,HARD
136,0.3492063492063492,0,MEDIUM,Emilia Romagna Grand Prix,0,0,0,,HARD
136,0.3333333333333333,0,MEDIUM,Emilia Romagna Grand Prix,0,0,0,,HARD
136,0.8253968253968254,1,HARD,Emilia Romagna Grand Prix,1,0,0,,MEDIUM
136,0.19047619047619047,0,MEDIUM,Emilia Romagna Grand Prix,0,0,0,,HARD
136,0.5238095238095238,0,HARD,Emilia Romagna Grand Prix,0,0,0,,MEDIUM
136,0.36507936507936506,0,MEDIUM,Emilia Romagna Grand Prix,0,0,0,,HARD
137,0.22857142857142856,0,MEDIUM,Hungarian Grand Prix,0,0,0,,HARD
137,0.5714285714285714,1,HARD,Hungarian Grand Prix,1,0,0,,HARD
137,0.3,0,MEDIUM,Hungarian Grand Prix,0,0,0,,HARD
137,0.7,1,HARD,Hungarian Grand Prix,1,0,0,,MEDIUM
137,0.1,0,MEDIUM,Hungarian Grand Prix,0,0,0,,HARD
137,0.4,1,HARD,Hungarian Grand Prix,1,0,0,,HARD
137,0.3,0,MEDIUM,Hungarian Grand Prix,0,0,0,,HARD
137,0.6714285714285714,1,HARD,Hungarian Grand Prix,1,0,0,,MEDIUM
137,0.32857142857142857,0,MEDIUM,Hungarian Grand Prix,0,0,0,,HARD
137,0.5714285714285714,1,HARD,Hungarian Grand Prix,1,0,0,,MEDIUM
137,0.4,0,HARD,Hungarian Grand Prix,0,0,0,,MEDIUM
137,0.6714285714285714,1,MEDIUM,Hungarian Grand Prix,1,0,0,,MEDIUM
137,0.08571428571428572,0,SOFT,Hungarian Grand Prix,0,0,0,,HARD
137,0.4857142857142857,1,HARD,Hungarian Grand Prix,1,0,0,,HARD
137,0.1,0,SOFT,Hungarian Grand Prix,0,0,0,,MEDIUM
137,0.5285714285714286,1,MEDIUM,Hungarian Grand Prix,1,0,0,,HARD
137,0.2,0,SOFT,Hungarian Grand Prix,0,0,0,,MEDIUM
137,0.6428571428571429,1,MEDIUM,Hungarian Grand Prix,1,0,0,,HARD
137,0.02857142857142857,0,MEDIUM,Hungarian Grand Prix,0,0,0,,HARD
137,0.4142857142857143,1,HARD,Hungarian Grand Prix,1,0,0,,HARD
137,0.08571428571428572,0,SOFT,Hungarian Grand Prix,0,0,0,,HARD
137,0.4142857142857143,1,HARD,Hungarian Grand Prix,1,0,0,,HARD
137,0.24285714285714285,0,MEDIUM,Hungarian Grand Prix,0,0,0,,HARD
137,0.6428571428571429,1,HARD,Hungarian Grand Prix,1,0,0,,MEDIUM
137,0.4714285714285714,0,HARD,Hungarian Grand Prix,0,0,0,,MEDIUM
137,0.7571428571428571,1,MEDIUM,Hungarian Grand Prix,1,0,0,,HARD
137,0.4142857142857143,0,MEDIUM,Hungarian Grand Prix,0,0,0,,HARD
137,0.2571428571428571,0,MEDIUM,Hungarian Grand Prix,0,0,0,,HARD
137,0.6714285714285714,1,HARD,Hungarian Grand Prix,1,0,0,,MEDIUM
138,0.2830188679245283,0,MEDIUM,Italian Grand Prix,0,0,0,,HARD
138,0.6981132075471698,1,HARD,Italian Grand Prix,1,0,0,,HARD
138,0.41509433962264153,0,HARD,Italian Grand Prix,0,0,0,,HARD
138,0.7735849056603774,1,HARD,Italian Grand Prix,0,0,0,,MEDIUM
138,0.20754716981132076,0,MEDIUM,Italian Grand Prix,0,0,0,,HARD
138,0.3584905660377358,0,MEDIUM,Italian Grand Prix,0,0,0,,HARD
138,0.2830188679245283,0,MEDIUM,Italian Grand Prix,0,0,0,,HARD
138,0.4339622641509434,0,HARD,Italian Grand Prix,0,0,0,,HARD
138,0.660377358490566,1,HARD,Italian Grand Prix,0,0,0,,MEDIUM
138,0.2641509433962264,0,MEDIUM,Italian Grand Prix,0,0,0,,HARD
138,0.22641509433962265,0,MEDIUM,Italian Grand Prix,0,0,0,,HARD
138,0.660377358490566,1,HARD,Italian Grand Prix,1,0,0,,HARD
138,0.18867924528301888,0,MEDIUM,Italian Grand Prix,0,0,0,,HARD
138,0.5660377358490566,1,HARD,Italian Grand Prix,1,0,0,,HARD
138,0.5849056603773585,0,HARD,Italian Grand Prix,0,0,0,,MEDIUM
138,0.32075471698113206,0,MEDIUM,Italian Grand Prix,0,0,0,,HARD
138,0.2641509433962264,0,MEDIUM,Italian Grand Prix,0,0,0,,HARD
138,0.6037735849056604,1,HARD,Italian Grand Prix,1,0,0,,HARD
138,0.20754716981132076,0,MEDIUM,Italian Grand Prix,0,0,0,,HARD
138,0.6226415094339622,1,HARD,Italian Grand Prix,1,0,0,,HARD
138,0.3018867924528302,0,MEDIUM,Italian Grand Prix,0,0,0,,HARD
138,0.7169811320754716,1,HARD,Italian Grand Prix,1,0,0,,HARD
138,0.3018867924528302,0,MEDIUM,Italian Grand Prix,0,0,0,,HARD
139,0.018867924528301886,1,MEDIUM,Japanese Grand Prix,0,0,0,,HARD
139,0.4339622641509434,1,HARD,Japanese Grand Prix,1,0,0,,HARD
139,0.7358490566037735,2,HARD,Japanese Grand Prix,1,0,0,,MEDIUM
139,0.018867924528301886,3,MEDIUM,Japanese Grand Prix,0,0,0,,MEDIUM
139,0.3018867924528302,1,MEDIUM,Japanese Grand Prix,0,0,0,,MEDIUM
139,0.6415094339622641,2,MEDIUM,Japanese Grand Prix,0,0,0,,HARD
139,0.018867924528301886,3,SOFT,Japanese Grand Prix,0,0,0,,SOFT
139,0.11320754716981132,1,SOFT,Japanese Grand Prix,0,0,0,,HARD
139,0.41509433962264153,2,HARD,Japanese Grand Prix,1,0,0,,HARD
139,0.018867924528301886,3,MEDIUM,Japanese Grand Prix,0,0,0,,MEDIUM
139,0.2830188679245283,1,MEDIUM,Japanese Grand Prix,0,0,0,,MEDIUM
139,0.6792452830188679,2,MEDIUM,Japanese Grand Prix,0,0,0,,HARD
139,0.018867924528301886,3,MEDIUM,Japanese Grand Prix,0,0,0,,MEDIUM
139,0.49056603773584906,1,MEDIUM,Japanese Grand Prix,0,0,0,,HARD
139,0.018867924528301886,2,MEDIUM,Japanese Grand Prix,0,0,0,,MEDIUM
139,0.2830188679245283,1,MEDIUM,Japanese Grand Prix,0,0,0,,MEDIUM
139,0.6226415094339622,2,MEDIUM,Japanese Grand Prix,0,0,0,,HARD
139,0.018867924528301886,3,MEDIUM,Japanese Grand Prix,0,0,0,,MEDIUM
139,0.41509433962264153,1,MEDIUM,Japanese Grand Prix,0,0,0,,HARD
139,0.018867924528301886,2,SOFT,Japanese Grand Prix,0,0,0,,SOFT
139,0.24528301886792453,1,SOFT,Japanese Grand Prix,0,0,0,,MEDIUM
139,0.6226415094339622,2,MEDIUM,Japanese Grand Prix,1,0,0,,HARD
139,0.018867924528301886,3,SOFT,Japanese Grand Prix,0,0,0,,HARD
139,0.3584905660377358,1,HARD,Japanese Grand Prix,1,0,0,,HARD
139,0.6226415094339622,2,HARD,Japanese Grand Prix,1,0,0,,MEDIUM
139,0.018867924528301886,3,SOFT,Japanese Grand Prix,0,0,0,,SOFT
139,0.09433962264150944,1,SOFT,Japanese Grand Prix,0,0,0,,HARD
139,0.6226415094339622,2,HARD,Japanese Grand Prix,1,0,0,,HARD
139,0.018867924528301886,3,MEDIUM,Japanese Grand Prix,0,0,0,,MEDIUM
139,0.20754716981132076,1,MEDIUM,Japanese Grand Prix,0,0,0,,HARD
139,0.49056603773584906,2,HARD,Japanese Grand Prix,1,0,0,,HARD
139,0.018867924528301886,3,MEDIUM,Japanese Grand Prix,0,0,0,,HARD
139,0.41509433962264153,1,HARD,Japanese Grand Prix,1,0,0,,HARD
139,0.6981132075471698,2,HARD,Japanese Grand Prix,1,0,0,,MEDIUM
139,0.018867924528301886,3,MEDIUM,Japanese Grand Prix,0,0,0,,SOFT
139,0.1320754716981132,1,SOFT,Japanese Grand Prix,1,0,0,,HARD
139,0.41509433962264153,2,HARD,Japanese Grand Prix,1,0,0,,HARD
139,0.018867924528301886,3,MEDIUM,Japanese Grand Prix,0,0,0,,MEDIUM
139,0.22641509433962265,1,MEDIUM,Japanese Grand Prix,0,0,0,,HARD
139,0.6037735849056604,2,HARD,Japanese Grand Prix,1,0,0,,HARD
140,0.26,0,MEDIUM,Las Vegas Grand Prix,0,0,0,,HARD
140,0.54,1,HARD,Las Vegas Grand Prix,1,0,0,,HARD
140,0.22,0,MEDIUM,Las Vegas Grand Prix,0,0,0,,HARD
140,0.54,1,HARD,Las Vegas Grand Prix,1,0,0,,HARD
140,0.2,0,MEDIUM,Las Vegas Grand Prix,0,0,0,,HARD
140,0.56,1,HARD,Las Vegas Grand Prix,1,0,0,,HARD
140,0.18,0,MEDIUM,Las Vegas Grand Prix,0,0,0,,HARD
140,0.62,1,HARD,Las Vegas Grand Prix,1,0,0,,HARD
140,0.34,0,HARD,Las Vegas Grand Prix,0,0,0,,MEDIUM
140,0.64,1,MEDIUM,Las Vegas Grand Prix,1,0,0,,HARD
140,0.34,0,MEDIUM,Las Vegas Grand Prix,0,0,0,,HARD
140,0.08,0,SOFT,Las Vegas Grand Prix,0,0,0,,HARD
140,0.48,1,HARD,Las Vegas Grand Prix,1,0,0,,HARD
140,0.18,0,MEDIUM,Las Vegas Grand Prix,0,0,0,,HARD
140,0.56,1,HARD,Las Vegas Grand Prix,1,0,0,,HARD
140,0.28,0,MEDIUM,Las Vegas Grand Prix,0,0,0,,HARD
140,0.66,1,HARD,Las Vegas Grand Prix,1,0,0,,HARD
140,0.18,0,MEDIUM,Las Vegas Grand Prix,0,0,0,,HARD
140,0.6,1,HARD,Las Vegas Grand Prix,1,0,0,,HARD
140,0.96,2,HARD,Las Vegas Grand Prix,1,0,0,,SOFT
140,0.24,0,MEDIUM,Las Vegas Grand Prix,0,0,0,,HARD
140,0.64,1,HARD,Las Vegas Grand Prix,1,0,0,,HARD
140,0.2,0,MEDIUM,Las Vegas Grand Prix,0,0,0,,HARD
140,0.58,1,HARD,Las Vegas Grand Prix,1,0,0,,HARD
140,0.22,0,MEDIUM,Las Vegas Grand Prix,0,0,0,,HARD
140,0.68,1,HARD,Las Vegas Grand Prix,1,0,0,,HARD
140,0.2,0,MEDIUM,Las Vegas Grand Prix,0,0,0,,HARD
140,0.5,1,HARD,Las Vegas Grand Prix,1,0,0,,HARD
140,0.32,0,HARD,Las Vegas Grand Prix,0,0,0,,MEDIUM
140,0.52,1,MEDIUM,Las Vegas Grand Prix,1,0,0,,HARD
141,0.39436619718309857,0,MEDIUM,Mexico City Grand Prix,0,0,0,,HARD
141,0.36619718309859156,0,MEDIUM,Mexico City Grand Prix,0,0,0,,HARD
141,0.6901408450704225,0,HARD,Mexico City Grand Prix,0,0,0,,MEDIUM
141,0.4507042253521127,0,MEDIUM,Mexico City Grand Prix,0,0,0,,HARD
141,0.43661971830985913,0,MEDIUM,Mexico City Grand Prix,0,0,0,,HARD
141,0.971830985915493,1,HARD,Mexico City Grand Prix,1,0,0,,SOFT
141,0.4225352112676056,0,MEDIUM,Mexico City Grand Prix,0,0,0,,HARD
141,0.36619718309859156,0,MEDIUM,Mexico City Grand Prix,0,0,0,,HARD
141,0.39436619718309857,0,MEDIUM,Mexico City Grand Prix,0,0,0,,HARD
141,0.676056338028169,0,HARD,Mexico City Grand Prix,0,0,0,,MEDIUM
141,0.4084507042253521,0,MEDIUM,Mexico City Grand Prix,0,0,0,,HARD
141,0.4225352112676056,0,MEDIUM,Mexico City Grand Prix,0,0,0,,HARD
141,0.43661971830985913,0,MEDIUM,Mexico City Grand Prix,0,0,0,,HARD
141,0.6056338028169014,0,HARD,Mexico City Grand Prix,0,0,0,,MEDIUM
141,0.5492957746478874,0,MEDIUM,Mexico City Grand Prix,0,0,0,,HARD
141,0.6619718309859155,0,HARD,Mexico City Grand Prix,0,0,0,,MEDIUM
142,0.45614035087719296,0,HARD,Miami Grand Prix,0,0,0,,MEDIUM
142,0.40350877192982454,0,MEDIUM,Miami Grand Prix,0,0,0,,HARD
142,0.49122807017543857,0,HARD,Miami Grand Prix,0,0,0,,MEDIUM
142,0.47368421052631576,0,MEDIUM,Miami Grand Prix,0,0,0,,HARD
142,0.3333333333333333,0,MEDIUM,Miami Grand Prix,0,0,0,,HARD
142,0.2982456140350877,0,MEDIUM,Miami Grand Prix,0,0,0,,HARD
142,0.49122807017543857,1,HARD,Miami Grand Prix,1,0,0,,MEDIUM
142,0.38596491228070173,0,HARD,Miami Grand Prix,0,0,0,,MEDIUM
142,0.21052631578947367,0,MEDIUM,Miami Grand Prix,0,0,0,,HARD
142,0.38596491228070173,0,MEDIUM,Miami Grand Prix,0,0,0,,HARD
142,0.21052631578947367,0,MEDIUM,Miami Grand Prix,0,0,0,,HARD
142,0.49122807017543857,1,HARD,Miami Grand Prix,1,0,0,,MEDIUM
142,0.5087719298245614,0,MEDIUM,Miami Grand Prix,0,0,0,,HARD
142,0.42105263157894735,0,MEDIUM,Miami Grand Prix,0,0,0,,HARD
142,0.49122807017543857,0,MEDIUM,Miami Grand Prix,0,0,0,,HARD
142,0.49122807017543857,0,MEDIUM,Miami Grand Prix,0,0,0,,SOFT
142,0.47368421052631576,0,MEDIUM,Miami Grand Prix,0,0,0,,HARD
142,0.7017543859649122,1,HARD,Miami Grand Prix,1,0,0,,MEDIUM
143,0.01282051282051282,2,HARD,Monaco Grand Prix,0,0,0,,MEDIUM
143,0.6538461538461539,1,MEDIUM,Monaco Grand Prix,1,0,0,,HARD
143,0.01282051282051282,2,HARD,Monaco Grand Prix,0,0,0,,MEDIUM
143,0.6666666666666666,1,MEDIUM,Monaco Grand Prix,1,0,0,,HARD
143,0.01282051282051282,2,MEDIUM,Monaco Grand Prix,0,0,0,,HARD
143,0.01282051282051282,1,HARD,Monaco Grand Prix,0,0,0,,MEDIUM
143,0.19230769230769232,1,MEDIUM,Monaco Grand Prix,1,0,0,,HARD
143,0.01282051282051282,2,MEDIUM,Monaco Grand Prix,0,0,0,,HARD
143,0.01282051282051282,1,MEDIUM,Monaco Grand Prix,0,0,0,,HARD
143,0.01282051282051282,1,HARD,Monaco Grand Prix,0,0,0,,MEDIUM
143,0.01282051282051282,1,HARD,Monaco Grand Prix,0,0,0,,MEDIUM
143,0.5384615384615384,1,MEDIUM,Monaco Grand Prix,1,0,0,,HARD
143,0.6153846153846154,2,HARD,Monaco Grand Prix,1,0,0,,SOFT
143,0.01282051282051282,3,HARD,Monaco Grand Prix,0,0,0,,MEDIUM
143,0.01282051282051282,1,MEDIUM,Monaco Grand Prix,0,0,0,,HARD
143,0.01282051282051282,1,MEDIUM,Monaco Grand Prix,0,0,0,,HARD
143,0.01282051282051282,1,HARD,Monaco Grand Prix,0,0,0,,MEDIUM
143,0.01282051282051282,1,MEDIUM,Monaco Grand Prix,0,0,0,,HARD
143,0.01282051282051282,1,MEDIUM,Monaco Grand Prix,0,0,0,,HARD
143,0.01282051282051282,1,HARD,Monaco Grand Prix,0,0,0,,HARD
143,0.7307692307692307,1,HARD,Monaco Grand Prix,0,0,0,,MEDIUM
144,0.6140350877192983,0,MEDIUM,Qatar Grand Prix,0,0,0,,HARD
144,0.631578947368421,1,HARD,Qatar Grand Prix,1,0,0,,HARD
144,0.6491228070175439,2,HARD,Qatar Grand Prix,1,0,0,,HARD
144,0.42105263157894735,0,MEDIUM,Qatar Grand Prix,0,0,0,,HARD
144,0.6140350877192983,1,HARD,Qatar Grand Prix,1,0,0,,MEDIUM
144,0.631578947368421,2,MEDIUM,Qatar Grand Prix,1,0,0,,MEDIUM
144,0.5964912280701754,0,MEDIUM,Qatar Grand Prix,0,0,0,,HARD
144,0.631578947368421,1,HARD,Qatar Grand Prix,1,0,0,,HARD
144,0.6491228070175439,2,HARD,Qatar Grand Prix,1,0,0,,HARD
144,0.6140350877192983,0,MEDIUM,Qatar Grand Prix,0,0,0,,HARD
144,0.631578947368421,1,HARD,Qatar Grand Prix,1,0,0,,HARD
144,0.6491228070175439,2,HARD,Qatar Grand Prix,1,0,0,,HARD
144,0.47368421052631576,0,MEDIUM,Qatar Grand Prix,0,0,0,,HARD
144,0.631578947368421,1,HARD,Qatar Grand Prix,1,0,0,,HARD
144,0.6491228070175439,2,HARD,Qatar Grand Prix,1,0,0,,HARD
144,0.6140350877192983,0,MEDIUM,Qatar Grand Prix,0,0,0,,HARD
144,0.631578947368421,1,HARD,Qatar Grand Prix,1,0,0,,MEDIUM
144,0.6491228070175439,2,MEDIUM,Qatar Grand Prix,1,0,0,,MEDIUM
144,0.6140350877192983,0,MEDIUM,Qatar Grand Prix,0,0,0,,HARD
144,0.631578947368421,1,HARD,Qatar Grand Prix,1,0,0,,HARD
144,0.6491228070175439,2,HARD,Qatar Grand Prix,1,0,0,,HARD
144,0.6140350877192983,0,MEDIUM,Qatar Grand Prix,0,0,0,,HARD
144,0.631578947368421,1,HARD,Qatar Grand Prix,1,0,0,,HARD
144,0.6491228070175439,2,HARD,Qatar Grand Prix,1,0,0,,HARD
144,0.5964912280701754,0,MEDIUM,Qatar Grand Prix,0,0,0,,HARD
144,0.631578947368421,1,HARD,Qatar Grand Prix,1,0,0,,HARD
144,0.6491228070175439,2,HARD,Qatar Grand Prix,1,0,0,,HARD
145,0.72,0,MEDIUM,Saudi Arabian Grand Prix,0,0,0,,SOFT
145,0.14,0,MEDIUM,Saudi Arabian Grand Prix,0,0,0,,HARD
145,0.14,0,MEDIUM,Saudi Arabian Grand Prix,0,0,0,,HARD
145,0.14,0,MEDIUM,Saudi Arabian Grand Prix,0,0,0,,HARD
145,0.14,0,MEDIUM,Saudi Arabian Grand Prix,0,0,0,,HARD
145,0.14,0,MEDIUM,Saudi Arabian Grand Prix,0,0,0,,HARD
145,0.14,0,MEDIUM,Saudi Arabian Grand Prix,0,0,0,,HARD
145,0.66,0,MEDIUM,Saudi Arabian Grand Prix,0,0,0,,HARD
145,0.14,0,MEDIUM,Saudi Arabian Grand Prix,0,0,0,,HARD
145,0.74,0,MEDIUM,Saudi Arabian Grand Prix,0,0,0,,SOFT
145,0.14,0,MEDIUM,Saudi Arabian Grand Prix,0,0,0,,HARD
145,0.14,0,MEDIUM,Saudi Arabian Grand Prix,0,0,0,,HARD
145,0.14,0,MEDIUM,Saudi Arabian Grand Prix,0,0,0,,HARD
145,0.14,0,MEDIUM,Saudi Arabian Grand Prix,0,0,0,,HARD
145,0.14,0,SOFT,Saudi Arabian Grand Prix,0,0,0,,HARD
146,0.27419354838709675,0,SOFT,Singapore Grand Prix,0,0,0,,HARD
146,0.46774193548387094,0,MEDIUM,Singapore Grand Prix,0,0,0,,HARD
146,0.20967741935483872,0,MEDIUM,Singapore Grand Prix,0,0,0,,HARD
146,0.5806451612903226,0,MEDIUM,Singapore Grand Prix,0,0,0,,HARD
146,0.45161290322580644,0,MEDIUM,Singapore Grand Prix,0,0,0,,HARD
146,0.4032258064516129,0,MEDIUM,Singapore Grand Prix,0,0,0,,HARD
146,0.41935483870967744,0,HARD,Singapore Grand Prix,0,0,0,,MEDIUM
146,0.46774193548387094,0,MEDIUM,Singapore Grand Prix,0,0,0,,HARD
146,0.46774193548387094,0,MEDIUM,Singapore Grand Prix,0,0,0,,HARD
146,0.4838709677419355,0,MEDIUM,Singapore Grand Prix,0,0,0,,HARD
146,0.43548387096774194,0,MEDIUM,Singapore Grand Prix,0,0,0,,HARD
146,0.532258064516129,0,MEDIUM,Singapore Grand Prix,0,0,0,,SOFT
146,0.5483870967741935,0,HARD,Singapore Grand Prix,0,0,0,,MEDIUM
146,0.6129032258064516,0,MEDIUM,Singapore Grand Prix,0,0,0,,HARD
146,0.46774193548387094,0,MEDIUM,Singapore Grand Prix,0,0,0,,HARD
147,0.24242424242424243,0,SOFT,Spanish Grand Prix,0,0,0,,MEDIUM
147,0.6515151515151515,1,MEDIUM,Spanish Grand Prix,1,0,0,,SOFT
147,0.25757575757575757,0,SOFT,Spanish Grand Prix,0,0,0,,MEDIUM
147,0.6666666666666666,1,MEDIUM,Spanish Grand Prix,1,0,0,,SOFT
147,0.24242424242424243,0,SOFT,Spanish Grand Prix,0,0,0,,MEDIUM
147,0.6363636363636364,1,MEDIUM,Spanish Grand Prix,1,0,0,,HARD
147,0.22727272727272727,0,SOFT,Spanish Grand Prix,0,0,0,,MEDIUM
147,0.5454545454545454,1,MEDIUM,Spanish Grand Prix,1,0,0,,HARD
147,0.36363636363636365,0,SOFT,Spanish Grand Prix,0,0,0,,MEDIUM
147,0.7121212121212122,1,MEDIUM,Spanish Grand Prix,1,1,0,,SOFT
147,0.19696969696969696,0,SOFT,Spanish Grand Prix,0,0,0,,SOFT
147,0.4696969696969697,1,SOFT,Spanish Grand Prix,0,0,0,,MEDIUM
147,0.7424242424242424,2,MEDIUM,Spanish Grand Prix,1,1,0,,SOFT
147,0.2878787878787879,0,SOFT,Spanish Grand Prix,0,0,0,,MEDIUM
147,0.6818181818181818,1,MEDIUM,Spanish Grand Prix,1,1,0,,HARD
147,0.25757575757575757,0,SOFT,Spanish Grand Prix,0,0,0,,MEDIUM
147,0.5606060606060606,1,MEDIUM,Spanish Grand Prix,1,0,0,,HARD
147,0.21212121212121213,0,SOFT,Spanish Grand Prix,0,0,0,,MEDIUM
147,0.5757575757575758,1,MEDIUM,Spanish Grand Prix,1,0,0,,HARD
147,0.19696969696969696,0,SOFT,Spanish Grand Prix,0,0,0,,MEDIUM
147,0.5606060606060606,1,MEDIUM,Spanish Grand Prix,1,0,0,,HARD
147,0.18181818181818182,0,SOFT,Spanish Grand Prix,0,0,0,,MEDIUM
147,0.5757575757575758,1,MEDIUM,Spanish Grand Prix,1,0,0,,HARD
147,0.3484848484848485,0,SOFT,Spanish Grand Prix,0,0,0,,MEDIUM
147,0.7121212121212122,1,MEDIUM,Spanish Grand Prix,1,1,0,,SOFT
147,0.22727272727272727,0,SOFT,Spanish Grand Prix,0,0,0,,MEDIUM
147,0.5454545454545454,1,MEDIUM,Spanish Grand Prix,1,0,0,,HARD
147,0.13636363636363635,0,SOFT,Spanish Grand Prix,0,0,0,,MEDIUM
147,0.6212121212121212,1,MEDIUM,Spanish Grand Prix,1,0,0,,HARD
147,0.3181818181818182,0,SOFT,Spanish Grand Prix,0,0,0,,MEDIUM
147,0.696969696969697,1,MEDIUM,Spanish Grand Prix,1,1,0,,SOFT
148,0.391304347826087,0,INTERMEDIATE,São Paulo Grand Prix,1,1,0,,INTERMEDIATE
148,0.463768115942029,1,INTERMEDIATE,São Paulo Grand Prix,0,0,0,,INTERMEDIATE
148,0.463768115942029,0,INTERMEDIATE,São Paulo Grand Prix,0,0,0,,INTERMEDIATE
148,0.463768115942029,0,INTERMEDIATE,São Paulo Grand Prix,0,0,0,,INTERMEDIATE
148,0.34782608695652173,0,INTERMEDIATE,São Paulo Grand Prix,1,1,0,,INTERMEDIATE
148,0.463768115942029,1,INTERMEDIATE,São Paulo Grand Prix,0,0,0,,INTERMEDIATE
148,0.391304347826087,0,INTERMEDIATE,São Paulo Grand Prix,1,1,0,,WET
148,0.463768115942029,1,WET,São Paulo Grand Prix,1,0,0,,INTERMEDIATE
148,0.391304347826087,0,INTERMEDIATE,São Paulo Grand Prix,1,1,0,,INTERMEDIATE
148,0.463768115942029,1,INTERMEDIATE,São Paulo Grand Prix,0,0,0,,INTERMEDIATE
148,0.463768115942029,0,INTERMEDIATE,São Paulo Grand Prix,0,0,0,,INTERMEDIATE
148,0.463768115942029,0,INTERMEDIATE,São Paulo Grand Prix,0,0,0,,INTERMEDIATE
148,0.4057971014492754,0,INTERMEDIATE,São Paulo Grand Prix,1,1,0,,INTERMEDIATE
148,0.463768115942029,1,INTERMEDIATE,São Paulo Grand Prix,0,0,0,,INTERMEDIATE
148,0.4057971014492754,0,INTERMEDIATE,São Paulo Grand Prix,1,1,0,,INTERMEDIATE
148,0.463768115942029,1,INTERMEDIATE,São Paulo Grand Prix,0,0,0,,INTERMEDIATE
148,0.4057971014492754,0,INTERMEDIATE,São Paulo Grand Prix,1,1,0,,WET
148,0.463768115942029,1,WET,São Paulo Grand Prix,1,0,0,,INTERMEDIATE
148,0.391304347826087,0,INTERMEDIATE,São Paulo Grand Prix,1,1,0,,INTERMEDIATE
148,0.4057971014492754,1,INTERMEDIATE,São Paulo Grand Prix,1,1,0,,WET
148,0.4492753623188406,2,WET,São Paulo Grand Prix,1,0,0,,INTERMEDIATE
148,0.463768115942029,3,INTERMEDIATE,São Paulo Grand Prix,1,0,0,,INTERMEDIATE
148,0.391304347826087,0,INTERMEDIATE,São Paulo Grand Prix,1,1,0,,INTERMEDIATE
148,0.463768115942029,1,INTERMEDIATE,São Paulo Grand Prix,0,0,0,,INTERMEDIATE
148,0.4057971014492754,0,INTERMEDIATE,São Paulo Grand Prix,1,1,0,,WET
148,0.463768115942029,1,WET,São Paulo Grand Prix,1,0,0,,INTERMEDIATE
148,0.391304347826087,0,INTERMEDIATE,São Paulo Grand Prix,1,1,0,,INTERMEDIATE
148,0.463768115942029,1,INTERMEDIATE,São Paulo Grand Prix,0,0,0,,INTERMEDIATE
149,0.44642857142857145,0,MEDIUM,United States Grand Prix,0,0,0,,HARD
149,0.375,0,MEDIUM,United States Grand Prix,0,0,0,,HARD
149,0.4642857142857143,0,MEDIUM,United States Grand Prix,0,0,0,,HARD
149,0.4642857142857143,0,MEDIUM,United States Grand Prix,0,0,0,,HARD
149,0.30357142857142855,0,MEDIUM,United States Grand Prix,0,0,0,,HARD
149,0.6785714285714286,1,HARD,United States Grand Prix,1,0,0,,MEDIUM
149,0.4642857142857143,0,MEDIUM,United States Grand Prix,0,0,0,,HARD
149,0.48214285714285715,0,HARD,United States Grand Prix,0,0,0,,MEDIUM
149,0.32142857142857145,0,MEDIUM,United States Grand Prix,0,0,0,,HARD
149,0.48214285714285715,0,MEDIUM,United States Grand Prix,0,0,0,,HARD
149,0.5535714285714286,0,MEDIUM,United States Grand Prix,0,0,0,,HARD
149,0.7142857142857143,0,HARD,United States Grand Prix,0,0,0,,MEDIUM
149,0.32142857142857145,0,MEDIUM,United States Grand Prix,0,0,0,,HARD
149,0.5714285714285714,0,MEDIUM,United States Grand Prix,0,0,0,,HARD
149,0.6428571428571429,0,HARD,United States Grand Prix,0,0,0,,MEDIUM
149,0.6964285714285714,0,HARD,United States Grand Prix,0,0,0,,MEDIUM
150,0.13793103448275862,0,SOFT,Abu Dhabi Grand Prix,0,0,0,,HARD
150,0.5344827586206896,1,HARD,Abu Dhabi Grand Prix,1,0,0,,MEDIUM
150,0.39655172413793105,0,MEDIUM,Abu Dhabi Grand Prix,0,0,0,,HARD
150,0.3103448275862069,0,MEDIUM,Abu Dhabi Grand Prix,0,0,0,,HARD
150,0.27586206896551724,0,MEDIUM,Abu Dhabi Grand Prix,0,0,0,,HARD
150,0.6724137931034483,1,HARD,Abu Dhabi Grand Prix,1,0,0,,MEDIUM
150,0.27586206896551724,0,MEDIUM,Abu Dhabi Grand Prix,0,0,0,,HARD
150,0.7241379310344828,0,HARD,Abu Dhabi Grand Prix,0,0,0,,MEDIUM
150,0.3275862068965517,0,MEDIUM,Abu Dhabi Grand Prix,0,0,0,,HARD
150,0.1206896551724138,0,SOFT,Abu Dhabi Grand Prix,0,0,0,,HARD
150,0.7241379310344828,1,HARD,Abu Dhabi Grand Prix,1,0,0,,MEDIUM
150,0.27586206896551724,0,MEDIUM,Abu Dhabi Grand Prix,0,0,0,,HARD
150,0.6896551724137931,1,HARD,Abu Dhabi Grand Prix,1,0,0,,HARD
150,0.2413793103448276,0,MEDIUM,Abu Dhabi Grand Prix,0,0,0,,HARD
150,0.5517241379310345,0,HARD,Abu Dhabi Grand Prix,0,0,0,,MEDIUM
150,0.7068965517241379,0,HARD,Abu Dhabi Grand Prix,0,0,0,,MEDIUM
150,0.2413793103448276,0,MEDIUM,Abu Dhabi Grand Prix,0,0,0,,HARD
150,0.25862068965517243,0,MEDIUM,Abu Dhabi Grand Prix,0,0,0,,HARD
150,0.5517241379310345,0,HARD,Abu Dhabi Grand Prix,0,0,0,,MEDIUM
151,0.03508771929824561,0,INTERMEDIATE,Australian Grand Prix,0,0,0,,INTERMEDIATE
151,0.05263157894736842,1,INTERMEDIATE,Australian Grand Prix,0,0,0,,INTERMEDIATE
151,0.07017543859649122,2,INTERMEDIATE,Australian Grand Prix,0,0,0,,INTERMEDIATE
151,0.5789473684210527,3,INTERMEDIATE,Australian Grand Prix,1,1,0,,HARD
151,0.8245614035087719,4,HARD,Australian Grand Prix,1,0,0,,INTERMEDIATE
151,0.03508771929824561,0,INTERMEDIATE,Australian Grand Prix,0,0,0,,INTERMEDIATE
151,0.05263157894736842,1,INTERMEDIATE,Australian Grand Prix,0,0,0,,INTERMEDIATE
151,0.07017543859649122,2,INTERMEDIATE,Australian Grand Prix,0,0,0,,INTERMEDIATE
151,0.5964912280701754,3,INTERMEDIATE,Australian Grand Prix,1,1,0,,MEDIUM
151,0.8070175438596491,4,MEDIUM,Australian Grand Prix,1,1,0,,INTERMEDIATE
151,0.03508771929824561,0,INTERMEDIATE,Australian Grand Prix,0,0,0,,INTERMEDIATE
151,0.05263157894736842,1,INTERMEDIATE,Australian Grand Prix,0,0,0,,INTERMEDIATE
151,0.07017543859649122,2,INTERMEDIATE,Australian Grand Prix,0,0,0,,INTERMEDIATE
151,0.5964912280701754,3,INTERMEDIATE,Australian Grand Prix,1,1,0,,HARD
151,0.8245614035087719,4,HARD,Australian Grand Prix,1,0,0,,INTERMEDIATE
151,0.03508771929824561,0,INTERMEDIATE,Australian Grand Prix,0,0,0,,INTERMEDIATE
151,0.05263157894736842,1,INTERMEDIATE,Australian Grand Prix,0,0,0,,INTERMEDIATE
151,0.07017543859649122,2,INTERMEDIATE,Australian Grand Prix,0,0,0,,INTERMEDIATE
151,0.5789473684210527,3,INTERMEDIATE,Australian Grand Prix,1,1,0,,HARD
151,0.7719298245614035,4,HARD,Australian Grand Prix,1,1,0,,INTERMEDIATE
151,0.03508771929824561,0,INTERMEDIATE,Australian Grand Prix,0,0,0,,INTERMEDIATE
151,0.05263157894736842,1,INTERMEDIATE,Australian Grand Prix,0,0,0,,INTERMEDIATE
151,0.07017543859649122,2,INTERMEDIATE,Australian Grand Prix,0,0,0,,INTERMEDIATE
151,0.5789473684210527,3,INTERMEDIATE,Australian Grand Prix,1,1,0,,HARD
151,0.8070175438596491,4,HARD,Australian Grand Prix,1,1,0,,INTERMEDIATE
151,0.03508771929824561,0,INTERMEDIATE,Australian Grand Prix,0,0,0,,INTERMEDIATE
151,0.05263157894736842,1,INTERMEDIATE,Australian Grand Prix,0,0,0,,INTERMEDIATE
151,0.07017543859649122,2,INTERMEDIATE,Australian Grand Prix,0,0,0,,INTERMEDIATE
151,0.6842105263157895,3,INTERMEDIATE,Australian Grand Prix,1,1,0,,MEDIUM
151,0.8070175438596491,4,MEDIUM,Australian Grand Prix,1,1,0,,INTERMEDIATE
151,0.03508771929824561,0,INTERMEDIATE,Australian Grand Prix,0,0,0,,INTERMEDIATE
151,0.05263157894736842,1,INTERMEDIATE,Australian Grand Prix,0,0,0,,INTERMEDIATE
151,0.07017543859649122,2,INTERMEDIATE,Australian Grand Prix,0,0,0,,INTERMEDIATE
151,0.5789473684210527,3,INTERMEDIATE,Australian Grand Prix,1,1,0,,MEDIUM
151,0.7719298245614035,4,MEDIUM,Australian Grand Prix,1,1,0,,INTERMEDIATE
151,0.03508771929824561,0,INTERMEDIATE,Australian Grand Prix,0,0,0,,INTERMEDIATE
151,0.05263157894736842,1,INTERMEDIATE,Australian Grand Prix,0,0,0,,INTERMEDIATE
151,0.07017543859649122,2,INTERMEDIATE,Australian Grand Prix,0,0,0,,INTERMEDIATE
151,0.5789473684210527,3,INTERMEDIATE,Australian Grand Prix,1,1,0,,MEDIUM
151,0.7719298245614035,4,MEDIUM,Australian Grand Prix,1,1,0,,INTERMEDIATE
151,0.03508771929824561,0,INTERMEDIATE,Australian Grand Prix,0,0,0,,INTERMEDIATE
151,0.05263157894736842,1,INTERMEDIATE,Australian Grand Prix,0,0,0,,INTERMEDIATE
151,0.07017543859649122,2,INTERMEDIATE,Australian Grand Prix,0,0,0,,INTERMEDIATE
151,0.5964912280701754,3,INTERMEDIATE,Australian Grand Prix,1,1,0,,HARD
151,0.7719298245614035,4,HARD,Australian Grand Prix,1,1,0,,INTERMEDIATE
151,0.03508771929824561,0,INTERMEDIATE,Australian Grand Prix,0,0,0,,INTERMEDIATE
151,0.05263157894736842,1,INTERMEDIATE,Australian Grand Prix,0,0,0,,INTERMEDIATE
151,0.07017543859649122,2,INTERMEDIATE,Australian Grand Prix,0,0,0,,INTERMEDIATE
151,0.5964912280701754,3,INTERMEDIATE,Australian Grand Prix,1,1,0,,HARD
151,0.7719298245614035,4,HARD,Australian Grand Prix,1,1,0,,INTERMEDIATE
151,0.03508771929824561,0,INTERMEDIATE,Australian Grand Prix,0,0,0,,INTERMEDIATE
151,0.05263157894736842,1,INTERMEDIATE,Australian Grand Prix,0,0,0,,INTERMEDIATE
151,0.07017543859649122,2,INTERMEDIATE,Australian Grand Prix,0,0,0,,INTERMEDIATE
151,0.5789473684210527,3,INTERMEDIATE,Australian Grand Prix,1,1,0,,MEDIUM
151,0.8245614035087719,4,MEDIUM,Australian Grand Prix,1,0,0,,INTERMEDIATE
151,0.03508771929824561,0,INTERMEDIATE,Australian Grand Prix,0,0,0,,INTERMEDIATE
151,0.05263157894736842,1,INTERMEDIATE,Australian Grand Prix,0,0,0,,INTERMEDIATE
151,0.07017543859649122,2,INTERMEDIATE,Australian Grand Prix,0,0,0,,INTERMEDIATE
151,0.5964912280701754,3,INTERMEDIATE,Australian Grand Prix,1,1,0,,HARD
151,0.7719298245614035,4,HARD,Australian Grand Prix,1,0,0,,INTERMEDIATE
151,0.03508771929824561,0,INTERMEDIATE,Australian Grand Prix,0,0,0,,INTERMEDIATE
151,0.05263157894736842,1,INTERMEDIATE,Australian Grand Prix,0,0,0,,INTERMEDIATE
151,0.07017543859649122,2,INTERMEDIATE,Australian Grand Prix,0,0,0,,INTERMEDIATE
151,0.5789473684210527,3,INTERMEDIATE,Australian Grand Prix,1,1,0,,MEDIUM
151,0.03508771929824561,0,INTERMEDIATE,Australian Grand Prix,0,0,0,,INTERMEDIATE
151,0.05263157894736842,1,INTERMEDIATE,Australian Grand Prix,0,0,0,,INTERMEDIATE
151,0.07017543859649122,2,INTERMEDIATE,Australian Grand Prix,0,0,0,,INTERMEDIATE
151,0.6842105263157895,3,INTERMEDIATE,Australian Grand Prix,1,1,0,,MEDIUM
151,0.7719298245614035,4,MEDIUM,Australian Grand Prix,1,1,0,,INTERMEDIATE
151,0.03508771929824561,0,INTERMEDIATE,Australian Grand Prix,0,0,0,,INTERMEDIATE
151,0.05263157894736842,1,INTERMEDIATE,Australian Grand Prix,0,0,0,,INTERMEDIATE
151,0.07017543859649122,2,INTERMEDIATE,Australian Grand Prix,0,0,0,,INTERMEDIATE
151,0.5789473684210527,3,INTERMEDIATE,Australian Grand Prix,1,1,0,,HARD
151,0.7719298245614035,4,HARD,Australian Grand Prix,1,1,0,,INTERMEDIATE
152,0.37142857142857144,0,MEDIUM,Austrian Grand Prix,0,0,0,,HARD
152,0.7142857142857143,1,HARD,Austrian Grand Prix,1,0,0,,MEDIUM
152,0.35714285714285715,0,MEDIUM,Austrian Grand Prix,0,0,0,,HARD
152,0.7,1,HARD,Austrian Grand Prix,1,0,0,,MEDIUM
152,0.4714285714285714,0,MEDIUM,Austrian Grand Prix,0,0,0,,HARD
152,0.37142857142857144,0,MEDIUM,Austrian Grand Prix,0,0,0,,HARD
152,0.7571428571428571,1,HARD,Austrian Grand Prix,1,0,0,,SOFT
152,0.17142857142857143,0,SOFT,Austrian Grand Prix,0,0,0,,HARD
152,0.5428571428571428,1,HARD,Austrian Grand Prix,1,0,0,,MEDIUM
152,0.2714285714285714,0,MEDIUM,Austrian Grand Prix,0,0,0,,HARD
152,0.7142857142857143,1,HARD,Austrian Grand Prix,1,0,0,,HARD
152,0.17142857142857143,0,SOFT,Austrian Grand Prix,0,0,0,,MEDIUM
152,0.6,1,MEDIUM,Austrian Grand Prix,1,0,0,,MEDIUM
152,0.2857142857142857,0,MEDIUM,Austrian Grand Prix,0,0,0,,HARD
152,0.7428571428571429,1,HARD,Austrian Grand Prix,1,0,0,,MEDIUM
152,0.2571428571428571,0,MEDIUM,Austrian Grand Prix,0,0,0,,MEDIUM
152,0.6428571428571429,1,MEDIUM,Austrian Grand Prix,0,0,0,,HARD
152,0.34285714285714286,0,MEDIUM,Austrian Grand Prix,0,0,0,,HARD
152,0.7571428571428571,1,HARD,Austrian Grand Prix,1,0,0,,MEDIUM
152,0.45714285714285713,0,MEDIUM,Austrian Grand Prix,0,0,0,,HARD
152,0.18571428571428572,0,SOFT,Austrian Grand Prix,0,0,0,,MEDIUM
152,0.5571428571428572,1,MEDIUM,Austrian Grand Prix,1,0,0,,HARD
152,0.15714285714285714,0,SOFT,Austrian Grand Prix,0,0,0,,HARD
152,0.5571428571428572,1,HARD,Austrian Grand Prix,1,0,0,,MEDIUM
152,0.3,0,MEDIUM,Austrian Grand Prix,0,0,0,,MEDIUM
152,0.7,1,MEDIUM,Austrian Grand Prix,0,0,0,,HARD
152,0.02857142857142857,0,SOFT,Austrian Grand Prix,0,0,0,,MEDIUM
152,0.4,1,MEDIUM,Austrian Grand Prix,1,0,0,,HARD
153,0.7058823529411765,0,HARD,Azerbaijan Grand Prix,0,0,0,,MEDIUM
153,0.7843137254901961,0,HARD,Azerbaijan Grand Prix,0,0,0,,MEDIUM
153,0.5294117647058824,0,MEDIUM,Azerbaijan Grand Prix,0,0,0,,HARD
153,0.37254901960784315,0,MEDIUM,Azerbaijan Grand Prix,0,0,0,,HARD
153,0.4117647058823529,0,MEDIUM,Azerbaijan Grand Prix,0,0,0,,HARD
153,0.0196078431372549,1,HARD,Azerbaijan Grand Prix,0,0,0,,MEDIUM
153,0.0392156862745098,1,MEDIUM,Azerbaijan Grand Prix,1,0,0,,HARD
153,0.0196078431372549,2,MEDIUM,Azerbaijan Grand Prix,0,0,0,,MEDIUM
153,0.29411764705882354,1,MEDIUM,Azerbaijan Grand Prix,0,0,0,,HARD
153,0.7254901960784313,0,MEDIUM,Azerbaijan Grand Prix,0,0,0,,HARD
153,0.7647058823529411,0,HARD,Azerbaijan Grand Prix,0,0,0,,MEDIUM
153,0.7450980392156863,0,HARD,Azerbaijan Grand Prix,0,0,0,,MEDIUM
153,0.39215686274509803,0,MEDIUM,Azerbaijan Grand Prix,0,0,0,,HARD
153,0.5490196078431373,0,HARD,Azerbaijan Grand Prix,0,0,0,,MEDIUM
153,0.5098039215686274,0,HARD,Azerbaijan Grand Prix,0,0,0,,MEDIUM
153,0.35294117647058826,0,MEDIUM,Azerbaijan Grand Prix,0,0,0,,HARD
153,0.5686274509803921,0,MEDIUM,Azerbaijan Grand Prix,0,0,0,,HARD
154,0.2982456140350877,0,MEDIUM,Bahrain Grand Prix,0,0,0,,MEDIUM
154,0.5614035087719298,1,MEDIUM,Bahrain Grand Prix,0,0,0,,HARD
154,0.17543859649122806,0,SOFT,Bahrain Grand Prix,0,0,0,,HARD
154,0.45614035087719296,1,HARD,Bahrain Grand Prix,1,0,0,,MEDIUM
154,0.2982456140350877,0,MEDIUM,Bahrain Grand Prix,0,0,0,,MEDIUM
154,0.5614035087719298,1,MEDIUM,Bahrain Grand Prix,0,0,0,,HARD
154,0.2807017543859649,0,MEDIUM,Bahrain Grand Prix,0,0,0,,MEDIUM
154,0.5614035087719298,1,MEDIUM,Bahrain Grand Prix,0,0,0,,HARD
154,0.17543859649122806,0,SOFT,Bahrain Grand Prix,0,0,0,,MEDIUM
154,0.49122807017543857,1,MEDIUM,Bahrain Grand Prix,1,0,0,,HARD
154,0.14035087719298245,0,SOFT,Bahrain Grand Prix,0,0,0,,MEDIUM
154,0.47368421052631576,1,MEDIUM,Bahrain Grand Prix,1,0,0,,HARD
154,0.2807017543859649,0,SOFT,Bahrain Grand Prix,0,0,0,,HARD
154,0.5614035087719298,1,HARD,Bahrain Grand Prix,1,0,0,,MEDIUM
154,0.17543859649122806,0,SOFT,Bahrain Grand Prix,0,0,0,,MEDIUM
154,0.5614035087719298,1,MEDIUM,Bahrain Grand Prix,1,0,0,,MEDIUM
154,0.22807017543859648,0,SOFT,Bahrain Grand Prix,0,0,0,,MEDIUM
154,0.5614035087719298,1,MEDIUM,Bahrain Grand Prix,1,0,0,,SOFT
154,0.19298245614035087,0,SOFT,Bahrain Grand Prix,0,0,0,,MEDIUM
154,0.5614035087719298,1,MEDIUM,Bahrain Grand Prix,1,0,0,,SOFT
154,0.24561403508771928,0,SOFT,Bahrain Grand Prix,0,0,0,,MEDIUM
154,0.5614035087719298,1,MEDIUM,Bahrain Grand Prix,1,0,0,,MEDIUM
154,0.15789473684210525,0,SOFT,Bahrain Grand Prix,0,0,0,,MEDIUM
154,0.49122807017543857,1,MEDIUM,Bahrain Grand Prix,1,0,0,,HARD
154,0.24561403508771928,0,SOFT,Bahrain Grand Prix,0,0,0,,HARD
154,0.5614035087719298,1,HARD,Bahrain Grand Prix,1,0,0,,SOFT
154,0.21052631578947367,0,SOFT,Bahrain Grand Prix,0,0,0,,MEDIUM
154,0.47368421052631576,1,MEDIUM,Bahrain Grand Prix,1,0,0,,SOFT
154,0.5614035087719298,2,SOFT,Bahrain Grand Prix,1,0,0,,SOFT
154,0.10526315789473684,0,SOFT,Bahrain Grand Prix,0,0,0,,MEDIUM
154,0.49122807017543857,1,MEDIUM,Bahrain Grand Prix,1,0,0,,HARD
155,0.25,0,INTERMEDIATE,Belgian Grand Prix,1,1,1,2.428933333333333,MEDIUM
155,0.2727272727272727,0,INTERMEDIATE,Belgian Grand Prix,1,1,1,3.88765,MEDIUM
155,0.2727272727272727,0,INTERMEDIATE,Belgian Grand Prix,1,1,1,3.85715,MEDIUM
155,0.2727272727272727,0,INTERMEDIATE,Belgian Grand Prix,1,1,1,4.5434,MEDIUM
155,0.25,0,INTERMEDIATE,Belgian Grand Prix,1,1,1,2.3758333333333335,MEDIUM
155,0.29545454545454547,0,INTERMEDIATE,Belgian Grand Prix,1,1,1,6.41445,MEDIUM
155,0.25,0,INTERMEDIATE,Belgian Grand Prix,1,1,1,2.4097,MEDIUM
155,0.7272727272727273,1,MEDIUM,Belgian Grand Prix,1,1,1,40.920716666666664,
155,0.2727272727272727,0,INTERMEDIATE,Belgian Grand Prix,1,1,1,3.9955833333333333,MEDIUM
155,0.29545454545454547,0,INTERMEDIATE,Belgian Grand Prix,1,1,1,5.6299,HARD
155,0.2727272727272727,0,INTERMEDIATE,Belgian Grand Prix,1,1,1,3.998683333333333,MEDIUM
155,0.29545454545454547,0,INTERMEDIATE,Belgian Grand Prix,1,1,1,6.155983333333333,MEDIUM
155,0.2727272727272727,0,INTERMEDIATE,Belgian Grand Prix,1,1,1,3.64975,MEDIUM
155,0.2727272727272727,0,INTERMEDIATE,Belgian Grand Prix,1,1,1,4.188066666666667,MEDIUM
155,0.2727272727272727,0,MEDIUM,Belgian Grand Prix,1,1,1,4.267266666666667,MEDIUM
155,0.2727272727272727,0,INTERMEDIATE,Belgian Grand Prix,1,1,1,4.225633333333334,MEDIUM
156,0.21153846153846154,0,INTERMEDIATE,British Grand Prix,1,1,1,7.162533333333333,INTERMEDIATE
156,0.7884615384615384,1,INTERMEDIATE,British Grand Prix,1,1,0,,SOFT
156,0.21153846153846154,0,INTERMEDIATE,British Grand Prix,1,1,1,7.0148,INTERMEDIATE
156,0.7884615384615384,1,INTERMEDIATE,British Grand Prix,1,1,0,,MEDIUM
156,0.21153846153846154,0,INTERMEDIATE,British Grand Prix,1,1,1,7.226483333333333,INTERMEDIATE
156,0.7884615384615384,1,INTERMEDIATE,British Grand Prix,1,1,0,,MEDIUM
156,0.19230769230769232,0,MEDIUM,British Grand Prix,1,1,1,5.561566666666667,INTERMEDIATE
156,0.8076923076923077,1,INTERMEDIATE,British Grand Prix,1,1,0,,SOFT
156,0.21153846153846154,0,INTERMEDIATE,British Grand Prix,1,1,1,7.200333333333333,INTERMEDIATE
156,0.7115384615384616,1,INTERMEDIATE,British Grand Prix,1,1,0,,MEDIUM
156,0.11538461538461539,0,INTERMEDIATE,British Grand Prix,0,0,0,,SOFT
156,0.19230769230769232,1,SOFT,British Grand Prix,1,1,1,5.355416666666667,INTERMEDIATE
156,0.7884615384615384,2,INTERMEDIATE,British Grand Prix,1,1,0,,SOFT
156,0.21153846153846154,0,INTERMEDIATE,British Grand Prix,1,1,1,7.183083333333333,INTERMEDIATE
156,0.7884615384615384,1,INTERMEDIATE,British Grand Prix,1,1,0,,MEDIUM
156,0.34615384615384615,0,INTERMEDIATE,British Grand Prix,1,1,0,,INTERMEDIATE
156,0.8076923076923077,1,INTERMEDIATE,British Grand Prix,1,1,0,,MEDIUM
156,0.17307692307692307,0,INTERMEDIATE,British Grand Prix,1,1,1,3.627466666666667,INTERMEDIATE
156,0.8076923076923077,1,INTERMEDIATE,British Grand Prix,1,1,0,,MEDIUM
156,0.23076923076923078,0,INTERMEDIATE,British Grand Prix,1,1,1,9.1437,INTERMEDIATE
156,0.8076923076923077,1,INTERMEDIATE,British Grand Prix,1,1,0,,MEDIUM
156,0.21153846153846154,0,INTERMEDIATE,British Grand Prix,1,1,1,6.991533333333333,INTERMEDIATE
156,0.8461538461538461,1,INTERMEDIATE,British Grand Prix,1,1,0,,MEDIUM
156,0.19230769230769232,0,HARD,British Grand Prix,1,1,1,5.4576,INTERMEDIATE
156,0.7307692307692307,1,INTERMEDIATE,British Grand Prix,1,1,0,,HARD
156,0.21153846153846154,0,INTERMEDIATE,British Grand Prix,1,1,1,7.3498833333333335,INTERMEDIATE
156,0.7884615384615384,1,INTERMEDIATE,British Grand Prix,1,1,0,,MEDIUM
156,0.21153846153846154,0,INTERMEDIATE,British Grand Prix,1,1,1,6.86435,INTERMEDIATE
156,0.8269230769230769,1,INTERMEDIATE,British Grand Prix,1,1,0,,MEDIUM
156,0.19230769230769232,0,HARD,British Grand Prix,1,1,1,5.69265,INTERMEDIATE
156,0.7884615384615384,1,INTERMEDIATE,British Grand Prix,1,1,0,,MEDIUM
157,0.21428571428571427,0,MEDIUM,Canadian Grand Prix,0,0,0,,HARD
157,0.6428571428571429,1,HARD,Canadian Grand Prix,1,0,0,,HARD
157,0.9571428571428572,2,HARD,Canadian Grand Prix,1,0,0,,HARD
157,0.9714285714285714,3,HARD,Canadian Grand Prix,1,0,0,,HARD
157,0.9857142857142858,4,HARD,Canadian Grand Prix,1,0,0,,HARD
157,0.17142857142857143,0,MEDIUM,Canadian Grand Prix,0,0,0,,HARD
157,0.5285714285714286,1,HARD,Canadian Grand Prix,1,0,0,,HARD
157,0.9571428571428572,2,HARD,Canadian Grand Prix,1,0,0,,HARD
157,0.9714285714285714,3,HARD,Canadian Grand Prix,1,0,0,,HARD
157,0.9857142857142858,4,HARD,Canadian Grand Prix,1,0,0,,HARD
157,0.8142857142857143,0,HARD,Canadian Grand Prix,0,0,0,,MEDIUM
157,0.9428571428571428,1,MEDIUM,Canadian Grand Prix,1,0,0,,MEDIUM
157,0.9571428571428572,2,MEDIUM,Canadian Grand Prix,1,0,0,,MEDIUM
157,0.9714285714285714,3,MEDIUM,Canadian Grand Prix,1,0,0,,MEDIUM
157,0.4,0,HARD,Canadian Grand Prix,0,0,0,,HARD
157,0.7571428571428571,1,HARD,Canadian Grand Prix,0,0,0,,MEDIUM
157,0.9571428571428572,2,MEDIUM,Canadian Grand Prix,1,0,0,,MEDIUM
157,0.9714285714285714,3,MEDIUM,Canadian Grand Prix,1,0,0,,MEDIUM
157,0.9857142857142858,4,MEDIUM,Canadian Grand Prix,1,0,0,,MEDIUM
157,0.21428571428571427,0,MEDIUM,Canadian Grand Prix,0,0,0,,HARD
157,0.7142857142857143,1,HARD,Canadian Grand Prix,1,0,0,,HARD
157,0.9428571428571428,2,HARD,Canadian Grand Prix,1,0,0,,HARD
157,0.9571428571428572,3,HARD,Canadian Grand Prix,1,0,0,,HARD
157,0.9714285714285714,4,HARD,Canadian Grand Prix,1,0,0,,HARD
157,0.9857142857142858,5,HARD,Canadian Grand Prix,1,0,0,,HARD
157,0.7571428571428571,0,HARD,Canadian Grand Prix,0,0,0,,MEDIUM
157,0.9428571428571428,1,MEDIUM,Canadian Grand Prix,1,0,0,,MEDIUM
157,0.9571428571428572,2,MEDIUM,Canadian Grand Prix,1,0,0,,MEDIUM
157,0.9714285714285714,3,MEDIUM,Canadian Grand Prix,1,0,0,,MEDIUM
157,0.8142857142857143,0,HARD,Canadian Grand Prix,0,0,0,,MEDIUM
157,0.9428571428571428,1,MEDIUM,Canadian Grand Prix,1,0,0,,MEDIUM
157,0.9571428571428572,2,MEDIUM,Canadian Grand Prix,1,0,0,,MEDIUM
157,0.9714285714285714,3,MEDIUM,Canadian Grand Prix,1,0,0,,MEDIUM
157,0.2714285714285714,0,MEDIUM,Canadian Grand Prix,0,0,0,,HARD
157,0.9428571428571428,1,HARD,Canadian Grand Prix,1,0,0,,HARD
157,0.9571428571428572,2,HARD,Canadian Grand Prix,1,0,0,,HARD
157,0.9714285714285714,3,HARD,Canadian Grand Prix,1,0,0,,HARD
157,0.9857142857142858,4,HARD,Canadian Grand Prix,1,0,0,,HARD
157,0.18571428571428572,0,MEDIUM,Canadian Grand Prix,0,0,0,,HARD
157,0.6,1,HARD,Canadian Grand Prix,1,0,0,,HARD
157,0.9571428571428572,2,HARD,Canadian Grand Prix,1,0,0,,HARD
157,0.9714285714285714,3,HARD,Canadian Grand Prix,1,0,0,,HARD
157,0.9857142857142858,4,HARD,Canadian Grand Prix,1,0,0,,HARD
157,0.8,0,HARD,Canadian Grand Prix,0,0,0,,MEDIUM
157,0.9428571428571428,1,MEDIUM,Canadian Grand Prix,1,0,0,,MEDIUM
157,0.9571428571428572,2,MEDIUM,Canadian Grand Prix,1,0,0,,MEDIUM
157,0.9714285714285714,3,MEDIUM,Canadian Grand Prix,1,0,0,,MEDIUM
157,0.22857142857142856,0,MEDIUM,Canadian Grand Prix,0,0,0,,HARD
157,0.6428571428571429,1,HARD,Canadian Grand Prix,1,0,0,,HARD
157,0.9571428571428572,2,HARD,Canadian Grand Prix,1,0,0,,SOFT
157,0.9714285714285714,3,SOFT,Canadian Grand Prix,1,0,0,,SOFT
157,0.9857142857142858,4,SOFT,Canadian Grand Prix,1,0,0,,SOFT
157,0.2,0,MEDIUM,Canadian Grand Prix,0,0,0,,HARD
157,0.9428571428571428,1,HARD,Canadian Grand Prix,1,0,0,,HARD
157,0.9571428571428572,2,HARD,Canadian Grand Prix,1,0,0,,HARD
157,0.9714285714285714,3,HARD,Canadian Grand Prix,1,0,0,,HARD
157,0.2571428571428571,0,MEDIUM,Canadian Grand Prix,0,0,0,,HARD
157,0.9428571428571428,1,HARD,Canadian Grand Prix,1,0,0,,SOFT
157,0.9571428571428572,2,SOFT,Canadian Grand Prix,1,0,0,,SOFT
157,0.9714285714285714,3,SOFT,Canadian Grand Prix,1,0,0,,SOFT
157,0.7,0,HARD,Canadian Grand Prix,0,0,0,,MEDIUM
157,0.9428571428571428,1,MEDIUM,Canadian Grand Prix,1,0,0,,MEDIUM
157,0.9571428571428572,2,MEDIUM,Canadian Grand Prix,1,0,0,,MEDIUM
157,0.9714285714285714,3,MEDIUM,Canadian Grand Prix,1,0,0,,MEDIUM
157,0.2,0,MEDIUM,Canadian Grand Prix,0,0,0,,HARD
157,0.5428571428571428,1,HARD,Canadian Grand Prix,1,0,0,,HARD
157,0.9571428571428572,2,HARD,Canadian Grand Prix,1,0,0,,HARD
157,0.9714285714285714,3,HARD,Canadian Grand Prix,1,0,0,,HARD
157,0.9857142857142858,4,HARD,Canadian Grand Prix,1,0,0,,HARD
158,0.23214285714285715,0,MEDIUM,Chinese Grand Prix,0,0,0,,HARD
158,0.30357142857142855,0,MEDIUM,Chinese Grand Prix,0,0,0,,HARD
158,0.6428571428571429,0,HARD,Chinese Grand Prix,0,0,0,,MEDIUM
158,0.19642857142857142,0,MEDIUM,Chinese Grand Prix,0,0,0,,HARD
158,0.35714285714285715,0,MEDIUM,Chinese Grand Prix,0,0,0,,HARD
158,0.35714285714285715,0,MEDIUM,Chinese Grand Prix,0,0,0,,HARD
158,0.26785714285714285,0,MEDIUM,Chinese Grand Prix,0,0,0,,HARD
158,0.25,0,MEDIUM,Chinese Grand Prix,0,0,0,,HARD
158,0.25,0,MEDIUM,Chinese Grand Prix,0,0,0,,HARD
158,0.32142857142857145,0,HARD,Chinese Grand Prix,0,0,0,,MEDIUM
158,0.5357142857142857,1,MEDIUM,Chinese Grand Prix,1,0,0,,HARD
158,0.19642857142857142,0,MEDIUM,Chinese Grand Prix,0,0,0,,HARD
158,0.4642857142857143,0,HARD,Chinese Grand Prix,0,0,0,,MEDIUM
158,0.017857142857142856,1,MEDIUM,Chinese Grand Prix,0,0,0,,HARD
158,0.4642857142857143,1,HARD,Chinese Grand Prix,1,0,0,,HARD
158,0.21428571428571427,0,MEDIUM,Chinese Grand Prix,0,0,0,,HARD
158,0.21428571428571427,0,MEDIUM,Chinese Grand Prix,0,0,0,,HARD
158,0.5892857142857143,1,HARD,Chinese Grand Prix,1,0,0,,HARD
159,0.3194444444444444,0,SOFT,Dutch Grand Prix,0,0,0,,MEDIUM
159,0.7361111111111112,1,MEDIUM,Dutch Grand Prix,1,0,0,,SOFT
159,0.25,0,MEDIUM,Dutch Grand Prix,0,0,0,,HARD
159,0.5555555555555556,1,HARD,Dutch Grand Prix,1,0,0,,HARD
159,0.1111111111111111,0,MEDIUM,Dutch Grand Prix,0,0,0,,HARD
159,0.7222222222222222,1,HARD,Dutch Grand Prix,1,0,0,,HARD
159,0.7222222222222222,0,HARD,Dutch Grand Prix,0,0,0,,MEDIUM
159,0.2638888888888889,0,SOFT,Dutch Grand Prix,0,0,0,,HARD
159,0.7361111111111112,1,HARD,Dutch Grand Prix,1,0,0,,MEDIUM
159,0.3194444444444444,0,MEDIUM,Dutch Grand Prix,0,0,0,,HARD
159,0.7361111111111112,1,HARD,Dutch Grand Prix,1,0,0,,SOFT
159,0.3194444444444444,0,MEDIUM,Dutch Grand Prix,0,0,0,,HARD
159,0.7361111111111112,1,HARD,Dutch Grand Prix,1,0,0,,SOFT
159,0.2638888888888889,0,SOFT,Dutch Grand Prix,0,0,0,,HARD
159,0.7361111111111112,1,HARD,Dutch Grand Prix,1,0,0,,SOFT
159,0.3194444444444444,0,MEDIUM,Dutch Grand Prix,0,0,0,,HARD
159,0.7361111111111112,1,HARD,Dutch Grand Prix,1,0,0,,HARD
159,0.3194444444444444,0,MEDIUM,Dutch Grand Prix,0,0,0,,HARD
159,0.375,1,HARD,Dutch Grand Prix,1,0,0,,SOFT
159,0.7222222222222222,2,SOFT,Dutch Grand Prix,1,0,0,,SOFT
159,0.2638888888888889,0,SOFT,Dutch Grand Prix,0,0,0,,HARD
159,0.7361111111111112,1,HARD,Dutch Grand Prix,1,0,0,,MEDIUM
159,0.9027777777777778,2,MEDIUM,Dutch Grand Prix,1,0,0,,SOFT
159,0.7361111111111112,0,HARD,Dutch Grand Prix,0,0,0,,MEDIUM
159,0.3055555555555556,0,MEDIUM,Dutch Grand Prix,0,0,0,,HARD
159,0.8333333333333334,1,HARD,Dutch Grand Prix,1,0,0,,SOFT
159,0.3194444444444444,0,MEDIUM,Dutch Grand Prix,0,0,0,,HARD
159,0.7361111111111112,1,HARD,Dutch Grand Prix,1,0,0,,SOFT
160,0.4603174603174603,0,HARD,Emilia Romagna Grand Prix,0,0,0,,MEDIUM
160,0.7301587301587301,1,MEDIUM,Emilia Romagna Grand Prix,1,0,0,,HARD
160,0.4603174603174603,0,MEDIUM,Emilia Romagna Grand Prix,0,0,0,,HARD
160,0.7301587301587301,1,HARD,Emilia Romagna Grand Prix,1,0,0,,HARD
160,0.1746031746031746,0,MEDIUM,Emilia Romagna Grand Prix,0,0,0,,HARD
160,0.4603174603174603,1,HARD,Emilia Romagna Grand Prix,1,0,0,,HARD
160,0.15873015873015872,0,MEDIUM,Emilia Romagna Grand Prix,0,0,0,,HARD
160,0.4603174603174603,1,HARD,Emilia Romagna Grand Prix,1,0,0,,HARD
160,0.19047619047619047,0,MEDIUM,Emilia Romagna Grand Prix,0,0,0,,HARD
160,0.7301587301587301,1,HARD,Emilia Romagna Grand Prix,1,0,0,,MEDIUM
160,0.2222222222222222,0,MEDIUM,Emilia Romagna Grand Prix,0,0,0,,HARD
160,0.7301587301587301,1,HARD,Emilia Romagna Grand Prix,1,0,0,,MEDIUM
160,0.14285714285714285,0,MEDIUM,Emilia Romagna Grand Prix,0,0,0,,HARD
160,0.4603174603174603,1,HARD,Emilia Romagna Grand Prix,1,0,0,,HARD
160,0.4603174603174603,0,HARD,Emilia Romagna Grand Prix,0,0,0,,MEDIUM
160,0.4603174603174603,0,MEDIUM,Emilia Romagna Grand Prix,0,0,0,,HARD
160,0.746031746031746,1,HARD,Emilia Romagna Grand Prix,1,0,0,,HARD
160,0.4444444444444444,0,MEDIUM,Emilia Romagna Grand Prix,0,0,0,,HARD
160,0.7301587301587301,1,HARD,Emilia Romagna Grand Prix,1,0,0,,HARD
160,0.1746031746031746,0,MEDIUM,Emilia Romagna Grand Prix,0,0,0,,HARD
160,0.4603174603174603,1,HARD,Emilia Romagna Grand Prix,1,0,0,,HARD
160,0.4603174603174603,0,HARD,Emilia Romagna Grand Prix,0,0,0,,MEDIUM
160,0.20634920634920634,0,MEDIUM,Emilia Romagna Grand Prix,0,0,0,,HARD
160,0.47619047619047616,1,HARD,Emilia Romagna Grand Prix,1,0,0,,HARD
160,0.15873015873015872,0,MEDIUM,Emilia Romagna Grand Prix,0,0,0,,HARD
160,0.4603174603174603,1,HARD,Emilia Romagna Grand Prix,1,0,0,,HARD
160,0.4603174603174603,0,MEDIUM,Emilia Romagna Grand Prix,0,0,0,,HARD
160,0.7301587301587301,1,HARD,Emilia Romagna Grand Prix,1,0,0,,HARD
161,0.6,0,HARD,Hungarian Grand Prix,0,0,0,,MEDIUM
161,0.24285714285714285,0,MEDIUM,Hungarian Grand Prix,0,0,0,,HARD
161,0.6857142857142857,1,HARD,Hungarian Grand Prix,1,0,0,,HARD
161,0.21428571428571427,0,SOFT,Hungarian Grand Prix,0,0,0,,HARD
161,0.7285714285714285,1,HARD,Hungarian Grand Prix,1,0,0,,MEDIUM
161,0.2714285714285714,0,MEDIUM,Hungarian Grand Prix,0,0,0,,HARD
161,0.5714285714285714,1,HARD,Hungarian Grand Prix,1,0,0,,HARD
161,0.5571428571428572,0,MEDIUM,Hungarian Grand Prix,0,0,0,,HARD
161,0.5142857142857142,0,MEDIUM,Hungarian Grand Prix,0,0,0,,HARD
161,0.07142857142857142,0,SOFT,Hungarian Grand Prix,0,0,0,,MEDIUM
161,0.5857142857142857,1,MEDIUM,Hungarian Grand Prix,1,0,0,,MEDIUM
161,0.2,0,SOFT,Hungarian Grand Prix,0,0,0,,MEDIUM
161,0.5428571428571428,1,MEDIUM,Hungarian Grand Prix,1,0,0,,HARD
161,0.44285714285714284,0,MEDIUM,Hungarian Grand Prix,0,0,0,,HARD
161,0.2714285714285714,0,MEDIUM,Hungarian Grand Prix,0,0,0,,HARD
161,0.6142857142857143,1,HARD,Hungarian Grand Prix,1,0,0,,HARD
161,0.2571428571428571,0,MEDIUM,Hungarian Grand Prix,0,0,0,,HARD
161,0.6428571428571429,1,HARD,Hungarian Grand Prix,1,0,0,,HARD
161,0.5714285714285714,0,MEDIUM,Hungarian Grand Prix,0,0,0,,HARD
161,0.5714285714285714,0,MEDIUM,Hungarian Grand Prix,0,0,0,,HARD
161,0.3,0,MEDIUM,Hungarian Grand Prix,0,0,0,,HARD
161,0.4714285714285714,0,MEDIUM,Hungarian Grand Prix,0,0,0,,HARD
162,0.7169811320754716,0,MEDIUM,Italian Grand Prix,0,0,0,,HARD
162,0.6981132075471698,0,MEDIUM,Italian Grand Prix,0,0,0,,HARD
162,0.5660377358490566,0,MEDIUM,Italian Grand Prix,0,0,0,,HARD
162,0.6226415094339622,0,MEDIUM,Italian Grand Prix,0,0,0,,HARD
162,0.9622641509433962,0,HARD,Italian Grand Prix,0,0,0,,SOFT
162,0.7735849056603774,0,HARD,Italian Grand Prix,0,0,0,,MEDIUM
162,0.8679245283018868,0,MEDIUM,Italian Grand Prix,0,0,0,,SOFT
162,0.5094339622641509,0,MEDIUM,Italian Grand Prix,0,0,0,,HARD
162,0.3584905660377358,0,MEDIUM,Italian Grand Prix,0,0,0,,HARD
162,0.8490566037735849,0,MEDIUM,Italian Grand Prix,0,0,0,,SOFT
162,0.16981132075471697,0,SOFT,Italian Grand Prix,0,0,0,,HARD
162,0.33962264150943394,0,MEDIUM,Italian Grand Prix,0,0,0,,HARD
162,0.37735849056603776,0,MEDIUM,Italian Grand Prix,0,0,0,,HARD
162,0.5283018867924528,0,MEDIUM,Italian Grand Prix,0,0,0,,HARD
162,0.6037735849056604,0,HARD,Italian Grand Prix,0,0,0,,MEDIUM
163,0.5660377358490566,0,HARD,Japanese Grand Prix,0,0,0,,MEDIUM
163,0.39622641509433965,0,MEDIUM,Japanese Grand Prix,0,0,0,,HARD
163,0.6226415094339622,0,MEDIUM,Japanese Grand Prix,0,0,0,,SOFT
163,0.39622641509433965,0,MEDIUM,Japanese Grand Prix,0,0,0,,HARD
163,0.4528301886792453,0,MEDIUM,Japanese Grand Prix,0,0,0,,HARD
163,0.4528301886792453,0,MEDIUM,Japanese Grand Prix,0,0,0,,HARD
163,0.4528301886792453,0,MEDIUM,Japanese Grand Prix,0,0,0,,HARD
163,0.39622641509433965,0,MEDIUM,Japanese Grand Prix,0,0,0,,HARD
163,0.3584905660377358,0,MEDIUM,Japanese Grand Prix,0,0,0,,HARD
163,0.4339622641509434,0,MEDIUM,Japanese Grand Prix,0,0,0,,HARD
163,0.37735849056603776,0,MEDIUM,Japanese Grand Prix,0,0,0,,HARD
163,0.2830188679245283,0,SOFT,Japanese Grand Prix,0,0,0,,HARD
163,0.4339622641509434,0,MEDIUM,Japanese Grand Prix,0,0,0,,HARD
163,0.5849056603773585,0,MEDIUM,Japanese Grand Prix,0,0,0,,HARD
163,0.4716981132075472,0,MEDIUM,Japanese Grand Prix,0,0,0,,HARD
164,0.58,0,HARD,Las Vegas Grand Prix,0,0,0,,MEDIUM
164,0.5,0,MEDIUM,Las Vegas Grand Prix,0,0,0,,HARD
164,0.44,0,MEDIUM,Las Vegas Grand Prix,0,0,0,,HARD
164,0.48,0,MEDIUM,Las Vegas Grand Prix,0,0,0,,HARD
164,0.32,0,MEDIUM,Las Vegas Grand Prix,0,0,0,,HARD
164,0.04,0,MEDIUM,Las Vegas Grand Prix,0,0,0,,HARD
164,0.54,0,MEDIUM,Las Vegas Grand Prix,0,0,0,,HARD
164,0.6,0,HARD,Las Vegas Grand Prix,0,0,0,,MEDIUM
164,0.34,0,MEDIUM,Las Vegas Grand Prix,0,0,0,,HARD
164,0.02,1,MEDIUM,Las Vegas Grand Prix,0,0,0,,HARD
164,0.54,1,HARD,Las Vegas Grand Prix,1,0,0,,MEDIUM
164,0.04,0,MEDIUM,Las Vegas Grand Prix,0,0,0,,HARD
164,0.56,1,HARD,Las Vegas Grand Prix,1,0,0,,HARD
164,0.5,0,HARD,Las Vegas Grand Prix,0,0,0,,MEDIUM
164,0.34,0,MEDIUM,Las Vegas Grand Prix,0,0,0,,HARD
164,0.04,0,SOFT,Las Vegas Grand Prix,0,0,0,,HARD
164,0.4,0,MEDIUM,Las Vegas Grand Prix,0,0,0,,HARD
165,0.323943661971831,0,SOFT,Mexico City Grand Prix,0,0,0,,MEDIUM
165,0.6619718309859155,1,MEDIUM,Mexico City Grand Prix,1,0,0,,SOFT
165,0.5211267605633803,0,MEDIUM,Mexico City Grand Prix,0,0,0,,SOFT
165,0.43661971830985913,0,SOFT,Mexico City Grand Prix,0,0,0,,MEDIUM
165,0.36619718309859156,0,SOFT,Mexico City Grand Prix,0,0,0,,MEDIUM
165,0.6056338028169014,1,MEDIUM,Mexico City Grand Prix,1,0,0,,SOFT
165,0.4647887323943662,0,MEDIUM,Mexico City Grand Prix,0,0,0,,SOFT
165,0.38028169014084506,0,SOFT,Mexico City Grand Prix,0,0,0,,MEDIUM
165,0.5774647887323944,0,HARD,Mexico City Grand Prix,0,0,0,,SOFT
165,0.4788732394366197,0,SOFT,Mexico City Grand Prix,0,0,0,,MEDIUM
165,0.352112676056338,0,SOFT,Mexico City Grand Prix,0,0,0,,MEDIUM
165,0.676056338028169,1,MEDIUM,Mexico City Grand Prix,1,0,0,,SOFT
165,0.5070422535211268,0,MEDIUM,Mexico City Grand Prix,0,0,0,,SOFT
165,0.3380281690140845,0,SOFT,Mexico City Grand Prix,0,0,0,,MEDIUM
165,0.6619718309859155,1,MEDIUM,Mexico City Grand Prix,1,0,0,,SOFT
165,0.3380281690140845,0,SOFT,Mexico City Grand Prix,0,0,0,,MEDIUM
165,0.676056338028169,1,MEDIUM,Mexico City Grand Prix,1,0,0,,SOFT
165,0.5211267605633803,0,MEDIUM,Mexico City Grand Prix,0,0,0,,SOFT
165,0.30985915492957744,0,SOFT,Mexico City Grand Prix,0,0,0,,MEDIUM
165,0.6619718309859155,1,MEDIUM,Mexico City Grand Prix,1,0,0,,SOFT
165,0.4788732394366197,0,MEDIUM,Mexico City Grand Prix,0,0,0,,SOFT
166,0.49122807017543857,0,HARD,Miami Grand Prix,0,0,0,,HARD
166,0.45614035087719296,0,MEDIUM,Miami Grand Prix,0,0,0,,MEDIUM
166,0.43859649122807015,0,MEDIUM,Miami Grand Prix,0,0,0,,MEDIUM
166,0.5087719298245614,0,MEDIUM,Miami Grand Prix,0,0,0,,MEDIUM
166,0.49122807017543857,0,HARD,Miami Grand Prix,0,0,0,,HARD
166,0.5614035087719298,0,HARD,Miami Grand Prix,0,0,0,,MEDIUM
166,0.40350877192982454,0,,Miami Grand Prix,0,0,0,,HARD
166,0.631578947368421,0,HARD,Miami Grand Prix,0,0,0,,MEDIUM
166,0.45614035087719296,0,MEDIUM,Miami Grand Prix,0,0,0,,MEDIUM
166,0.5087719298245614,0,MEDIUM,Miami Grand Prix,0,0,0,,MEDIUM
166,0.5087719298245614,0,HARD,Miami Grand Prix,0,0,0,,HARD
166,0.47368421052631576,0,MEDIUM,Miami Grand Prix,0,0,0,,MEDIUM
166,0.5087719298245614,0,MEDIUM,Miami Grand Prix,0,0,0,,MEDIUM
166,0.43859649122807015,0,MEDIUM,Miami Grand Prix,0,0,0,,MEDIUM
166,0.38596491228070173,0,,Miami Grand Prix,0,0,0,,
167,0.23076923076923078,0,HARD,Monaco Grand Prix,0,0,0,,HARD
167,0.717948717948718,1,HARD,Monaco Grand Prix,0,0,0,,MEDIUM
167,0.358974358974359,0,HARD,Monaco Grand Prix,0,0,0,,MEDIUM
167,0.9871794871794872,1,MEDIUM,Monaco Grand Prix,1,0,0,,SOFT
167,0.6153846153846154,0,HARD,Monaco Grand Prix,0,0,0,,MEDIUM
167,0.6794871794871795,1,MEDIUM,Monaco Grand Prix,1,0,0,,MEDIUM
167,0.28205128205128205,0,MEDIUM,Monaco Grand Prix,0,0,0,,HARD
167,0.6282051282051282,1,HARD,Monaco Grand Prix,1,0,0,,MEDIUM
167,0.21794871794871795,0,HARD,Monaco Grand Prix,0,0,0,,HARD
167,0.8205128205128205,1,HARD,Monaco Grand Prix,0,0,0,,MEDIUM
167,0.20512820512820512,0,MEDIUM,Monaco Grand Prix,0,0,0,,MEDIUM
167,0.358974358974359,1,MEDIUM,Monaco Grand Prix,0,0,0,,HARD
167,0.41025641025641024,0,MEDIUM,Monaco Grand Prix,0,0,0,,MEDIUM
167,0.5128205128205128,1,MEDIUM,Monaco Grand Prix,0,0,0,,HARD
167,0.24358974358974358,0,MEDIUM,Monaco Grand Prix,0,0,0,,HARD
167,0.6410256410256411,1,HARD,Monaco Grand Prix,1,0,0,,HARD
167,0.6794871794871795,0,HARD,Monaco Grand Prix,0,0,0,,MEDIUM
167,0.7948717948717948,1,MEDIUM,Monaco Grand Prix,1,0,0,,MEDIUM
167,0.8717948717948718,2,MEDIUM,Monaco Grand Prix,1,0,0,,HARD
167,0.2564102564102564,0,MEDIUM,Monaco Grand Prix,0,0,0,,HARD
167,0.6153846153846154,1,HARD,Monaco Grand Prix,1,0,0,,HARD
167,0.3974358974358974,0,MEDIUM,Monaco Grand Prix,0,0,0,,SOFT
167,0.5128205128205128,1,SOFT,Monaco Grand Prix,1,0,0,,HARD
167,0.16666666666666666,0,HARD,Monaco Grand Prix,0,0,0,,MEDIUM
167,0.3333333333333333,1,MEDIUM,Monaco Grand Prix,1,0,0,,MEDIUM
167,0.01282051282051282,2,MEDIUM,Monaco Grand Prix,0,0,0,,HARD
167,0.21794871794871795,1,HARD,Monaco Grand Prix,1,0,0,,MEDIUM
167,0.01282051282051282,2,MEDIUM,Monaco Grand Prix,0,0,0,,HARD
167,0.3333333333333333,1,HARD,Monaco Grand Prix,1,0,0,,SOFT
167,0.44871794871794873,2,SOFT,Monaco Grand Prix,1,0,0,,MEDIUM
167,0.1794871794871795,0,MEDIUM,Monaco Grand Prix,0,0,0,,SOFT
167,0.24358974358974358,1,SOFT,Monaco Grand Prix,1,0,0,,HARD
168,0.12280701754385964,0,SOFT,Qatar Grand Prix,0,0,0,,MEDIUM
168,0.5614035087719298,1,MEDIUM,Qatar Grand Prix,1,0,0,,MEDIUM
168,0.12280701754385964,0,MEDIUM,Qatar Grand Prix,0,0,0,,MEDIUM
168,0.5614035087719298,1,MEDIUM,Qatar Grand Prix,0,0,0,,HARD
168,0.12280701754385964,0,MEDIUM,Qatar Grand Prix,0,0,0,,MEDIUM
168,0.5614035087719298,1,MEDIUM,Qatar Grand Prix,0,0,0,,HARD
168,0.12280701754385964,0,MEDIUM,Qatar Grand Prix,0,0,0,,MEDIUM
168,0.5614035087719298,1,MEDIUM,Qatar Grand Prix,0,0,0,,HARD
168,0.12280701754385964,0,MEDIUM,Qatar Grand Prix,0,0,0,,MEDIUM
168,0.5614035087719298,1,MEDIUM,Qatar Grand Prix,0,0,0,,HARD
168,0.14035087719298245,0,MEDIUM,Qatar Grand Prix,0,0,0,,HARD
168,0.15789473684210525,1,HARD,Qatar Grand Prix,1,0,0,,MEDIUM
168,0.5964912280701754,2,MEDIUM,Qatar Grand Prix,1,0,0,,HARD
168,0.12280701754385964,0,HARD,Qatar Grand Prix,0,0,0,,MEDIUM
168,0.5614035087719298,1,MEDIUM,Qatar Grand Prix,1,0,0,,MEDIUM
168,0.43859649122807015,0,MEDIUM,Qatar Grand Prix,0,0,0,,MEDIUM
168,0.7719298245614035,1,MEDIUM,Qatar Grand Prix,0,0,0,,HARD
168,0.12280701754385964,0,MEDIUM,Qatar Grand Prix,0,0,0,,MEDIUM
168,0.5614035087719298,1,MEDIUM,Qatar Grand Prix,0,0,0,,HARD
168,0.12280701754385964,0,MEDIUM,Qatar Grand Prix,0,0,0,,MEDIUM
168,0.5614035087719298,1,MEDIUM,Qatar Grand Prix,0,0,0,,HARD
168,0.42105263157894735,0,MEDIUM,Qatar Grand Prix,0,0,0,,MEDIUM
168,0.7368421052631579,1,MEDIUM,Qatar Grand Prix,0,0,0,,HARD
168,0.12280701754385964,0,MEDIUM,Qatar Grand Prix,0,0,0,,MEDIUM
168,0.5614035087719298,1,MEDIUM,Qatar Grand Prix,0,0,0,,HARD
168,0.12280701754385964,0,HARD,Qatar Grand Prix,0,0,0,,MEDIUM
168,0.5614035087719298,1,MEDIUM,Qatar Grand Prix,1,0,0,,MEDIUM
168,0.12280701754385964,0,MEDIUM,Qatar Grand Prix,0,0,0,,MEDIUM
168,0.5614035087719298,1,MEDIUM,Qatar Grand Prix,0,0,0,,SOFT
168,0.12280701754385964,0,MEDIUM,Qatar Grand Prix,0,0,0,,MEDIUM
168,0.5614035087719298,1,MEDIUM,Qatar Grand Prix,0,0,0,,HARD
169,0.46,0,MEDIUM,Saudi Arabian Grand Prix,0,0,0,,HARD
169,0.42,0,MEDIUM,Saudi Arabian Grand Prix,0,0,0,,HARD
169,0.42,0,MEDIUM,Saudi Arabian Grand Prix,0,0,0,,HARD
169,0.58,0,MEDIUM,Saudi Arabian Grand Prix,0,0,0,,HARD
169,0.38,0,MEDIUM,Saudi Arabian Grand Prix,0,0,0,,HARD
169,0.02,1,MEDIUM,Saudi Arabian Grand Prix,0,0,0,,HARD
169,0.66,0,HARD,Saudi Arabian Grand Prix,0,0,0,,MEDIUM
169,0.44,0,MEDIUM,Saudi Arabian Grand Prix,0,0,0,,HARD
169,0.68,0,HARD,Saudi Arabian Grand Prix,0,0,0,,MEDIUM
169,0.4,0,MEDIUM,Saudi Arabian Grand Prix,0,0,0,,HARD
169,0.38,0,MEDIUM,Saudi Arabian Grand Prix,0,0,0,,HARD
169,0.4,0,MEDIUM,Saudi Arabian Grand Prix,0,0,0,,HARD
169,0.36,0,MEDIUM,Saudi Arabian Grand Prix,0,0,0,,HARD
169,0.38,0,MEDIUM,Saudi Arabian Grand Prix,0,0,0,,HARD
169,0.68,0,HARD,Saudi Arabian Grand Prix,0,0,0,,MEDIUM
170,0.3870967741935484,0,MEDIUM,Singapore Grand Prix,1,1,0,,HARD
170,0.7419354838709677,1,HARD,Singapore Grand Prix,1,1,0,,SOFT
170,0.3064516129032258,0,SOFT,Singapore Grand Prix,1,1,0,,HARD
170,0.8064516129032258,0,MEDIUM,Singapore Grand Prix,1,1,0,,SOFT
170,0.3387096774193548,0,MEDIUM,Singapore Grand Prix,1,1,0,,HARD
170,0.43548387096774194,0,SOFT,Singapore Grand Prix,1,1,0,,MEDIUM
170,0.6129032258064516,0,SOFT,Singapore Grand Prix,1,1,0,,MEDIUM
170,0.6774193548387096,0,MEDIUM,Singapore Grand Prix,1,1,0,,SOFT
170,0.41935483870967744,0,MEDIUM,Singapore Grand Prix,1,1,0,,HARD
170,0.4032258064516129,0,MEDIUM,Singapore Grand Prix,1,1,0,,HARD
170,0.20967741935483872,0,SOFT,Singapore Grand Prix,1,1,0,,HARD
170,0.43548387096774194,0,MEDIUM,Singapore Grand Prix,1,1,0,,HARD
170,0.7741935483870968,0,MEDIUM,Singapore Grand Prix,1,1,0,,SOFT
170,0.3709677419354839,0,MEDIUM,Singapore Grand Prix,1,1,0,,HARD
170,0.4032258064516129,0,MEDIUM,Singapore Grand Prix,1,1,0,,HARD
170,0.3225806451612903,0,SOFT,Singapore Grand Prix,1,1,0,,HARD
171,0.24242424242424243,0,SOFT,Spanish Grand Prix,0,0,0,,MEDIUM
171,0.696969696969697,1,MEDIUM,Spanish Grand Prix,1,0,0,,SOFT
171,0.8333333333333334,2,SOFT,Spanish Grand Prix,1,0,0,,SOFT
171,0.13636363636363635,0,SOFT,Spanish Grand Prix,0,0,0,,SOFT
171,0.5151515151515151,1,SOFT,Spanish Grand Prix,0,0,0,,MEDIUM
171,0.8333333333333334,2,MEDIUM,Spanish Grand Prix,1,0,0,,SOFT
171,0.25757575757575757,0,SOFT,Spanish Grand Prix,0,0,0,,MEDIUM
171,0.6060606060606061,1,MEDIUM,Spanish Grand Prix,1,0,0,,MEDIUM
171,0.8333333333333334,2,MEDIUM,Spanish Grand Prix,1,0,0,,SOFT
171,0.22727272727272727,0,SOFT,Spanish Grand Prix,0,0,0,,MEDIUM
171,0.6363636363636364,1,MEDIUM,Spanish Grand Prix,1,0,0,,SOFT
171,0.8181818181818182,2,SOFT,Spanish Grand Prix,1,0,0,,SOFT
171,0.15151515151515152,0,SOFT,Spanish Grand Prix,0,0,0,,SOFT
171,0.4696969696969697,1,SOFT,Spanish Grand Prix,0,0,0,,MEDIUM
171,0.8333333333333334,2,MEDIUM,Spanish Grand Prix,1,0,0,,SOFT
171,0.13636363636363635,0,SOFT,Spanish Grand Prix,0,0,0,,MEDIUM
171,0.6818181818181818,1,MEDIUM,Spanish Grand Prix,1,0,0,,SOFT
171,0.8484848484848485,2,SOFT,Spanish Grand Prix,1,0,0,,SOFT
171,0.3181818181818182,0,SOFT,Spanish Grand Prix,0,0,0,,MEDIUM
171,0.7272727272727273,1,MEDIUM,Spanish Grand Prix,1,0,0,,SOFT
171,0.8333333333333334,2,SOFT,Spanish Grand Prix,1,0,0,,SOFT
171,0.30303030303030304,0,SOFT,Spanish Grand Prix,0,0,0,,MEDIUM
171,0.6212121212121212,1,MEDIUM,Spanish Grand Prix,1,0,0,,SOFT
171,0.8333333333333334,2,SOFT,Spanish Grand Prix,1,0,0,,SOFT
171,0.3333333333333333,0,SOFT,Spanish Grand Prix,0,0,0,,MEDIUM
171,0.7424242424242424,1,MEDIUM,Spanish Grand Prix,1,0,0,,SOFT
171,0.8333333333333334,2,SOFT,Spanish Grand Prix,1,0,0,,SOFT
171,0.2727272727272727,0,SOFT,Spanish Grand Prix,0,0,0,,MEDIUM
171,0.6666666666666666,1,MEDIUM,Spanish Grand Prix,1,0,0,,SOFT
171,0.21212121212121213,0,SOFT,Spanish Grand Prix,0,0,0,,MEDIUM
171,0.5909090909090909,1,MEDIUM,Spanish Grand Prix,1,0,0,,SOFT
171,0.8181818181818182,2,SOFT,Spanish Grand Prix,1,0,0,,SOFT
171,0.2878787878787879,0,SOFT,Spanish Grand Prix,0,0,0,,MEDIUM
171,0.7424242424242424,1,MEDIUM,Spanish Grand Prix,1,0,0,,SOFT
171,0.2878787878787879,0,SOFT,Spanish Grand Prix,0,0,0,,MEDIUM
171,0.7272727272727273,1,MEDIUM,Spanish Grand Prix,1,0,0,,SOFT
171,0.8333333333333334,2,SOFT,Spanish Grand Prix,1,0,0,,SOFT
172,0.09859154929577464,0,HARD,São Paulo Grand Prix,0,0,0,,MEDIUM
172,0.4788732394366197,1,MEDIUM,São Paulo Grand Prix,1,0,0,,MEDIUM
172,0.7605633802816901,2,MEDIUM,São Paulo Grand Prix,1,0,0,,SOFT
172,0.23943661971830985,0,SOFT,São Paulo Grand Prix,0,0,0,,MEDIUM
172,0.5352112676056338,1,MEDIUM,São Paulo Grand Prix,1,0,0,,MEDIUM
172,0.39436619718309857,0,HARD,São Paulo Grand Prix,0,0,0,,MEDIUM
172,0.647887323943662,1,MEDIUM,São Paulo Grand Prix,1,0,0,,MEDIUM
172,0.2535211267605634,0,SOFT,São Paulo Grand Prix,0,0,0,,MEDIUM
172,0.5492957746478874,1,MEDIUM,São Paulo Grand Prix,1,0,0,,MEDIUM
172,0.11267605633802817,0,HARD,São Paulo Grand Prix,0,0,0,,MEDIUM
172,0.6619718309859155,1,MEDIUM,São Paulo Grand Prix,1,0,0,,MEDIUM
172,0.5070422535211268,0,MEDIUM,São Paulo Grand Prix,0,0,0,,SOFT
172,0.49295774647887325,0,MEDIUM,São Paulo Grand Prix,0,0,0,,SOFT
172,0.7746478873239436,1,SOFT,São Paulo Grand Prix,1,0,0,,MEDIUM
172,0.4225352112676056,0,MEDIUM,São Paulo Grand Prix,0,0,0,,SOFT
172,0.704225352112676,1,SOFT,São Paulo Grand Prix,1,0,0,,MEDIUM
172,0.4788732394366197,0,MEDIUM,São Paulo Grand Prix,0,0,0,,SOFT
172,0.676056338028169,1,SOFT,São Paulo Grand Prix,1,0,0,,MEDIUM
172,0.5352112676056338,0,MEDIUM,São Paulo Grand Prix,0,0,0,,SOFT
172,0.7183098591549296,1,SOFT,São Paulo Grand Prix,1,0,0,,MEDIUM
172,0.2676056338028169,0,SOFT,São Paulo Grand Prix,0,0,0,,MEDIUM
172,0.4084507042253521,0,MEDIUM,São Paulo Grand Prix,0,0,0,,SOFT
172,0.6056338028169014,1,SOFT,São Paulo Grand Prix,1,0,0,,MEDIUM
172,0.23943661971830985,0,SOFT,São Paulo Grand Prix,0,0,0,,MEDIUM
172,0.5915492957746479,1,MEDIUM,São Paulo Grand Prix,1,0,0,,MEDIUM
172,0.29577464788732394,0,SOFT,São Paulo Grand Prix,0,0,0,,MEDIUM
172,0.6619718309859155,1,MEDIUM,São Paulo Grand Prix,1,0,0,,MEDIUM
172,0.2535211267605634,0,SOFT,São Paulo Grand Prix,0,0,0,,MEDIUM
172,0.5211267605633803,1,MEDIUM,São Paulo Grand Prix,1,0,0,,MEDIUM
173,0.5535714285714286,0,MEDIUM,United States Grand Prix,0,0,0,,SOFT
173,0.5892857142857143,0,MEDIUM,United States Grand Prix,0,0,0,,SOFT
173,0.39285714285714285,0,SOFT,United States Grand Prix,0,0,0,,MEDIUM
173,0.5357142857142857,0,MEDIUM,United States Grand Prix,0,0,0,,SOFT
173,0.5,0,SOFT,United States Grand Prix,0,0,0,,MEDIUM
173,0.42857142857142855,0,HARD,United States Grand Prix,0,0,0,,MEDIUM
173,0.5892857142857143,0,MEDIUM,United States Grand Prix,0,0,0,,SOFT
173,0.125,0,HARD,United States Grand Prix,0,0,0,,MEDIUM
173,0.6428571428571429,1,MEDIUM,United States Grand Prix,1,0,0,,SOFT
173,0.5714285714285714,0,MEDIUM,United States Grand Prix,0,0,0,,SOFT
173,0.5892857142857143,0,MEDIUM,United States Grand Prix,0,0,0,,SOFT
173,0.5178571428571429,0,MEDIUM,United States Grand Prix,0,0,0,,SOFT
173,0.5357142857142857,0,MEDIUM,United States Grand Prix,0,0,0,,SOFT
173,0.5357142857142857,0,MEDIUM,United States Grand Prix,0,0,0,,SOFT
173,0.5357142857142857,0,MEDIUM,United States Grand Prix,0,0,0,,SOFT
173,0.5535714285714286,0,MEDIUM,United States Grand Prix,0,0,0,,SOFT
