Job started on tiger-02 at Thu 26 Feb 11:11:58 GMT 2026
CPUs: 16  MEM: 64000
CMD: python -m src.utils.tune_8_optuna --data_stage1 data/processed/output1.csv --task binary --model xgb --n_splits 5 --max_races 80 --n_trials 600 --seed 42 --early_stopping_rounds 50 --n_jobs 16 --timeout_sec 170000 --outdir runs/tuning_8_final
[I 2026-02-26 11:12:46,297] Trial 37 finished with value: 0.2835421976318876 and parameters: {'n_estimators': 813, 'learning_rate': 0.17688107099687028, 'max_depth': 6, 'min_child_weight': 1, 'subsample': 0.7225546882949233, 'colsample_bytree': 0.7600732107110671, 'gamma': 0.4115658932404453, 'reg_alpha': 0.001985685890464884, 'reg_lambda': 1.9526307671304435, 'scale_pos_weight': 12.055441701781868, 'max_delta_step': 9}. Best is trial 12 with value: 0.28252233125870213.
[I 2026-02-26 11:13:23,844] Trial 38 finished with value: 0.33322993595379063 and parameters: {'n_estimators': 770, 'learning_rate': 0.1803611724800372, 'max_depth': 6, 'min_child_weight': 1, 'subsample': 0.7273145000499233, 'colsample_bytree': 0.7400726897011416, 'gamma': 0.3136324105634704, 'reg_alpha': 0.002000655427806067, 'reg_lambda': 1.7155345596442801, 'scale_pos_weight': 16.604690828530543, 'max_delta_step': 10}. Best is trial 12 with value: 0.28252233125870213.
[I 2026-02-26 11:14:29,380] Trial 39 pruned. 
[I 2026-02-26 11:15:36,675] Trial 40 pruned. 
[I 2026-02-26 11:16:27,919] Trial 41 finished with value: 0.29629449291809057 and parameters: {'n_estimators': 1083, 'learning_rate': 0.15118067783009928, 'max_depth': 7, 'min_child_weight': 4, 'subsample': 0.651129729713056, 'colsample_bytree': 0.7666693521466093, 'gamma': 0.5554095854717577, 'reg_alpha': 0.0048974946636154626, 'reg_lambda': 6.2268833937624795, 'scale_pos_weight': 13.056658373562394, 'max_delta_step': 9}. Best is trial 12 with value: 0.28252233125870213.
[I 2026-02-26 11:17:22,378] Trial 42 pruned. 
[I 2026-02-26 11:17:56,470] Trial 43 finished with value: 0.2998126774646021 and parameters: {'n_estimators': 1822, 'learning_rate': 0.13591147143634427, 'max_depth': 7, 'min_child_weight': 2, 'subsample': 0.7166747297286397, 'colsample_bytree': 0.8419567534170533, 'gamma': 0.014393911773071366, 'reg_alpha': 0.8556206552812652, 'reg_lambda': 3.913450552030503, 'scale_pos_weight': 13.293657469407075, 'max_delta_step': 10}. Best is trial 12 with value: 0.28252233125870213.
[I 2026-02-26 11:18:17,753] Trial 44 finished with value: 0.29166505510802865 and parameters: {'n_estimators': 1498, 'learning_rate': 0.1977310608880335, 'max_depth': 10, 'min_child_weight': 6, 'subsample': 0.839814514046141, 'colsample_bytree': 0.717794217329414, 'gamma': 0.06050662284213024, 'reg_alpha': 0.002780272497890192, 'reg_lambda': 1.1265052363369326, 'scale_pos_weight': 13.622318810773946, 'max_delta_step': 7}. Best is trial 12 with value: 0.28252233125870213.
[I 2026-02-26 11:18:38,882] Trial 45 finished with value: 0.2813916539720262 and parameters: {'n_estimators': 1229, 'learning_rate': 0.17873593567092272, 'max_depth': 9, 'min_child_weight': 5, 'subsample': 0.652450227529522, 'colsample_bytree': 0.8761100125851727, 'gamma': 0.03780132455246613, 'reg_alpha': 0.01014592092074389, 'reg_lambda': 0.07131940991757789, 'scale_pos_weight': 12.04435302036413, 'max_delta_step': 1}. Best is trial 45 with value: 0.2813916539720262.
[I 2026-02-26 11:19:08,240] Trial 46 finished with value: 0.3416732134610845 and parameters: {'n_estimators': 685, 'learning_rate': 0.1820681872231091, 'max_depth': 9, 'min_child_weight': 4, 'subsample': 0.6744748522631034, 'colsample_bytree': 0.9180436917346161, 'gamma': 0.03767369769031395, 'reg_alpha': 0.009488041778555237, 'reg_lambda': 0.0757284969526157, 'scale_pos_weight': 17.159319425905096, 'max_delta_step': 1}. Best is trial 45 with value: 0.2813916539720262.
[I 2026-02-26 11:19:59,282] Trial 47 pruned. 
[I 2026-02-26 11:20:42,268] Trial 48 pruned. 
[I 2026-02-26 11:22:12,185] Trial 49 finished with value: 0.3109114446286531 and parameters: {'n_estimators': 992, 'learning_rate': 0.04098683586307505, 'max_depth': 9, 'min_child_weight': 12, 'subsample': 0.7423468509125428, 'colsample_bytree': 0.8325844628668236, 'gamma': 0.03381127202901754, 'reg_alpha': 0.005913034446843235, 'reg_lambda': 0.017546264076352732, 'scale_pos_weight': 13.39994841630903, 'max_delta_step': 5}. Best is trial 45 with value: 0.2813916539720262.
[I 2026-02-26 11:22:42,563] Trial 50 pruned. 
[I 2026-02-26 11:23:11,292] Trial 51 finished with value: 0.2775203634077322 and parameters: {'n_estimators': 1241, 'learning_rate': 0.1865555674856767, 'max_depth': 10, 'min_child_weight': 5, 'subsample': 0.6527648118172327, 'colsample_bytree': 0.8653459838176767, 'gamma': 0.04888880802822821, 'reg_alpha': 0.0030808409540961537, 'reg_lambda': 7.330424103662094, 'scale_pos_weight': 12.030652233665382, 'max_delta_step': 9}. Best is trial 51 with value: 0.2775203634077322.
[I 2026-02-26 11:23:36,779] Trial 52 finished with value: 0.2838959349477893 and parameters: {'n_estimators': 1258, 'learning_rate': 0.18046078678565453, 'max_depth': 10, 'min_child_weight': 5, 'subsample': 0.6890165446147091, 'colsample_bytree': 0.7487055874260808, 'gamma': 0.0492603057401847, 'reg_alpha': 0.003375374461210219, 'reg_lambda': 2.8500730556688314, 'scale_pos_weight': 12.860528426625041, 'max_delta_step': 8}. Best is trial 51 with value: 0.2775203634077322.
[I 2026-02-26 11:24:05,110] Trial 53 finished with value: 0.30010711236318827 and parameters: {'n_estimators': 1124, 'learning_rate': 0.1922913902996467, 'max_depth': 10, 'min_child_weight': 5, 'subsample': 0.6616872026825705, 'colsample_bytree': 0.8631413128032677, 'gamma': 0.030678679092019826, 'reg_alpha': 0.0015866050010068845, 'reg_lambda': 1.621254371389144, 'scale_pos_weight': 14.502885723413858, 'max_delta_step': 4}. Best is trial 51 with value: 0.2775203634077322.
[I 2026-02-26 11:24:32,051] Trial 54 finished with value: 0.2916227483207648 and parameters: {'n_estimators': 1463, 'learning_rate': 0.15794322488454332, 'max_depth': 9, 'min_child_weight': 7, 'subsample': 0.6216125177518831, 'colsample_bytree': 0.5499793738500008, 'gamma': 0.016828297954244193, 'reg_alpha': 0.007717800781578787, 'reg_lambda': 0.010368983094948622, 'scale_pos_weight': 12.872753677710092, 'max_delta_step': 10}. Best is trial 51 with value: 0.2775203634077322.
[I 2026-02-26 11:25:14,135] Trial 55 pruned. 
[I 2026-02-26 11:25:36,994] Trial 56 pruned. 
[I 2026-02-26 11:26:05,267] Trial 57 pruned. 
[I 2026-02-26 11:26:43,277] Trial 58 pruned. 
[I 2026-02-26 11:27:19,352] Trial 59 pruned. 
[I 2026-02-26 11:28:13,839] Trial 60 finished with value: 0.34229400644914715 and parameters: {'n_estimators': 1570, 'learning_rate': 0.07279699133465829, 'max_depth': 10, 'min_child_weight': 6, 'subsample': 0.6978556852852531, 'colsample_bytree': 0.46436433658735066, 'gamma': 0.43156407092197735, 'reg_alpha': 0.0010097450929039094, 'reg_lambda': 0.006295461269032428, 'scale_pos_weight': 16.36691837261284, 'max_delta_step': 8}. Best is trial 51 with value: 0.2775203634077322.
[I 2026-02-26 11:28:42,939] Trial 61 finished with value: 0.2840601862349018 and parameters: {'n_estimators': 1320, 'learning_rate': 0.16792977711188878, 'max_depth': 10, 'min_child_weight': 5, 'subsample': 0.6886769855861483, 'colsample_bytree': 0.7507367353747414, 'gamma': 0.05119793009252495, 'reg_alpha': 0.003330730501367384, 'reg_lambda': 2.9473962764487185, 'scale_pos_weight': 12.672541622882402, 'max_delta_step': 9}. Best is trial 51 with value: 0.2775203634077322.
[I 2026-02-26 11:29:06,631] Trial 62 pruned. 
[I 2026-02-26 11:29:42,347] Trial 63 pruned. 
[I 2026-02-26 11:30:03,854] Trial 64 pruned. 
[I 2026-02-26 11:30:40,356] Trial 65 pruned. 
[I 2026-02-26 11:31:05,320] Trial 66 pruned. 
[I 2026-02-26 11:32:12,141] Trial 67 pruned. 
[I 2026-02-26 11:34:21,423] Trial 68 pruned. 
[I 2026-02-26 11:34:54,939] Trial 69 pruned. 
[I 2026-02-26 11:35:21,728] Trial 70 pruned. 
[I 2026-02-26 11:35:49,292] Trial 71 finished with value: 0.2850911399191416 and parameters: {'n_estimators': 1314, 'learning_rate': 0.1642220150431039, 'max_depth': 10, 'min_child_weight': 5, 'subsample': 0.6891069130201419, 'colsample_bytree': 0.7623589305813866, 'gamma': 0.05455306532536324, 'reg_alpha': 0.0029887728097890967, 'reg_lambda': 3.4214708508166036, 'scale_pos_weight': 12.667814092750918, 'max_delta_step': 9}. Best is trial 51 with value: 0.2775203634077322.
[I 2026-02-26 11:36:16,652] Trial 72 finished with value: 0.29699484610995847 and parameters: {'n_estimators': 1262, 'learning_rate': 0.16842567629278532, 'max_depth': 10, 'min_child_weight': 4, 'subsample': 0.7119766188692859, 'colsample_bytree': 0.7492730746272311, 'gamma': 0.04342227182524667, 'reg_alpha': 0.0047306488272382775, 'reg_lambda': 2.724481237373246, 'scale_pos_weight': 13.66392415928592, 'max_delta_step': 9}. Best is trial 51 with value: 0.2775203634077322.
[I 2026-02-26 11:36:51,325] Trial 73 pruned. 
[I 2026-02-26 11:37:20,705] Trial 74 finished with value: 0.30635643477815716 and parameters: {'n_estimators': 1390, 'learning_rate': 0.15989717877429171, 'max_depth': 10, 'min_child_weight': 6, 'subsample': 0.6784105808644397, 'colsample_bytree': 0.7014704210910988, 'gamma': 0.05677284294379093, 'reg_alpha': 0.013794922605510738, 'reg_lambda': 2.702244779993404, 'scale_pos_weight': 14.43014617506109, 'max_delta_step': 5}. Best is trial 51 with value: 0.2775203634077322.
[I 2026-02-26 11:37:59,229] Trial 75 finished with value: 0.2943848352356341 and parameters: {'n_estimators': 1081, 'learning_rate': 0.17595181512037927, 'max_depth': 9, 'min_child_weight': 5, 'subsample': 0.6589046527856709, 'colsample_bytree': 0.8336675836213893, 'gamma': 0.12718394465672708, 'reg_alpha': 0.0013815327495349593, 'reg_lambda': 8.306993160860708, 'scale_pos_weight': 13.448835298030577, 'max_delta_step': 9}. Best is trial 51 with value: 0.2775203634077322.
[I 2026-02-26 11:38:26,057] Trial 76 pruned. 
[I 2026-02-26 11:39:00,742] Trial 77 pruned. 
[I 2026-02-26 11:39:19,826] Trial 78 pruned. 
[I 2026-02-26 11:40:06,395] Trial 79 pruned. 
[I 2026-02-26 11:40:30,796] Trial 80 finished with value: 0.3009773084620533 and parameters: {'n_estimators': 1764, 'learning_rate': 0.18865563232387794, 'max_depth': 9, 'min_child_weight': 7, 'subsample': 0.7325666399544324, 'colsample_bytree': 0.724426475987509, 'gamma': 0.06931094798476527, 'reg_alpha': 0.0037557956861359494, 'reg_lambda': 0.04328195510576294, 'scale_pos_weight': 14.08813432867538, 'max_delta_step': 7}. Best is trial 51 with value: 0.2775203634077322.
[I 2026-02-26 11:41:06,605] Trial 81 pruned. 
[I 2026-02-26 11:41:37,062] Trial 82 pruned. 
[I 2026-02-26 11:42:16,552] Trial 83 pruned. 
[I 2026-02-26 11:42:40,084] Trial 84 pruned. 
[I 2026-02-26 11:44:01,557] Trial 85 finished with value: 0.33798326800375833 and parameters: {'n_estimators': 1371, 'learning_rate': 0.03161304664079261, 'max_depth': 10, 'min_child_weight': 5, 'subsample': 0.6712234566499485, 'colsample_bytree': 0.8953082558131006, 'gamma': 0.035227570073908025, 'reg_alpha': 0.07149816079580869, 'reg_lambda': 0.0029124087137465866, 'scale_pos_weight': 15.499801555120548, 'max_delta_step': 9}. Best is trial 51 with value: 0.2775203634077322.
[I 2026-02-26 11:44:43,987] Trial 86 finished with value: 0.30001808743036007 and parameters: {'n_estimators': 840, 'learning_rate': 0.13673733384654285, 'max_depth': 9, 'min_child_weight': 6, 'subsample': 0.6491519768285415, 'colsample_bytree': 0.8394049850599896, 'gamma': 0.0521169791405243, 'reg_alpha': 0.002521107584874265, 'reg_lambda': 7.858485481410124, 'scale_pos_weight': 13.578834859375458, 'max_delta_step': 9}. Best is trial 51 with value: 0.2775203634077322.
[I 2026-02-26 11:46:12,126] Trial 87 pruned. 
[I 2026-02-26 11:46:46,804] Trial 88 finished with value: 0.2981811861858925 and parameters: {'n_estimators': 1935, 'learning_rate': 0.12314799914156256, 'max_depth': 10, 'min_child_weight': 4, 'subsample': 0.6868085396444419, 'colsample_bytree': 0.7949479509163235, 'gamma': 0.5277194929303504, 'reg_alpha': 0.0012082480180900374, 'reg_lambda': 2.983626071578218, 'scale_pos_weight': 13.167929921329208, 'max_delta_step': 10}. Best is trial 51 with value: 0.2775203634077322.
[I 2026-02-26 11:47:24,301] Trial 89 pruned. 
[I 2026-02-26 11:47:51,925] Trial 90 finished with value: 0.30552965342982863 and parameters: {'n_estimators': 1603, 'learning_rate': 0.17752278318559486, 'max_depth': 8, 'min_child_weight': 4, 'subsample': 0.655317530000645, 'colsample_bytree': 0.8060636856201536, 'gamma': 0.03192889450880431, 'reg_alpha': 0.0024091424065718096, 'reg_lambda': 0.012109880645910552, 'scale_pos_weight': 14.082954447492911, 'max_delta_step': 1}. Best is trial 51 with value: 0.2775203634077322.
[I 2026-02-26 11:48:20,824] Trial 91 finished with value: 0.2844508747550471 and parameters: {'n_estimators': 1319, 'learning_rate': 0.1652145261806232, 'max_depth': 10, 'min_child_weight': 5, 'subsample': 0.6921283470726167, 'colsample_bytree': 0.7602533072646399, 'gamma': 0.05666718706050824, 'reg_alpha': 0.0029615108514527756, 'reg_lambda': 3.3452028696378004, 'scale_pos_weight': 12.579941188922747, 'max_delta_step': 9}. Best is trial 51 with value: 0.2775203634077322.
[I 2026-02-26 11:48:51,160] Trial 92 pruned. 
[I 2026-02-26 11:49:23,104] Trial 93 finished with value: 0.2929162886358137 and parameters: {'n_estimators': 1329, 'learning_rate': 0.16363700842865794, 'max_depth': 10, 'min_child_weight': 5, 'subsample': 0.6720478943511246, 'colsample_bytree': 0.6868084621149808, 'gamma': 0.06587578135764095, 'reg_alpha': 0.004303962462437014, 'reg_lambda': 1.671258398426891, 'scale_pos_weight': 13.25820601469627, 'max_delta_step': 8}. Best is trial 51 with value: 0.2775203634077322.
[I 2026-02-26 11:49:54,950] Trial 94 finished with value: 0.28140257533827284 and parameters: {'n_estimators': 1244, 'learning_rate': 0.1442029753201156, 'max_depth': 10, 'min_child_weight': 5, 'subsample': 0.7585945224631175, 'colsample_bytree': 0.7110746223918643, 'gamma': 0.04110791371258853, 'reg_alpha': 0.006417226654393512, 'reg_lambda': 2.4551383109879175, 'scale_pos_weight': 12.022633485523453, 'max_delta_step': 10}. Best is trial 51 with value: 0.2775203634077322.
[I 2026-02-26 11:50:23,685] Trial 95 finished with value: 0.30360320489553827 and parameters: {'n_estimators': 1248, 'learning_rate': 0.14312879440554285, 'max_depth': 10, 'min_child_weight': 5, 'subsample': 0.769878837003536, 'colsample_bytree': 0.6582158480847476, 'gamma': 0.024321019743360553, 'reg_alpha': 0.006149141429896761, 'reg_lambda': 1.3488418074444593, 'scale_pos_weight': 13.964096706358035, 'max_delta_step': 10}. Best is trial 51 with value: 0.2775203634077322.
[I 2026-02-26 11:50:47,721] Trial 96 finished with value: 0.27945899042310823 and parameters: {'n_estimators': 1883, 'learning_rate': 0.17888171458272537, 'max_depth': 10, 'min_child_weight': 2, 'subsample': 0.7563662522923691, 'colsample_bytree': 0.7150477559810079, 'gamma': 0.04265846015410605, 'reg_alpha': 0.009144554227397463, 'reg_lambda': 0.8845846642900055, 'scale_pos_weight': 12.414215528778518, 'max_delta_step': 10}. Best is trial 51 with value: 0.2775203634077322.
[I 2026-02-26 11:51:11,507] Trial 97 finished with value: 0.28504690719806985 and parameters: {'n_estimators': 1998, 'learning_rate': 0.18014886541909866, 'max_depth': 10, 'min_child_weight': 1, 'subsample': 0.7851247877450761, 'colsample_bytree': 0.7163806600438529, 'gamma': 0.011499960628827115, 'reg_alpha': 0.011599395698355365, 'reg_lambda': 0.8655962368522695, 'scale_pos_weight': 13.11295305112425, 'max_delta_step': 10}. Best is trial 51 with value: 0.2775203634077322.
[I 2026-02-26 11:51:30,142] Trial 98 finished with value: 0.30177025642481886 and parameters: {'n_estimators': 1899, 'learning_rate': 0.1917236030486685, 'max_depth': 10, 'min_child_weight': 2, 'subsample': 0.821271547874337, 'colsample_bytree': 0.6156414988763927, 'gamma': 0.04225039664154325, 'reg_alpha': 0.008727198451284637, 'reg_lambda': 0.33665613228876845, 'scale_pos_weight': 14.69466791864044, 'max_delta_step': 10}. Best is trial 51 with value: 0.2775203634077322.
[I 2026-02-26 11:51:47,740] Trial 99 pruned. 
[I 2026-02-26 11:52:10,659] Trial 100 finished with value: 0.2966483250626661 and parameters: {'n_estimators': 1877, 'learning_rate': 0.15296996180196273, 'max_depth': 10, 'min_child_weight': 2, 'subsample': 0.7555647621539002, 'colsample_bytree': 0.6686988390202743, 'gamma': 0.016260532691959526, 'reg_alpha': 0.007446664482615419, 'reg_lambda': 0.47614373296830037, 'scale_pos_weight': 13.732834177777066, 'max_delta_step': 10}. Best is trial 51 with value: 0.2775203634077322.
[I 2026-02-26 11:52:33,508] Trial 101 finished with value: 0.2835981022977764 and parameters: {'n_estimators': 1789, 'learning_rate': 0.167076024583941, 'max_depth': 10, 'min_child_weight': 3, 'subsample': 0.7373442827705909, 'colsample_bytree': 0.7604805656170149, 'gamma': 0.03405215477791272, 'reg_alpha': 0.003396980053839423, 'reg_lambda': 2.255722214937169, 'scale_pos_weight': 12.546184817552954, 'max_delta_step': 9}. Best is trial 51 with value: 0.2775203634077322.
[I 2026-02-26 11:52:59,152] Trial 102 finished with value: 0.2905154595106458 and parameters: {'n_estimators': 1841, 'learning_rate': 0.15861308485217565, 'max_depth': 10, 'min_child_weight': 3, 'subsample': 0.7440095623617373, 'colsample_bytree': 0.736618695333482, 'gamma': 0.02839935968260942, 'reg_alpha': 0.005878135789571648, 'reg_lambda': 2.2065204155011227, 'scale_pos_weight': 13.068612350294659, 'max_delta_step': 9}. Best is trial 51 with value: 0.2775203634077322.
[I 2026-02-26 11:53:24,419] Trial 103 finished with value: 0.2794811908701161 and parameters: {'n_estimators': 1873, 'learning_rate': 0.18330452409746256, 'max_depth': 10, 'min_child_weight': 3, 'subsample': 0.7808045518282841, 'colsample_bytree': 0.7065272417989343, 'gamma': 0.03856653641851621, 'reg_alpha': 0.0038462423842457088, 'reg_lambda': 1.5808842605126514, 'scale_pos_weight': 12.404817478606208, 'max_delta_step': 10}. Best is trial 51 with value: 0.2775203634077322.
[I 2026-02-26 11:53:42,045] Trial 104 finished with value: 0.2793552990745313 and parameters: {'n_estimators': 1812, 'learning_rate': 0.18292117017995255, 'max_depth': 10, 'min_child_weight': 3, 'subsample': 0.7374902677408308, 'colsample_bytree': 0.6970140924812148, 'gamma': 0.03302837255938234, 'reg_alpha': 0.0021841316684847747, 'reg_lambda': 0.66162475544122, 'scale_pos_weight': 12.284044752111505, 'max_delta_step': 10}. Best is trial 51 with value: 0.2775203634077322.
[I 2026-02-26 11:53:58,907] Trial 105 finished with value: 0.27752107841869617 and parameters: {'n_estimators': 1777, 'learning_rate': 0.18503649651069837, 'max_depth': 10, 'min_child_weight': 3, 'subsample': 0.7912038608494114, 'colsample_bytree': 0.6943705264897005, 'gamma': 0.03659407887570106, 'reg_alpha': 0.004118442575283972, 'reg_lambda': 0.5524230671097183, 'scale_pos_weight': 12.33047731424567, 'max_delta_step': 10}. Best is trial 51 with value: 0.2775203634077322.
[I 2026-02-26 11:54:16,801] Trial 106 finished with value: 0.2769016425268268 and parameters: {'n_estimators': 1847, 'learning_rate': 0.18409888224776155, 'max_depth': 9, 'min_child_weight': 2, 'subsample': 0.7803278720783754, 'colsample_bytree': 0.6519892824204212, 'gamma': 0.02224003002485551, 'reg_alpha': 0.0022045881724995775, 'reg_lambda': 0.629944283705991, 'scale_pos_weight': 12.013152678548987, 'max_delta_step': 10}. Best is trial 106 with value: 0.2769016425268268.
[I 2026-02-26 11:54:39,019] Trial 107 finished with value: 0.29298603842873183 and parameters: {'n_estimators': 1853, 'learning_rate': 0.1877876552494212, 'max_depth': 9, 'min_child_weight': 2, 'subsample': 0.8058384720236093, 'colsample_bytree': 0.639102165136547, 'gamma': 0.02398979491225478, 'reg_alpha': 0.002232146744382109, 'reg_lambda': 0.5522628671636732, 'scale_pos_weight': 13.468565368764107, 'max_delta_step': 10}. Best is trial 106 with value: 0.2769016425268268.
[I 2026-02-26 11:55:07,476] Trial 108 pruned. 
[I 2026-02-26 11:56:33,876] Trial 109 finished with value: 0.32187529726000214 and parameters: {'n_estimators': 1696, 'learning_rate': 0.03610499117545118, 'max_depth': 9, 'min_child_weight': 3, 'subsample': 0.78902060729157, 'colsample_bytree': 0.6006440852374969, 'gamma': 0.008222220501666195, 'reg_alpha': 0.011870867652087105, 'reg_lambda': 0.41760920838384585, 'scale_pos_weight': 14.35005307507439, 'max_delta_step': 10}. Best is trial 106 with value: 0.2769016425268268.
[I 2026-02-26 11:56:52,320] Trial 110 pruned. 
[I 2026-02-26 11:57:20,522] Trial 111 finished with value: 0.27648092984335576 and parameters: {'n_estimators': 1816, 'learning_rate': 0.1772506132975076, 'max_depth': 8, 'min_child_weight': 1, 'subsample': 0.7567349620968693, 'colsample_bytree': 0.7038187536221601, 'gamma': 0.04013736043044675, 'reg_alpha': 0.0022035125907103, 'reg_lambda': 0.7611503203013373, 'scale_pos_weight': 12.002797383121814, 'max_delta_step': 10}. Best is trial 111 with value: 0.27648092984335576.
[I 2026-02-26 11:57:54,430] Trial 112 pruned. 
[I 2026-02-26 11:58:27,421] Trial 113 finished with value: 0.2822544595018813 and parameters: {'n_estimators': 1927, 'learning_rate': 0.18135038358591962, 'max_depth': 8, 'min_child_weight': 3, 'subsample': 0.7788101202986333, 'colsample_bytree': 0.7104173724684618, 'gamma': 0.03196693379347708, 'reg_alpha': 0.0071012765502778295, 'reg_lambda': 0.8220994736579413, 'scale_pos_weight': 12.358158197879398, 'max_delta_step': 10}. Best is trial 111 with value: 0.27648092984335576.
[I 2026-02-26 11:58:49,693] Trial 114 finished with value: 0.2786151585987044 and parameters: {'n_estimators': 1922, 'learning_rate': 0.19970579966653754, 'max_depth': 8, 'min_child_weight': 2, 'subsample': 0.7518425956078159, 'colsample_bytree': 0.7046379762992446, 'gamma': 0.0304608817478864, 'reg_alpha': 0.0065626819839303, 'reg_lambda': 0.8683578153469526, 'scale_pos_weight': 12.383198920793589, 'max_delta_step': 10}. Best is trial 111 with value: 0.27648092984335576.
[I 2026-02-26 11:59:23,495] Trial 115 pruned. 
[I 2026-02-26 12:00:09,572] Trial 116 pruned. 
[I 2026-02-26 12:00:32,319] Trial 117 finished with value: 0.28801108046905555 and parameters: {'n_estimators': 1958, 'learning_rate': 0.17901200894304398, 'max_depth': 8, 'min_child_weight': 1, 'subsample': 0.7736306482149615, 'colsample_bytree': 0.7125052562259263, 'gamma': 0.02680681845136915, 'reg_alpha': 0.009154392924290421, 'reg_lambda': 0.7467140381134804, 'scale_pos_weight': 13.078703141838606, 'max_delta_step': 10}. Best is trial 111 with value: 0.27648092984335576.
[I 2026-02-26 12:00:58,754] Trial 118 finished with value: 0.27876085632858205 and parameters: {'n_estimators': 1827, 'learning_rate': 0.1976775341919453, 'max_depth': 8, 'min_child_weight': 3, 'subsample': 0.799277430628639, 'colsample_bytree': 0.6187208894678105, 'gamma': 0.0696866743794083, 'reg_alpha': 0.00999932560337786, 'reg_lambda': 1.0514719445657756, 'scale_pos_weight': 12.008997243150214, 'max_delta_step': 10}. Best is trial 111 with value: 0.27648092984335576.
[I 2026-02-26 12:01:16,683] Trial 119 finished with value: 0.2826037214193592 and parameters: {'n_estimators': 1824, 'learning_rate': 0.18970901826506784, 'max_depth': 8, 'min_child_weight': 3, 'subsample': 0.7782627363350767, 'colsample_bytree': 0.5725210472733067, 'gamma': 0.06543522593429404, 'reg_alpha': 0.010312821510548404, 'reg_lambda': 1.1202184895931473, 'scale_pos_weight': 12.324576922961176, 'max_delta_step': 10}. Best is trial 111 with value: 0.27648092984335576.
[I 2026-02-26 12:01:48,038] Trial 120 finished with value: 0.3013529153479403 and parameters: {'n_estimators': 1892, 'learning_rate': 0.1919748953167362, 'max_depth': 8, 'min_child_weight': 3, 'subsample': 0.8443293676664334, 'colsample_bytree': 0.6215147955771687, 'gamma': 0.042192871374096726, 'reg_alpha': 0.004381638522493164, 'reg_lambda': 1.3940557117464025, 'scale_pos_weight': 13.91931256714199, 'max_delta_step': 10}. Best is trial 111 with value: 0.27648092984335576.
[I 2026-02-26 12:02:17,114] Trial 121 finished with value: 0.29058228463235325 and parameters: {'n_estimators': 1859, 'learning_rate': 0.1826207513726849, 'max_depth': 8, 'min_child_weight': 3, 'subsample': 0.7913918802311757, 'colsample_bytree': 0.6434242030757767, 'gamma': 0.07209680609011061, 'reg_alpha': 0.007779993167820228, 'reg_lambda': 0.9688013624887942, 'scale_pos_weight': 12.869034479047858, 'max_delta_step': 10}. Best is trial 111 with value: 0.27648092984335576.
[I 2026-02-26 12:02:46,366] Trial 122 finished with value: 0.28048405302973567 and parameters: {'n_estimators': 1731, 'learning_rate': 0.19734708423330677, 'max_depth': 7, 'min_child_weight': 2, 'subsample': 0.7538725832848977, 'colsample_bytree': 0.6648992802317222, 'gamma': 0.03581661931419625, 'reg_alpha': 0.0063781988252963, 'reg_lambda': 0.5473486994643537, 'scale_pos_weight': 12.045006246336442, 'max_delta_step': 10}. Best is trial 111 with value: 0.27648092984335576.
[I 2026-02-26 12:03:19,966] Trial 123 finished with value: 0.28150999945165267 and parameters: {'n_estimators': 1724, 'learning_rate': 0.19818643648522047, 'max_depth': 7, 'min_child_weight': 2, 'subsample': 0.757414350805224, 'colsample_bytree': 0.689599059581684, 'gamma': 0.03123581334681873, 'reg_alpha': 0.0060830953165387554, 'reg_lambda': 0.5243589373297549, 'scale_pos_weight': 12.38629378530648, 'max_delta_step': 10}. Best is trial 111 with value: 0.27648092984335576.
[I 2026-02-26 12:03:43,079] Trial 124 finished with value: 0.29298199686945814 and parameters: {'n_estimators': 1757, 'learning_rate': 0.19835121659053842, 'max_depth': 7, 'min_child_weight': 1, 'subsample': 0.7595942402034487, 'colsample_bytree': 0.6590471051755449, 'gamma': 0.017212229485158836, 'reg_alpha': 0.005323051456471304, 'reg_lambda': 0.5123005771497752, 'scale_pos_weight': 13.252964504793269, 'max_delta_step': 2}. Best is trial 111 with value: 0.27648092984335576.
[I 2026-02-26 12:04:16,514] Trial 125 pruned. 
[I 2026-02-26 12:04:34,872] Trial 126 finished with value: 0.2779130176480558 and parameters: {'n_estimators': 1796, 'learning_rate': 0.1993922992244422, 'max_depth': 8, 'min_child_weight': 2, 'subsample': 0.7488232085357319, 'colsample_bytree': 0.6286274563519099, 'gamma': 0.03939499356143808, 'reg_alpha': 0.029825216965526466, 'reg_lambda': 0.4092926282023618, 'scale_pos_weight': 12.051046637565959, 'max_delta_step': 10}. Best is trial 111 with value: 0.27648092984335576.
[I 2026-02-26 12:05:11,410] Trial 127 finished with value: 0.28851255859169944 and parameters: {'n_estimators': 1820, 'learning_rate': 0.17432511144429952, 'max_depth': 8, 'min_child_weight': 2, 'subsample': 0.749622002461382, 'colsample_bytree': 0.6306058459639345, 'gamma': 0.03893452827789963, 'reg_alpha': 0.01226870700404302, 'reg_lambda': 0.419429222859417, 'scale_pos_weight': 12.757527936165134, 'max_delta_step': 10}. Best is trial 111 with value: 0.27648092984335576.
[I 2026-02-26 12:05:37,395] Trial 128 finished with value: 0.2820089777083325 and parameters: {'n_estimators': 1776, 'learning_rate': 0.1884052639117341, 'max_depth': 8, 'min_child_weight': 1, 'subsample': 0.8296602956435866, 'colsample_bytree': 0.5949043346018185, 'gamma': 0.04829392932455222, 'reg_alpha': 0.030784944731531143, 'reg_lambda': 0.18982925705129317, 'scale_pos_weight': 12.286425115568226, 'max_delta_step': 10}. Best is trial 111 with value: 0.27648092984335576.
[I 2026-02-26 12:06:15,908] Trial 129 finished with value: 0.279614488976918 and parameters: {'n_estimators': 1797, 'learning_rate': 0.1995424576854742, 'max_depth': 7, 'min_child_weight': 1, 'subsample': 0.8628739653177465, 'colsample_bytree': 0.6158291678933275, 'gamma': 0.025629765018782013, 'reg_alpha': 0.015443995169163883, 'reg_lambda': 0.3391616174706413, 'scale_pos_weight': 12.024851454740675, 'max_delta_step': 10}. Best is trial 111 with value: 0.27648092984335576.
[I 2026-02-26 12:06:57,028] Trial 130 pruned. 
[I 2026-02-26 12:07:24,812] Trial 131 finished with value: 0.2824975391840257 and parameters: {'n_estimators': 1799, 'learning_rate': 0.17695862812248828, 'max_depth': 7, 'min_child_weight': 2, 'subsample': 0.862479111189537, 'colsample_bytree': 0.6271212208785661, 'gamma': 0.03661684880682174, 'reg_alpha': 0.04491961685857814, 'reg_lambda': 0.055603441885472796, 'scale_pos_weight': 12.119765939379864, 'max_delta_step': 10}. Best is trial 111 with value: 0.27648092984335576.
[I 2026-02-26 12:07:49,806] Trial 132 finished with value: 0.2795031755414466 and parameters: {'n_estimators': 1883, 'learning_rate': 0.18525028226523396, 'max_depth': 8, 'min_child_weight': 2, 'subsample': 0.9315622043337358, 'colsample_bytree': 0.6660980735882722, 'gamma': 0.08329449103276447, 'reg_alpha': 0.008776493798452347, 'reg_lambda': 0.3041930854378776, 'scale_pos_weight': 12.050829929809924, 'max_delta_step': 10}. Best is trial 111 with value: 0.27648092984335576.
[I 2026-02-26 12:08:15,437] Trial 133 finished with value: 0.2876392701300404 and parameters: {'n_estimators': 1896, 'learning_rate': 0.18808172598500866, 'max_depth': 8, 'min_child_weight': 1, 'subsample': 0.9317491674353133, 'colsample_bytree': 0.6666728173627426, 'gamma': 0.0909793871230782, 'reg_alpha': 0.02609403426017516, 'reg_lambda': 0.12823520322460333, 'scale_pos_weight': 12.779319892690111, 'max_delta_step': 10}. Best is trial 111 with value: 0.27648092984335576.
[I 2026-02-26 12:08:48,319] Trial 134 finished with value: 0.29659250960175787 and parameters: {'n_estimators': 1852, 'learning_rate': 0.16911696124911046, 'max_depth': 8, 'min_child_weight': 2, 'subsample': 0.9305884910145783, 'colsample_bytree': 0.5848242712170995, 'gamma': 0.058777477527020505, 'reg_alpha': 0.01567151825446211, 'reg_lambda': 0.32041476028734034, 'scale_pos_weight': 13.293970436260436, 'max_delta_step': 10}. Best is trial 111 with value: 0.27648092984335576.
[I 2026-02-26 12:09:14,590] Trial 135 pruned. 
[I 2026-02-26 12:09:41,557] Trial 136 pruned. 
[I 2026-02-26 12:10:06,498] Trial 137 finished with value: 0.2961202590519786 and parameters: {'n_estimators': 1792, 'learning_rate': 0.19883618516001356, 'max_depth': 8, 'min_child_weight': 3, 'subsample': 0.7451221590027782, 'colsample_bytree': 0.6159084203611436, 'gamma': 0.1183817807596738, 'reg_alpha': 0.0038052108037114666, 'reg_lambda': 0.37903611028170187, 'scale_pos_weight': 13.458157355257908, 'max_delta_step': 10}. Best is trial 111 with value: 0.27648092984335576.
[I 2026-02-26 12:10:41,465] Trial 138 pruned. 
[I 2026-02-26 12:11:19,319] Trial 139 pruned. 
[I 2026-02-26 12:11:45,959] Trial 140 pruned. 
[I 2026-02-26 12:12:11,485] Trial 141 finished with value: 0.2858615091188382 and parameters: {'n_estimators': 1872, 'learning_rate': 0.18534261518588643, 'max_depth': 8, 'min_child_weight': 3, 'subsample': 0.811795163530297, 'colsample_bytree': 0.6785712219063028, 'gamma': 0.04004797170808858, 'reg_alpha': 0.011174597929863602, 'reg_lambda': 1.5476439636619082, 'scale_pos_weight': 12.460464880234408, 'max_delta_step': 10}. Best is trial 111 with value: 0.27648092984335576.
[I 2026-02-26 12:12:45,080] Trial 142 finished with value: 0.28694815561243703 and parameters: {'n_estimators': 1823, 'learning_rate': 0.09422644089057108, 'max_depth': 8, 'min_child_weight': 2, 'subsample': 0.7248323397535422, 'colsample_bytree': 0.7013468247723461, 'gamma': 0.06339861702259564, 'reg_alpha': 0.0065604497695876856, 'reg_lambda': 0.9082365095642503, 'scale_pos_weight': 12.059269090591709, 'max_delta_step': 10}. Best is trial 111 with value: 0.27648092984335576.
[I 2026-02-26 12:13:06,044] Trial 143 finished with value: 0.27725781764787333 and parameters: {'n_estimators': 1781, 'learning_rate': 0.19138625556362102, 'max_depth': 9, 'min_child_weight': 1, 'subsample': 0.7527663485514298, 'colsample_bytree': 0.6432505016876487, 'gamma': 0.027843382508536296, 'reg_alpha': 0.008099022458630766, 'reg_lambda': 0.7640937967868021, 'scale_pos_weight': 12.005084544937255, 'max_delta_step': 10}. Best is trial 111 with value: 0.27648092984335576.
[I 2026-02-26 12:13:27,692] Trial 144 pruned. 
[I 2026-02-26 12:14:01,144] Trial 145 pruned. 
[I 2026-02-26 12:14:27,519] Trial 146 finished with value: 0.29642152364965757 and parameters: {'n_estimators': 1848, 'learning_rate': 0.179161445287987, 'max_depth': 9, 'min_child_weight': 1, 'subsample': 0.8989946973307459, 'colsample_bytree': 0.6512853633148119, 'gamma': 0.013174162973089732, 'reg_alpha': 0.002800293485351798, 'reg_lambda': 0.36400074238928787, 'scale_pos_weight': 13.607847472249048, 'max_delta_step': 10}. Best is trial 111 with value: 0.27648092984335576.
[I 2026-02-26 12:14:45,422] Trial 147 finished with value: 0.2857858578050616 and parameters: {'n_estimators': 1887, 'learning_rate': 0.17032041412821186, 'max_depth': 9, 'min_child_weight': 2, 'subsample': 0.8008506942206148, 'colsample_bytree': 0.5734520352025102, 'gamma': 0.04849152300101614, 'reg_alpha': 0.004856518012680612, 'reg_lambda': 0.2090665743177093, 'scale_pos_weight': 12.6781088933349, 'max_delta_step': 9}. Best is trial 111 with value: 0.27648092984335576.
[I 2026-02-26 12:15:05,320] Trial 148 finished with value: 0.2932674070138207 and parameters: {'n_estimators': 1799, 'learning_rate': 0.16185631606092624, 'max_depth': 9, 'min_child_weight': 3, 'subsample': 0.7711260152879656, 'colsample_bytree': 0.6339949016413449, 'gamma': 0.02987263345344473, 'reg_alpha': 0.012844393030875987, 'reg_lambda': 0.2982526391785056, 'scale_pos_weight': 13.15619239631664, 'max_delta_step': 6}. Best is trial 111 with value: 0.27648092984335576.
[I 2026-02-26 12:15:43,010] Trial 149 pruned. 
[I 2026-02-26 12:16:26,573] Trial 150 pruned. 
[I 2026-02-26 12:16:51,851] Trial 151 pruned. 
[I 2026-02-26 12:17:19,400] Trial 152 pruned. 
[I 2026-02-26 12:17:44,906] Trial 153 finished with value: 0.28586267401479476 and parameters: {'n_estimators': 1974, 'learning_rate': 0.18448101971888367, 'max_depth': 7, 'min_child_weight': 1, 'subsample': 0.7357449285716366, 'colsample_bytree': 0.6251715220741819, 'gamma': 0.05697231453345393, 'reg_alpha': 0.004072841851317399, 'reg_lambda': 0.6063784743891365, 'scale_pos_weight': 12.401537364408489, 'max_delta_step': 10}. Best is trial 111 with value: 0.27648092984335576.
[I 2026-02-26 12:18:07,513] Trial 154 finished with value: 0.27930080100353316 and parameters: {'n_estimators': 1866, 'learning_rate': 0.1696857368878477, 'max_depth': 9, 'min_child_weight': 2, 'subsample': 0.7571558071340547, 'colsample_bytree': 0.44781149794298686, 'gamma': 0.031838587005307235, 'reg_alpha': 0.010273798647046514, 'reg_lambda': 1.7915703865322405, 'scale_pos_weight': 12.016309679907648, 'max_delta_step': 10}. Best is trial 111 with value: 0.27648092984335576.
[I 2026-02-26 12:18:25,077] Trial 155 finished with value: 0.29381162913605435 and parameters: {'n_estimators': 1870, 'learning_rate': 0.17051958839582146, 'max_depth': 9, 'min_child_weight': 2, 'subsample': 0.7499759520483508, 'colsample_bytree': 0.4973058687022847, 'gamma': 0.019870139770442597, 'reg_alpha': 0.009971110544151313, 'reg_lambda': 0.6853777647771904, 'scale_pos_weight': 13.323951728983708, 'max_delta_step': 10}. Best is trial 111 with value: 0.27648092984335576.
[I 2026-02-26 12:18:50,319] Trial 156 finished with value: 0.29930855097881026 and parameters: {'n_estimators': 1757, 'learning_rate': 0.176536125753649, 'max_depth': 9, 'min_child_weight': 3, 'subsample': 0.997650765060011, 'colsample_bytree': 0.5189969753921886, 'gamma': 0.029187919638495992, 'reg_alpha': 0.011300685225914098, 'reg_lambda': 1.841966764981108, 'scale_pos_weight': 13.830681802313235, 'max_delta_step': 10}. Best is trial 111 with value: 0.27648092984335576.
[I 2026-02-26 12:19:18,411] Trial 157 finished with value: 0.28970976183267316 and parameters: {'n_estimators': 1895, 'learning_rate': 0.1641387440375329, 'max_depth': 9, 'min_child_weight': 2, 'subsample': 0.7679612289830218, 'colsample_bytree': 0.4458896191591847, 'gamma': 0.03458316904480993, 'reg_alpha': 0.00765492737893209, 'reg_lambda': 0.8870554213763964, 'scale_pos_weight': 12.907485760232882, 'max_delta_step': 10}. Best is trial 111 with value: 0.27648092984335576.
[I 2026-02-26 12:19:36,592] Trial 158 finished with value: 0.28331893438274147 and parameters: {'n_estimators': 1721, 'learning_rate': 0.18495785814456786, 'max_depth': 9, 'min_child_weight': 2, 'subsample': 0.7951898579515749, 'colsample_bytree': 0.4313271916488161, 'gamma': 0.01755426337904512, 'reg_alpha': 0.003158911694695652, 'reg_lambda': 1.2046742101390129, 'scale_pos_weight': 12.482384140624218, 'max_delta_step': 10}. Best is trial 111 with value: 0.27648092984335576.
[I 2026-02-26 12:19:54,843] Trial 159 pruned. 
[I 2026-02-26 12:20:22,493] Trial 160 finished with value: 0.2813722480730191 and parameters: {'n_estimators': 1844, 'learning_rate': 0.17276395697538197, 'max_depth': 8, 'min_child_weight': 2, 'subsample': 0.7295954244488819, 'colsample_bytree': 0.48002888606988164, 'gamma': 0.051686478047276496, 'reg_alpha': 0.00461214368771603, 'reg_lambda': 0.49913929818285185, 'scale_pos_weight': 12.022336165980958, 'max_delta_step': 10}. Best is trial 111 with value: 0.27648092984335576.
[I 2026-02-26 12:20:57,277] Trial 161 finished with value: 0.2824774890533669 and parameters: {'n_estimators': 1841, 'learning_rate': 0.18084574118814634, 'max_depth': 8, 'min_child_weight': 2, 'subsample': 0.7293946547179218, 'colsample_bytree': 0.45297692962636127, 'gamma': 0.05318090259430713, 'reg_alpha': 0.004423012791264212, 'reg_lambda': 0.5275882911837038, 'scale_pos_weight': 12.082518839572764, 'max_delta_step': 10}. Best is trial 111 with value: 0.27648092984335576.
[I 2026-02-26 12:21:26,114] Trial 162 pruned. 
[I 2026-02-26 12:21:50,478] Trial 163 finished with value: 0.28954887047069167 and parameters: {'n_estimators': 1918, 'learning_rate': 0.17263960185231209, 'max_depth': 8, 'min_child_weight': 1, 'subsample': 0.7391448923109489, 'colsample_bytree': 0.6674373173697351, 'gamma': 0.025687430702926627, 'reg_alpha': 0.005367066310982601, 'reg_lambda': 0.2553582883642569, 'scale_pos_weight': 12.794108821671498, 'max_delta_step': 10}. Best is trial 111 with value: 0.27648092984335576.
[I 2026-02-26 12:22:17,925] Trial 164 finished with value: 0.2883447637077598 and parameters: {'n_estimators': 1801, 'learning_rate': 0.18753319459431791, 'max_depth': 8, 'min_child_weight': 2, 'subsample': 0.7659705498174072, 'colsample_bytree': 0.40454410246634015, 'gamma': 0.06066005510279706, 'reg_alpha': 0.003462995230785899, 'reg_lambda': 0.4643470840543748, 'scale_pos_weight': 12.394240535674305, 'max_delta_step': 5}. Best is trial 111 with value: 0.27648092984335576.
[I 2026-02-26 12:22:45,210] Trial 165 finished with value: 0.278091224609641 and parameters: {'n_estimators': 1766, 'learning_rate': 0.16927443667985567, 'max_depth': 9, 'min_child_weight': 1, 'subsample': 0.7171535519680432, 'colsample_bytree': 0.4667360809448067, 'gamma': 0.03409157458057835, 'reg_alpha': 0.0019226424590978453, 'reg_lambda': 0.7667616225379267, 'scale_pos_weight': 12.066962337334262, 'max_delta_step': 10}. Best is trial 111 with value: 0.27648092984335576.
[I 2026-02-26 12:24:09,026] Trial 166 finished with value: 0.3114027996057291 and parameters: {'n_estimators': 1762, 'learning_rate': 0.05650052912639422, 'max_depth': 7, 'min_child_weight': 1, 'subsample': 0.723303840537912, 'colsample_bytree': 0.4695386178963663, 'gamma': 0.032141422210739595, 'reg_alpha': 0.002190179643518273, 'reg_lambda': 1.0420797710795884, 'scale_pos_weight': 13.504058513783047, 'max_delta_step': 10}. Best is trial 111 with value: 0.27648092984335576.
[I 2026-02-26 12:24:43,730] Trial 167 finished with value: 0.28314173866371645 and parameters: {'n_estimators': 1831, 'learning_rate': 0.16033718837038713, 'max_depth': 8, 'min_child_weight': 1, 'subsample': 0.7535743134975775, 'colsample_bytree': 0.47312729781050533, 'gamma': 0.0461840099583377, 'reg_alpha': 0.001783476440564165, 'reg_lambda': 0.7320673991599872, 'scale_pos_weight': 12.036142278029473, 'max_delta_step': 10}. Best is trial 111 with value: 0.27648092984335576.
[I 2026-02-26 12:25:17,180] Trial 168 finished with value: 0.29025164600319264 and parameters: {'n_estimators': 1932, 'learning_rate': 0.1677441927111281, 'max_depth': 8, 'min_child_weight': 1, 'subsample': 0.7078648611723541, 'colsample_bytree': 0.4939204912310247, 'gamma': 0.06952913067383552, 'reg_alpha': 0.00146241777457828, 'reg_lambda': 0.5935090581797409, 'scale_pos_weight': 12.948669839201942, 'max_delta_step': 10}. Best is trial 111 with value: 0.27648092984335576.
[I 2026-02-26 12:25:51,063] Trial 169 finished with value: 0.28589197025840407 and parameters: {'n_estimators': 1737, 'learning_rate': 0.19221823855609663, 'max_depth': 9, 'min_child_weight': 10, 'subsample': 0.7135857065542845, 'colsample_bytree': 0.42537312938404215, 'gamma': 0.02513277656312493, 'reg_alpha': 0.00247522692072565, 'reg_lambda': 0.8148917149489182, 'scale_pos_weight': 12.467172966429121, 'max_delta_step': 9}. Best is trial 111 with value: 0.27648092984335576.
[I 2026-02-26 12:26:16,619] Trial 170 finished with value: 0.2969341639953151 and parameters: {'n_estimators': 1877, 'learning_rate': 0.19969075769677372, 'max_depth': 9, 'min_child_weight': 2, 'subsample': 0.731264352059075, 'colsample_bytree': 0.5345081184647907, 'gamma': 0.034549957923100186, 'reg_alpha': 0.0036741559016057307, 'reg_lambda': 1.4571365831203544, 'scale_pos_weight': 13.881866397935857, 'max_delta_step': 10}. Best is trial 111 with value: 0.27648092984335576.
[I 2026-02-26 12:26:43,426] Trial 171 finished with value: 0.2855748313024008 and parameters: {'n_estimators': 1813, 'learning_rate': 0.17844571773074108, 'max_depth': 9, 'min_child_weight': 2, 'subsample': 0.7401246294211881, 'colsample_bytree': 0.45408772526718666, 'gamma': 0.039360517110800165, 'reg_alpha': 0.009597130823386351, 'reg_lambda': 0.5562145972161762, 'scale_pos_weight': 12.512445143708714, 'max_delta_step': 10}. Best is trial 111 with value: 0.27648092984335576.
[I 2026-02-26 12:27:01,932] Trial 172 finished with value: 0.2749603377728609 and parameters: {'n_estimators': 1998, 'learning_rate': 0.18337199348161032, 'max_depth': 9, 'min_child_weight': 1, 'subsample': 0.7757602034577514, 'colsample_bytree': 0.6898731963926489, 'gamma': 0.029313736850315672, 'reg_alpha': 0.007180316918908883, 'reg_lambda': 0.9997404420334933, 'scale_pos_weight': 12.03744456690956, 'max_delta_step': 10}. Best is trial 172 with value: 0.2749603377728609.
[I 2026-02-26 12:27:21,260] Trial 173 pruned. 
[I 2026-02-26 12:27:55,368] Trial 174 finished with value: 0.298680315062246 and parameters: {'n_estimators': 1944, 'learning_rate': 0.10888103505089387, 'max_depth': 8, 'min_child_weight': 1, 'subsample': 0.7829655015235043, 'colsample_bytree': 0.4853445466579356, 'gamma': 0.021394941488167007, 'reg_alpha': 0.004961602934346197, 'reg_lambda': 0.6800279195722452, 'scale_pos_weight': 13.079524340107596, 'max_delta_step': 10}. Best is trial 172 with value: 0.2749603377728609.
[I 2026-02-26 12:28:18,510] Trial 175 finished with value: 0.2744480256219578 and parameters: {'n_estimators': 1999, 'learning_rate': 0.17277152658351594, 'max_depth': 9, 'min_child_weight': 1, 'subsample': 0.7614274649622329, 'colsample_bytree': 0.7313432727594977, 'gamma': 0.028195710335012333, 'reg_alpha': 0.006493809495569396, 'reg_lambda': 0.8446356519969401, 'scale_pos_weight': 12.011974026390401, 'max_delta_step': 10}. Best is trial 175 with value: 0.2744480256219578.
[I 2026-02-26 12:28:41,216] Trial 176 finished with value: 0.28160588920091534 and parameters: {'n_estimators': 1993, 'learning_rate': 0.18217015749537957, 'max_depth': 9, 'min_child_weight': 1, 'subsample': 0.7727687268644801, 'colsample_bytree': 0.7154454469151436, 'gamma': 0.024352830163626688, 'reg_alpha': 0.006422245239846038, 'reg_lambda': 0.920657270136831, 'scale_pos_weight': 12.804522301246735, 'max_delta_step': 10}. Best is trial 175 with value: 0.2744480256219578.
[I 2026-02-26 12:29:02,652] Trial 177 finished with value: 0.2777531447177542 and parameters: {'n_estimators': 1963, 'learning_rate': 0.19252520756922945, 'max_depth': 9, 'min_child_weight': 1, 'subsample': 0.7616574040775974, 'colsample_bytree': 0.7281927075316237, 'gamma': 0.01684712225908883, 'reg_alpha': 0.002011223125342269, 'reg_lambda': 1.2120022132855792, 'scale_pos_weight': 12.518222620469663, 'max_delta_step': 10}. Best is trial 175 with value: 0.2744480256219578.
[I 2026-02-26 12:29:26,107] Trial 178 finished with value: 0.29086159129310357 and parameters: {'n_estimators': 1952, 'learning_rate': 0.16704564831411614, 'max_depth': 9, 'min_child_weight': 1, 'subsample': 0.7596151192981357, 'colsample_bytree': 0.7383468112092562, 'gamma': 0.01613149619367768, 'reg_alpha': 0.0018434753083143647, 'reg_lambda': 1.6247119684274902, 'scale_pos_weight': 13.355268145308068, 'max_delta_step': 10}. Best is trial 175 with value: 0.2744480256219578.
[I 2026-02-26 12:29:49,672] Trial 179 finished with value: 0.2788871992935572 and parameters: {'n_estimators': 1970, 'learning_rate': 0.19071102280671443, 'max_depth': 9, 'min_child_weight': 1, 'subsample': 0.7892514332770831, 'colsample_bytree': 0.7323668956150668, 'gamma': 0.013208671347616307, 'reg_alpha': 0.0011928536230086792, 'reg_lambda': 1.1696261899642801, 'scale_pos_weight': 12.563122539987706, 'max_delta_step': 9}. Best is trial 175 with value: 0.2744480256219578.
[I 2026-02-26 12:30:16,058] Trial 180 finished with value: 0.2829999554353508 and parameters: {'n_estimators': 1995, 'learning_rate': 0.17548200918708182, 'max_depth': 9, 'min_child_weight': 1, 'subsample': 0.7922208757170073, 'colsample_bytree': 0.730229356727462, 'gamma': 0.008167458019661265, 'reg_alpha': 0.001161175499870794, 'reg_lambda': 1.3573134200478538, 'scale_pos_weight': 12.734876460666674, 'max_delta_step': 9}. Best is trial 175 with value: 0.2744480256219578.
[I 2026-02-26 12:30:42,002] Trial 181 finished with value: 0.277586156963062 and parameters: {'n_estimators': 1964, 'learning_rate': 0.19100282206863106, 'max_depth': 9, 'min_child_weight': 1, 'subsample': 0.7861914547160462, 'colsample_bytree': 0.7012912258118579, 'gamma': 0.010628822905328066, 'reg_alpha': 0.001496391092713545, 'reg_lambda': 1.0808173915690527, 'scale_pos_weight': 12.432847727305052, 'max_delta_step': 10}. Best is trial 175 with value: 0.2744480256219578.
[I 2026-02-26 12:31:02,789] Trial 182 finished with value: 0.2773882136746903 and parameters: {'n_estimators': 1965, 'learning_rate': 0.19011940958765575, 'max_depth': 9, 'min_child_weight': 1, 'subsample': 0.7999418172415179, 'colsample_bytree': 0.7022825233377294, 'gamma': 0.01170771787987006, 'reg_alpha': 0.0010372186508594387, 'reg_lambda': 1.15099657089862, 'scale_pos_weight': 12.525447986512786, 'max_delta_step': 9}. Best is trial 175 with value: 0.2744480256219578.
[I 2026-02-26 12:31:25,473] Trial 183 finished with value: 0.2784804449823525 and parameters: {'n_estimators': 1967, 'learning_rate': 0.19178955844780907, 'max_depth': 9, 'min_child_weight': 1, 'subsample': 0.8118986298300542, 'colsample_bytree': 0.7015867513546038, 'gamma': 0.00951240414419195, 'reg_alpha': 0.0011961489850298747, 'reg_lambda': 1.245007675099652, 'scale_pos_weight': 12.625037551463281, 'max_delta_step': 9}. Best is trial 175 with value: 0.2744480256219578.
[I 2026-02-26 12:31:51,832] Trial 184 finished with value: 0.28417917689357813 and parameters: {'n_estimators': 1966, 'learning_rate': 0.19156369023768213, 'max_depth': 9, 'min_child_weight': 1, 'subsample': 0.8201688200655302, 'colsample_bytree': 0.7267384221192448, 'gamma': 0.009270277974473443, 'reg_alpha': 0.0010729827549001301, 'reg_lambda': 1.1328302958822936, 'scale_pos_weight': 13.022757711969167, 'max_delta_step': 9}. Best is trial 175 with value: 0.2744480256219578.
[I 2026-02-26 12:32:16,969] Trial 185 finished with value: 0.2903090870726542 and parameters: {'n_estimators': 1964, 'learning_rate': 0.19161054755080834, 'max_depth': 9, 'min_child_weight': 1, 'subsample': 0.8122207162497355, 'colsample_bytree': 0.7004019922988447, 'gamma': 0.01217775669386506, 'reg_alpha': 0.0013650631799782438, 'reg_lambda': 1.1327525211650658, 'scale_pos_weight': 13.659621440855672, 'max_delta_step': 9}. Best is trial 175 with value: 0.2744480256219578.
[I 2026-02-26 12:33:31,078] Trial 186 finished with value: 0.2980323848704922 and parameters: {'n_estimators': 2000, 'learning_rate': 0.04487237311388393, 'max_depth': 9, 'min_child_weight': 1, 'subsample': 0.8008796458172699, 'colsample_bytree': 0.7187908310610559, 'gamma': 0.0071311843047859825, 'reg_alpha': 0.0015330028083717724, 'reg_lambda': 0.8633540398078722, 'scale_pos_weight': 12.602287990375025, 'max_delta_step': 9}. Best is trial 175 with value: 0.2744480256219578.
[I 2026-02-26 12:33:48,694] Trial 187 pruned. 
[I 2026-02-26 12:34:15,840] Trial 188 pruned. 
[I 2026-02-26 12:34:42,213] Trial 189 pruned. 
[I 2026-02-26 12:35:10,721] Trial 190 pruned. 
[I 2026-02-26 12:35:29,097] Trial 191 finished with value: 0.2814857620876607 and parameters: {'n_estimators': 1904, 'learning_rate': 0.18125141635108707, 'max_depth': 9, 'min_child_weight': 1, 'subsample': 0.7743877379268393, 'colsample_bytree': 0.6797189845337609, 'gamma': 0.010356541776847744, 'reg_alpha': 0.0014205346666207382, 'reg_lambda': 1.5084960947933364, 'scale_pos_weight': 12.476520254694433, 'max_delta_step': 10}. Best is trial 175 with value: 0.2744480256219578.
[I 2026-02-26 12:35:46,990] Trial 192 pruned. 
[I 2026-02-26 12:36:03,079] Trial 193 pruned. 
[I 2026-02-26 12:36:26,469] Trial 194 pruned. 
[I 2026-02-26 12:36:50,031] Trial 195 finished with value: 0.28852144568186733 and parameters: {'n_estimators': 1897, 'learning_rate': 0.1926415812827599, 'max_depth': 9, 'min_child_weight': 1, 'subsample': 0.770999097094257, 'colsample_bytree': 0.7017912171592366, 'gamma': 0.014475060877659944, 'reg_alpha': 0.0023353822785108307, 'reg_lambda': 0.8348979299234166, 'scale_pos_weight': 13.527961682140827, 'max_delta_step': 9}. Best is trial 175 with value: 0.2744480256219578.
[I 2026-02-26 12:37:14,824] Trial 196 pruned. 
[I 2026-02-26 12:37:41,322] Trial 197 finished with value: 0.28044848696320895 and parameters: {'n_estimators': 1967, 'learning_rate': 0.1997397342376377, 'max_depth': 9, 'min_child_weight': 1, 'subsample': 0.8094100449840576, 'colsample_bytree': 0.7125842862671572, 'gamma': 0.0195326837510039, 'reg_alpha': 0.0010336344258939565, 'reg_lambda': 0.9419441369390567, 'scale_pos_weight': 12.863807258982678, 'max_delta_step': 10}. Best is trial 175 with value: 0.2744480256219578.
[I 2026-02-26 12:38:07,329] Trial 198 pruned. 
[I 2026-02-26 12:38:25,153] Trial 199 finished with value: 0.2862216005678709 and parameters: {'n_estimators': 1911, 'learning_rate': 0.18712740180823878, 'max_depth': 10, 'min_child_weight': 3, 'subsample': 0.7985918552899722, 'colsample_bytree': 0.7233256050210576, 'gamma': 0.029207879303204336, 'reg_alpha': 0.0015692197970250414, 'reg_lambda': 1.8834467475782615, 'scale_pos_weight': 13.182648859395515, 'max_delta_step': 10}. Best is trial 175 with value: 0.2744480256219578.
[I 2026-02-26 12:38:52,959] Trial 200 pruned. 
[I 2026-02-26 12:39:11,214] Trial 201 finished with value: 0.2768448430529098 and parameters: {'n_estimators': 1886, 'learning_rate': 0.18414306762049, 'max_depth': 9, 'min_child_weight': 2, 'subsample': 0.7573615387065684, 'colsample_bytree': 0.675324746079526, 'gamma': 0.03304405412807924, 'reg_alpha': 0.09920376543702696, 'reg_lambda': 0.6750051390045043, 'scale_pos_weight': 12.00282716676061, 'max_delta_step': 10}. Best is trial 175 with value: 0.2744480256219578.
[I 2026-02-26 12:39:38,710] Trial 202 finished with value: 0.2831130975962188 and parameters: {'n_estimators': 1966, 'learning_rate': 0.17943894543161207, 'max_depth': 9, 'min_child_weight': 2, 'subsample': 0.7559030261157769, 'colsample_bytree': 0.6758612576583861, 'gamma': 0.03137874980223158, 'reg_alpha': 0.0025820560484980633, 'reg_lambda': 0.6704981073090087, 'scale_pos_weight': 12.497282893638841, 'max_delta_step': 10}. Best is trial 175 with value: 0.2744480256219578.
[I 2026-02-26 12:40:06,647] Trial 203 pruned. 
[I 2026-02-26 12:40:31,555] Trial 204 pruned. 
[I 2026-02-26 12:40:54,777] Trial 205 finished with value: 0.2887521900662266 and parameters: {'n_estimators': 1999, 'learning_rate': 0.17445803251583233, 'max_depth': 9, 'min_child_weight': 2, 'subsample': 0.7464830053418652, 'colsample_bytree': 0.6556296339222624, 'gamma': 0.03299172360982481, 'reg_alpha': 0.07519599514212087, 'reg_lambda': 0.7313560051457745, 'scale_pos_weight': 12.927302923792578, 'max_delta_step': 10}. Best is trial 175 with value: 0.2744480256219578.
[I 2026-02-26 12:41:12,418] Trial 206 finished with value: 0.27276296952259277 and parameters: {'n_estimators': 1930, 'learning_rate': 0.19359359203173498, 'max_depth': 10, 'min_child_weight': 1, 'subsample': 0.7588303721597227, 'colsample_bytree': 0.6831000850933486, 'gamma': 0.041778894340014194, 'reg_alpha': 0.0029267164674027664, 'reg_lambda': 0.982686789587549, 'scale_pos_weight': 12.002664794558092, 'max_delta_step': 10}. Best is trial 206 with value: 0.27276296952259277.
[I 2026-02-26 12:41:30,711] Trial 207 finished with value: 0.27438248158067663 and parameters: {'n_estimators': 1929, 'learning_rate': 0.19332821052044635, 'max_depth': 10, 'min_child_weight': 1, 'subsample': 0.7605266041060726, 'colsample_bytree': 0.6769003897354078, 'gamma': 0.005163287890200258, 'reg_alpha': 0.22025037003204812, 'reg_lambda': 1.0437011743059914, 'scale_pos_weight': 12.02809055899311, 'max_delta_step': 10}. Best is trial 206 with value: 0.27276296952259277.
[I 2026-02-26 12:41:49,881] Trial 208 finished with value: 0.2757614754268839 and parameters: {'n_estimators': 1932, 'learning_rate': 0.19261782928449797, 'max_depth': 9, 'min_child_weight': 1, 'subsample': 0.7632446037640483, 'colsample_bytree': 0.6754705435615265, 'gamma': 0.004548202896673766, 'reg_alpha': 0.13903224554849422, 'reg_lambda': 1.0369520504380327, 'scale_pos_weight': 12.043565969169443, 'max_delta_step': 10}. Best is trial 206 with value: 0.27276296952259277.
[I 2026-02-26 12:42:07,471] Trial 209 pruned. 
[I 2026-02-26 12:42:30,225] Trial 210 finished with value: 0.2875892405605991 and parameters: {'n_estimators': 415, 'learning_rate': 0.19245810961814774, 'max_depth': 9, 'min_child_weight': 1, 'subsample': 0.7690217884657474, 'colsample_bytree': 0.664637060104091, 'gamma': 0.0035681641743404283, 'reg_alpha': 0.16456930001884232, 'reg_lambda': 1.2639105075820314, 'scale_pos_weight': 13.024310102027629, 'max_delta_step': 9}. Best is trial 206 with value: 0.27276296952259277.
[I 2026-02-26 12:42:47,182] Trial 211 finished with value: 0.2766823924511229 and parameters: {'n_estimators': 1924, 'learning_rate': 0.19235161836831768, 'max_depth': 9, 'min_child_weight': 1, 'subsample': 0.7508704832341951, 'colsample_bytree': 0.6722948965360108, 'gamma': 0.0034258672970998816, 'reg_alpha': 0.11538075180011845, 'reg_lambda': 0.9474579732297048, 'scale_pos_weight': 12.000970483119708, 'max_delta_step': 10}. Best is trial 206 with value: 0.27276296952259277.
[I 2026-02-26 12:43:10,010] Trial 212 finished with value: 0.2805124069205337 and parameters: {'n_estimators': 1938, 'learning_rate': 0.19329087267412645, 'max_depth': 9, 'min_child_weight': 1, 'subsample': 0.7534460308200552, 'colsample_bytree': 0.6754070834401827, 'gamma': 0.0046104571570200325, 'reg_alpha': 0.1019247541510492, 'reg_lambda': 0.9460141312822601, 'scale_pos_weight': 12.399982925564952, 'max_delta_step': 10}. Best is trial 206 with value: 0.27276296952259277.
[I 2026-02-26 12:43:32,790] Trial 213 finished with value: 0.2757660565416728 and parameters: {'n_estimators': 1977, 'learning_rate': 0.19364640589753518, 'max_depth': 9, 'min_child_weight': 1, 'subsample': 0.7741474771188865, 'colsample_bytree': 0.6552521903898092, 'gamma': 0.003780412321358651, 'reg_alpha': 0.08600720415582855, 'reg_lambda': 1.176275435775992, 'scale_pos_weight': 12.070221355960351, 'max_delta_step': 10}. Best is trial 206 with value: 0.27276296952259277.
[I 2026-02-26 12:43:55,542] Trial 214 pruned. 
[I 2026-02-26 12:44:12,523] Trial 215 pruned. 
[I 2026-02-26 12:44:39,312] Trial 216 finished with value: 0.27432768998485 and parameters: {'n_estimators': 1920, 'learning_rate': 0.18693975681563493, 'max_depth': 9, 'min_child_weight': 1, 'subsample': 0.7641273282930022, 'colsample_bytree': 0.6855577652090783, 'gamma': 0.005457183105135002, 'reg_alpha': 0.06398909587979668, 'reg_lambda': 1.2265230011280561, 'scale_pos_weight': 12.068312431740958, 'max_delta_step': 10}. Best is trial 206 with value: 0.27276296952259277.
[I 2026-02-26 12:44:58,196] Trial 217 finished with value: 0.27498341897581396 and parameters: {'n_estimators': 1919, 'learning_rate': 0.19963493696316045, 'max_depth': 9, 'min_child_weight': 1, 'subsample': 0.7635236633579677, 'colsample_bytree': 0.6716155618896819, 'gamma': 0.0037948473416766558, 'reg_alpha': 0.05729748519048689, 'reg_lambda': 0.8358619368510977, 'scale_pos_weight': 12.026182651288284, 'max_delta_step': 10}. Best is trial 206 with value: 0.27276296952259277.
[I 2026-02-26 12:45:22,715] Trial 218 finished with value: 0.27740370317122676 and parameters: {'n_estimators': 1918, 'learning_rate': 0.1866600491810283, 'max_depth': 9, 'min_child_weight': 1, 'subsample': 0.7647592774266005, 'colsample_bytree': 0.6738579621245739, 'gamma': 0.004084239601508766, 'reg_alpha': 0.08156046206597886, 'reg_lambda': 0.6408288157863052, 'scale_pos_weight': 12.028967888995762, 'max_delta_step': 10}. Best is trial 206 with value: 0.27276296952259277.
[I 2026-02-26 12:45:46,303] Trial 219 pruned. 
[I 2026-02-26 12:46:03,744] Trial 220 pruned. 
[I 2026-02-26 12:46:21,227] Trial 221 pruned. 
[I 2026-02-26 12:46:47,884] Trial 222 finished with value: 0.28573910066972374 and parameters: {'n_estimators': 1919, 'learning_rate': 0.1846842757873878, 'max_depth': 9, 'min_child_weight': 1, 'subsample': 0.7490811589192305, 'colsample_bytree': 0.6553228096760713, 'gamma': 0.0027666316306000525, 'reg_alpha': 0.11828655476419896, 'reg_lambda': 0.7478481718586532, 'scale_pos_weight': 12.783713581901639, 'max_delta_step': 10}. Best is trial 206 with value: 0.27276296952259277.
[I 2026-02-26 12:47:06,532] Trial 223 pruned. 
[I 2026-02-26 12:47:29,730] Trial 224 pruned. 
[I 2026-02-26 12:47:56,722] Trial 225 pruned. 
[I 2026-02-26 12:48:19,432] Trial 226 pruned. 
[I 2026-02-26 12:48:42,744] Trial 227 finished with value: 0.27848163982877094 and parameters: {'n_estimators': 1999, 'learning_rate': 0.1878489368741644, 'max_depth': 9, 'min_child_weight': 1, 'subsample': 0.7553780032449742, 'colsample_bytree': 0.6958007191405086, 'gamma': 0.00502958635154089, 'reg_alpha': 0.06816027504162382, 'reg_lambda': 0.9895578351708212, 'scale_pos_weight': 12.462844062001967, 'max_delta_step': 10}. Best is trial 206 with value: 0.27276296952259277.
[I 2026-02-26 12:49:06,008] Trial 228 pruned. 
[I 2026-02-26 12:49:29,109] Trial 229 finished with value: 0.27653216140490106 and parameters: {'n_estimators': 1963, 'learning_rate': 0.18809933542045215, 'max_depth': 9, 'min_child_weight': 1, 'subsample': 0.758070001629865, 'colsample_bytree': 0.648086229142891, 'gamma': 0.002916977434379352, 'reg_alpha': 0.0698204280810182, 'reg_lambda': 0.952168486600158, 'scale_pos_weight': 12.00630865591897, 'max_delta_step': 10}. Best is trial 206 with value: 0.27276296952259277.
[I 2026-02-26 12:49:46,352] Trial 230 pruned. 
[I 2026-02-26 12:50:04,543] Trial 231 finished with value: 0.27987878747361533 and parameters: {'n_estimators': 2000, 'learning_rate': 0.18943262139783879, 'max_depth': 9, 'min_child_weight': 1, 'subsample': 0.7607954889256803, 'colsample_bytree': 0.6503280691651172, 'gamma': 0.003663983305850263, 'reg_alpha': 0.2125181797562039, 'reg_lambda': 0.9946172748656764, 'scale_pos_weight': 12.42065007748826, 'max_delta_step': 10}. Best is trial 206 with value: 0.27276296952259277.
[I 2026-02-26 12:50:22,576] Trial 232 pruned. 
[I 2026-02-26 12:50:40,167] Trial 233 finished with value: 0.28076232152077996 and parameters: {'n_estimators': 1937, 'learning_rate': 0.18305687765071516, 'max_depth': 9, 'min_child_weight': 1, 'subsample': 0.7671055908390585, 'colsample_bytree': 0.661491249132125, 'gamma': 0.004201891682807021, 'reg_alpha': 0.03736412153746425, 'reg_lambda': 1.2663659343840208, 'scale_pos_weight': 12.397870285371825, 'max_delta_step': 10}. Best is trial 206 with value: 0.27276296952259277.
[I 2026-02-26 12:51:03,111] Trial 234 pruned. 
[I 2026-02-26 12:51:26,384] Trial 235 finished with value: 0.28770121144847205 and parameters: {'n_estimators': 1964, 'learning_rate': 0.18273595958913108, 'max_depth': 9, 'min_child_weight': 1, 'subsample': 0.7547216922421669, 'colsample_bytree': 0.693432349936843, 'gamma': 0.002336349830100064, 'reg_alpha': 0.14840991929123484, 'reg_lambda': 1.0949330998954363, 'scale_pos_weight': 13.131952939508203, 'max_delta_step': 10}. Best is trial 206 with value: 0.27276296952259277.
[I 2026-02-26 12:51:48,766] Trial 236 pruned. 
[I 2026-02-26 12:52:11,833] Trial 237 finished with value: 0.27852758617981516 and parameters: {'n_estimators': 1972, 'learning_rate': 0.17396938781111937, 'max_depth': 9, 'min_child_weight': 1, 'subsample': 0.7650681955761229, 'colsample_bytree': 0.6770408233634819, 'gamma': 0.0063900544367494864, 'reg_alpha': 0.10876659208807617, 'reg_lambda': 0.4926978575395804, 'scale_pos_weight': 12.01414311789961, 'max_delta_step': 10}. Best is trial 206 with value: 0.27276296952259277.
[I 2026-02-26 12:52:35,037] Trial 238 finished with value: 0.29238199202466786 and parameters: {'n_estimators': 1853, 'learning_rate': 0.1920997191204344, 'max_depth': 9, 'min_child_weight': 1, 'subsample': 0.7416208433420286, 'colsample_bytree': 0.6355092329585388, 'gamma': 0.004556829463383582, 'reg_alpha': 0.055318432757742016, 'reg_lambda': 1.3920862725574634, 'scale_pos_weight': 13.409796692755268, 'max_delta_step': 10}. Best is trial 206 with value: 0.27276296952259277.
[I 2026-02-26 12:52:56,828] Trial 239 pruned. 
[I 2026-02-26 12:53:20,813] Trial 240 pruned. 
[I 2026-02-26 12:53:49,695] Trial 241 pruned. 
[I 2026-02-26 12:54:07,175] Trial 242 pruned. 
[I 2026-02-26 12:54:25,323] Trial 243 pruned. 
[I 2026-02-26 12:54:51,201] Trial 244 finished with value: 0.28106973848724504 and parameters: {'n_estimators': 1942, 'learning_rate': 0.19224880298999264, 'max_depth': 9, 'min_child_weight': 1, 'subsample': 0.7659408849472091, 'colsample_bytree': 0.6579253722333173, 'gamma': 0.003834541173046486, 'reg_alpha': 0.14430555645161383, 'reg_lambda': 0.43643328992872, 'scale_pos_weight': 12.420893875862188, 'max_delta_step': 10}. Best is trial 206 with value: 0.27276296952259277.
[I 2026-02-26 12:55:08,448] Trial 245 pruned. 
[I 2026-02-26 12:55:34,229] Trial 246 pruned. 
[I 2026-02-26 12:55:59,977] Trial 247 pruned. 
[I 2026-02-26 12:56:17,342] Trial 248 pruned. 
[I 2026-02-26 12:56:39,039] Trial 249 pruned. 
[I 2026-02-26 12:57:00,714] Trial 250 pruned. 
[I 2026-02-26 12:57:26,676] Trial 251 pruned. 
[I 2026-02-26 12:57:49,116] Trial 252 finished with value: 0.27489049396338533 and parameters: {'n_estimators': 1839, 'learning_rate': 0.19978129549891785, 'max_depth': 10, 'min_child_weight': 1, 'subsample': 0.7413418224963267, 'colsample_bytree': 0.7071793097168696, 'gamma': 0.004618744753952361, 'reg_alpha': 0.09097606775874859, 'reg_lambda': 0.9157416609452944, 'scale_pos_weight': 12.642143764052175, 'max_delta_step': 10}. Best is trial 206 with value: 0.27276296952259277.
[I 2026-02-26 12:58:07,796] Trial 253 pruned. 
[I 2026-02-26 12:58:29,759] Trial 254 pruned. 
[I 2026-02-26 12:58:48,092] Trial 255 finished with value: 0.28287269805679566 and parameters: {'n_estimators': 1773, 'learning_rate': 0.18765990341522035, 'max_depth': 10, 'min_child_weight': 1, 'subsample': 0.7470851952344424, 'colsample_bytree': 0.693286538385617, 'gamma': 0.004814664459597726, 'reg_alpha': 0.04014663402431175, 'reg_lambda': 0.9205799585120461, 'scale_pos_weight': 12.992461572538069, 'max_delta_step': 10}. Best is trial 206 with value: 0.27276296952259277.
[I 2026-02-26 12:59:05,203] Trial 256 pruned. 
[I 2026-02-26 12:59:23,512] Trial 257 pruned. 
[I 2026-02-26 12:59:42,034] Trial 258 finished with value: 0.2809133832391746 and parameters: {'n_estimators': 1851, 'learning_rate': 0.1814054167707652, 'max_depth': 10, 'min_child_weight': 1, 'subsample': 0.7860918813634024, 'colsample_bytree': 0.6551023729042807, 'gamma': 0.002476097751642492, 'reg_alpha': 0.062358090197391795, 'reg_lambda': 1.5962765362196396, 'scale_pos_weight': 12.461072892061884, 'max_delta_step': 10}. Best is trial 206 with value: 0.27276296952259277.
[I 2026-02-26 13:00:08,152] Trial 259 finished with value: 0.2847287974342657 and parameters: {'n_estimators': 1931, 'learning_rate': 0.18721806382551107, 'max_depth': 9, 'min_child_weight': 1, 'subsample': 0.7568956085964672, 'colsample_bytree': 0.6327310809812235, 'gamma': 0.004833155729303451, 'reg_alpha': 0.11659156162730118, 'reg_lambda': 0.6382684398884427, 'scale_pos_weight': 12.719198332929006, 'max_delta_step': 10}. Best is trial 206 with value: 0.27276296952259277.
[I 2026-02-26 13:00:38,176] Trial 260 pruned. 
[I 2026-02-26 13:00:57,666] Trial 261 finished with value: 0.2782706235887839 and parameters: {'n_estimators': 1885, 'learning_rate': 0.18033035193644342, 'max_depth': 9, 'min_child_weight': 1, 'subsample': 0.7443958100760137, 'colsample_bytree': 0.7179619977776202, 'gamma': 0.005238344997631483, 'reg_alpha': 0.034364346173603615, 'reg_lambda': 0.9536142480408656, 'scale_pos_weight': 12.372402674251303, 'max_delta_step': 10}. Best is trial 206 with value: 0.27276296952259277.
[I 2026-02-26 13:01:15,385] Trial 262 pruned. 
[I 2026-02-26 13:01:36,717] Trial 263 pruned. 
[I 2026-02-26 13:01:58,982] Trial 264 finished with value: 0.27392739931117593 and parameters: {'n_estimators': 1902, 'learning_rate': 0.18184268137690118, 'max_depth': 9, 'min_child_weight': 1, 'subsample': 0.8157204727962446, 'colsample_bytree': 0.7152789930550345, 'gamma': 0.024580326218533784, 'reg_alpha': 0.031066421484195597, 'reg_lambda': 0.6940585986917915, 'scale_pos_weight': 12.065944862452971, 'max_delta_step': 10}. Best is trial 206 with value: 0.27276296952259277.
[I 2026-02-26 13:02:20,728] Trial 265 pruned. 
[I 2026-02-26 13:02:45,820] Trial 266 pruned. 
[I 2026-02-26 13:03:06,850] Trial 267 pruned. 
[I 2026-02-26 13:03:30,515] Trial 268 finished with value: 0.27538932422023243 and parameters: {'n_estimators': 1895, 'learning_rate': 0.1761398912494226, 'max_depth': 9, 'min_child_weight': 1, 'subsample': 0.7843330860222693, 'colsample_bytree': 0.7175076013856279, 'gamma': 0.01820843223437101, 'reg_alpha': 0.02630838986495452, 'reg_lambda': 0.7996456337659992, 'scale_pos_weight': 12.031204795345332, 'max_delta_step': 10}. Best is trial 206 with value: 0.27276296952259277.
[I 2026-02-26 13:03:56,198] Trial 269 pruned. 
[I 2026-02-26 13:04:12,691] Trial 270 finished with value: 0.2854173502164586 and parameters: {'n_estimators': 1788, 'learning_rate': 0.17544547377976139, 'max_depth': 10, 'min_child_weight': 2, 'subsample': 0.7938655683696793, 'colsample_bytree': 0.5422834350781621, 'gamma': 0.021553193974444957, 'reg_alpha': 0.17774444537462436, 'reg_lambda': 0.6773646000500294, 'scale_pos_weight': 12.749109193882855, 'max_delta_step': 10}. Best is trial 206 with value: 0.27276296952259277.
[I 2026-02-26 13:04:35,603] Trial 271 pruned. 
[I 2026-02-26 13:05:07,445] Trial 272 pruned. 
[I 2026-02-26 13:05:27,944] Trial 273 pruned. 
[I 2026-02-26 13:07:15,148] Trial 274 pruned. 
[I 2026-02-26 13:07:43,059] Trial 275 pruned. 
[I 2026-02-26 13:08:01,861] Trial 276 finished with value: 0.29896530111774294 and parameters: {'n_estimators': 1859, 'learning_rate': 0.11563330305643091, 'max_depth': 10, 'min_child_weight': 1, 'subsample': 0.7683350605931477, 'colsample_bytree': 0.7287288601559536, 'gamma': 0.04057668293648977, 'reg_alpha': 0.021173739047990102, 'reg_lambda': 0.8653972796778, 'scale_pos_weight': 13.634176435950593, 'max_delta_step': 10}. Best is trial 206 with value: 0.27276296952259277.
[I 2026-02-26 13:08:21,220] Trial 277 pruned. 
[I 2026-02-26 13:08:46,885] Trial 278 pruned. 
[I 2026-02-26 13:09:05,335] Trial 279 pruned. 
[I 2026-02-26 13:09:24,622] Trial 280 pruned. 
[I 2026-02-26 13:09:43,020] Trial 281 pruned. 
[I 2026-02-26 13:10:00,422] Trial 282 pruned. 
[I 2026-02-26 13:10:25,508] Trial 283 pruned. 
[I 2026-02-26 13:10:54,399] Trial 284 pruned. 
[I 2026-02-26 13:11:30,721] Trial 285 finished with value: 0.2892081861393203 and parameters: {'n_estimators': 1915, 'learning_rate': 0.06449522684380479, 'max_depth': 10, 'min_child_weight': 1, 'subsample': 0.759896402257108, 'colsample_bytree': 0.6726723858487449, 'gamma': 0.019687045332134265, 'reg_alpha': 0.07778762163885458, 'reg_lambda': 1.5469245298684013, 'scale_pos_weight': 12.001454915151225, 'max_delta_step': 10}. Best is trial 206 with value: 0.27276296952259277.
[I 2026-02-26 13:11:55,161] Trial 286 finished with value: 0.28316934917485465 and parameters: {'n_estimators': 1972, 'learning_rate': 0.18451278793618103, 'max_depth': 9, 'min_child_weight': 1, 'subsample': 0.7175077579253472, 'colsample_bytree': 0.7192178456915309, 'gamma': 0.003995655357289713, 'reg_alpha': 0.0022449879177785298, 'reg_lambda': 1.2626003326835975, 'scale_pos_weight': 12.980855823625749, 'max_delta_step': 10}. Best is trial 206 with value: 0.27276296952259277.
[I 2026-02-26 13:12:21,472] Trial 287 pruned. 
[I 2026-02-26 13:12:44,828] Trial 288 pruned. 
[I 2026-02-26 13:13:14,080] Trial 289 pruned. 
[I 2026-02-26 13:13:39,892] Trial 290 finished with value: 0.2812467055229352 and parameters: {'n_estimators': 547, 'learning_rate': 0.18515343321479827, 'max_depth': 9, 'min_child_weight': 1, 'subsample': 0.781099191694507, 'colsample_bytree': 0.7053809703440899, 'gamma': 0.03173097464592784, 'reg_alpha': 0.1794360287793783, 'reg_lambda': 0.505972726550964, 'scale_pos_weight': 12.790566963027178, 'max_delta_step': 10}. Best is trial 206 with value: 0.27276296952259277.
[I 2026-02-26 13:14:21,879] Trial 291 pruned. 
[I 2026-02-26 13:14:57,477] Trial 292 finished with value: 0.29198289982586445 and parameters: {'n_estimators': 1848, 'learning_rate': 0.0878159628296011, 'max_depth': 9, 'min_child_weight': 1, 'subsample': 0.8058691881714221, 'colsample_bytree': 0.5616214489091489, 'gamma': 0.015368978856677025, 'reg_alpha': 0.09377403143874224, 'reg_lambda': 0.8600324971037855, 'scale_pos_weight': 12.43568432589049, 'max_delta_step': 10}. Best is trial 206 with value: 0.27276296952259277.
[I 2026-02-26 13:16:03,907] Trial 293 finished with value: 0.2974635335197092 and parameters: {'n_estimators': 1910, 'learning_rate': 0.0365615432583978, 'max_depth': 10, 'min_child_weight': 2, 'subsample': 0.7477057472745043, 'colsample_bytree': 0.7332796644391884, 'gamma': 0.002437611112785633, 'reg_alpha': 0.0016906165096071566, 'reg_lambda': 1.2899541280947484, 'scale_pos_weight': 12.435669853898377, 'max_delta_step': 10}. Best is trial 206 with value: 0.27276296952259277.
[I 2026-02-26 13:16:24,454] Trial 294 finished with value: 0.27781854997659644 and parameters: {'n_estimators': 1967, 'learning_rate': 0.1768524573381527, 'max_depth': 9, 'min_child_weight': 1, 'subsample': 0.8143473977965409, 'colsample_bytree': 0.6224735987132577, 'gamma': 0.004266385188998417, 'reg_alpha': 0.0020390210855593927, 'reg_lambda': 0.6882232675084907, 'scale_pos_weight': 12.022703885141059, 'max_delta_step': 10}. Best is trial 206 with value: 0.27276296952259277.
[I 2026-02-26 13:16:50,368] Trial 295 pruned. 
[I 2026-02-26 13:17:13,379] Trial 296 pruned. 
[I 2026-02-26 13:17:38,312] Trial 297 finished with value: 0.27984174935705297 and parameters: {'n_estimators': 1948, 'learning_rate': 0.1988087596561254, 'max_depth': 9, 'min_child_weight': 1, 'subsample': 0.8158989236225304, 'colsample_bytree': 0.619887832154274, 'gamma': 0.004739498773111873, 'reg_alpha': 0.1541674718724778, 'reg_lambda': 1.7397578936721791, 'scale_pos_weight': 12.446715363327058, 'max_delta_step': 10}. Best is trial 206 with value: 0.27276296952259277.
[I 2026-02-26 13:17:59,010] Trial 298 pruned. 
[I 2026-02-26 13:18:59,422] Trial 299 finished with value: 0.29558863126071666 and parameters: {'n_estimators': 1901, 'learning_rate': 0.05145198334715034, 'max_depth': 10, 'min_child_weight': 2, 'subsample': 0.773208068766643, 'colsample_bytree': 0.594858658674067, 'gamma': 0.006153932318706003, 'reg_alpha': 0.07700148570082051, 'reg_lambda': 0.9144810679428682, 'scale_pos_weight': 12.4486591089461, 'max_delta_step': 10}. Best is trial 206 with value: 0.27276296952259277.
[I 2026-02-26 13:19:19,106] Trial 300 pruned. 
[I 2026-02-26 13:19:42,825] Trial 301 pruned. 
[I 2026-02-26 13:20:01,258] Trial 302 finished with value: 0.29580018401003383 and parameters: {'n_estimators': 1904, 'learning_rate': 0.1743487163477802, 'max_depth': 10, 'min_child_weight': 1, 'subsample': 0.7873932986234344, 'colsample_bytree': 0.5998389707619006, 'gamma': 0.0021592796408545544, 'reg_alpha': 0.04220276796379599, 'reg_lambda': 1.5129722034330704, 'scale_pos_weight': 13.801012496809012, 'max_delta_step': 10}. Best is trial 206 with value: 0.27276296952259277.
[I 2026-02-26 13:20:26,748] Trial 303 pruned. 
[I 2026-02-26 13:20:53,399] Trial 304 pruned. 
[I 2026-02-26 13:21:15,367] Trial 305 pruned. 
[I 2026-02-26 13:21:33,015] Trial 306 finished with value: 0.27495199114519453 and parameters: {'n_estimators': 1965, 'learning_rate': 0.19267349684283794, 'max_depth': 10, 'min_child_weight': 1, 'subsample': 0.7779945245720068, 'colsample_bytree': 0.6372385418199966, 'gamma': 0.018610235829199184, 'reg_alpha': 0.002642051270926625, 'reg_lambda': 1.266308750797835, 'scale_pos_weight': 12.006434682291333, 'max_delta_step': 10}. Best is trial 206 with value: 0.27276296952259277.
[I 2026-02-26 13:21:57,286] Trial 307 pruned. 
[I 2026-02-26 13:22:15,871] Trial 308 pruned. 
[I 2026-02-26 13:22:33,937] Trial 309 pruned. 
[I 2026-02-26 13:23:08,891] Trial 310 pruned. 
[I 2026-02-26 13:23:50,446] Trial 311 pruned. 
[I 2026-02-26 13:24:10,904] Trial 312 finished with value: 0.2798552679168803 and parameters: {'n_estimators': 1895, 'learning_rate': 0.17633502837102422, 'max_depth': 10, 'min_child_weight': 1, 'subsample': 0.7763377877121311, 'colsample_bytree': 0.6794423133944641, 'gamma': 0.01968367690493619, 'reg_alpha': 0.002737057514747511, 'reg_lambda': 1.9289026859306384, 'scale_pos_weight': 12.438224855989203, 'max_delta_step': 4}. Best is trial 206 with value: 0.27276296952259277.
[I 2026-02-26 13:24:38,647] Trial 313 pruned. 
[I 2026-02-26 13:24:56,640] Trial 314 finished with value: 0.2784326826826654 and parameters: {'n_estimators': 1919, 'learning_rate': 0.18168719767963107, 'max_depth': 10, 'min_child_weight': 1, 'subsample': 0.813213117431056, 'colsample_bytree': 0.6941415481289888, 'gamma': 0.0043679510445597146, 'reg_alpha': 0.003752388361903728, 'reg_lambda': 0.8154781842256491, 'scale_pos_weight': 12.4710051055477, 'max_delta_step': 10}. Best is trial 206 with value: 0.27276296952259277.
[I 2026-02-26 13:25:09,948] Trial 315 pruned. 
[I 2026-02-26 13:25:35,167] Trial 316 pruned. 
[I 2026-02-26 13:25:53,028] Trial 317 pruned. 
[I 2026-02-26 13:26:16,249] Trial 318 finished with value: 0.27282515719848444 and parameters: {'n_estimators': 1932, 'learning_rate': 0.19992610299603508, 'max_depth': 9, 'min_child_weight': 1, 'subsample': 0.76544725281206, 'colsample_bytree': 0.70257850283903, 'gamma': 0.01704952285312316, 'reg_alpha': 1.9802409929099842, 'reg_lambda': 0.9306765773045911, 'scale_pos_weight': 12.041184224861064, 'max_delta_step': 10}. Best is trial 206 with value: 0.27276296952259277.
[I 2026-02-26 13:26:38,426] Trial 319 finished with value: 0.28479043544673843 and parameters: {'n_estimators': 1852, 'learning_rate': 0.1995424074052937, 'max_depth': 10, 'min_child_weight': 1, 'subsample': 0.7659414976306681, 'colsample_bytree': 0.7031950435088585, 'gamma': 0.018176028350124843, 'reg_alpha': 0.4462215807339403, 'reg_lambda': 1.0423528322679387, 'scale_pos_weight': 13.4492008142488, 'max_delta_step': 10}. Best is trial 206 with value: 0.27276296952259277.
[I 2026-02-26 13:27:05,322] Trial 320 pruned. 
[I 2026-02-26 13:27:33,261] Trial 321 finished with value: 0.2791690691828218 and parameters: {'n_estimators': 1895, 'learning_rate': 0.19967292904616468, 'max_depth': 9, 'min_child_weight': 1, 'subsample': 0.7581661426498719, 'colsample_bytree': 0.6821392649960883, 'gamma': 0.014118186644936056, 'reg_alpha': 3.616788791875277, 'reg_lambda': 0.898338865682106, 'scale_pos_weight': 12.422926940133973, 'max_delta_step': 10}. Best is trial 206 with value: 0.27276296952259277.
[I 2026-02-26 13:27:57,105] Trial 322 pruned. 
[I 2026-02-26 13:28:22,343] Trial 323 finished with value: 0.2810872662332425 and parameters: {'n_estimators': 1871, 'learning_rate': 0.19208519603030846, 'max_depth': 9, 'min_child_weight': 1, 'subsample': 0.7904382509416314, 'colsample_bytree': 0.7313357314297252, 'gamma': 0.02169432333370501, 'reg_alpha': 0.6918576685729354, 'reg_lambda': 1.1734417823177579, 'scale_pos_weight': 12.800249256903701, 'max_delta_step': 10}. Best is trial 206 with value: 0.27276296952259277.
[I 2026-02-26 13:28:44,511] Trial 324 finished with value: 0.27326656936209337 and parameters: {'n_estimators': 1939, 'learning_rate': 0.18598720667946878, 'max_depth': 9, 'min_child_weight': 1, 'subsample': 0.7808957975962246, 'colsample_bytree': 0.710096089967009, 'gamma': 0.015170322064546958, 'reg_alpha': 0.08484428190135908, 'reg_lambda': 0.8366730102354999, 'scale_pos_weight': 12.025408776996212, 'max_delta_step': 9}. Best is trial 206 with value: 0.27276296952259277.
[I 2026-02-26 13:29:06,918] Trial 325 pruned. 
[I 2026-02-26 13:29:24,645] Trial 326 finished with value: 0.27674535599467054 and parameters: {'n_estimators': 1835, 'learning_rate': 0.18594014543126564, 'max_depth': 10, 'min_child_weight': 1, 'subsample': 0.7767532209225719, 'colsample_bytree': 0.7052568351484236, 'gamma': 0.010628108582641118, 'reg_alpha': 0.9993887752409935, 'reg_lambda': 0.9367549063702605, 'scale_pos_weight': 12.418483441928009, 'max_delta_step': 9}. Best is trial 206 with value: 0.27276296952259277.
[I 2026-02-26 13:29:43,092] Trial 327 finished with value: 0.27115690058646374 and parameters: {'n_estimators': 1849, 'learning_rate': 0.18325211028778698, 'max_depth': 10, 'min_child_weight': 1, 'subsample': 0.7803178101351688, 'colsample_bytree': 0.7119199891325093, 'gamma': 0.02570825355297084, 'reg_alpha': 0.08630950719443266, 'reg_lambda': 0.8127379597508604, 'scale_pos_weight': 12.023037185883362, 'max_delta_step': 9}. Best is trial 327 with value: 0.27115690058646374.
[I 2026-02-26 13:30:06,214] Trial 328 pruned. 
[I 2026-02-26 13:30:32,151] Trial 329 pruned. 
[I 2026-02-26 13:30:54,225] Trial 330 pruned. 
[I 2026-02-26 13:31:17,140] Trial 331 pruned. 
[I 2026-02-26 13:31:38,875] Trial 332 pruned. 
[I 2026-02-26 13:31:56,390] Trial 333 finished with value: 0.2750847536790397 and parameters: {'n_estimators': 1894, 'learning_rate': 0.19353538803929862, 'max_depth': 10, 'min_child_weight': 1, 'subsample': 0.7650288383986564, 'colsample_bytree': 0.657519684365043, 'gamma': 0.017742498621394962, 'reg_alpha': 0.05876555863094225, 'reg_lambda': 0.9744445028994299, 'scale_pos_weight': 12.054473556274404, 'max_delta_step': 9}. Best is trial 327 with value: 0.27115690058646374.
[I 2026-02-26 13:32:14,487] Trial 334 finished with value: 0.2737705194593914 and parameters: {'n_estimators': 1881, 'learning_rate': 0.19417328744502707, 'max_depth': 10, 'min_child_weight': 1, 'subsample': 0.738492795242249, 'colsample_bytree': 0.6585236881010268, 'gamma': 0.019091499093192275, 'reg_alpha': 0.0636624800137254, 'reg_lambda': 1.0065743228627788, 'scale_pos_weight': 12.026781270707975, 'max_delta_step': 9}. Best is trial 327 with value: 0.27115690058646374.
[I 2026-02-26 13:32:50,095] Trial 335 pruned. 
[I 2026-02-26 13:33:14,139] Trial 336 pruned. 
[I 2026-02-26 13:33:33,534] Trial 337 pruned. 
[I 2026-02-26 13:33:51,374] Trial 338 pruned. 
[I 2026-02-26 13:34:13,606] Trial 339 finished with value: 0.283705560221278 and parameters: {'n_estimators': 1894, 'learning_rate': 0.18211942148785948, 'max_depth': 10, 'min_child_weight': 1, 'subsample': 0.7288624866574895, 'colsample_bytree': 0.6657391994922548, 'gamma': 0.022251288481194044, 'reg_alpha': 0.9852324444958571, 'reg_lambda': 1.072427399584777, 'scale_pos_weight': 12.790549820612638, 'max_delta_step': 9}. Best is trial 327 with value: 0.27115690058646374.
[I 2026-02-26 13:34:36,781] Trial 340 finished with value: 0.2757720615180935 and parameters: {'n_estimators': 1932, 'learning_rate': 0.19273893402662892, 'max_depth': 10, 'min_child_weight': 1, 'subsample': 0.7557795587795456, 'colsample_bytree': 0.6557932799091011, 'gamma': 0.018289813195728245, 'reg_alpha': 0.06408540303567734, 'reg_lambda': 0.8220578886205127, 'scale_pos_weight': 12.020232827037775, 'max_delta_step': 9}. Best is trial 327 with value: 0.27115690058646374.
[I 2026-02-26 13:34:55,194] Trial 341 finished with value: 0.27455155918495333 and parameters: {'n_estimators': 1816, 'learning_rate': 0.19351839530060194, 'max_depth': 10, 'min_child_weight': 1, 'subsample': 0.7563208374876925, 'colsample_bytree': 0.6485998308092484, 'gamma': 0.017069148649159736, 'reg_alpha': 0.05522945994518665, 'reg_lambda': 0.8242993756754274, 'scale_pos_weight': 12.042505753787536, 'max_delta_step': 9}. Best is trial 327 with value: 0.27115690058646374.
[I 2026-02-26 13:35:14,553] Trial 342 pruned. 
[I 2026-02-26 13:35:34,740] Trial 343 finished with value: 0.28442993687854895 and parameters: {'n_estimators': 1928, 'learning_rate': 0.10557624193547198, 'max_depth': 10, 'min_child_weight': 1, 'subsample': 0.7564949192609943, 'colsample_bytree': 0.6617975676960542, 'gamma': 0.01528804927781612, 'reg_alpha': 0.06654377378507743, 'reg_lambda': 0.7694501849326231, 'scale_pos_weight': 12.013832909929238, 'max_delta_step': 9}. Best is trial 327 with value: 0.27115690058646374.
[I 2026-02-26 13:35:58,927] Trial 344 pruned. 
[I 2026-02-26 13:36:17,331] Trial 345 pruned. 
[I 2026-02-26 13:36:34,767] Trial 346 pruned. 
[I 2026-02-26 13:36:52,790] Trial 347 finished with value: 0.2738535795360774 and parameters: {'n_estimators': 1939, 'learning_rate': 0.19260930060367593, 'max_depth': 10, 'min_child_weight': 1, 'subsample': 0.7696119483892734, 'colsample_bytree': 0.6840572851994197, 'gamma': 0.023547589975778143, 'reg_alpha': 0.043422049245440304, 'reg_lambda': 0.7996640062420929, 'scale_pos_weight': 12.00237856047353, 'max_delta_step': 9}. Best is trial 327 with value: 0.27115690058646374.
[I 2026-02-26 13:37:10,515] Trial 348 pruned. 
[I 2026-02-26 13:37:29,791] Trial 349 pruned. 
[I 2026-02-26 13:37:47,344] Trial 350 pruned. 
[I 2026-02-26 13:38:05,254] Trial 351 pruned. 
[I 2026-02-26 13:38:32,826] Trial 352 pruned. 
[I 2026-02-26 13:38:54,713] Trial 353 pruned. 
[I 2026-02-26 13:39:12,713] Trial 354 finished with value: 0.2784625618079305 and parameters: {'n_estimators': 1997, 'learning_rate': 0.16175998111405837, 'max_depth': 10, 'min_child_weight': 1, 'subsample': 0.7730692376417921, 'colsample_bytree': 0.730190923626449, 'gamma': 0.017284375958330905, 'reg_alpha': 0.09039998963957788, 'reg_lambda': 1.064485097818396, 'scale_pos_weight': 12.375810982314059, 'max_delta_step': 9}. Best is trial 327 with value: 0.27115690058646374.
[I 2026-02-26 13:39:30,239] Trial 355 pruned. 
[I 2026-02-26 13:39:47,292] Trial 356 pruned. 
[I 2026-02-26 13:40:04,887] Trial 357 pruned. 
[I 2026-02-26 13:40:23,337] Trial 358 finished with value: 0.287144548008484 and parameters: {'n_estimators': 1869, 'learning_rate': 0.19294600058648903, 'max_depth': 10, 'min_child_weight': 1, 'subsample': 0.767831754526402, 'colsample_bytree': 0.7199141753826844, 'gamma': 0.013047830981109728, 'reg_alpha': 0.03146706715191309, 'reg_lambda': 0.9569073903981812, 'scale_pos_weight': 13.583008983228728, 'max_delta_step': 9}. Best is trial 327 with value: 0.27115690058646374.
[I 2026-02-26 13:40:48,743] Trial 359 pruned. 
[I 2026-02-26 13:41:24,694] Trial 360 finished with value: 0.2938413149537175 and parameters: {'n_estimators': 1943, 'learning_rate': 0.0971828703906243, 'max_depth': 10, 'min_child_weight': 1, 'subsample': 0.7629748345192561, 'colsample_bytree': 0.7058224005755378, 'gamma': 0.02085292074024887, 'reg_alpha': 0.10264347400576737, 'reg_lambda': 1.1153436582877958, 'scale_pos_weight': 12.90348059705499, 'max_delta_step': 8}. Best is trial 327 with value: 0.27115690058646374.
[I 2026-02-26 13:41:43,184] Trial 361 finished with value: 0.2800586258216127 and parameters: {'n_estimators': 1897, 'learning_rate': 0.16673853637084102, 'max_depth': 10, 'min_child_weight': 1, 'subsample': 0.7379082811141771, 'colsample_bytree': 0.6857361208409031, 'gamma': 0.01630426144696955, 'reg_alpha': 0.0710520906336121, 'reg_lambda': 1.5545846230164182, 'scale_pos_weight': 12.41400137660093, 'max_delta_step': 9}. Best is trial 327 with value: 0.27115690058646374.
[I 2026-02-26 13:42:07,981] Trial 362 pruned. 
[I 2026-02-26 13:42:26,486] Trial 363 finished with value: 0.280727085026788 and parameters: {'n_estimators': 1854, 'learning_rate': 0.18551001434729442, 'max_depth': 10, 'min_child_weight': 2, 'subsample': 0.773086148205228, 'colsample_bytree': 0.653729261554057, 'gamma': 0.002779008310362025, 'reg_alpha': 0.053542968290573825, 'reg_lambda': 0.9471496405572336, 'scale_pos_weight': 12.475800735767665, 'max_delta_step': 9}. Best is trial 327 with value: 0.27115690058646374.
[I 2026-02-26 13:42:43,882] Trial 364 finished with value: 0.28304390883256725 and parameters: {'n_estimators': 1922, 'learning_rate': 0.19969579184426514, 'max_depth': 10, 'min_child_weight': 1, 'subsample': 0.7644788019376667, 'colsample_bytree': 0.666962362321084, 'gamma': 0.010609399496056675, 'reg_alpha': 0.04225605919560293, 'reg_lambda': 1.2648413603423345, 'scale_pos_weight': 12.927051432864529, 'max_delta_step': 9}. Best is trial 327 with value: 0.27115690058646374.
[I 2026-02-26 13:43:07,009] Trial 365 pruned. 
[I 2026-02-26 13:43:30,067] Trial 366 pruned. 
[I 2026-02-26 13:44:10,006] Trial 367 pruned. 
[I 2026-02-26 13:44:27,758] Trial 368 pruned. 
[I 2026-02-26 13:44:45,129] Trial 369 pruned. 
[I 2026-02-26 13:45:04,613] Trial 370 finished with value: 0.282567066575173 and parameters: {'n_estimators': 1856, 'learning_rate': 0.18618420306836683, 'max_depth': 10, 'min_child_weight': 1, 'subsample': 0.7646106021979396, 'colsample_bytree': 0.6451509410289669, 'gamma': 0.0019990965641935353, 'reg_alpha': 0.06186563993056579, 'reg_lambda': 0.004051173868586684, 'scale_pos_weight': 12.729583231549448, 'max_delta_step': 9}. Best is trial 327 with value: 0.27115690058646374.
[I 2026-02-26 13:45:21,698] Trial 371 pruned. 
[I 2026-02-26 13:45:40,650] Trial 372 finished with value: 0.2795333656048129 and parameters: {'n_estimators': 1966, 'learning_rate': 0.17877506103110793, 'max_depth': 10, 'min_child_weight': 1, 'subsample': 0.7836821692118348, 'colsample_bytree': 0.6635475542725287, 'gamma': 0.026693051133157092, 'reg_alpha': 0.026949278135143088, 'reg_lambda': 1.394117841911048, 'scale_pos_weight': 12.445572692669948, 'max_delta_step': 9}. Best is trial 327 with value: 0.27115690058646374.
[I 2026-02-26 13:45:59,112] Trial 373 pruned. 
[I 2026-02-26 13:46:16,312] Trial 374 pruned. 
[I 2026-02-26 13:46:34,306] Trial 375 finished with value: 0.2812517059784406 and parameters: {'n_estimators': 2000, 'learning_rate': 0.17031896937011404, 'max_depth': 10, 'min_child_weight': 1, 'subsample': 0.7520103275204689, 'colsample_bytree': 0.7176954521587849, 'gamma': 0.022657014291299647, 'reg_alpha': 0.09881211967595377, 'reg_lambda': 0.991417232194496, 'scale_pos_weight': 12.740455127056052, 'max_delta_step': 10}. Best is trial 327 with value: 0.27115690058646374.
[I 2026-02-26 13:47:12,198] Trial 376 pruned. 
[I 2026-02-26 13:47:29,800] Trial 377 finished with value: 0.2759489768601811 and parameters: {'n_estimators': 1838, 'learning_rate': 0.17891157744167632, 'max_depth': 10, 'min_child_weight': 2, 'subsample': 0.7791411360903148, 'colsample_bytree': 0.6560806466044371, 'gamma': 0.03324368166625885, 'reg_alpha': 2.4368427065005855, 'reg_lambda': 0.6458740246862992, 'scale_pos_weight': 12.008868970411614, 'max_delta_step': 10}. Best is trial 327 with value: 0.27115690058646374.
[I 2026-02-26 13:47:54,181] Trial 378 pruned. 
[I 2026-02-26 13:48:17,396] Trial 379 finished with value: 0.34636563399326015 and parameters: {'n_estimators': 1840, 'learning_rate': 0.17674909519412335, 'max_depth': 10, 'min_child_weight': 1, 'subsample': 0.7894301806554068, 'colsample_bytree': 0.6273001961592269, 'gamma': 0.009313760521217046, 'reg_alpha': 0.04496874776744543, 'reg_lambda': 1.2567978503458894, 'scale_pos_weight': 18.542341866267655, 'max_delta_step': 10}. Best is trial 327 with value: 0.27115690058646374.
[I 2026-02-26 13:48:34,539] Trial 380 finished with value: 0.28019956014499775 and parameters: {'n_estimators': 1789, 'learning_rate': 0.18825687227659585, 'max_depth': 10, 'min_child_weight': 1, 'subsample': 0.7754673330276352, 'colsample_bytree': 0.6346864898160467, 'gamma': 0.004962790895249134, 'reg_alpha': 2.158084464325948, 'reg_lambda': 1.6622633153116888, 'scale_pos_weight': 12.428961322131805, 'max_delta_step': 10}. Best is trial 327 with value: 0.27115690058646374.
[I 2026-02-26 13:48:52,509] Trial 381 finished with value: 0.2829137075262287 and parameters: {'n_estimators': 1971, 'learning_rate': 0.1799928505256349, 'max_depth': 10, 'min_child_weight': 2, 'subsample': 0.7810337919769715, 'colsample_bytree': 0.6575745355242423, 'gamma': 0.016251731768160013, 'reg_alpha': 0.05694318384605021, 'reg_lambda': 1.0015081700474284, 'scale_pos_weight': 12.762776841667664, 'max_delta_step': 6}. Best is trial 327 with value: 0.27115690058646374.
[I 2026-02-26 13:49:09,633] Trial 382 pruned. 
[I 2026-02-26 13:50:22,200] Trial 383 finished with value: 0.2982602055573821 and parameters: {'n_estimators': 1859, 'learning_rate': 0.03933446730858217, 'max_depth': 10, 'min_child_weight': 1, 'subsample': 0.7911139491439876, 'colsample_bytree': 0.6469674397175921, 'gamma': 0.0334099665146482, 'reg_alpha': 2.628117504360865, 'reg_lambda': 1.0719097050773227, 'scale_pos_weight': 12.469369060408866, 'max_delta_step': 10}. Best is trial 327 with value: 0.27115690058646374.
[I 2026-02-26 13:51:04,612] Trial 384 pruned. 
[I 2026-02-26 13:51:34,169] Trial 385 pruned. 
[I 2026-02-26 13:51:57,985] Trial 386 pruned. 
[I 2026-02-26 13:52:25,016] Trial 387 finished with value: 0.2781014183223397 and parameters: {'n_estimators': 1975, 'learning_rate': 0.15664923992843818, 'max_depth': 10, 'min_child_weight': 1, 'subsample': 0.7496511074370767, 'colsample_bytree': 0.6643563167851482, 'gamma': 0.02331979651569415, 'reg_alpha': 0.07995489792742569, 'reg_lambda': 1.160613561880978, 'scale_pos_weight': 12.000160815676756, 'max_delta_step': 8}. Best is trial 327 with value: 0.27115690058646374.
[I 2026-02-26 13:52:50,951] Trial 388 finished with value: 0.2812558052958867 and parameters: {'n_estimators': 1805, 'learning_rate': 0.1725289665276157, 'max_depth': 10, 'min_child_weight': 1, 'subsample': 0.7871323226954577, 'colsample_bytree': 0.6763019485163493, 'gamma': 0.006241464699781035, 'reg_alpha': 0.7057462495044444, 'reg_lambda': 0.0012978590235343884, 'scale_pos_weight': 12.499578607619481, 'max_delta_step': 5}. Best is trial 327 with value: 0.27115690058646374.
[I 2026-02-26 13:53:13,828] Trial 389 pruned. 
[I 2026-02-26 13:53:37,336] Trial 390 pruned. 
[I 2026-02-26 13:53:57,157] Trial 391 pruned. 
[I 2026-02-26 13:54:20,768] Trial 392 pruned. 
[I 2026-02-26 13:54:45,095] Trial 393 finished with value: 0.2768247264608964 and parameters: {'n_estimators': 1977, 'learning_rate': 0.1662799392819165, 'max_depth': 10, 'min_child_weight': 1, 'subsample': 0.7435527720510039, 'colsample_bytree': 0.6402270339125394, 'gamma': 0.3067390974911049, 'reg_alpha': 1.7876342270207861, 'reg_lambda': 0.9478533776340767, 'scale_pos_weight': 12.007789961661938, 'max_delta_step': 9}. Best is trial 327 with value: 0.27115690058646374.
[I 2026-02-26 13:55:03,727] Trial 394 pruned. 
[I 2026-02-26 13:55:27,549] Trial 395 pruned. 
[I 2026-02-26 13:55:45,996] Trial 396 pruned. 
[I 2026-02-26 13:56:11,668] Trial 397 pruned. 
[I 2026-02-26 13:56:38,432] Trial 398 finished with value: 0.2776261826760021 and parameters: {'n_estimators': 1762, 'learning_rate': 0.1871684628800936, 'max_depth': 9, 'min_child_weight': 1, 'subsample': 0.7939016058276027, 'colsample_bytree': 0.7270931505468298, 'gamma': 0.0024404814510413054, 'reg_alpha': 0.023651700879107264, 'reg_lambda': 0.8385703981587505, 'scale_pos_weight': 12.38704351415731, 'max_delta_step': 9}. Best is trial 327 with value: 0.27115690058646374.
[I 2026-02-26 13:57:02,340] Trial 399 finished with value: 0.28932255031439136 and parameters: {'n_estimators': 1849, 'learning_rate': 0.18324363087871767, 'max_depth': 10, 'min_child_weight': 1, 'subsample': 0.747271826849804, 'colsample_bytree': 0.6928484171491714, 'gamma': 0.03724603149563061, 'reg_alpha': 0.30502498825469376, 'reg_lambda': 1.680824416537288, 'scale_pos_weight': 13.453399165619654, 'max_delta_step': 10}. Best is trial 327 with value: 0.27115690058646374.
[I 2026-02-26 13:57:31,624] Trial 400 pruned. 
[I 2026-02-26 13:57:56,240] Trial 401 finished with value: 0.285286569706889 and parameters: {'n_estimators': 1892, 'learning_rate': 0.17843595497876782, 'max_depth': 10, 'min_child_weight': 1, 'subsample': 0.7275276341069729, 'colsample_bytree': 0.6749528517788914, 'gamma': 0.02904823242739147, 'reg_alpha': 0.030252819782171494, 'reg_lambda': 1.0071278944887307, 'scale_pos_weight': 12.881494403925885, 'max_delta_step': 10}. Best is trial 327 with value: 0.27115690058646374.
[I 2026-02-26 13:58:17,767] Trial 402 finished with value: 0.2812283213482053 and parameters: {'n_estimators': 1949, 'learning_rate': 0.18859113926697993, 'max_depth': 9, 'min_child_weight': 1, 'subsample': 0.7747941192484783, 'colsample_bytree': 0.6290679292679054, 'gamma': 0.0107101048628131, 'reg_alpha': 3.4645760566489487, 'reg_lambda': 0.5115044005284786, 'scale_pos_weight': 12.3928714654281, 'max_delta_step': 10}. Best is trial 327 with value: 0.27115690058646374.
[I 2026-02-26 13:58:44,800] Trial 403 pruned. 
[I 2026-02-26 13:59:13,985] Trial 404 pruned. 
[I 2026-02-26 13:59:31,951] Trial 405 finished with value: 0.2841745991235557 and parameters: {'n_estimators': 1869, 'learning_rate': 0.18060631134959218, 'max_depth': 10, 'min_child_weight': 1, 'subsample': 0.7855252374238164, 'colsample_bytree': 0.6596111799826818, 'gamma': 0.00391751774240601, 'reg_alpha': 0.06912019615050226, 'reg_lambda': 1.4333162853604855, 'scale_pos_weight': 12.898125313218916, 'max_delta_step': 9}. Best is trial 327 with value: 0.27115690058646374.
[I 2026-02-26 13:59:57,530] Trial 406 pruned. 
[I 2026-02-26 14:00:23,511] Trial 407 finished with value: 0.27444630266648035 and parameters: {'n_estimators': 1912, 'learning_rate': 0.16090895920955717, 'max_depth': 10, 'min_child_weight': 1, 'subsample': 0.7373327262918362, 'colsample_bytree': 0.699076217587648, 'gamma': 0.01484715012627111, 'reg_alpha': 0.11209911007035517, 'reg_lambda': 2.182791237995884, 'scale_pos_weight': 12.013484191674227, 'max_delta_step': 9}. Best is trial 327 with value: 0.27115690058646374.
[I 2026-02-26 14:00:57,984] Trial 408 pruned. 
[I 2026-02-26 14:01:15,860] Trial 409 pruned. 
[I 2026-02-26 14:01:49,435] Trial 410 pruned. 
[I 2026-02-26 14:02:07,243] Trial 411 finished with value: 0.2841822107121935 and parameters: {'n_estimators': 1945, 'learning_rate': 0.172624317048871, 'max_depth': 10, 'min_child_weight': 1, 'subsample': 0.7449191950603726, 'colsample_bytree': 0.661231979896742, 'gamma': 0.016166932685994166, 'reg_alpha': 0.09143295676393866, 'reg_lambda': 2.0375371967068974, 'scale_pos_weight': 12.769466874502596, 'max_delta_step': 9}. Best is trial 327 with value: 0.27115690058646374.
[I 2026-02-26 14:02:34,926] Trial 412 pruned. 
[I 2026-02-26 14:02:58,909] Trial 413 finished with value: 0.28495308704574823 and parameters: {'n_estimators': 1961, 'learning_rate': 0.19332023436110637, 'max_depth': 10, 'min_child_weight': 1, 'subsample': 0.7519949637177256, 'colsample_bytree': 0.6991712688139814, 'gamma': 0.003036916809812649, 'reg_alpha': 0.07719010882842603, 'reg_lambda': 2.6764218070346226, 'scale_pos_weight': 13.317122779102663, 'max_delta_step': 10}. Best is trial 327 with value: 0.27115690058646374.
[I 2026-02-26 14:03:24,954] Trial 414 pruned. 
[I 2026-02-26 14:03:46,181] Trial 415 pruned. 
[I 2026-02-26 14:04:38,769] Trial 416 finished with value: 0.29412805684420124 and parameters: {'n_estimators': 1974, 'learning_rate': 0.0680439902316186, 'max_depth': 9, 'min_child_weight': 1, 'subsample': 0.7530924216844719, 'colsample_bytree': 0.6494758835372558, 'gamma': 0.0144869230239899, 'reg_alpha': 0.09516348784863037, 'reg_lambda': 0.7234365001649763, 'scale_pos_weight': 12.440752674272796, 'max_delta_step': 10}. Best is trial 327 with value: 0.27115690058646374.
[I 2026-02-26 14:05:02,026] Trial 417 pruned. 
[I 2026-02-26 14:05:53,110] Trial 418 finished with value: 0.2959104911001994 and parameters: {'n_estimators': 2000, 'learning_rate': 0.0582842839269855, 'max_depth': 9, 'min_child_weight': 1, 'subsample': 0.7297763789497355, 'colsample_bytree': 0.6895643388011, 'gamma': 0.018275766873928522, 'reg_alpha': 0.04617431216916906, 'reg_lambda': 0.5275239267638054, 'scale_pos_weight': 12.458686543725234, 'max_delta_step': 9}. Best is trial 327 with value: 0.27115690058646374.
[I 2026-02-26 14:06:10,600] Trial 419 finished with value: 0.2704356493705395 and parameters: {'n_estimators': 1924, 'learning_rate': 0.19991258528434705, 'max_depth': 10, 'min_child_weight': 1, 'subsample': 0.7503493410228762, 'colsample_bytree': 0.713298320102487, 'gamma': 0.03670185108822325, 'reg_alpha': 0.11245392119200166, 'reg_lambda': 0.7734763309283749, 'scale_pos_weight': 12.00626010919463, 'max_delta_step': 9}. Best is trial 419 with value: 0.2704356493705395.
[I 2026-02-26 14:06:25,949] Trial 420 pruned. 
[I 2026-02-26 14:06:49,132] Trial 421 finished with value: 0.2879443486233832 and parameters: {'n_estimators': 1917, 'learning_rate': 0.18677947677764611, 'max_depth': 10, 'min_child_weight': 1, 'subsample': 0.7672192379444532, 'colsample_bytree': 0.7167052158991631, 'gamma': 0.05607587767646195, 'reg_alpha': 0.05798241688732256, 'reg_lambda': 2.3771548146538937, 'scale_pos_weight': 13.549331168769104, 'max_delta_step': 9}. Best is trial 419 with value: 0.2704356493705395.
[I 2026-02-26 14:07:06,623] Trial 422 pruned. 
[I 2026-02-26 14:07:30,552] Trial 423 finished with value: 0.27567807377393955 and parameters: {'n_estimators': 1889, 'learning_rate': 0.17512207669030777, 'max_depth': 10, 'min_child_weight': 1, 'subsample': 0.7953157866856763, 'colsample_bytree': 0.7078714742651592, 'gamma': 0.048243840231847614, 'reg_alpha': 0.08000099028734216, 'reg_lambda': 0.7825512732988282, 'scale_pos_weight': 12.41029882140259, 'max_delta_step': 9}. Best is trial 419 with value: 0.2704356493705395.
[I 2026-02-26 14:07:54,648] Trial 424 finished with value: 0.2839364466502613 and parameters: {'n_estimators': 1801, 'learning_rate': 0.1647366633103927, 'max_depth': 10, 'min_child_weight': 1, 'subsample': 0.8011848520118566, 'colsample_bytree': 0.7154892761416234, 'gamma': 0.045881852586796924, 'reg_alpha': 0.12257916169989502, 'reg_lambda': 0.5585541079086737, 'scale_pos_weight': 13.070509970413427, 'max_delta_step': 9}. Best is trial 419 with value: 0.2704356493705395.
[I 2026-02-26 14:08:13,353] Trial 425 finished with value: 0.2794615315770406 and parameters: {'n_estimators': 1860, 'learning_rate': 0.16959522950331773, 'max_depth': 10, 'min_child_weight': 2, 'subsample': 0.7945128402024729, 'colsample_bytree': 0.7082043925855246, 'gamma': 0.05541274403179166, 'reg_alpha': 0.08326674566242302, 'reg_lambda': 0.7018336777419164, 'scale_pos_weight': 12.668765244508432, 'max_delta_step': 8}. Best is trial 419 with value: 0.2704356493705395.
[I 2026-02-26 14:08:36,328] Trial 426 pruned. 
[I 2026-02-26 14:08:58,218] Trial 427 finished with value: 0.2943165500119348 and parameters: {'n_estimators': 1845, 'learning_rate': 0.15940828489138734, 'max_depth': 10, 'min_child_weight': 1, 'subsample': 0.843310635238726, 'colsample_bytree': 0.7109733341809364, 'gamma': 0.0325799024871286, 'reg_alpha': 0.1551490698682754, 'reg_lambda': 0.604718186638674, 'scale_pos_weight': 13.813672548790382, 'max_delta_step': 9}. Best is trial 419 with value: 0.2704356493705395.
[I 2026-02-26 14:09:16,105] Trial 428 pruned. 
[I 2026-02-26 14:09:32,886] Trial 429 pruned. 
[I 2026-02-26 14:09:50,765] Trial 430 pruned. 
[I 2026-02-26 14:10:09,115] Trial 431 pruned. 
[I 2026-02-26 14:10:32,095] Trial 432 pruned. 
[I 2026-02-26 14:11:19,011] Trial 433 finished with value: 0.28985507576840497 and parameters: {'n_estimators': 1895, 'learning_rate': 0.04641900786041108, 'max_depth': 10, 'min_child_weight': 1, 'subsample': 0.7885632262713425, 'colsample_bytree': 0.7025457244720563, 'gamma': 0.03234874404581659, 'reg_alpha': 0.09335278954052231, 'reg_lambda': 0.16993847576119678, 'scale_pos_weight': 12.018638053152303, 'max_delta_step': 8}. Best is trial 419 with value: 0.2704356493705395.
[I 2026-02-26 14:11:31,903] Trial 434 pruned. 
[I 2026-02-26 14:12:00,813] Trial 435 pruned. 
[I 2026-02-26 14:12:23,645] Trial 436 finished with value: 0.2773670031613048 and parameters: {'n_estimators': 1915, 'learning_rate': 0.1743100795541499, 'max_depth': 10, 'min_child_weight': 1, 'subsample': 0.7938494603923649, 'colsample_bytree': 0.7101848865912533, 'gamma': 0.06651151288059047, 'reg_alpha': 0.06710290817838621, 'reg_lambda': 1.0919612280500068, 'scale_pos_weight': 12.455974453494457, 'max_delta_step': 9}. Best is trial 419 with value: 0.2704356493705395.
[I 2026-02-26 14:12:47,091] Trial 437 pruned. 
[I 2026-02-26 14:13:10,124] Trial 438 pruned. 
[I 2026-02-26 14:13:32,190] Trial 439 pruned. 
[I 2026-02-26 14:14:02,086] Trial 440 finished with value: 0.2819689004088034 and parameters: {'n_estimators': 1936, 'learning_rate': 0.11616401973381221, 'max_depth': 10, 'min_child_weight': 1, 'subsample': 0.9626025872233678, 'colsample_bytree': 0.692257228133872, 'gamma': 0.04799119067618871, 'reg_alpha': 0.040530194513837485, 'reg_lambda': 1.2795418936693668, 'scale_pos_weight': 12.000275595823368, 'max_delta_step': 7}. Best is trial 419 with value: 0.2704356493705395.
[I 2026-02-26 14:14:19,775] Trial 441 pruned. 
[I 2026-02-26 14:14:37,297] Trial 442 pruned. 
[I 2026-02-26 14:15:00,475] Trial 443 pruned. 
[I 2026-02-26 14:15:24,227] Trial 444 finished with value: 0.28156960982006146 and parameters: {'n_estimators': 1830, 'learning_rate': 0.16954199634039607, 'max_depth': 10, 'min_child_weight': 1, 'subsample': 0.7714845813289397, 'colsample_bytree': 0.6644390320743658, 'gamma': 0.032959290216927783, 'reg_alpha': 0.11040879626928449, 'reg_lambda': 1.2712045069718159, 'scale_pos_weight': 12.430934955660138, 'max_delta_step': 10}. Best is trial 419 with value: 0.2704356493705395.
[I 2026-02-26 14:15:52,693] Trial 445 pruned. 
[I 2026-02-26 14:16:10,520] Trial 446 finished with value: 0.27998848492122075 and parameters: {'n_estimators': 1971, 'learning_rate': 0.18875965475958967, 'max_depth': 10, 'min_child_weight': 1, 'subsample': 0.7482451320910027, 'colsample_bytree': 0.7019942821378369, 'gamma': 0.02110870565651967, 'reg_alpha': 0.08999920810767453, 'reg_lambda': 1.5370250938201304, 'scale_pos_weight': 12.837937288604815, 'max_delta_step': 9}. Best is trial 419 with value: 0.2704356493705395.
[I 2026-02-26 14:16:27,848] Trial 447 pruned. 
[I 2026-02-26 14:17:14,539] Trial 448 finished with value: 0.29148991042828826 and parameters: {'n_estimators': 1868, 'learning_rate': 0.05185540532299462, 'max_depth': 10, 'min_child_weight': 1, 'subsample': 0.7876393664904381, 'colsample_bytree': 0.668651672423542, 'gamma': 0.0558306689872272, 'reg_alpha': 0.060883968223438285, 'reg_lambda': 0.49531404781863453, 'scale_pos_weight': 12.01342250477596, 'max_delta_step': 10}. Best is trial 419 with value: 0.2704356493705395.
[I 2026-02-26 14:18:28,506] Trial 449 finished with value: 0.3154638741447898 and parameters: {'n_estimators': 2000, 'learning_rate': 0.03390552250732572, 'max_depth': 10, 'min_child_weight': 1, 'subsample': 0.7231482777218944, 'colsample_bytree': 0.6920969068407034, 'gamma': 0.01257651304768317, 'reg_alpha': 0.07844845303877232, 'reg_lambda': 0.6965141401377063, 'scale_pos_weight': 13.923853074090532, 'max_delta_step': 9}. Best is trial 419 with value: 0.2704356493705395.
[I 2026-02-26 14:18:51,245] Trial 450 pruned. 
[I 2026-02-26 14:19:15,069] Trial 451 pruned. 
[I 2026-02-26 14:19:33,132] Trial 452 pruned. 
[I 2026-02-26 14:20:08,999] Trial 453 pruned. 
[I 2026-02-26 14:20:33,528] Trial 454 finished with value: 0.2764415108844972 and parameters: {'n_estimators': 595, 'learning_rate': 0.17068390266164157, 'max_depth': 10, 'min_child_weight': 1, 'subsample': 0.7974110204376673, 'colsample_bytree': 0.7188722419000331, 'gamma': 0.008703865135037772, 'reg_alpha': 0.014718649573441975, 'reg_lambda': 1.260143005878335, 'scale_pos_weight': 12.413798221594714, 'max_delta_step': 10}. Best is trial 419 with value: 0.2704356493705395.
[I 2026-02-26 14:21:06,509] Trial 455 pruned. 
[I 2026-02-26 14:21:25,419] Trial 456 pruned. 
[I 2026-02-26 14:21:52,051] Trial 457 finished with value: 0.2747663004469486 and parameters: {'n_estimators': 1017, 'learning_rate': 0.15726537906968985, 'max_depth': 10, 'min_child_weight': 2, 'subsample': 0.8084591047447668, 'colsample_bytree': 0.7494192738964279, 'gamma': 0.006551101946257533, 'reg_alpha': 0.03917614379949485, 'reg_lambda': 1.5304358120767796, 'scale_pos_weight': 12.010622850460702, 'max_delta_step': 10}. Best is trial 419 with value: 0.2704356493705395.
[I 2026-02-26 14:22:19,191] Trial 458 pruned. 
[I 2026-02-26 14:22:45,640] Trial 459 finished with value: 0.27505011072306884 and parameters: {'n_estimators': 1084, 'learning_rate': 0.15603141311973526, 'max_depth': 10, 'min_child_weight': 2, 'subsample': 0.8289148816742583, 'colsample_bytree': 0.7581861488739675, 'gamma': 0.006837781476086262, 'reg_alpha': 0.030107868532760082, 'reg_lambda': 2.3209843866573228, 'scale_pos_weight': 12.005057716618804, 'max_delta_step': 10}. Best is trial 419 with value: 0.2704356493705395.
[I 2026-02-26 14:23:11,235] Trial 460 finished with value: 0.27670686148788715 and parameters: {'n_estimators': 1972, 'learning_rate': 0.14404274611624715, 'max_depth': 10, 'min_child_weight': 2, 'subsample': 0.7683630300093828, 'colsample_bytree': 0.7523732563587292, 'gamma': 0.0074969445240291085, 'reg_alpha': 0.03025200684103685, 'reg_lambda': 2.370841103121719, 'scale_pos_weight': 12.016491599602787, 'max_delta_step': 10}. Best is trial 419 with value: 0.2704356493705395.
[I 2026-02-26 14:23:37,802] Trial 461 pruned. 
[I 2026-02-26 14:24:01,491] Trial 462 pruned. 
[I 2026-02-26 14:24:28,293] Trial 463 pruned. 
[I 2026-02-26 14:24:52,361] Trial 464 pruned. 
[I 2026-02-26 14:25:17,624] Trial 465 pruned. 
[I 2026-02-26 14:25:45,009] Trial 466 finished with value: 0.28273871353157165 and parameters: {'n_estimators': 997, 'learning_rate': 0.1387297629266791, 'max_depth': 10, 'min_child_weight': 1, 'subsample': 0.8316765727445035, 'colsample_bytree': 0.763312966745285, 'gamma': 0.004575705384828349, 'reg_alpha': 0.04660071675421082, 'reg_lambda': 2.403642130613958, 'scale_pos_weight': 12.433256004207816, 'max_delta_step': 8}. Best is trial 419 with value: 0.2704356493705395.
[I 2026-02-26 14:26:12,298] Trial 467 pruned. 
[I 2026-02-26 14:26:35,825] Trial 468 pruned. 
[I 2026-02-26 14:27:02,988] Trial 469 pruned. 
[I 2026-02-26 14:27:27,703] Trial 470 finished with value: 0.27576699412212025 and parameters: {'n_estimators': 1027, 'learning_rate': 0.16128907460590625, 'max_depth': 10, 'min_child_weight': 2, 'subsample': 0.8229758262854849, 'colsample_bytree': 0.7577117251337375, 'gamma': 0.00540774944502033, 'reg_alpha': 0.06144835082728893, 'reg_lambda': 2.1766093508026407, 'scale_pos_weight': 12.005519995317293, 'max_delta_step': 10}. Best is trial 419 with value: 0.2704356493705395.
[I 2026-02-26 14:27:53,276] Trial 471 finished with value: 0.2803248247492456 and parameters: {'n_estimators': 2000, 'learning_rate': 0.16566728584150292, 'max_depth': 10, 'min_child_weight': 2, 'subsample': 0.8190851308563968, 'colsample_bytree': 0.7735697666489938, 'gamma': 0.005077447452429256, 'reg_alpha': 0.05657226506551206, 'reg_lambda': 2.686946256271503, 'scale_pos_weight': 12.453355227792777, 'max_delta_step': 10}. Best is trial 419 with value: 0.2704356493705395.
[I 2026-02-26 14:28:12,292] Trial 472 finished with value: 0.28078982595387636 and parameters: {'n_estimators': 1890, 'learning_rate': 0.1570570288577532, 'max_depth': 10, 'min_child_weight': 2, 'subsample': 0.8295508819296242, 'colsample_bytree': 0.7038194047749018, 'gamma': 0.00558310631658236, 'reg_alpha': 0.04674880956900624, 'reg_lambda': 1.9773565491565703, 'scale_pos_weight': 12.454743216769081, 'max_delta_step': 10}. Best is trial 419 with value: 0.2704356493705395.
[I 2026-02-26 14:28:38,077] Trial 473 finished with value: 0.2878443257602493 and parameters: {'n_estimators': 956, 'learning_rate': 0.15867914986637527, 'max_depth': 9, 'min_child_weight': 2, 'subsample': 0.8158232484191732, 'colsample_bytree': 0.7573676287451514, 'gamma': 0.007742333824358495, 'reg_alpha': 0.07050732884678466, 'reg_lambda': 2.2257784591870986, 'scale_pos_weight': 13.007559730297423, 'max_delta_step': 10}. Best is trial 419 with value: 0.2704356493705395.
[I 2026-02-26 14:29:01,704] Trial 474 finished with value: 0.27606992897127147 and parameters: {'n_estimators': 1160, 'learning_rate': 0.15133162555852023, 'max_depth': 10, 'min_child_weight': 2, 'subsample': 0.8177851323510527, 'colsample_bytree': 0.7487626011742693, 'gamma': 0.004269466593021086, 'reg_alpha': 0.025765269135389846, 'reg_lambda': 3.479765817260478, 'scale_pos_weight': 12.004159539315424, 'max_delta_step': 2}. Best is trial 419 with value: 0.2704356493705395.
[I 2026-02-26 14:29:25,383] Trial 475 pruned. 
[I 2026-02-26 14:29:51,902] Trial 476 finished with value: 0.2829620342493208 and parameters: {'n_estimators': 1097, 'learning_rate': 0.16077187486900477, 'max_depth': 10, 'min_child_weight': 2, 'subsample': 0.8241558205781662, 'colsample_bytree': 0.7813623933295852, 'gamma': 0.004741327718919829, 'reg_alpha': 0.016580011889431753, 'reg_lambda': 1.7300076025462312, 'scale_pos_weight': 12.704253383358157, 'max_delta_step': 10}. Best is trial 419 with value: 0.2704356493705395.
[I 2026-02-26 14:30:21,198] Trial 477 pruned. 
[I 2026-02-26 14:30:47,920] Trial 478 pruned. 
[I 2026-02-26 14:31:13,997] Trial 479 finished with value: 0.27490558896796546 and parameters: {'n_estimators': 1087, 'learning_rate': 0.1997353247770702, 'max_depth': 9, 'min_child_weight': 2, 'subsample': 0.8100998329839868, 'colsample_bytree': 0.7329418788396544, 'gamma': 0.00570910781220904, 'reg_alpha': 0.0761842507955051, 'reg_lambda': 1.3390677928710244, 'scale_pos_weight': 12.418027228892914, 'max_delta_step': 10}. Best is trial 419 with value: 0.2704356493705395.
[I 2026-02-26 14:31:40,334] Trial 480 pruned. 
[I 2026-02-26 14:32:03,414] Trial 481 pruned. 
[I 2026-02-26 14:32:31,776] Trial 482 pruned. 
[I 2026-02-26 14:33:06,797] Trial 483 pruned. 
[I 2026-02-26 14:33:31,923] Trial 484 finished with value: 0.2854467389741185 and parameters: {'n_estimators': 1077, 'learning_rate': 0.18709708646139595, 'max_depth': 9, 'min_child_weight': 1, 'subsample': 0.809449064360476, 'colsample_bytree': 0.7276750265024309, 'gamma': 0.004064537370548898, 'reg_alpha': 0.10822367808748562, 'reg_lambda': 1.1371082697105905, 'scale_pos_weight': 13.197062601066822, 'max_delta_step': 10}. Best is trial 419 with value: 0.2704356493705395.
[I 2026-02-26 14:33:57,875] Trial 485 pruned. 
[I 2026-02-26 14:34:15,887] Trial 486 pruned. 
[I 2026-02-26 14:34:33,213] Trial 487 pruned. 
[I 2026-02-26 14:34:52,521] Trial 488 pruned. 
[I 2026-02-26 14:35:18,453] Trial 489 pruned. 
[I 2026-02-26 14:35:44,432] Trial 490 pruned. 
[I 2026-02-26 14:36:02,903] Trial 491 pruned. 
[I 2026-02-26 14:36:24,876] Trial 492 pruned. 
[I 2026-02-26 14:36:48,315] Trial 493 pruned. 
[I 2026-02-26 14:37:11,354] Trial 494 pruned. 
[I 2026-02-26 14:37:29,631] Trial 495 finished with value: 0.27702539428473877 and parameters: {'n_estimators': 475, 'learning_rate': 0.19261621253610503, 'max_depth': 9, 'min_child_weight': 1, 'subsample': 0.8132761149049021, 'colsample_bytree': 0.6964682564628962, 'gamma': 0.004512115862201612, 'reg_alpha': 0.040355974448609985, 'reg_lambda': 1.1299432455341054, 'scale_pos_weight': 12.448571204247111, 'max_delta_step': 10}. Best is trial 419 with value: 0.2704356493705395.
[I 2026-02-26 14:37:48,398] Trial 496 pruned. 
[I 2026-02-26 14:38:27,054] Trial 497 finished with value: 0.2976773842911192 and parameters: {'n_estimators': 1946, 'learning_rate': 0.09009570622566783, 'max_depth': 9, 'min_child_weight': 1, 'subsample': 0.7421648103924642, 'colsample_bytree': 0.6790482391598518, 'gamma': 0.02048643622062967, 'reg_alpha': 0.18380997797645662, 'reg_lambda': 1.2246586538821573, 'scale_pos_weight': 12.981842785670391, 'max_delta_step': 10}. Best is trial 419 with value: 0.2704356493705395.
[I 2026-02-26 14:38:55,759] Trial 498 pruned. 
[I 2026-02-26 14:39:16,762] Trial 499 pruned. 
[I 2026-02-26 14:39:43,239] Trial 500 pruned. 
[I 2026-02-26 14:40:18,516] Trial 501 finished with value: 0.28665683365544065 and parameters: {'n_estimators': 1873, 'learning_rate': 0.07995163962713038, 'max_depth': 10, 'min_child_weight': 2, 'subsample': 0.7949549282321592, 'colsample_bytree': 0.6690139280523643, 'gamma': 0.022641808962772483, 'reg_alpha': 0.08257228521953239, 'reg_lambda': 1.2492358269724952, 'scale_pos_weight': 12.013359697124178, 'max_delta_step': 10}. Best is trial 419 with value: 0.2704356493705395.
[I 2026-02-26 14:40:36,206] Trial 502 pruned. 
[I 2026-02-26 14:40:57,715] Trial 503 pruned. 
[I 2026-02-26 14:41:15,475] Trial 504 pruned. 
[I 2026-02-26 14:41:34,669] Trial 505 pruned. 
[I 2026-02-26 14:41:53,532] Trial 506 pruned. 
[I 2026-02-26 14:42:11,568] Trial 507 finished with value: 0.2826306326977474 and parameters: {'n_estimators': 1865, 'learning_rate': 0.17008355311825593, 'max_depth': 10, 'min_child_weight': 1, 'subsample': 0.8362521187638509, 'colsample_bytree': 0.7215704212895399, 'gamma': 0.02069855984388786, 'reg_alpha': 0.06762151022132662, 'reg_lambda': 0.9041386418253701, 'scale_pos_weight': 12.765669993983979, 'max_delta_step': 9}. Best is trial 419 with value: 0.2704356493705395.
[I 2026-02-26 14:42:29,480] Trial 508 pruned. 
[I 2026-02-26 14:42:52,090] Trial 509 pruned. 
[I 2026-02-26 14:43:10,600] Trial 510 finished with value: 0.2932694696659107 and parameters: {'n_estimators': 1910, 'learning_rate': 0.18103697759983453, 'max_depth': 10, 'min_child_weight': 1, 'subsample': 0.7783858289710313, 'colsample_bytree': 0.6136914700279045, 'gamma': 0.00730057905820693, 'reg_alpha': 0.07188808719880646, 'reg_lambda': 0.7431533666271206, 'scale_pos_weight': 13.63532230245357, 'max_delta_step': 9}. Best is trial 419 with value: 0.2704356493705395.
[I 2026-02-26 14:43:33,133] Trial 511 finished with value: 0.27967993440405625 and parameters: {'n_estimators': 1972, 'learning_rate': 0.1939996506802622, 'max_depth': 9, 'min_child_weight': 1, 'subsample': 0.7696321851591703, 'colsample_bytree': 0.696938196189307, 'gamma': 0.13748539112933328, 'reg_alpha': 0.0459237309926218, 'reg_lambda': 1.0369434169413634, 'scale_pos_weight': 12.740084810083479, 'max_delta_step': 10}. Best is trial 419 with value: 0.2704356493705395.
[I 2026-02-26 14:43:52,313] Trial 512 pruned. 
[I 2026-02-26 14:44:21,904] Trial 513 pruned. 
[I 2026-02-26 14:44:45,167] Trial 514 finished with value: 0.2855971077143796 and parameters: {'n_estimators': 1091, 'learning_rate': 0.18844750826679513, 'max_depth': 10, 'min_child_weight': 1, 'subsample': 0.8205197244512548, 'colsample_bytree': 0.7172088747471486, 'gamma': 0.011842655001609845, 'reg_alpha': 0.135619838447006, 'reg_lambda': 2.948950743535589, 'scale_pos_weight': 13.229363349024997, 'max_delta_step': 10}. Best is trial 419 with value: 0.2704356493705395.
[I 2026-02-26 14:45:05,717] Trial 515 pruned. 
[I 2026-02-26 14:45:55,186] Trial 516 pruned. 
[I 2026-02-26 14:46:15,447] Trial 517 finished with value: 0.27970554750993243 and parameters: {'n_estimators': 1859, 'learning_rate': 0.18030780827228585, 'max_depth': 10, 'min_child_weight': 1, 'subsample': 0.7132421474777775, 'colsample_bytree': 0.6403815935554739, 'gamma': 0.015890259203152516, 'reg_alpha': 0.03783393031078396, 'reg_lambda': 1.0839405264742372, 'scale_pos_weight': 12.399329202272533, 'max_delta_step': 9}. Best is trial 419 with value: 0.2704356493705395.
[I 2026-02-26 14:46:33,269] Trial 518 pruned. 
[I 2026-02-26 14:46:54,850] Trial 519 pruned. 
[I 2026-02-26 14:47:17,878] Trial 520 finished with value: 0.27805524530119163 and parameters: {'n_estimators': 1841, 'learning_rate': 0.16744298559944853, 'max_depth': 10, 'min_child_weight': 1, 'subsample': 0.7989820556383439, 'colsample_bytree': 0.7258755627463872, 'gamma': 0.029083798422924995, 'reg_alpha': 0.0258895785802686, 'reg_lambda': 0.5462898773158085, 'scale_pos_weight': 12.4830249789949, 'max_delta_step': 9}. Best is trial 419 with value: 0.2704356493705395.
[I 2026-02-26 14:47:48,057] Trial 521 pruned. 
[I 2026-02-26 14:48:06,721] Trial 522 pruned. 
[I 2026-02-26 14:48:24,148] Trial 523 pruned. 
[I 2026-02-26 14:48:52,819] Trial 524 finished with value: 0.27506550521081174 and parameters: {'n_estimators': 1010, 'learning_rate': 0.1845968086060269, 'max_depth': 9, 'min_child_weight': 2, 'subsample': 0.7246596645564094, 'colsample_bytree': 0.6819565336670121, 'gamma': 0.041200818587214465, 'reg_alpha': 0.030957057104774772, 'reg_lambda': 1.4297292077702637, 'scale_pos_weight': 12.004956622087557, 'max_delta_step': 10}. Best is trial 419 with value: 0.2704356493705395.
[I 2026-02-26 14:49:19,786] Trial 525 pruned. 
[I 2026-02-26 14:49:46,048] Trial 526 finished with value: 0.2745985913030567 and parameters: {'n_estimators': 1018, 'learning_rate': 0.1820529434698025, 'max_depth': 9, 'min_child_weight': 2, 'subsample': 0.7298867800243862, 'colsample_bytree': 0.6924363428967367, 'gamma': 0.042578629347018185, 'reg_alpha': 0.031594455301700755, 'reg_lambda': 2.2706877477648524, 'scale_pos_weight': 12.004933871571435, 'max_delta_step': 10}. Best is trial 419 with value: 0.2704356493705395.
[I 2026-02-26 14:50:08,773] Trial 527 pruned. 
[I 2026-02-26 14:50:36,553] Trial 528 pruned. 
[I 2026-02-26 14:50:54,207] Trial 529 pruned. 
[I 2026-02-26 14:51:29,169] Trial 530 pruned. 
[I 2026-02-26 14:51:52,949] Trial 531 pruned. 
[I 2026-02-26 14:52:16,112] Trial 532 pruned. 
[I 2026-02-26 14:52:38,158] Trial 533 pruned. 
[I 2026-02-26 14:53:13,467] Trial 534 finished with value: 0.2810442062760269 and parameters: {'n_estimators': 1018, 'learning_rate': 0.10439994641350829, 'max_depth': 10, 'min_child_weight': 2, 'subsample': 0.7214025316325217, 'colsample_bytree': 0.7035861518358175, 'gamma': 0.08608113344514955, 'reg_alpha': 0.03814066856363106, 'reg_lambda': 1.6830218754777553, 'scale_pos_weight': 12.008407459805882, 'max_delta_step': 10}. Best is trial 419 with value: 0.2704356493705395.
[I 2026-02-26 14:53:39,654] Trial 535 pruned. 
[I 2026-02-26 14:54:02,330] Trial 536 pruned. 
[I 2026-02-26 14:54:31,242] Trial 537 pruned. 
[I 2026-02-26 14:55:05,753] Trial 538 pruned. 
[I 2026-02-26 14:55:49,513] Trial 539 pruned. 
[I 2026-02-26 14:56:22,946] Trial 540 pruned. 
[I 2026-02-26 14:56:45,661] Trial 541 pruned. 
[I 2026-02-26 14:57:08,709] Trial 542 finished with value: 0.28043266066094963 and parameters: {'n_estimators': 1048, 'learning_rate': 0.15591125715651696, 'max_depth': 10, 'min_child_weight': 2, 'subsample': 0.7071880670824243, 'colsample_bytree': 0.6850553368309241, 'gamma': 0.03499530778783176, 'reg_alpha': 0.03617167510664236, 'reg_lambda': 0.6049785078075843, 'scale_pos_weight': 12.426423745880623, 'max_delta_step': 10}. Best is trial 419 with value: 0.2704356493705395.
[I 2026-02-26 14:57:33,607] Trial 543 pruned. 
[I 2026-02-26 14:57:51,341] Trial 544 finished with value: 0.28337433535505474 and parameters: {'n_estimators': 684, 'learning_rate': 0.18958964315740712, 'max_depth': 10, 'min_child_weight': 2, 'subsample': 0.8137995827278514, 'colsample_bytree': 0.753811947602792, 'gamma': 0.03091899189729647, 'reg_alpha': 0.05126811499343755, 'reg_lambda': 1.921285039071207, 'scale_pos_weight': 13.107681060411808, 'max_delta_step': 9}. Best is trial 419 with value: 0.2704356493705395.
[I 2026-02-26 14:58:10,918] Trial 545 finished with value: 0.2754838980068654 and parameters: {'n_estimators': 1107, 'learning_rate': 0.1819655450386678, 'max_depth': 10, 'min_child_weight': 1, 'subsample': 0.8264924519155996, 'colsample_bytree': 0.6690928115811648, 'gamma': 0.018655370380188857, 'reg_alpha': 0.024117264938652426, 'reg_lambda': 0.036860546848172936, 'scale_pos_weight': 12.001401143622012, 'max_delta_step': 8}. Best is trial 419 with value: 0.2704356493705395.
[I 2026-02-26 14:58:28,761] Trial 546 pruned. 
[I 2026-02-26 14:58:50,966] Trial 547 pruned. 
[I 2026-02-26 14:59:16,438] Trial 548 finished with value: 0.2763224061298726 and parameters: {'n_estimators': 1122, 'learning_rate': 0.1859804836366328, 'max_depth': 9, 'min_child_weight': 2, 'subsample': 0.826015838747416, 'colsample_bytree': 0.6546593132514137, 'gamma': 0.016036243504208465, 'reg_alpha': 0.020830449914949853, 'reg_lambda': 1.6045086532289226, 'scale_pos_weight': 12.004262194546175, 'max_delta_step': 10}. Best is trial 419 with value: 0.2704356493705395.
[I 2026-02-26 14:59:33,960] Trial 549 finished with value: 0.2732640733320101 and parameters: {'n_estimators': 890, 'learning_rate': 0.19989391974973109, 'max_depth': 10, 'min_child_weight': 1, 'subsample': 0.8246956595534388, 'colsample_bytree': 0.6652841500110709, 'gamma': 0.011986934530977633, 'reg_alpha': 0.02531003633193633, 'reg_lambda': 0.035812224851131336, 'scale_pos_weight': 12.000741367307539, 'max_delta_step': 10}. Best is trial 419 with value: 0.2704356493705395.
[I 2026-02-26 14:59:51,781] Trial 550 pruned. 
[I 2026-02-26 15:00:09,159] Trial 551 finished with value: 0.2806034970348387 and parameters: {'n_estimators': 964, 'learning_rate': 0.19376063244923356, 'max_depth': 9, 'min_child_weight': 1, 'subsample': 0.8097845705790591, 'colsample_bytree': 0.6615469639225244, 'gamma': 0.01149874359754313, 'reg_alpha': 0.03342163183534058, 'reg_lambda': 1.736349033517207, 'scale_pos_weight': 12.472429423992661, 'max_delta_step': 10}. Best is trial 419 with value: 0.2704356493705395.
[I 2026-02-26 15:00:27,349] Trial 552 pruned. 
[I 2026-02-26 15:00:49,276] Trial 553 pruned. 
[I 2026-02-26 15:01:57,934] Trial 554 finished with value: 0.30034086032484614 and parameters: {'n_estimators': 893, 'learning_rate': 0.04976875798501413, 'max_depth': 9, 'min_child_weight': 2, 'subsample': 0.7418164856785872, 'colsample_bytree': 0.6624741617883785, 'gamma': 0.014558311409956342, 'reg_alpha': 0.04366962750412851, 'reg_lambda': 0.0240883101363391, 'scale_pos_weight': 12.731806029625863, 'max_delta_step': 10}. Best is trial 419 with value: 0.2704356493705395.
[I 2026-02-26 15:02:23,196] Trial 555 pruned. 
[I 2026-02-26 15:02:59,339] Trial 556 pruned. 
[I 2026-02-26 15:03:25,519] Trial 557 finished with value: 0.2915818786623352 and parameters: {'n_estimators': 867, 'learning_rate': 0.19285320703062847, 'max_depth': 9, 'min_child_weight': 1, 'subsample': 0.8202778718464697, 'colsample_bytree': 0.6415594370026872, 'gamma': 0.016953153187805714, 'reg_alpha': 0.01169423546435592, 'reg_lambda': 0.10181909489576794, 'scale_pos_weight': 13.63414470503943, 'max_delta_step': 10}. Best is trial 419 with value: 0.2704356493705395.
[I 2026-02-26 15:03:42,992] Trial 558 finished with value: 0.2752078945533504 and parameters: {'n_estimators': 801, 'learning_rate': 0.19996117052663162, 'max_depth': 10, 'min_child_weight': 1, 'subsample': 0.7365513329541594, 'colsample_bytree': 0.6938761253726766, 'gamma': 0.024436466040493755, 'reg_alpha': 0.023478015392688685, 'reg_lambda': 1.1323238025228328, 'scale_pos_weight': 12.405129109880445, 'max_delta_step': 10}. Best is trial 419 with value: 0.2704356493705395.
[I 2026-02-26 15:04:00,582] Trial 559 pruned. 
[I 2026-02-26 15:04:18,326] Trial 560 finished with value: 0.2873901475829877 and parameters: {'n_estimators': 852, 'learning_rate': 0.1955993043809381, 'max_depth': 10, 'min_child_weight': 3, 'subsample': 0.8513096641912619, 'colsample_bytree': 0.6753416568148859, 'gamma': 0.02351877103117441, 'reg_alpha': 0.018117508193972124, 'reg_lambda': 1.175353467783797, 'scale_pos_weight': 13.036263254169612, 'max_delta_step': 10}. Best is trial 419 with value: 0.2704356493705395.
[I 2026-02-26 15:04:39,142] Trial 561 pruned. 
[I 2026-02-26 15:04:56,828] Trial 562 pruned. 
[I 2026-02-26 15:05:13,899] Trial 563 pruned. 
[I 2026-02-26 15:05:36,342] Trial 564 finished with value: 0.28013778871949035 and parameters: {'n_estimators': 747, 'learning_rate': 0.18938038489853615, 'max_depth': 10, 'min_child_weight': 1, 'subsample': 0.7469287819916028, 'colsample_bytree': 0.6938073729162424, 'gamma': 0.027391591956105302, 'reg_alpha': 0.052980167437361926, 'reg_lambda': 0.04953761786711093, 'scale_pos_weight': 12.769930005742715, 'max_delta_step': 10}. Best is trial 419 with value: 0.2704356493705395.
[I 2026-02-26 15:05:53,353] Trial 565 finished with value: 0.27965021255094624 and parameters: {'n_estimators': 610, 'learning_rate': 0.18775936856367087, 'max_depth': 10, 'min_child_weight': 1, 'subsample': 0.7275376208520679, 'colsample_bytree': 0.6658298674746129, 'gamma': 0.022265801113918286, 'reg_alpha': 0.04235045741464347, 'reg_lambda': 0.05843854091378886, 'scale_pos_weight': 12.414545735987272, 'max_delta_step': 10}. Best is trial 419 with value: 0.2704356493705395.
[I 2026-02-26 15:06:11,023] Trial 566 pruned. 
[I 2026-02-26 15:06:28,855] Trial 567 pruned. 
[I 2026-02-26 15:06:52,969] Trial 568 finished with value: 0.2833383195089417 and parameters: {'n_estimators': 818, 'learning_rate': 0.18621897090221728, 'max_depth': 10, 'min_child_weight': 1, 'subsample': 0.7557224288859985, 'colsample_bytree': 0.624927247634851, 'gamma': 0.007521374966911392, 'reg_alpha': 0.02428870204239614, 'reg_lambda': 0.007639379362650006, 'scale_pos_weight': 12.458357068776394, 'max_delta_step': 1}. Best is trial 419 with value: 0.2704356493705395.
[I 2026-02-26 15:07:15,196] Trial 569 pruned. 
[I 2026-02-26 15:07:36,512] Trial 570 pruned. 
[I 2026-02-26 15:07:58,204] Trial 571 finished with value: 0.284685796653919 and parameters: {'n_estimators': 792, 'learning_rate': 0.18427831558849123, 'max_depth': 10, 'min_child_weight': 1, 'subsample': 0.7451001316319729, 'colsample_bytree': 0.6989306066127872, 'gamma': 0.02175930279785175, 'reg_alpha': 0.04744450299796484, 'reg_lambda': 1.2159700374728213, 'scale_pos_weight': 13.219655034154684, 'max_delta_step': 6}. Best is trial 419 with value: 0.2704356493705395.
[I 2026-02-26 15:08:20,491] Trial 572 pruned. 
[I 2026-02-26 15:08:37,776] Trial 573 pruned. 
[I 2026-02-26 15:09:19,407] Trial 574 pruned. 
[I 2026-02-26 15:09:42,782] Trial 575 pruned. 
[I 2026-02-26 15:10:01,123] Trial 576 finished with value: 0.27087044309547414 and parameters: {'n_estimators': 1303, 'learning_rate': 0.19241712210723816, 'max_depth': 10, 'min_child_weight': 1, 'subsample': 0.7432549178631793, 'colsample_bytree': 0.6996118216804207, 'gamma': 0.013974684437574918, 'reg_alpha': 0.06121252624670928, 'reg_lambda': 1.1969921281909872, 'scale_pos_weight': 12.01997957291519, 'max_delta_step': 10}. Best is trial 419 with value: 0.2704356493705395.
[I 2026-02-26 15:10:18,888] Trial 577 finished with value: 0.272921440924632 and parameters: {'n_estimators': 1401, 'learning_rate': 0.1824382760104508, 'max_depth': 10, 'min_child_weight': 1, 'subsample': 0.7529953243404482, 'colsample_bytree': 0.7035095197633372, 'gamma': 0.011198637180177962, 'reg_alpha': 0.056639362885679674, 'reg_lambda': 2.2453226577212724, 'scale_pos_weight': 12.01416621701674, 'max_delta_step': 9}. Best is trial 419 with value: 0.2704356493705395.
[I 2026-02-26 15:10:42,582] Trial 578 pruned. 
[I 2026-02-26 15:11:16,562] Trial 579 pruned. 
[I 2026-02-26 15:11:42,672] Trial 580 pruned. 
[I 2026-02-26 15:12:00,746] Trial 581 pruned. 
[I 2026-02-26 15:13:10,921] Trial 582 finished with value: 0.29136746899850885 and parameters: {'n_estimators': 1211, 'learning_rate': 0.042692283441887344, 'max_depth': 10, 'min_child_weight': 1, 'subsample': 0.7409498549534677, 'colsample_bytree': 0.7021278886713738, 'gamma': 0.23709166176909147, 'reg_alpha': 0.04684713213112823, 'reg_lambda': 1.9145441384250075, 'scale_pos_weight': 12.005524837027963, 'max_delta_step': 10}. Best is trial 419 with value: 0.2704356493705395.
[I 2026-02-26 15:13:34,474] Trial 583 pruned. 
[I 2026-02-26 15:13:58,765] Trial 584 pruned. 
[I 2026-02-26 15:14:23,496] Trial 585 finished with value: 0.27319555714143207 and parameters: {'n_estimators': 1426, 'learning_rate': 0.17053755449322539, 'max_depth': 10, 'min_child_weight': 1, 'subsample': 0.7304228422645196, 'colsample_bytree': 0.6959242204107372, 'gamma': 0.010540358580259226, 'reg_alpha': 0.003507312000950061, 'reg_lambda': 2.0698479371226433, 'scale_pos_weight': 12.00713919163295, 'max_delta_step': 9}. Best is trial 419 with value: 0.2704356493705395.
[I 2026-02-26 15:14:44,238] Trial 586 finished with value: 0.2848697065464534 and parameters: {'n_estimators': 1131, 'learning_rate': 0.15811319047741818, 'max_depth': 10, 'min_child_weight': 1, 'subsample': 0.7417451119096532, 'colsample_bytree': 0.7087090929601703, 'gamma': 0.010257938576376335, 'reg_alpha': 0.003403311050761828, 'reg_lambda': 2.0620626150171666, 'scale_pos_weight': 12.95146550205292, 'max_delta_step': 9}. Best is trial 419 with value: 0.2704356493705395.
[I 2026-02-26 15:15:10,506] Trial 587 pruned. 
[I 2026-02-26 15:15:28,670] Trial 588 pruned. 
[I 2026-02-26 15:15:58,650] Trial 589 pruned. 
[I 2026-02-26 15:16:25,889] Trial 590 pruned. 
[I 2026-02-26 15:16:44,089] Trial 591 pruned. 
[I 2026-02-26 15:17:10,508] Trial 592 finished with value: 0.2880267861975143 and parameters: {'n_estimators': 1520, 'learning_rate': 0.15371645806859782, 'max_depth': 10, 'min_child_weight': 1, 'subsample': 0.8358346052823159, 'colsample_bytree': 0.7078263310765401, 'gamma': 0.013343261092434168, 'reg_alpha': 0.005643772295761694, 'reg_lambda': 1.877385010265263, 'scale_pos_weight': 13.078899236205993, 'max_delta_step': 9}. Best is trial 419 with value: 0.2704356493705395.
[I 2026-02-26 15:17:28,341] Trial 593 finished with value: 0.27354879004059257 and parameters: {'n_estimators': 1608, 'learning_rate': 0.17112134471145932, 'max_depth': 10, 'min_child_weight': 1, 'subsample': 0.7556737787718444, 'colsample_bytree': 0.7196560558766826, 'gamma': 0.01363560836325068, 'reg_alpha': 0.0024430146860196828, 'reg_lambda': 2.1284393667194013, 'scale_pos_weight': 12.003437334925799, 'max_delta_step': 9}. Best is trial 419 with value: 0.2704356493705395.
[I 2026-02-26 15:17:46,546] Trial 594 pruned. 
[I 2026-02-26 15:18:27,757] Trial 595 pruned. 
[I 2026-02-26 15:18:55,586] Trial 596 pruned. 
[I 2026-02-26 15:19:14,880] Trial 597 finished with value: 0.2793191333531482 and parameters: {'n_estimators': 1514, 'learning_rate': 0.16888941278070263, 'max_depth': 10, 'min_child_weight': 1, 'subsample': 0.7530501050650024, 'colsample_bytree': 0.6940005512032441, 'gamma': 0.014522174112293163, 'reg_alpha': 0.0026209815384107037, 'reg_lambda': 0.006196089040746167, 'scale_pos_weight': 12.44608747978519, 'max_delta_step': 9}. Best is trial 419 with value: 0.2704356493705395.
[I 2026-02-26 15:19:33,155] Trial 598 pruned. 
[I 2026-02-26 15:19:57,194] Trial 599 pruned. 
[I 2026-02-26 15:20:16,406] Trial 600 finished with value: 0.27781128959442847 and parameters: {'n_estimators': 1608, 'learning_rate': 0.18940894801553712, 'max_depth': 10, 'min_child_weight': 1, 'subsample': 0.7568671568464549, 'colsample_bytree': 0.6914654839465791, 'gamma': 0.01165344985576265, 'reg_alpha': 0.002385721858802005, 'reg_lambda': 4.012337156059661, 'scale_pos_weight': 12.446816169133744, 'max_delta_step': 9}. Best is trial 419 with value: 0.2704356493705395.
[I 2026-02-26 15:20:34,496] Trial 601 finished with value: 0.2787943609633147 and parameters: {'n_estimators': 1269, 'learning_rate': 0.16323752409374825, 'max_depth': 10, 'min_child_weight': 1, 'subsample': 0.7687687682902342, 'colsample_bytree': 0.714541725110708, 'gamma': 0.015964147742809413, 'reg_alpha': 0.0030510610016951417, 'reg_lambda': 0.8894609140574241, 'scale_pos_weight': 12.407254282158087, 'max_delta_step': 9}. Best is trial 419 with value: 0.2704356493705395.
[I 2026-02-26 15:20:52,308] Trial 602 pruned. 
[I 2026-02-26 15:21:09,873] Trial 603 pruned. 
[I 2026-02-26 15:21:28,649] Trial 604 pruned. 
[I 2026-02-26 15:21:54,849] Trial 605 pruned. 
[I 2026-02-26 15:22:13,167] Trial 606 pruned. 
[I 2026-02-26 15:22:31,220] Trial 607 pruned. 
[I 2026-02-26 15:22:50,429] Trial 608 pruned. 
[I 2026-02-26 15:23:09,089] Trial 609 pruned. 
[I 2026-02-26 15:23:33,388] Trial 610 pruned. 
[I 2026-02-26 15:23:56,596] Trial 611 finished with value: 0.28254779894235266 and parameters: {'n_estimators': 1419, 'learning_rate': 0.17738541472896185, 'max_depth': 10, 'min_child_weight': 1, 'subsample': 0.7472200747511981, 'colsample_bytree': 0.6906469091549127, 'gamma': 0.010695919263867343, 'reg_alpha': 0.4508303970277656, 'reg_lambda': 1.596980185586106, 'scale_pos_weight': 12.754674543741075, 'max_delta_step': 9}. Best is trial 419 with value: 0.2704356493705395.
[I 2026-02-26 15:24:33,846] Trial 612 pruned. 
[I 2026-02-26 15:24:51,049] Trial 613 finished with value: 0.27676086402459454 and parameters: {'n_estimators': 1447, 'learning_rate': 0.1849077145825088, 'max_depth': 10, 'min_child_weight': 1, 'subsample': 0.7671313734929288, 'colsample_bytree': 0.726731268935097, 'gamma': 0.01851848059692245, 'reg_alpha': 0.0755760285648608, 'reg_lambda': 2.7603755893839406, 'scale_pos_weight': 12.448732805618977, 'max_delta_step': 9}. Best is trial 419 with value: 0.2704356493705395.
[I 2026-02-26 15:25:08,914] Trial 614 pruned. 
[I 2026-02-26 15:25:26,788] Trial 615 pruned. 
[I 2026-02-26 15:25:44,901] Trial 616 finished with value: 0.2834283012250317 and parameters: {'n_estimators': 1779, 'learning_rate': 0.19985145129951692, 'max_depth': 10, 'min_child_weight': 1, 'subsample': 0.7404233818094519, 'colsample_bytree': 0.6878516200601753, 'gamma': 0.005675187253879024, 'reg_alpha': 0.07028839064445763, 'reg_lambda': 1.9704263744063628, 'scale_pos_weight': 13.126963777778021, 'max_delta_step': 10}. Best is trial 419 with value: 0.2704356493705395.
[I 2026-02-26 15:26:07,537] Trial 617 pruned. 
[I 2026-02-26 15:26:28,560] Trial 618 pruned. 
[I 2026-02-26 15:26:56,250] Trial 619 pruned. 
[I 2026-02-26 15:27:19,806] Trial 620 pruned. 
[I 2026-02-26 15:27:43,329] Trial 621 pruned. 
[I 2026-02-26 15:28:00,667] Trial 622 pruned. 
[I 2026-02-26 15:28:22,716] Trial 623 pruned. 
[I 2026-02-26 15:28:47,284] Trial 624 pruned. 
[I 2026-02-26 15:29:05,395] Trial 625 finished with value: 0.2806902500180928 and parameters: {'n_estimators': 1937, 'learning_rate': 0.16951677658028458, 'max_depth': 10, 'min_child_weight': 1, 'subsample': 0.7523373741800582, 'colsample_bytree': 0.6701976589691878, 'gamma': 0.010373324408674759, 'reg_alpha': 0.0691712218251152, 'reg_lambda': 0.030160777307395727, 'scale_pos_weight': 12.446593344187471, 'max_delta_step': 10}. Best is trial 419 with value: 0.2704356493705395.
[I 2026-02-26 15:29:31,204] Trial 626 pruned. 
[I 2026-02-26 15:29:49,276] Trial 627 finished with value: 0.27374152909117505 and parameters: {'n_estimators': 1971, 'learning_rate': 0.16211049956557302, 'max_depth': 10, 'min_child_weight': 1, 'subsample': 0.7325056577817879, 'colsample_bytree': 0.7048020327267223, 'gamma': 0.012513413242324592, 'reg_alpha': 0.09254181036772428, 'reg_lambda': 1.34801346949308, 'scale_pos_weight': 12.020402275144436, 'max_delta_step': 9}. Best is trial 419 with value: 0.2704356493705395.
[I 2026-02-26 15:30:11,590] Trial 628 pruned. 
[I 2026-02-26 15:30:34,336] Trial 629 pruned. 
[I 2026-02-26 15:30:49,463] Trial 630 pruned. 
[I 2026-02-26 15:31:18,501] Trial 631 pruned. 
[I 2026-02-26 15:31:37,270] Trial 632 pruned. 
[I 2026-02-26 15:32:08,763] Trial 633 pruned. 
[I 2026-02-26 15:32:33,905] Trial 634 pruned. 
[I 2026-02-26 15:32:53,250] Trial 635 finished with value: 0.2727724053902575 and parameters: {'n_estimators': 1928, 'learning_rate': 0.1748857389450918, 'max_depth': 10, 'min_child_weight': 1, 'subsample': 0.7414122489986034, 'colsample_bytree': 0.7376473925906065, 'gamma': 0.015151770573986976, 'reg_alpha': 0.0039042907934214405, 'reg_lambda': 2.2656932427110976, 'scale_pos_weight': 12.004095057979187, 'max_delta_step': 9}. Best is trial 419 with value: 0.2704356493705395.
[I 2026-02-26 15:33:17,119] Trial 636 pruned. 
{
  "study": "stage1_binary_xgb",
  "optimised_objective": "logloss",
  "best_value_logloss_mean": 0.2704356493705395,
  "best_params": {
    "n_estimators": 1924,
    "learning_rate": 0.19991258528434705,
    "max_depth": 10,
    "min_child_weight": 1,
    "subsample": 0.7503493410228762,
    "colsample_bytree": 0.713298320102487,
    "gamma": 0.03670185108822325,
    "reg_alpha": 0.11245392119200166,
    "reg_lambda": 0.7734763309283749,
    "scale_pos_weight": 12.00626010919463,
    "max_delta_step": 9
  },
  "n_trials": 637,
  "n_splits": 5,
  "holdout_race_ids_excluded": [
    2,
    24,
    53,
    73,
    75
  ],
  "sample_frac": 1.0,
  "max_races": 80,
  "early_stopping_rounds": 50
}
{
  "study": "stage1_binary_xgb",
  "task": "binary",
  "model": "xgb",
  "metrics": {
    "accuracy_mean": 0.9700365122825818,
    "accuracy_std": 0.009311841525573145,
    "precision_mean": 0.06312997347480107,
    "precision_std": 0.14116291210741377,
    "recall_mean": 0.07906976744186046,
    "recall_std": 0.17680537496509965,
    "f1_mean": 0.07020648967551622,
    "f1_std": 0.15698648337609145,
    "roc_auc_mean": 0.7725746750887535,
    "roc_auc_std": 0.0635183724256966,
    "pr_auc_mean": 0.16231138888020175,
    "pr_auc_std": 0.10254844454986062,
    "logloss_mean": 0.2704356493705395,
    "logloss_std": 0.07801254310032808
  }
}
Job finished at Thu 26 Feb 15:33:34 GMT 2026
