number,value,datetime_start,datetime_complete,duration,params_colsample_bynode,params_colsample_bytree,params_gamma,params_learning_rate,params_max_delta_step,params_max_depth,params_min_child_weight,params_n_estimators,params_reg_alpha,params_reg_lambda,params_subsample,state
0,1.4504644017158648,2026-02-26 10:30:16.670564,2026-02-26 10:30:17.310731,0 days 00:00:00.640167,0.5102922471479012,0.49359671220172163,0.0016574814321404089,0.22073847501468546,7,8,8,2622,2.9154431891537547,0.2537815508265665,0.6624074561769746,COMPLETE
1,1.4718847349942963,2026-02-26 10:30:17.359456,2026-02-26 10:30:17.781425,0 days 00:00:00.421969,0.569746930326021,0.5825453457757226,0.09607472904504577,0.16373618362840212,6,4,3,5838,0.05342937261279776,0.014618962793704957,0.6733618039413735,COMPLETE
2,1.5099425706317642,2026-02-26 10:30:17.809737,2026-02-26 10:30:18.432403,0 days 00:00:00.622666,0.5325257964926398,0.708540663048167,0.1730740052206907,0.05045404264694894,1,6,10,2177,0.0015339162591163618,0.26926469100861794,0.6798695128633439,COMPLETE
3,1.424556257755368,2026-02-26 10:30:18.459822,2026-02-26 10:30:19.378456,0 days 00:00:00.918634,0.954660201039391,0.8105398159072941,0.046021703974597504,0.2292141591553546,0,9,4,5724,0.003077180271250686,0.09565499215943825,0.6390688456025535,COMPLETE
4,1.4915212722943374,2026-02-26 10:30:19.428444,2026-02-26 10:30:19.827889,0 days 00:00:00.399445,0.7989499894055425,0.5109126733153162,4.605082062688904,0.10660002909195823,9,5,7,1997,1.2604664585649468,5.727904470799623,0.8186841117373118,COMPLETE
5,1.530554133557993,2026-02-26 10:30:19.854935,2026-02-26 10:30:20.619812,0 days 00:00:00.764877,0.7713480415791243,0.6332063738136893,0.010597359897577168,0.025009114059038544,3,4,1,5579,2.0651425578959257,0.026730883107816707,0.7301321323053057,COMPLETE
6,1.4724597025648476,2026-02-26 10:30:20.648015,2026-02-26 10:30:21.080555,0 days 00:00:00.432540,0.8856351733429728,0.5192294089205034,0.00104921234952132,0.1516938228816794,8,3,12,1361,1.8274508859816028,0.6720930050156113,0.908897907718663,COMPLETE
7,1.512329884939091,2026-02-26 10:30:21.107882,2026-02-26 10:30:21.605379,0 days 00:00:00.497497,0.8187787356776066,0.5985388149115896,0.0017383333435904498,0.04945778276026482,8,3,11,999,0.017535949529764425,0.01998634077852888,0.8493192507310232,COMPLETE
8,1.5166261211441865,2026-02-26 10:30:21.632542,2026-02-26 10:30:22.074311,0 days 00:00:00.441769,0.5127095633720475,0.7367663185416977,0.8181456298845706,0.06591849379162813,4,3,9,5391,0.09444574254983566,0.12329098365270515,0.9043140194467589,COMPLETE
9,1.5347104975962007,2026-02-26 10:30:22.102445,2026-02-26 10:30:23.561493,0 days 00:00:01.459048,0.5384899549143964,0.9445398843556558,0.00874709306557587,0.02165234728301358,2,8,4,1182,0.04380580767905655,1.0524574681335637,0.8034282764658811,COMPLETE
10,1.474840361909794,2026-02-26 10:30:23.589484,2026-02-26 10:30:24.749388,0 days 00:00:01.159904,0.9961645382030901,0.8727055573922242,0.023178822574896823,0.11191547212190461,0,10,5,4151,0.0011082662189295662,0.002442728047335309,0.6058694368028292,COMPLETE
11,1.4487724080321205,2026-02-26 10:30:24.776658,2026-02-26 10:30:25.304876,0 days 00:00:00.528218,0.6608835888001323,0.40688387123157765,0.0038886972837983385,0.2331612163593209,6,9,7,3616,0.3923317253983244,3.2019557753781323,0.6058494238249794,COMPLETE
12,1.4514997432106518,2026-02-26 10:30:25.331985,2026-02-26 10:30:25.868236,0 days 00:00:00.536251,0.6623109940799718,0.4109879894174396,0.03962286020471568,0.22296988125041078,5,10,6,3930,0.43996983454557703,9.941450502972586,0.6012833640851888,COMPLETE
13,1.4111112677552213,2026-02-26 10:30:25.895308,2026-02-26 10:30:26.495844,0 days 00:00:00.600536,0.6852173781514894,0.8068343901937017,0.389548304435648,0.24830862266081682,5,8,2,4629,0.008138797193848312,2.950153473585313,0.9861351784261821,COMPLETE
14,1.4647443925599632,2026-02-26 10:30:26.543079,2026-02-26 10:30:27.456747,0 days 00:00:00.913668,0.9897970344339229,0.8166201542486172,0.3838755285125211,0.13574788544155358,10,7,1,4602,0.005200241533691493,1.5346439219996872,0.9750244637464092,COMPLETE
15,1.3554715793995238,2026-02-26 10:30:27.486002,2026-02-26 10:30:27.889976,0 days 00:00:00.403974,0.6819045430610241,0.7992586345992553,1.256257266939165,0.2449033854892936,0,8,3,4803,0.00585623299739553,0.05444235109506556,0.7471035706853821,PRUNED
16,1.37523058448637,2026-02-26 10:30:27.924399,2026-02-26 10:30:29.312886,0 days 00:00:01.388487,0.9095336881172503,0.9967843558615458,0.18933617741905154,0.0921483634794451,3,9,2,4992,0.007272615664828961,0.00541030094608756,0.9990821294012937,PRUNED
17,1.311473985742235,2026-02-26 10:30:29.337203,2026-02-26 10:30:29.708349,0 days 00:00:00.371146,0.7203975139424706,0.8676569213870072,2.103231277919205,0.17537691585948356,2,7,5,3149,9.22802547085717,0.29934769830217006,0.9189991401785472,PRUNED
18,1.316711817343827,2026-02-26 10:30:29.733172,2026-02-26 10:30:30.628636,0 days 00:00:00.895464,0.6056838903648984,0.7635307961687846,0.04337993957618944,0.082616540021539,4,9,3,5990,0.01741723707487805,0.05020357017117321,0.743367171576041,PRUNED
19,1.2826595483017924,2026-02-26 10:30:30.658572,2026-02-26 10:30:31.530089,0 days 00:00:00.871517,0.8666308315717826,0.6561447892754574,0.38220421249228115,0.03021345694294405,1,6,5,4347,0.0026465747469632214,2.3084513669689963,0.867324066366202,PRUNED
20,1.4059187739783234,2026-02-26 10:30:31.553886,2026-02-26 10:30:32.857654,0 days 00:00:01.303768,0.9453861731338347,0.9093978833523597,0.0852525071220933,0.17968304219145542,6,10,2,5156,0.017835202159982307,0.006584096875390881,0.9530035525559158,PRUNED
21,1.2973471743205656,2026-02-26 10:30:32.899328,2026-02-26 10:30:33.485317,0 days 00:00:00.585989,0.6339351509558141,0.8200653814084076,0.005548567661161322,0.249304272719658,6,9,7,3617,0.35482992172539135,3.55300680006998,0.6382406434173492,PRUNED
22,1.4752621412439826,2026-02-26 10:30:33.512231,2026-02-26 10:30:34.190147,0 days 00:00:00.677916,0.7208889696810122,0.42349034083321246,0.003907035323986749,0.13435048371575364,5,9,6,3521,0.43811211521475035,0.7263933365825801,0.7007696599630043,COMPLETE
23,1.3789867681055237,2026-02-26 10:30:34.218861,2026-02-26 10:30:34.781295,0 days 00:00:00.562434,0.7001695086539517,0.6726510922828237,0.5028158673430752,0.20163783077066613,7,8,4,2817,0.1844745858293252,0.1322886703717382,0.6315536357344026,PRUNED
24,1.4300426903821664,2026-02-26 10:30:34.808332,2026-02-26 10:30:35.462992,0 days 00:00:00.654660,0.6235622205633345,0.7521060457555294,0.01544129113557836,0.18951697747697188,4,7,8,4425,0.0025803783051645715,3.7198941686836196,0.7737014117604041,COMPLETE
25,1.265045056158576,2026-02-26 10:30:35.493237,2026-02-26 10:30:36.059630,0 days 00:00:00.566393,0.5849723158073615,0.7661981102981441,0.01908345056897743,0.12630752837326412,4,7,9,4406,0.0021978975985776157,0.47457808583286293,0.7869761114504635,PRUNED
26,1.3253773132372613,2026-02-26 10:30:36.085187,2026-02-26 10:30:36.730682,0 days 00:00:00.645495,0.7554378125322863,0.8574452817544924,0.14981530744963015,0.1826437903832286,3,6,2,5284,0.003674628070634474,5.282427095081417,0.7818188261601787,PRUNED
27,1.289044550963479,2026-02-26 10:30:36.754317,2026-02-26 10:30:37.340508,0 days 00:00:00.586191,0.6291430289617619,0.7203102715372958,0.03903753686722125,0.15601547529505347,2,7,4,4727,0.010396844974425194,9.86249395889305,0.8389042065105683,PRUNED
28,1.2962990623417299,2026-02-26 10:30:37.364924,2026-02-26 10:30:38.218372,0 days 00:00:00.853448,0.833039676093771,0.7727688827083856,0.020371310587542105,0.05937452194704538,1,8,8,5631,0.0010515605902381823,1.5555387652754873,0.8722849256902541,PRUNED
29,1.2938286158740846,2026-02-26 10:30:38.242565,2026-02-26 10:30:38.903773,0 days 00:00:00.661208,0.7863716560575621,0.9337922853291007,0.05162032954325828,0.20386967031685704,7,8,9,4002,0.034410435136985267,0.07953213985462491,0.7042256138489096,PRUNED
30,1.3257228024234828,2026-02-26 10:30:38.927574,2026-02-26 10:30:39.577930,0 days 00:00:00.650356,0.949505708295669,0.8232590104150003,0.010421167639525896,0.1927798123533577,5,7,8,4852,0.002831185473695894,0.18467261911894137,0.7658781983016548,PRUNED
31,1.434722607340486,2026-02-26 10:30:39.601490,2026-02-26 10:30:40.192417,0 days 00:00:00.590927,0.6784597648255047,0.4702108436067257,0.003925818699534383,0.2469422076405499,6,9,8,3202,0.7401294177445195,3.0096361338449817,0.6458230359485808,COMPLETE
32,1.4380370606984552,2026-02-26 10:30:40.221616,2026-02-26 10:30:40.752984,0 days 00:00:00.531368,0.7324846575587126,0.46065502617682524,0.0023169436095525314,0.24956398793111212,5,9,10,2982,4.935066335447134,1.9060406253699949,0.6507090183735171,COMPLETE
33,1.2900327412943495,2026-02-26 10:30:40.781279,2026-02-26 10:30:41.357411,0 days 00:00:00.576132,0.6294032759171017,0.5648779131652664,0.014713870511565466,0.15543697644606225,8,10,8,2551,0.010879230654381879,0.3694810344223633,0.6737777300850628,PRUNED
34,1.2788090198187176,2026-02-26 10:30:41.388868,2026-02-26 10:30:41.818339,0 days 00:00:00.429471,0.559057300200795,0.6948796504220902,0.005703001684298562,0.20694473080733236,6,5,6,2406,0.7648226846537608,0.9977832459820094,0.7070063916051883,PRUNED
35,1.2585335028021025,2026-02-26 10:30:41.859767,2026-02-26 10:30:42.798823,0 days 00:00:00.939056,0.6918863347442601,0.7335172607789177,0.13114941453587872,0.036876448829210706,4,8,10,1707,0.0017038504442763891,4.560291621478695,0.6897551936745813,PRUNED
36,1.3240148338663449,2026-02-26 10:30:42.823982,2026-02-26 10:30:43.433509,0 days 00:00:00.609527,0.606433176105078,0.6066475921943538,0.22399992126854004,0.21317787378668845,7,9,1,5714,0.14398056247934338,6.7731570632387035,0.6568096477208566,PRUNED
37,1.2972185882064706,2026-02-26 10:30:43.460766,2026-02-26 10:30:43.789709,0 days 00:00:00.328943,0.6668881295435852,0.7821504349984598,5.709828547620313,0.1620414513718229,9,5,7,3338,0.004340353727436267,2.8985233057281805,0.7177957736028768,PRUNED
38,1.2723180878779177,2026-02-26 10:30:43.816376,2026-02-26 10:30:44.406238,0 days 00:00:00.589862,0.7503800898830996,0.8417503625739059,0.057423482133281335,0.10609813583730594,3,6,12,3780,0.023933288416170723,0.0338612441250434,0.6349446502363327,PRUNED
39,1.2671508169221903,2026-02-26 10:30:44.430264,2026-02-26 10:30:45.034132,0 days 00:00:00.603868,0.8162856286978646,0.5286022674032342,0.0011249507534995744,0.14396733210518037,6,8,9,4214,0.07214439423427575,0.23678071607911666,0.8101534076146533,PRUNED
40,1.3829612922454015,2026-02-26 10:30:45.058909,2026-02-26 10:30:45.917618,0 days 00:00:00.858709,0.5933906579474496,0.8922097349826245,0.030760562977530662,0.17176766422574674,4,10,3,656,0.009161649752229125,0.013155978354524178,0.8322518033879251,PRUNED
41,1.4365581999661436,2026-02-26 10:30:45.939719,2026-02-26 10:30:46.421200,0 days 00:00:00.481481,0.7176376251831728,0.4346273480765725,0.002194140256500076,0.24870102346196865,5,9,11,2949,5.157299228210223,1.8700048361552566,0.6473898673451278,COMPLETE
42,1.4473222382809305,2026-02-26 10:30:46.450152,2026-02-26 10:30:46.950867,0 days 00:00:00.500715,0.6467862448470988,0.46679668166565513,0.0025233991924397915,0.22073619154680646,5,9,11,1976,4.591618287042977,1.1452043430832783,0.675340847804414,COMPLETE
43,1.4488504188803608,2026-02-26 10:30:46.977657,2026-02-26 10:30:47.526694,0 days 00:00:00.549037,0.7070066577053904,0.5491056822986606,0.0064687325232452965,0.19265715522245763,5,8,11,2854,1.0570157500329909,0.5611729461677453,0.6312863606679596,COMPLETE
44,1.274051773134251,2026-02-26 10:30:47.555938,2026-02-26 10:30:48.157750,0 days 00:00:00.601812,0.7828288824025794,0.4873315908024605,0.0014687301581267683,0.22491375045790543,8,9,4,3345,2.1622128936249,7.064393239651715,0.6594054432656586,PRUNED
45,1.2639867952343773,2026-02-26 10:30:48.182322,2026-02-26 10:30:48.616780,0 days 00:00:00.434458,0.6717341655783762,0.4479668188046604,0.0028042716813371747,0.24933224812693122,6,10,11,5497,9.439531292584244,3.926130495109713,0.9317874729767939,PRUNED
46,1.2771503585062889,2026-02-26 10:30:48.642039,2026-02-26 10:30:49.121282,0 days 00:00:00.479243,0.5649605632256954,0.74832915166367,0.014845137886046193,0.22026490922645567,0,8,7,2442,3.592996400176789,2.2698335587463294,0.7310866533364405,PRUNED
47,1.2658230997259923,2026-02-26 10:30:49.144834,2026-02-26 10:30:49.697229,0 days 00:00:00.552395,0.761982673009093,0.625743854716112,0.008250489684828301,0.12143838382785167,3,7,10,5129,0.001474738404850673,0.837022464396942,0.6112973452626226,PRUNED
48,1.3439786287800777,2026-02-26 10:30:49.720735,2026-02-26 10:30:50.075020,0 days 00:00:00.354285,0.735108529470057,0.704938468543174,2.572214566096164,0.18837713515420698,7,9,2,3122,0.2147107601226063,1.4073960883179764,0.8799440277197816,PRUNED
49,1.4652071681413297,2026-02-26 10:30:50.099980,2026-02-26 10:30:50.551341,0 days 00:00:00.451361,0.5084416146429471,0.4998038672604251,0.003922079566234863,0.16816686086575158,4,4,5,4508,1.4268278520262836,0.0015323092480055778,0.6172939029239481,COMPLETE
50,1.2467532235110257,2026-02-26 10:30:50.578684,2026-02-26 10:30:51.323998,0 days 00:00:00.745314,0.855384839818619,0.4340404532159588,0.06740543248269312,0.04671377959627994,9,10,9,2109,0.0037203284763789642,2.630821249174383,0.6879246755780514,PRUNED
51,1.4400342442251444,2026-02-26 10:30:51.348507,2026-02-26 10:30:51.878666,0 days 00:00:00.530159,0.7308111072330226,0.45788052679844715,0.0017512636529786634,0.24594231484350865,5,9,10,3041,5.2820192277077345,1.9490971761863223,0.6496885926560036,COMPLETE
52,1.4460579428026983,2026-02-26 10:30:51.907664,2026-02-26 10:30:52.403368,0 days 00:00:00.495704,0.6811074962337395,0.47921266107921384,0.0023454331028573455,0.22718577656982344,5,9,12,2855,2.755812746974285,4.898934997467605,0.6523007187144775,COMPLETE
53,1.2660546919509608,2026-02-26 10:30:52.430356,2026-02-26 10:30:52.979996,0 days 00:00:00.549640,0.6493143623494342,0.7950851322305833,0.001017067127799443,0.22986138480722698,4,8,8,3699,0.7265384804221641,1.6114340814764885,0.6183226280929138,PRUNED
54,1.4525885535160614,2026-02-26 10:30:53.003716,2026-02-26 10:30:53.494701,0 days 00:00:00.490985,0.7051181676734298,0.5117912139223142,0.004462861392574662,0.21374613632822717,6,9,10,3427,7.618576098960526,2.9920556773351974,0.6427832609763536,COMPLETE
55,1.282910941671129,2026-02-26 10:30:53.523055,2026-02-26 10:30:53.917765,0 days 00:00:00.394710,0.74156838356632,0.41129268891879023,0.10025332664602403,0.24917259916766793,5,9,8,4007,4.775413622344384,0.08738464546201251,0.6686647979165261,PRUNED
56,1.4651692760113675,2026-02-26 10:30:53.943313,2026-02-26 10:30:54.499983,0 days 00:00:00.556670,0.7188994903496446,0.44619212120934304,0.002985241348413189,0.19850324540382408,6,10,11,2748,6.0423693604149875,9.945885370569876,0.9896482441455315,COMPLETE
57,1.2507402157362821,2026-02-26 10:30:54.529089,2026-02-26 10:30:55.171256,0 days 00:00:00.642167,0.6162393673387195,0.5328992613633361,0.0018270681321664534,0.1446585219299879,3,8,1,3114,2.4234971880490512,0.47314798568234795,0.7462459102946987,PRUNED
58,1.2858070782496573,2026-02-26 10:30:55.196053,2026-02-26 10:30:55.724200,0 days 00:00:00.528147,0.6866206527633943,0.6788232629752643,0.7957789033889855,0.07653520271114118,2,7,6,5917,0.005926943066255081,7.053485158079359,0.6275909603986098,PRUNED
59,1.241102661101575,2026-02-26 10:30:55.749537,2026-02-26 10:30:56.315344,0 days 00:00:00.565807,0.6527644903377237,0.8374118129457617,0.256497640457902,0.177446616679793,0,9,10,3892,1.6488276384994092,0.16687981202245605,0.6007095009256744,PRUNED
60,1.2462113530456957,2026-02-26 10:30:56.340295,2026-02-26 10:30:56.920914,0 days 00:00:00.580619,0.8013789748089334,0.40103694605926027,0.014325422942372292,0.09874646797935027,5,8,7,5345,3.58689636742549,1.1888225908613599,0.8956200545444426,PRUNED
61,1.446792183434157,2026-02-26 10:30:56.945811,2026-02-26 10:30:57.437786,0 days 00:00:00.491975,0.7351847439576674,0.46552239664053957,0.0016206507825591776,0.23816737788988657,5,9,10,2985,6.335031321785844,2.0107471659080622,0.6469405585836563,COMPLETE
62,1.4420791568748077,2026-02-26 10:30:57.464798,2026-02-26 10:30:57.963031,0 days 00:00:00.498233,0.7216457335334429,0.4442395540843936,0.002202055311385926,0.24601526202710952,4,9,11,3234,3.6612681568881618,1.8792251915926614,0.6702429573303458,COMPLETE
63,1.2596767446876738,2026-02-26 10:30:57.991967,2026-02-26 10:30:58.667469,0 days 00:00:00.675502,0.783115023290262,0.7987732721908002,0.028700787887621218,0.2063956084824284,5,10,9,2647,1.0749794028935655,3.8791577901445136,0.6886729379414913,PRUNED
64,1.4438203378357295,2026-02-26 10:30:58.692909,2026-02-26 10:30:59.302586,0 days 00:00:00.609677,0.7689608928109108,0.4696849514085738,0.007480817219019704,0.19004367239270978,6,9,12,3506,0.0020086839135317253,2.209053955466352,0.9472988755968577,COMPLETE
65,1.275791141493457,2026-02-26 10:30:59.330730,2026-02-26 10:30:59.798263,0 days 00:00:00.467533,0.7013196967740911,0.4206561684092499,0.0033069944894407047,0.22744140420218695,1,8,9,3013,0.2615828431109124,0.04942831999135275,0.7613906461756894,PRUNED
66,1.2852077837331208,2026-02-26 10:30:59.822161,2026-02-26 10:31:00.506550,0 days 00:00:00.684389,0.9142678703177431,0.7513597418704101,0.0012795698136396543,0.2058636085502752,6,9,10,2304,0.0026178239675319903,0.8360179977289386,0.6223771822825752,PRUNED
67,1.2793942946340204,2026-02-26 10:31:00.532231,2026-02-26 10:31:01.249299,0 days 00:00:00.717068,0.9742318880284666,0.5045905101500736,0.0016720855984392168,0.23449754200184522,7,10,4,4194,0.0013337906528331812,3.414477445803609,0.72078675902154,PRUNED
68,1.2559079708035321,2026-02-26 10:31:01.275006,2026-02-26 10:31:01.919322,0 days 00:00:00.644316,0.7179591876807757,0.7254331465726025,0.00495527055264642,0.17998162506087226,4,8,8,4974,0.7796155415805848,5.679688048975603,0.6451675511328173,PRUNED
69,1.5223433361833856,2026-02-26 10:31:01.945780,2026-02-26 10:31:03.136089,0 days 00:00:01.190309,0.5323691182787437,0.5801371053271225,0.010722996033783154,0.02249224585585945,5,9,10,4650,0.10519961150860485,0.3485301535490607,0.6873724599639205,COMPLETE
70,1.2521423848806346,2026-02-26 10:31:03.165301,2026-02-26 10:31:03.613656,0 days 00:00:00.448355,0.6733692804319258,0.4562515256218562,0.002008905613416259,0.16101836469970476,6,7,11,2642,0.007412701808093166,1.3635664276659447,0.6623432744144422,PRUNED
71,1.4442124100437475,2026-02-26 10:31:03.639463,2026-02-26 10:31:04.142931,0 days 00:00:00.503468,0.7377298825768512,0.43670616596021483,0.002019185088831612,0.24951683759938081,4,9,11,3196,4.34350987245995,1.8296322575775943,0.6687161144742741,COMPLETE
72,1.2549602982862575,2026-02-26 10:31:04.171627,2026-02-26 10:31:04.552904,0 days 00:00:00.381277,0.7246840384428215,0.48703676674158064,0.003025249693751993,0.2342782792623905,5,9,12,3229,9.889796910325476,0.6243384433195542,0.6532648159383107,PRUNED
73,1.2425845221489709,2026-02-26 10:31:04.578588,2026-02-26 10:31:05.021543,0 days 00:00:00.442955,0.6945985876555556,0.42835879972579716,0.0012929857219093927,0.21257336469910862,3,10,5,2987,6.615517916410332,2.6581623226974145,0.7905464625061724,PRUNED
74,1.334030787524325,2026-02-26 10:31:05.046693,2026-02-26 10:31:05.841887,0 days 00:00:00.795194,0.7544293194693323,0.7853724429437221,0.0023126284858396187,0.194278729031648,4,9,3,3575,1.8732145206900417,0.912024077273344,0.6984618790178406,PRUNED
75,1.2530244295004707,2026-02-26 10:31:05.867716,2026-02-26 10:31:06.408653,0 days 00:00:00.540937,0.6327936617249674,0.8089390631131551,0.004266182424018665,0.23798714228134588,4,8,11,3329,2.8290584348974885,1.8411301727079226,0.6757145174481305,PRUNED
76,1.3070150786174637,2026-02-26 10:31:06.445243,2026-02-26 10:31:07.085727,0 days 00:00:00.640484,0.6581231510734198,0.8575131780392397,0.006358514915629472,0.21222081778679744,4,9,9,3760,3.3971739977376334,0.1166885740411624,0.8539068458171699,PRUNED
77,1.4440608496141105,2026-02-26 10:31:07.110440,2026-02-26 10:31:07.599006,0 days 00:00:00.488566,0.7135530572505282,0.4574545928291554,0.10740692501893483,0.21950873557342174,5,8,6,2904,5.399717746198599,4.510369802916315,0.6357033456296837,COMPLETE
78,1.3584564950234956,2026-02-26 10:31:07.627739,2026-02-26 10:31:08.282040,0 days 00:00:00.654301,0.8005559285195454,0.8827018254062484,0.02946932524806078,0.2493693071820094,7,6,2,2457,0.012652190355567883,7.613093082043909,0.6125285848005608,PRUNED
79,1.2413015180474423,2026-02-26 10:31:08.305111,2026-02-26 10:31:09.013986,0 days 00:00:00.708875,0.6831539225797403,0.5318779249439938,0.0034016315533471385,0.05797787723520321,6,10,12,4358,0.032966339527776584,0.059794294508398085,0.7154660850217611,PRUNED
80,1.2387183843081795,2026-02-26 10:31:09.040936,2026-02-26 10:31:09.517684,0 days 00:00:00.476748,0.7705871440891271,0.4426239655716996,0.01048620099201952,0.19801123386688804,2,8,11,5758,7.486696860280341,3.2783045640885238,0.8270092816870854,PRUNED
81,1.2884059321499024,2026-02-26 10:31:09.543929,2026-02-26 10:31:10.109728,0 days 00:00:00.565799,0.8963567257753098,0.4720555550566114,0.007363106190199514,0.18951966004854795,6,9,12,3542,0.0024542611652406568,2.319107635395124,0.9430310219168475,PRUNED
82,1.2456882813164967,2026-02-26 10:31:10.137958,2026-02-26 10:31:10.673264,0 days 00:00:00.535306,0.7723765133595734,0.49479856769312797,0.0048939464229265164,0.1729111345648942,5,9,11,3383,0.001998043196013189,1.1842067854834102,0.967789332078157,PRUNED
83,1.2749545084770006,2026-02-26 10:31:10.698167,2026-02-26 10:31:11.196192,0 days 00:00:00.498025,0.727416626155541,0.4748698939402269,0.0025167009475528654,0.23074958389558572,10,9,12,2740,0.003342797208082216,2.108737850340955,0.9674945036487133,PRUNED
84,1.273163314273656,2026-02-26 10:31:11.219576,2026-02-26 10:31:11.648860,0 days 00:00:00.429284,0.5851667326639136,0.41614076570498054,0.008610395523683312,0.21726304599947133,5,9,12,3491,0.0049759221653874275,4.221231102317093,0.9913649970320101,PRUNED
85,1.2457318736049616,2026-02-26 10:31:11.673872,2026-02-26 10:31:12.311452,0 days 00:00:00.637580,0.7427284350149392,0.5547704300906997,0.0012863979287311175,0.1888501438498093,8,10,10,4048,0.0013537487382246354,1.6069252054967424,0.953327823807037,PRUNED
86,1.289684274402305,2026-02-26 10:31:12.335249,2026-02-26 10:31:12.861796,0 days 00:00:00.526547,0.8420346808884343,0.512855721816518,0.022318464207500405,0.23637183037765921,6,9,8,3103,0.5717190336707596,2.7559875357646333,0.664107933032664,PRUNED
87,1.3831767398250085,2026-02-26 10:31:12.887113,2026-02-26 10:31:14.072982,0 days 00:00:01.185869,0.9283501827635801,0.9846076307592495,0.01272827756783613,0.1469715302856464,7,8,3,4826,0.0019095513737111256,0.022399434619336783,0.9161332321810313,PRUNED
88,1.2669690877968514,2026-02-26 10:31:14.097785,2026-02-26 10:31:14.695674,0 days 00:00:00.597889,0.61769995014539,0.8286662760252959,0.01686128098092121,0.20316398938029623,3,9,11,3842,0.0031667314046552367,5.358034526167609,0.9998491734493935,PRUNED
89,1.4261879159507695,2026-02-26 10:31:14.723165,2026-02-26 10:31:15.190700,0 days 00:00:00.467535,0.7614198863981231,0.7642484191616401,2.96650998865862,0.18115366055653648,5,8,11,5172,0.0011008805564734245,1.3744242019401078,0.6287272097746596,COMPLETE
90,1.2727633850456985,2026-02-26 10:31:15.218938,2026-02-26 10:31:15.586947,0 days 00:00:00.368009,0.871922226040335,0.7602156701671883,2.6330660603196447,0.22189135028115867,5,7,10,5481,0.0010090017649914689,0.6899348764059381,0.6251515440475415,PRUNED
91,1.2536382959201655,2026-02-26 10:31:15.612679,2026-02-26 10:31:16.010672,0 days 00:00:00.397993,0.7657840451846685,0.7715953693822413,1.593319349841739,0.18148426247715854,6,8,11,5065,0.00120186111270403,1.3432808435261627,0.6486296834116339,PRUNED
92,1.2583819043265962,2026-02-26 10:31:16.034566,2026-02-26 10:31:16.509547,0 days 00:00:00.474981,0.8177984978196342,0.7445018914416662,0.6883637418717413,0.23627805552213865,6,9,12,4480,0.0017807670997868881,2.350611827894282,0.6352326753599554,PRUNED
93,1.2445348562866447,2026-02-26 10:31:16.535045,2026-02-26 10:31:17.407093,0 days 00:00:00.872048,0.7082132550897816,0.8087535510260884,0.4089585772342394,0.030222122635959865,4,6,10,5191,3.859862487930853,3.6093647594596643,0.6084542493968909,PRUNED
94,1.2599111884271461,2026-02-26 10:31:17.433546,2026-02-26 10:31:17.775671,0 days 00:00:00.342125,0.6915663459644668,0.4568235647386822,4.249783103231152,0.16609164130099205,5,9,11,3263,0.004329904213832122,1.794649132905176,0.6394102356875401,PRUNED
95,1.3071551921417575,2026-02-26 10:31:17.800561,2026-02-26 10:31:18.421683,0 days 00:00:00.621122,0.6431546545349652,0.7897776330695656,0.005912134770394877,0.12936446409628427,5,8,11,5549,0.0015523026315284378,1.0022788244687857,0.9797942631297278,PRUNED
96,1.331557307803492,2026-02-26 10:31:18.446152,2026-02-26 10:31:19.015753,0 days 00:00:00.569601,0.749995145273246,0.7195764552445464,0.27005353632811696,0.20647041478723385,6,7,7,4915,0.002212671105239153,2.9409727693212075,0.6605106214004409,PRUNED
97,1.2511381861437532,2026-02-26 10:31:19.040624,2026-02-26 10:31:19.386027,0 days 00:00:00.345403,0.6742223624069164,0.429492248291739,1.0115992674309902,0.24699939118374892,1,9,1,4705,7.972733514086739,6.221592276646204,0.7691509639053651,PRUNED
98,1.2751604638399865,2026-02-26 10:31:19.410242,2026-02-26 10:31:20.011633,0 days 00:00:00.601391,0.7301889425410011,0.6951677963433434,0.051002717274417075,0.22139435880400166,4,10,9,3636,2.4657214501921145,8.437478725499204,0.6819247751360186,PRUNED
99,1.432885755206471,2026-02-26 10:31:20.036242,2026-02-26 10:31:20.572528,0 days 00:00:00.536286,0.6622723190877287,0.6441889874504019,0.0034598588097363827,0.18842536327480963,5,5,10,5214,0.0066721536482319335,0.19140964425978949,0.62042521107109,COMPLETE
100,1.4510656831010298,2026-02-26 10:31:20.600358,2026-02-26 10:31:21.136138,0 days 00:00:00.535780,0.6654496403353423,0.661116153059166,0.001527179638959293,0.15746405330810406,5,5,10,5309,0.006635136578825414,0.2187457195105857,0.6191356488394538,COMPLETE
101,1.4552295582600956,2026-02-26 10:31:21.165159,2026-02-26 10:31:21.636232,0 days 00:00:00.471073,0.7011947110597528,0.48943625862410783,0.0034375647950065005,0.1843087658499489,4,4,10,5938,0.0041829592733248835,0.012575042875303009,0.6283936456306526,COMPLETE
102,1.2608153078074533,2026-02-26 10:31:21.664112,2026-02-26 10:31:22.039710,0 days 00:00:00.375598,0.6824387220536309,0.638862136495974,0.0021260450221603413,0.19591054361453464,5,4,9,5636,0.0031727529984481016,0.14922605133352126,0.6429629524127146,PRUNED
103,1.4448861228004337,2026-02-26 10:31:22.064840,2026-02-26 10:31:22.498851,0 days 00:00:00.434011,0.6414218231039038,0.4439367793461631,0.003953573598664964,0.21260628967196155,5,5,11,5240,0.014880206381103482,1.5035782690323094,0.6535996179895956,COMPLETE
104,1.2384820147140163,2026-02-26 10:31:22.525625,2026-02-26 10:31:22.974531,0 days 00:00:00.448906,0.7926724275614927,0.4110230913023531,0.0028271706075477963,0.22922151567852236,6,7,10,4566,0.008700630454322284,0.0704131901673045,0.8920593032421823,PRUNED
105,1.2602223747317138,2026-02-26 10:31:23.010883,2026-02-26 10:31:23.592057,0 days 00:00:00.581174,0.712469311842876,0.46458092799360584,0.004951817782011729,0.16995593871148423,5,9,2,5428,5.327541400260849,0.47334309949027364,0.6057603611857716,PRUNED
106,1.2518347098944695,2026-02-26 10:31:23.617462,2026-02-26 10:31:24.014083,0 days 00:00:00.396621,0.620766482166298,0.850837081263947,0.0019163859062735873,0.23936440972565312,6,3,12,5812,1.4957343686794615,2.0427299303636244,0.6676527756384878,PRUNED
107,1.3228996111873812,2026-02-26 10:31:24.041254,2026-02-26 10:31:24.813046,0 days 00:00:00.771792,0.6548880170269503,0.8126759596431417,0.0383024116582821,0.11651848769906821,4,9,5,3054,0.023560548193855238,0.04245416543329031,0.628862132944873,PRUNED
108,1.268156172114531,2026-02-26 10:31:24.839234,2026-02-26 10:31:25.425884,0 days 00:00:00.586650,0.7458151003875544,0.7356101224560172,0.007607863785967508,0.20100196847318744,3,9,9,5062,3.290064848768785,2.4911057047230667,0.6166429520622226,PRUNED
109,1.2650100936884483,2026-02-26 10:31:25.450785,2026-02-26 10:31:26.151781,0 days 00:00:00.700996,0.7229968593152241,0.779754408051605,0.0713568447999039,0.13914310780748337,7,8,11,2774,0.0056112034624371315,0.10010434945982744,0.7336139565643668,PRUNED
110,1.2914781548335708,2026-02-26 10:31:26.181041,2026-02-26 10:31:26.799833,0 days 00:00:00.618792,0.5993969319097915,0.7575906255057201,0.0024889606457342644,0.22337074679723748,5,6,3,2898,4.2465501364300176,1.1705251915978834,0.6965367632224926,PRUNED
111,1.262206447176181,2026-02-26 10:31:26.823845,2026-02-26 10:31:27.216699,0 days 00:00:00.392854,0.7133781440628855,0.4498879178362758,0.17253869904601302,0.2183608677152726,5,8,6,2581,4.843193846022192,4.39103133037552,0.6381108648604136,PRUNED
112,1.4206629645241229,2026-02-26 10:31:27.239981,2026-02-26 10:31:27.788713,0 days 00:00:00.548732,0.7585761835691458,0.5221188789804629,0.0011219742357027333,0.24706413901834176,4,8,5,2969,5.488468304843989,3.470411619003025,0.6470407245744598,COMPLETE
113,1.2367434631438707,2026-02-26 10:31:27.814878,2026-02-26 10:31:28.267972,0 days 00:00:00.453094,0.7574255154603056,0.48472606653085143,0.0011201930271632604,0.24506591651910023,4,8,4,3233,6.740873056079556,3.477575257433048,0.6520987376247078,PRUNED
114,1.2799263404984182,2026-02-26 10:31:28.291690,2026-02-26 10:31:28.851930,0 days 00:00:00.560240,0.6989793704158316,0.5252233312205745,0.003559107149147027,0.23184406980507366,4,9,5,3452,0.002550844941744111,3.016926740461369,0.6449546715205984,PRUNED
115,1.2713795671900352,2026-02-26 10:31:28.878435,2026-02-26 10:31:29.520679,0 days 00:00:00.642244,0.985775692920205,0.6116395216667015,0.0015182666024695615,0.20868003627332304,5,8,7,2942,2.108391687207823,1.9315864296944274,0.6787648350667066,PRUNED
116,1.2433648566432434,2026-02-26 10:31:29.545187,2026-02-26 10:31:30.082775,0 days 00:00:00.537588,0.7757702411745641,0.5023302300637246,0.0018250663961257396,0.24861180164223406,0,7,4,3161,0.061533687708437416,5.165445766857217,0.6585540961407081,PRUNED
117,1.239660123138728,2026-02-26 10:31:30.108516,2026-02-26 10:31:30.695328,0 days 00:00:00.586812,0.7340748594163451,0.5847252871886068,0.0012892028295633643,0.08345577405992342,3,9,6,2295,7.907931613835628,1.684685941953856,0.6274671520937456,PRUNED
118,1.2369228557402983,2026-02-26 10:31:30.720700,2026-02-26 10:31:31.219415,0 days 00:00:00.498715,0.6712601164123208,0.4285912284045718,0.0026311731042366233,0.18918526703732946,4,9,8,2725,0.13508063697992356,3.80731262746137,0.6009881605303737,PRUNED
119,1.4172013717958154,2026-02-26 10:31:31.245082,2026-02-26 10:31:31.823447,0 days 00:00:00.578365,0.5522501931282466,0.4648745705684691,0.002226954231203431,0.23298496095498747,6,9,12,1780,0.0011948986659971405,0.7939597059219441,0.813391288041634,COMPLETE
120,1.2359236707514747,2026-02-26 10:31:31.852406,2026-02-26 10:31:32.585457,0 days 00:00:00.733051,0.5311367446166142,0.6788132732667271,0.0010638705373865452,0.04382488967598608,5,8,10,1196,0.001215999408983801,1.336821174628877,0.808743791639934,PRUNED
121,1.2568033662435867,2026-02-26 10:31:32.619541,2026-02-26 10:31:33.082665,0 days 00:00:00.463124,0.5543931741204334,0.47750015842746496,0.002047726808479828,0.2371709413584192,6,9,12,4286,0.0015812432049515104,0.8573659296606911,0.9297241382388459,PRUNED
122,1.2355669940675893,2026-02-26 10:31:33.106979,2026-02-26 10:31:33.533260,0 days 00:00:00.426281,0.5477630773272383,0.4691819658007615,0.0016118375469699872,0.24988827009386833,6,9,12,1633,0.0022100379110546672,2.9026725885712734,0.8615960817122403,PRUNED
123,1.438564212289858,2026-02-26 10:31:33.558670,2026-02-26 10:31:34.142038,0 days 00:00:00.583368,0.759710217631424,0.4386710379126596,0.002941171047041029,0.22445056391354645,6,9,12,1982,0.2807264555757244,2.2867953126559764,0.6703500949200947,COMPLETE
124,1.4311364652302223,2026-02-26 10:31:34.171091,2026-02-26 10:31:34.667691,0 days 00:00:00.496600,0.5822165681015803,0.4017197094329144,0.0030174648561156316,0.226131277072789,5,9,11,2014,0.22563204958279023,2.2735365116984205,0.6498256168626753,COMPLETE
125,1.4463969644169918,2026-02-26 10:31:34.698671,2026-02-26 10:31:35.197098,0 days 00:00:00.498427,0.57657615348758,0.42030512559598804,0.0028463670537667964,0.22597786623090774,7,9,11,1949,0.2131930596242535,0.2787496251788627,0.6358801515523169,COMPLETE
126,1.4523798622362671,2026-02-26 10:31:35.225671,2026-02-26 10:31:35.703339,0 days 00:00:00.477668,0.5234071160876141,0.40482031439871513,0.12003677898494107,0.21482292003504935,6,10,12,1824,0.09004375481162998,1.4638107186695766,0.656305454400692,COMPLETE
127,1.2342747113346222,2026-02-26 10:31:35.737083,2026-02-26 10:31:36.191037,0 days 00:00:00.453954,0.5873457855974676,0.4368427294001236,0.0046170742224543255,0.19889087793452667,5,9,11,2113,0.3101689450374678,2.4298187016076582,0.6451186466973113,PRUNED
128,1.4309481531271977,2026-02-26 10:31:36.224250,2026-02-26 10:31:36.766988,0 days 00:00:00.542738,0.5662573218417728,0.40204558548721825,0.0038334011939971805,0.22838186645026726,6,8,5,1446,0.48918967581100153,0.35519531421886724,0.7559427490194317,COMPLETE
129,1.3114521346487256,2026-02-26 10:31:36.795303,2026-02-26 10:31:37.258876,0 days 00:00:00.463573,0.608415034978469,0.4220037530498451,0.0038276119183252746,0.2078433703836785,6,8,5,1283,0.4945446020257834,0.32978047245086106,0.7561634605903749,PRUNED
130,1.2460251555064883,2026-02-26 10:31:37.283771,2026-02-26 10:31:37.708437,0 days 00:00:00.424666,0.5701822598103806,0.4046832494087599,0.0890566508420288,0.2235407109166535,6,8,6,1445,0.31195264140326845,0.5866590407395449,0.7547997097950844,PRUNED
131,1.2432261420752029,2026-02-26 10:31:37.734586,2026-02-26 10:31:38.253929,0 days 00:00:00.519343,0.5449086355957451,0.8294911434480452,0.0013820891914295484,0.23534910220608588,6,7,12,1656,0.5228693934853476,0.3995236109676064,0.7695453938212143,PRUNED
132,1.2703048442693388,2026-02-26 10:31:38.278638,2026-02-26 10:31:38.756381,0 days 00:00:00.477743,0.5599394946250684,0.4001725678153312,0.0031591510776653228,0.2296992042596295,5,9,5,1950,0.4197597763541722,0.11028781861211494,0.7808497804440001,PRUNED
133,1.2474136397593958,2026-02-26 10:31:38.781240,2026-02-26 10:31:39.297089,0 days 00:00:00.515849,0.5712678612337084,0.4511605880729821,0.002370176752370735,0.21893304561743762,2,8,4,1450,0.23890015886521784,0.20980679632653837,0.7949137223014698,PRUNED
134,1.458941486982902,2026-02-26 10:31:39.323507,2026-02-26 10:31:39.884754,0 days 00:00:00.561247,0.6368969433437929,0.43265171396926666,0.001738007118372565,0.17998448276383341,7,9,10,1784,0.5882228338812923,0.18633030286142332,0.6209956155642864,COMPLETE
135,1.2729138967714722,2026-02-26 10:31:39.912706,2026-02-26 10:31:40.311364,0 days 00:00:00.398658,0.5790611982977371,0.4603948425653352,0.51919818851839,0.20161104184310152,6,8,5,1832,0.14392728105133326,0.7402348760818256,0.6623128925296032,PRUNED
136,1.2562120866508948,2026-02-26 10:31:40.336808,2026-02-26 10:31:40.922868,0 days 00:00:00.586060,0.5005723657337993,0.800026088100695,0.003033393873745466,0.2387260003747478,5,9,7,2259,0.17816801542258112,0.1384721451901125,0.8216589567186172,PRUNED
137,1.24787779285626,2026-02-26 10:31:40.947517,2026-02-26 10:31:41.385466,0 days 00:00:00.437949,0.5981122050769926,0.41755191621665166,0.0056271224874589855,0.21225965912866868,5,9,9,1517,0.3751561643396932,1.0761772139155492,0.648986664864227,PRUNED
138,1.2585889385338638,2026-02-26 10:31:41.410184,2026-02-26 10:31:41.758753,0 days 00:00:00.348569,0.9559294762431371,0.4397895708987993,3.4051190977940045,0.22841240997143422,6,7,10,2044,0.283996977405445,2.2864229706083523,0.7793555296253928,PRUNED
139,1.2658499494497713,2026-02-26 10:31:41.783884,2026-02-26 10:31:42.277222,0 days 00:00:00.493338,0.5232945281023319,0.5469275064672953,0.004308783558569029,0.24073424976709576,5,9,4,1049,0.8377885109994437,3.283302861323188,0.6313639487060003,PRUNED
140,1.2439979933072725,2026-02-26 10:31:42.301332,2026-02-26 10:31:42.780817,0 days 00:00:00.479485,0.8093681368193195,0.7714438182391884,0.0021464007340018477,0.2494268100883257,5,5,11,1591,0.0010094294524834223,4.337414109377585,0.6747908570661673,PRUNED
141,1.4449968218621234,2026-02-26 10:31:42.805515,2026-02-26 10:31:43.340162,0 days 00:00:00.534647,0.7430982235444188,0.4465579402208551,0.002363808599282448,0.2276881142489093,4,9,11,662,5.502597376611098,1.8796472563796136,0.669371240535522,COMPLETE
142,1.2400920950623766,2026-02-26 10:31:43.369667,2026-02-26 10:31:43.979318,0 days 00:00:00.609651,0.7595469781784626,0.7105554573200425,0.0018099716436299476,0.23839509845021772,4,9,11,3088,1.1025788729454074,1.5520896950462317,0.7411397882831524,PRUNED
143,1.4634378272651187,2026-02-26 10:31:44.004385,2026-02-26 10:31:44.555000,0 days 00:00:00.550615,0.7244658222943542,0.4137708051598535,0.00330542970883937,0.21462037486618635,5,9,11,2421,3.374151423535684,2.771409682148513,0.7095520711364511,COMPLETE
144,1.2697490641178808,2026-02-26 10:31:44.583503,2026-02-26 10:31:44.959598,0 days 00:00:00.376095,0.6862442875176576,0.42563632248401156,1.7964730872160561,0.20075318146556564,4,9,2,3320,6.301808705532662,1.9322898784800755,0.8426804603592243,PRUNED
145,1.2285294175619754,2026-02-26 10:31:44.984118,2026-02-26 10:31:45.400832,0 days 00:00:00.416714,0.6250051009109013,0.4583554691991863,0.0027541172019941995,0.2214660063777108,7,6,12,5660,0.1806121044705462,1.2941101654526108,0.6430559691191161,PRUNED
146,1.4440339973816623,2026-02-26 10:31:45.425091,2026-02-26 10:31:46.008637,0 days 00:00:00.583546,0.6969699744843901,0.4361639240857682,0.02594465551318776,0.2410843723866881,5,8,10,3000,0.0013761588308330583,0.07604710828039866,0.6125350798305679,COMPLETE
147,1.4468098773390377,2026-02-26 10:31:46.037215,2026-02-26 10:31:46.594208,0 days 00:00:00.556993,0.6094735500155474,0.48356613177824476,0.0014457161010883197,0.20801983379734593,6,10,12,4099,4.187156038437593,1.0796352011969839,0.6862004707272805,COMPLETE
148,1.2482882692885835,2026-02-26 10:31:46.621116,2026-02-26 10:31:47.112153,0 days 00:00:00.491037,0.7790390662223365,0.49582243387616953,0.0038492231701091387,0.1937399204697354,5,8,11,5356,0.6920741218612766,2.3137814726467556,0.6527458196100236,PRUNED
149,1.4479854258691702,2026-02-26 10:31:47.158286,2026-02-26 10:31:47.653566,0 days 00:00:00.495280,0.7327874867525697,0.41315231750157444,0.0010222476519151397,0.24869527768688693,4,9,8,2530,8.684589225195635,3.873563702711898,0.6371071876858732,COMPLETE
150,1.2808187426174178,2026-02-26 10:31:47.682952,2026-02-26 10:31:48.278099,0 days 00:00:00.595147,0.7528755824140443,0.5139954684833281,0.002171291475717589,0.22985309678869867,1,9,3,4930,2.6919799674316196,1.6544559548000808,0.6679273852926394,PRUNED
151,1.2693507120296628,2026-02-26 10:31:48.302281,2026-02-26 10:31:48.812196,0 days 00:00:00.509915,0.7087806222383904,0.47443133588534775,0.006898674684988267,0.18229496122288383,6,9,12,4814,0.001993809528866972,2.221528618644884,0.9610584079698989,PRUNED
152,1.5093061281459348,2026-02-26 10:31:48.838001,2026-02-26 10:31:49.584214,0 days 00:00:00.746213,0.7415932287313718,0.44922838304174134,0.009604578749650055,0.06492474447701749,6,9,12,2850,0.0017662422176611744,2.654864011379064,0.6242525054243317,COMPLETE
153,1.441824521871976,2026-02-26 10:31:49.615081,2026-02-26 10:31:50.220082,0 days 00:00:00.605001,0.7637607835403463,0.4654197748577131,0.005323620087636111,0.21624812700949736,5,9,11,2202,0.0011940664701927184,2.992566472697258,0.8014377614753677,COMPLETE
154,1.4450623578556399,2026-02-26 10:31:50.248615,2026-02-26 10:31:50.810827,0 days 00:00:00.562212,0.6657610881603053,0.46735586119169764,0.00532623016105211,0.2157439908713694,5,9,11,1890,0.0013486770182909978,3.5156808852091874,0.7978677864874912,COMPLETE
155,1.255181596508318,2026-02-26 10:31:50.839952,2026-02-26 10:31:51.341038,0 days 00:00:00.501086,0.7644153305135009,0.45765023808322186,0.0025411894966094325,0.23282352012207358,5,10,10,2262,0.001136577850413428,5.4276664622322635,0.7871054297016031,PRUNED
156,1.440177944682163,2026-02-26 10:31:51.367986,2026-02-26 10:31:51.962439,0 days 00:00:00.594453,0.7901031249304736,0.439753751237593,0.0044551718667040306,0.24925442644142604,5,9,11,2159,0.002869025357966672,2.6703037612680545,0.8036412413495628,COMPLETE
157,1.2294798589687417,2026-02-26 10:31:51.991293,2026-02-26 10:31:52.497430,0 days 00:00:00.506137,0.7809527262435245,0.40064658443394857,0.004525479352016767,0.22176588429494284,5,8,10,1697,0.0030339576106008085,3.0880155060159526,0.8132897966242848,PRUNED
158,1.230958597561404,2026-02-26 10:31:52.524880,2026-02-26 10:31:52.879824,0 days 00:00:00.354944,0.7528466730286918,0.426473894011294,1.2624224473242316,0.20405256338056812,5,9,11,2150,0.004078333685685418,4.104692555790185,0.8364526643011537,PRUNED
159,1.276861062521246,2026-02-26 10:31:52.904528,2026-02-26 10:31:53.552428,0 days 00:00:00.647900,0.7874429199586528,0.8196037673745183,0.012533787654419558,0.23642836567147824,5,9,11,2107,0.005042193353386007,2.6910743205385503,0.8189805122771594,PRUNED
160,1.2933086933645874,2026-02-26 10:31:53.577977,2026-02-26 10:31:54.262171,0 days 00:00:00.684194,0.7647222462473243,0.8444342038378646,0.0038467642565571166,0.1917351793684407,5,9,11,1753,0.009070196431023669,0.08909071303605377,0.8056385368530548,PRUNED
161,1.2720652313501424,2026-02-26 10:31:54.291804,2026-02-26 10:31:54.741563,0 days 00:00:00.449759,0.7288141107639468,0.43890034691421886,0.003207875976222933,0.24602357120924853,4,9,11,2054,0.002669891271813128,1.976054698270617,0.8016640504122501,PRUNED
162,1.425803840986236,2026-02-26 10:31:54.767558,2026-02-26 10:31:55.404820,0 days 00:00:00.637262,0.7166008889977227,0.4481174102294478,0.002058573661916339,0.24782540694640454,5,9,10,3181,0.0016220474136096385,1.7751818255070582,0.6578376338941385,COMPLETE
163,1.437225598062607,2026-02-26 10:31:55.434138,2026-02-26 10:31:56.003336,0 days 00:00:00.569198,0.7174544481392182,0.45425028623939856,0.00577410270298993,0.23011092389330012,5,9,9,3168,0.0034094690161040916,1.5384009252333997,0.6577405515609199,COMPLETE
164,1.259744514924135,2026-02-26 10:31:56.031614,2026-02-26 10:31:56.532819,0 days 00:00:00.501205,0.7130114480295845,0.4808767433870118,0.0017714495190456318,0.24953301405681416,6,8,9,3176,0.003360412367031688,1.5128170218209447,0.6544053646167802,PRUNED
165,1.2490368707250783,2026-02-26 10:31:56.565524,2026-02-26 10:31:57.066400,0 days 00:00:00.500876,0.6767405839317323,0.451283987370849,0.002609645578385003,0.22772093861411977,5,9,8,3378,0.0016826940264536194,0.9517372256643795,0.6606073869076715,PRUNED
166,1.430297447049578,2026-02-26 10:31:57.099541,2026-02-26 10:31:57.855008,0 days 00:00:00.755467,0.6930909695743721,0.43196490428637396,0.0354586855208411,0.23382829125419957,5,9,9,2971,0.0027218156216655557,1.2842592031422284,0.6411575924154305,COMPLETE
167,1.2365086465675077,2026-02-26 10:31:57.893918,2026-02-26 10:31:58.337574,0 days 00:00:00.443656,0.6905154495798784,0.4159028927358983,0.04134337543459005,0.23363503961464618,6,8,9,3024,0.0023825029571878232,1.247684438380821,0.6453290327003126,PRUNED
168,1.3098369353815533,2026-02-26 10:31:58.371781,2026-02-26 10:31:59.012982,0 days 00:00:00.641201,0.6928845897436238,0.8022283346766608,0.03560147463216843,0.21224701254379116,5,9,9,2673,0.006281878488846799,1.6828493607315922,0.6357092520972528,PRUNED
169,1.2617094792005483,2026-02-26 10:31:59.039801,2026-02-26 10:31:59.610952,0 days 00:00:00.571151,0.6544599559027552,0.7440283854869822,0.057868236598402026,0.22399563954259072,6,10,10,3163,0.004516145073890141,0.24739581347398346,0.6419813515782121,PRUNED
170,1.2850770354605652,2026-02-26 10:31:59.636352,2026-02-26 10:32:00.082229,0 days 00:00:00.445877,0.7076984879460282,0.4289657348594951,0.02039275669985054,0.23713012104176126,5,7,8,2902,0.003748552062666753,0.7461652079443677,0.6280194220216467,PRUNED
171,1.4480741483993416,2026-02-26 10:32:00.121821,2026-02-26 10:32:00.557598,0 days 00:00:00.435777,0.7198463990674943,0.44275776765848934,5.817411463684852,0.2375874929380603,5,9,9,2796,0.0027368323014853656,2.142371160397123,0.6500222901287562,COMPLETE
172,1.2532613634831362,2026-02-26 10:32:00.598295,2026-02-26 10:32:01.037153,0 days 00:00:00.438858,0.5488193216236215,0.43692717721376423,0.04624765244769974,0.22505294628471148,5,9,10,3266,0.0020721772344524836,1.277428036031436,0.6627259519706321,PRUNED
173,1.2599929220341453,2026-02-26 10:32:01.071744,2026-02-26 10:32:01.665822,0 days 00:00:00.594078,0.7019945501336305,0.7822519058343709,0.05965062999477204,0.24781110702204193,5,9,10,3074,0.007540648729135205,1.726884160320279,0.6346466777110743,PRUNED
174,1.2312279082196167,2026-02-26 10:32:01.699981,2026-02-26 10:32:02.181375,0 days 00:00:00.481394,0.7483853516144608,0.45666372079087414,0.032747664118884995,0.2116569268442604,5,9,9,2981,0.00275944689938647,0.002740304548686538,0.6185585289351485,PRUNED
175,1.2513436054365707,2026-02-26 10:32:02.227739,2026-02-26 10:32:02.668434,0 days 00:00:00.440695,0.7368687630927626,0.4192438019186144,0.003441104171613428,0.23369157997180495,8,9,10,4433,0.04251621015252409,2.5380985089139867,0.6560086345300408,PRUNED
176,1.2873669589182075,2026-02-26 10:32:02.697964,2026-02-26 10:32:03.177023,0 days 00:00:00.479059,0.6798077715494094,0.47547038913206935,0.0020070155486071276,0.2489408697323269,3,9,9,5146,0.35402597457657914,1.0122537949280856,0.6420370266169306,PRUNED
177,1.23763014030541,2026-02-26 10:32:03.202937,2026-02-26 10:32:03.530228,0 days 00:00:00.327291,0.720596067228266,0.4300108657501262,0.001241852863392234,0.21995755531929836,5,3,8,2935,0.001498787043740419,1.933814609835783,0.6763104869125596,PRUNED
178,1.246944482005198,2026-02-26 10:32:03.556626,2026-02-26 10:32:04.032792,0 days 00:00:00.476166,0.5886737170463463,0.49225561411258856,0.017030112032826453,0.23758830912808293,6,9,7,4605,0.011184586790001606,0.428009132515199,0.7766666637831819,PRUNED
179,1.4557944795610933,2026-02-26 10:32:04.058371,2026-02-26 10:32:04.632850,0 days 00:00:00.574479,0.5555067880053199,0.4470499737291249,0.00427121390142476,0.2011469446332636,5,9,10,1286,0.0017212070999642862,1.4817667790763498,0.6518606997163127,COMPLETE
180,1.3182694629755058,2026-02-26 10:32:04.663197,2026-02-26 10:32:05.322344,0 days 00:00:00.659147,0.887906804266752,0.40870674493728076,0.0062081696083777175,0.24943421440037405,5,8,1,3409,0.0038788458297772193,2.311348373991635,0.7247659419207624,PRUNED
181,1.266870451118915,2026-02-26 10:32:05.353455,2026-02-26 10:32:05.919788,0 days 00:00:00.566333,0.7924409351394929,0.46654512912578316,0.004988364619007713,0.21999383471241038,5,9,5,1933,0.0011295532834591582,3.496092462890762,0.7935329756179049,PRUNED
182,1.4466163577565625,2026-02-26 10:32:05.946437,2026-02-26 10:32:06.564055,0 days 00:00:00.617618,0.7322477595971314,0.46152225823377135,0.0032629507402141752,0.21060382069983505,6,9,10,3147,0.0012813911876402963,2.9075029251457423,0.6278003604721337,COMPLETE
183,1.442653300387053,2026-02-26 10:32:06.628213,2026-02-26 10:32:07.240647,0 days 00:00:00.612434,0.8408703834759209,0.4704503158302483,0.002985631329541146,0.22561383112174319,5,9,11,5529,0.0020418200610624513,3.2110522688251963,0.647772287963641,COMPLETE
184,1.2264567343829285,2026-02-26 10:32:07.277487,2026-02-26 10:32:07.782728,0 days 00:00:00.505241,0.7588273190940359,0.45342117639637247,0.003815076054544402,0.2315265509853521,5,9,10,2002,0.001008911180123701,4.716165478540882,0.6617302768024345,PRUNED
185,1.4204121138596406,2026-02-26 10:32:07.811068,2026-02-26 10:32:08.309664,0 days 00:00:00.498596,0.7726138998282159,0.6349519534703061,0.005730095189879357,0.2075107519565609,5,4,11,2355,0.001494063740991843,0.16006525616387018,0.8121180071847814,COMPLETE
186,1.2326553279569223,2026-02-26 10:32:08.351920,2026-02-26 10:32:08.760049,0 days 00:00:00.408129,0.5391993422238585,0.7209169255807085,0.008524825816038284,0.17446131095487932,6,4,12,2347,0.0016032509949603692,0.16503647405222296,0.8122474675660541,PRUNED
187,1.3222003755550684,2026-02-26 10:32:08.797566,2026-02-26 10:32:09.177809,0 days 00:00:00.380243,0.6626205184412342,0.6323306397984565,0.025134611526503273,0.19756973835760783,6,4,8,3276,0.0031713949865276006,0.19760870358872157,0.6384168518747166,PRUNED
188,1.307825396547831,2026-02-26 10:32:09.204430,2026-02-26 10:32:09.722677,0 days 00:00:00.518247,0.7007079447324462,0.4259464987944009,0.0015933521425041976,0.2058995535304065,4,9,6,2530,0.12354701456572444,0.14068951111845876,0.6696328495434201,PRUNED
189,1.2384403983063306,2026-02-26 10:32:09.748978,2026-02-26 10:32:10.183810,0 days 00:00:00.434832,0.7400010059206612,0.6568468180267731,0.0021485823436446184,0.23881475802278715,0,5,11,5835,0.2356718470592594,0.11230822537537474,0.8281869268167243,PRUNED
190,1.25805692992969,2026-02-26 10:32:10.219486,2026-02-26 10:32:10.574246,0 days 00:00:00.354760,0.769763593442201,0.6877718785661924,0.07609247610617098,0.2495046878773139,5,3,3,2866,5.2238708812653805,0.06453323029472942,0.6233075857602794,PRUNED
191,1.424311528564881,2026-02-26 10:32:10.610998,2026-02-26 10:32:11.201346,0 days 00:00:00.590348,0.563641862810555,0.6202395242678803,0.005584269621136246,0.21651247513252664,5,9,11,1889,0.0014594318037944262,2.5586498317584274,0.8160921599293148,COMPLETE
192,1.313852260281734,2026-02-26 10:32:11.243032,2026-02-26 10:32:11.629440,0 days 00:00:00.386408,0.5724553348530407,0.6409151426828394,0.006028086442890174,0.22545532331078647,5,4,4,1935,0.0022605256938493115,2.110769964711227,0.8146649341644835,PRUNED
193,1.4352204526717007,2026-02-26 10:32:11.671269,2026-02-26 10:32:12.169656,0 days 00:00:00.498387,0.5642944270834975,0.668715614203578,0.004516270251198545,0.18808885340167977,5,5,11,2177,0.0015560535464081012,0.29855896629058726,0.8750219799807202,COMPLETE
194,1.2284453756108977,2026-02-26 10:32:12.205726,2026-02-26 10:32:12.675863,0 days 00:00:00.470137,0.568071702459861,0.6196639207872452,0.00695639775553747,0.19505904124982956,5,6,10,3044,0.0014833809073227743,0.31815301602498414,0.8254118970202778,PRUNED
195,1.257288756390856,2026-02-26 10:32:12.701272,2026-02-26 10:32:13.122736,0 days 00:00:00.421464,0.5573556905325056,0.6640678247939741,0.002684728059496806,0.1834302624850471,5,5,11,1834,0.0017409368125921936,0.27119672461682726,0.8734174811539844,PRUNED
196,1.4330040696721105,2026-02-26 10:32:13.149871,2026-02-26 10:32:13.625925,0 days 00:00:00.476054,0.5646388250460551,0.6075854121206945,0.005094485684159366,0.2117143991908967,9,4,12,5049,0.0013967738356355226,1.613208155872966,0.8410984580479502,COMPLETE
197,1.2694216052201566,2026-02-26 10:32:13.655542,2026-02-26 10:32:14.021088,0 days 00:00:00.365546,0.5658234775335248,0.6400342589738275,0.004232459779184091,0.1880022137154744,4,4,12,5192,0.0013595331797101073,0.22779342995704113,0.8279587603994198,PRUNED
198,1.2629119130516129,2026-02-26 10:32:14.046037,2026-02-26 10:32:14.420612,0 days 00:00:00.374575,0.5464520097145491,0.6070230556737832,0.005348137033817565,0.16155278466805717,10,4,12,5289,0.00187411462260478,0.15570979974284577,0.8867723914299553,PRUNED
199,1.2610440719079081,2026-02-26 10:32:14.447423,2026-02-26 10:32:14.816541,0 days 00:00:00.369118,0.5849222275669107,0.5809597018599549,0.00768150750607086,0.20501935382549877,9,4,12,4717,0.0014221607102274595,0.5305783396575308,0.8449585319943168,PRUNED
200,1.2312239850927003,2026-02-26 10:32:14.843801,2026-02-26 10:32:15.226865,0 days 00:00:00.383064,0.5384044287017261,0.619119068288021,0.0038149194009602645,0.17006654949661026,7,4,12,2028,0.0012357668428802325,1.3388823347112344,0.9008316827649091,PRUNED
201,1.2615960493750653,2026-02-26 10:32:15.252110,2026-02-26 10:32:15.672520,0 days 00:00:00.420410,0.5609240198775718,0.6700751079182008,0.002847187688145213,0.2167030664184207,8,5,11,4946,0.08231899527098957,1.6995204462032658,0.6494166814988428,PRUNED
202,1.2702863483475078,2026-02-26 10:32:15.698196,2026-02-26 10:32:16.140850,0 days 00:00:00.442654,0.5811927706249853,0.6548697149547678,0.004846997358727682,0.23120568006070222,5,6,10,5034,0.0022757421901981787,1.1467377252903024,0.8182493145322348,PRUNED
203,1.4254028328114476,2026-02-26 10:32:16.175635,2026-02-26 10:32:16.666320,0 days 00:00:00.490685,0.5756779342479654,0.5922741243873564,0.002323068771415409,0.21187631999064344,10,4,11,3110,0.0017040217243419267,1.8192521717569656,0.8547678834593917,COMPLETE
204,1.27435315984538,2026-02-26 10:32:16.703392,2026-02-26 10:32:17.097085,0 days 00:00:00.393693,0.6000397118716366,0.6492892644683128,0.0033816573193657935,0.20911919377677446,10,5,11,5995,0.0016705584585965509,0.3737750890550386,0.8565785005136894,PRUNED
205,1.271934946781571,2026-02-26 10:32:17.125664,2026-02-26 10:32:17.488337,0 days 00:00:00.362673,0.576152492766786,0.6263156439391354,0.005679139461382838,0.19587199779272693,10,4,11,1613,0.8801407718146576,1.518873796458997,0.8506253121014767,PRUNED
206,1.2432406657396053,2026-02-26 10:32:17.521218,2026-02-26 10:32:17.901470,0 days 00:00:00.380252,0.5622519104538509,0.627720295421045,0.002418255609103864,0.2157039365087243,10,4,12,3174,0.0010126523633932068,2.2581589187862723,0.8640557376177259,PRUNED
207,1.2341742216890115,2026-02-26 10:32:17.926393,2026-02-26 10:32:18.308822,0 days 00:00:00.382429,0.5506216465999594,0.6123490334027238,0.0036109311310522333,0.1861774029404732,9,4,11,2749,0.0019013788074976777,0.093153744940034,0.8316245417827023,PRUNED
208,1.2631624954684153,2026-02-26 10:32:18.345832,2026-02-26 10:32:18.709135,0 days 00:00:00.363303,0.5892365997676862,0.5951488481678449,0.00296224903067104,0.22331321998986323,3,4,11,1751,0.0014330786835685843,1.8250356365796896,0.8354273690169491,PRUNED
209,1.2355510685365865,2026-02-26 10:32:18.735965,2026-02-26 10:32:19.101748,0 days 00:00:00.365783,0.5693960055611753,0.5890904202580375,0.006111630793775128,0.20541798122217328,2,4,12,2196,0.0025113588144769967,0.8183273958700594,0.8781443790574835,PRUNED
210,1.2833707125951075,2026-02-26 10:32:19.127801,2026-02-26 10:32:19.554703,0 days 00:00:00.426902,0.6860249814008812,0.6014116472372328,0.012306561887626924,0.23554904769124607,5,5,7,2959,0.4722073722919903,2.5634071504337874,0.915123286716428,PRUNED
211,1.2723720166579393,2026-02-26 10:32:19.592605,2026-02-26 10:32:20.074630,0 days 00:00:00.482025,0.5265218469002193,0.6327606716628875,0.001993119914474907,0.22755072620606678,9,9,6,3041,6.77086528406232,2.001224528897401,0.8472387005252846,PRUNED
212,1.249420050176109,2026-02-26 10:32:20.108193,2026-02-26 10:32:20.606792,0 days 00:00:00.498599,0.7134518851283904,0.6113610468780581,0.0023349749439518577,0.23791078462459755,5,9,11,3104,4.549625239147929,1.397106423919704,0.6321427415638612,PRUNED
213,1.2576651670686645,2026-02-26 10:32:20.632736,2026-02-26 10:32:21.238519,0 days 00:00:00.605783,0.7235920213011175,0.5563633335536189,0.3159441964245488,0.10751257241412678,9,9,10,2845,0.631396488235695,1.7747263724901503,0.6568587742083639,PRUNED
214,1.2402089421181404,2026-02-26 10:32:21.275005,2026-02-26 10:32:21.738726,0 days 00:00:00.463721,0.5780261633777449,0.5421042578406472,0.0017250857404860827,0.21583125456291344,8,7,11,5383,0.0012484566095327077,2.217345024372628,0.6405152100565781,PRUNED
215,1.2454770798381425,2026-02-26 10:32:21.766122,2026-02-26 10:32:22.327983,0 days 00:00:00.561861,0.9307799473640499,0.6507017411670678,0.0013787880724023763,0.23629366645046537,5,8,11,5077,0.0015564667986444462,1.450713041800263,0.6463604668961762,PRUNED
216,1.2734745190456063,2026-02-26 10:32:22.356121,2026-02-26 10:32:22.829739,0 days 00:00:00.473618,0.7471914798362281,0.6750727195687454,0.6430021112970679,0.22269809294785067,5,9,9,3291,0.021915182552433392,1.0425507365414335,0.8566494560926015,PRUNED
217,1.256620863280165,2026-02-26 10:32:22.871618,2026-02-26 10:32:23.390809,0 days 00:00:00.519191,0.5609165525061586,0.5671044344343834,0.004429343845607205,0.1956234757783494,5,9,10,3145,0.002026126013477206,2.5886014970222537,0.6586389289379977,PRUNED
218,1.2962526994953294,2026-02-26 10:32:23.416958,2026-02-26 10:32:23.754343,0 days 00:00:00.337385,0.5397428443244153,0.6484199715337813,0.0025513447844114005,0.24983206832794727,5,3,8,1481,0.0011682619660392825,3.6202068241251877,0.9346135366814989,PRUNED
219,1.2338838599039383,2026-02-26 10:32:23.780291,2026-02-26 10:32:24.733514,0 days 00:00:00.953223,0.6700833976898047,0.7966979530599658,0.002001203790832077,0.033610211263128895,5,8,12,3258,0.0022949316780601645,1.7337490613260274,0.6327227584591549,PRUNED
220,1.2494312867880653,2026-02-26 10:32:24.764311,2026-02-26 10:32:25.294062,0 days 00:00:00.529751,0.5948925942673904,0.6842851607317078,0.003064766950332168,0.2284983253484796,5,9,10,1844,0.0017483913555634849,0.12446122361059574,0.6105106184354171,PRUNED
221,1.252029679962595,2026-02-26 10:32:25.319553,2026-02-26 10:32:25.961281,0 days 00:00:00.641728,0.7755051093426839,0.7041182988614431,0.00408386938745037,0.2396806883464815,5,9,11,2212,0.0031210482868981545,2.9741798909469632,0.801507319134902,PRUNED
222,1.2786718698649286,2026-02-26 10:32:25.994166,2026-02-26 10:32:26.483342,0 days 00:00:00.489176,0.7520937406077829,0.44093360655067965,0.00465658504872618,0.23973692487915438,5,9,11,2400,0.003564101464107113,2.496024561763565,0.8069341411136252,PRUNED
223,1.438596629861697,2026-02-26 10:32:26.526647,2026-02-26 10:32:27.090555,0 days 00:00:00.563908,0.7303808665636277,0.4000495630249783,0.006898877385241212,0.24847678878659268,5,9,11,2075,0.002732101269997991,1.9265036155172175,0.7927786813938181,COMPLETE
224,1.2499421159405315,2026-02-26 10:32:27.119533,2026-02-26 10:32:27.538891,0 days 00:00:00.419358,0.7305025951065567,0.4049138794106442,0.009207182225343707,0.2149418554835929,4,9,11,2091,5.939906628353954,2.0756562780932146,0.7706120348722462,PRUNED
225,1.2952019869075293,2026-02-26 10:32:27.572956,2026-02-26 10:32:28.167410,0 days 00:00:00.594454,0.713517021220288,0.8296443386429596,0.0073780530111058965,0.2498244803424669,5,9,12,2008,0.004973462070160367,1.5894047321540035,0.783054274661418,PRUNED
226,1.2489458355352765,2026-02-26 10:32:28.194127,2026-02-26 10:32:28.882754,0 days 00:00:00.688627,0.7235477013727744,0.41292568481630865,0.006357954979444234,0.0915931368202506,5,9,4,1900,0.00245752726174708,0.3000074178531105,0.7586515088928664,PRUNED
227,1.2727816128198475,2026-02-26 10:32:28.925189,2026-02-26 10:32:29.383453,0 days 00:00:00.458264,0.7400083504257379,0.42064679954084955,0.004912860168544849,0.22821378829907452,5,8,11,4839,0.3350767262939095,1.2965855264472157,0.7948368913205858,PRUNED
228,1.4499432724977983,2026-02-26 10:32:29.409956,2026-02-26 10:32:29.991673,0 days 00:00:00.581717,0.7029145729893125,0.4007522015896178,0.14780931754577722,0.20443465110245287,6,9,10,4249,0.0014752841727259912,1.9003983708433487,0.7896009469350028,COMPLETE
229,1.2598549777361652,2026-02-26 10:32:30.022101,2026-02-26 10:32:30.359851,0 days 00:00:00.337750,0.6803922797653439,0.4306871336307218,2.551465759068563,0.22001269313664562,6,9,5,2963,0.16257501084921225,0.17484098423053376,0.6441383635435142,PRUNED
230,1.2867098102413341,2026-02-26 10:32:30.386716,2026-02-26 10:32:30.907204,0 days 00:00:00.520488,0.6950136459995052,0.8667998543152112,0.002263827465459518,0.23352281688639664,4,6,9,3480,0.0019651617688977306,2.2404101699854455,0.6540819856482614,PRUNED
231,1.3226723998299375,2026-02-26 10:32:30.943748,2026-02-26 10:32:31.430904,0 days 00:00:00.487156,0.6476743614044218,0.4574247286135933,0.00396473480032834,0.24929433775559706,5,9,11,2075,0.002820835898857997,3.1488272907346504,0.8115776772088106,PRUNED
232,1.2547169732903127,2026-02-26 10:32:31.464655,2026-02-26 10:32:31.938097,0 days 00:00:00.473442,0.5549178085140688,0.4426395850209941,0.005349092579712821,0.24080169843470794,5,9,11,2165,0.0028485323998602326,2.600222779914489,0.8050986475194649,PRUNED
233,1.2587244205650903,2026-02-26 10:32:31.975477,2026-02-26 10:32:32.505541,0 days 00:00:00.530064,0.7593661978727418,0.43571109140291314,0.0029468375965441265,0.24000966663355608,5,9,11,2312,0.001247492123607825,1.722424085791252,0.8166378345037608,PRUNED
234,1.4422320628387906,2026-02-26 10:32:32.534350,2026-02-26 10:32:33.097648,0 days 00:00:00.563298,0.7369571678737205,0.42003453066715934,0.0035381486389555973,0.22842606683395375,5,9,11,1992,0.003686646561133743,3.927025915605075,0.6638906740800148,COMPLETE
235,1.440067344265364,2026-02-26 10:32:33.128809,2026-02-26 10:32:33.608845,0 days 00:00:00.480036,0.5682253111310235,0.45163184549710134,0.004643258625954322,0.2491524344934074,5,4,11,2151,0.0024085430693277948,2.8638383160814596,0.7875308307676303,COMPLETE
236,1.2289501786667845,2026-02-26 10:32:33.646082,2026-02-26 10:32:34.031839,0 days 00:00:00.385757,0.5750110120468617,0.47662389117788356,0.005773743347665721,0.21466612084618408,5,4,12,3076,0.0021378550934041687,2.118687798867803,0.7762322366133623,PRUNED
237,1.250890627850634,2026-02-26 10:32:34.059745,2026-02-26 10:32:34.419658,0 days 00:00:00.359913,0.5641400732217414,0.44936362070010666,0.0016464668329083977,0.22776958832510596,5,4,11,5214,0.0016035816270789257,3.128189520369276,0.7884877717832053,PRUNED
238,1.3035683876932163,2026-02-26 10:32:34.447453,2026-02-26 10:32:34.921821,0 days 00:00:00.474368,0.6320219754481144,0.6421734569308651,0.006733977342077577,0.053335309425121054,5,4,2,3181,0.002330060750520306,1.1769943931664117,0.7661658264093463,PRUNED
239,1.2949071880675527,2026-02-26 10:32:34.950099,2026-02-26 10:32:35.302579,0 days 00:00:00.352480,0.5822867898706984,0.599228514806613,0.0026656196439854,0.23850785374034406,5,4,10,1762,0.42968739372564707,1.5068869288613722,0.8382802229856707,PRUNED
240,1.2743373646046114,2026-02-26 10:32:35.329305,2026-02-26 10:32:35.745396,0 days 00:00:00.416091,0.57126379571226,0.817408848477053,0.0034673915411444316,0.2068788606603552,10,4,9,2986,0.0010027502259854538,2.4503317183761375,0.6374879616486698,PRUNED
241,1.2603026808034539,2026-02-26 10:32:35.772267,2026-02-26 10:32:36.384833,0 days 00:00:00.612566,0.9663289439563298,0.5710046141880458,0.004642625931621493,0.23989021353528667,5,9,11,2258,0.0027002706921753785,2.776270342164144,0.7901285969081208,PRUNED
242,1.4299364698513757,2026-02-26 10:32:36.414483,2026-02-26 10:32:37.039583,0 days 00:00:00.625100,0.7693011432921125,0.4545049312664423,0.0043368384932817305,0.24671216724001252,5,9,11,2137,0.003246698969637518,3.6540798861399226,0.8225821403839786,COMPLETE
243,1.4385010811199672,2026-02-26 10:32:37.082021,2026-02-26 10:32:37.645793,0 days 00:00:00.563772,0.5525446092628838,0.46325431523563837,0.0052073084559705225,0.22603850528364264,5,9,11,2072,0.11336385472679776,3.3444242173945495,0.820556501190744,COMPLETE
244,1.4410993879833944,2026-02-26 10:32:37.678178,2026-02-26 10:32:38.253183,0 days 00:00:00.575005,0.5540876172959777,0.46451899800434343,0.005392948213170452,0.21995372122465628,6,9,11,1907,0.2821432390637985,4.272484468822321,0.8158936253360758,COMPLETE
245,1.2525277409097961,2026-02-26 10:32:38.283697,2026-02-26 10:32:38.787267,0 days 00:00:00.503570,0.7503363656694253,0.4842585654732323,0.007651309755669749,0.22902925811564037,5,9,11,2073,4.897092730537808,4.930812567247208,0.8193203038322363,PRUNED
246,1.458562714374886,2026-02-26 10:32:38.821104,2026-02-26 10:32:39.407641,0 days 00:00:00.586537,0.5439870898257345,0.45744905607579983,0.003921299636023074,0.1766233529198602,5,9,10,1029,0.03517680699558639,3.493728197694787,0.8214369457463834,COMPLETE
247,1.246160397987137,2026-02-26 10:32:39.437752,2026-02-26 10:32:40.117763,0 days 00:00:00.680011,0.7205304812407001,0.759402152962366,4.271315565715282,0.020149241443013784,7,9,12,1972,0.06286020338640401,5.89221701158699,0.834250568723677,PRUNED
248,1.2472058602717773,2026-02-26 10:32:40.155525,2026-02-26 10:32:40.810441,0 days 00:00:00.654916,0.9964729803759389,0.6261711317262002,0.04634505837944111,0.22048066407501402,4,9,11,5474,0.20585784810804075,3.7968326687668434,0.842607100934342,PRUNED
249,1.435431521495755,2026-02-26 10:32:40.836710,2026-02-26 10:32:41.392522,0 days 00:00:00.555812,0.771509655578558,0.4001892689912283,0.0019693715438555883,0.23324214893375275,5,9,11,3353,0.11975329389986845,1.9240363807058158,0.8276350166075325,COMPLETE
250,1.2549241164584466,2026-02-26 10:32:41.578124,2026-02-26 10:32:42.027147,0 days 00:00:00.449023,0.5165482968453156,0.40146103483961987,0.0031907734705767512,0.20619727939145058,5,8,11,3689,0.11254485809331985,0.23321071303186033,0.8237326571841155,PRUNED
251,1.4606582725471227,2026-02-26 10:32:42.063573,2026-02-26 10:32:42.666853,0 days 00:00:00.603280,0.7689289041930122,0.4118435088321868,0.002203557931560226,0.19043512953196412,6,9,11,879,0.13357120428025535,1.8123930136749442,0.8279981967728334,COMPLETE
252,1.2535320013943778,2026-02-26 10:32:42.707061,2026-02-26 10:32:43.191282,0 days 00:00:00.484221,0.7811886363930414,0.41289225268206386,0.005969186564823954,0.23135039639237095,5,9,12,1343,0.1021080628400659,0.6153891898640858,0.8265956415928509,PRUNED
253,1.286708549416322,2026-02-26 10:32:43.229681,2026-02-26 10:32:43.672778,0 days 00:00:00.443097,0.5528050908964164,0.4294787263390565,0.002602001458247053,0.21967477635261612,9,9,11,2064,0.0013343245758452409,2.000041803972734,0.8372756112039109,PRUNED
254,1.2924638170310385,2026-02-26 10:32:43.701508,2026-02-26 10:32:44.200128,0 days 00:00:00.498620,0.8608587217375887,0.4024269833211005,0.01093866225518063,0.23582485802739395,5,8,11,2350,0.09061139244450284,1.4103461951473206,0.8114817445370366,PRUNED
255,1.2561362813965398,2026-02-26 10:32:44.238611,2026-02-26 10:32:44.721256,0 days 00:00:00.482645,0.7656613443500632,0.4202021922886896,0.21004593847188516,0.20981029156117625,2,9,12,2650,0.07949186993954944,3.4718153516567254,0.7503211337629218,PRUNED
256,1.2586391118674372,2026-02-26 10:32:44.761893,2026-02-26 10:32:45.358104,0 days 00:00:00.596211,0.6100871384647858,0.6185755608486098,0.004157982963946859,0.22730289424033673,6,9,7,4513,0.15523569442830526,2.2200329256770117,0.8320449216995942,PRUNED
257,1.2530245482427311,2026-02-26 10:32:45.392441,2026-02-26 10:32:45.824822,0 days 00:00:00.432381,0.7556186786041248,0.4366056908025744,0.016122177996744924,0.199977942253521,4,7,11,3344,0.005509536132146167,0.9391077161011435,0.6474087684666885,PRUNED
258,1.4258820565850527,2026-02-26 10:32:45.852773,2026-02-26 10:32:46.458617,0 days 00:00:00.605844,0.8025123973409357,0.46880085498471047,0.0019435651337918064,0.24926559994794562,5,9,11,5730,0.0036621263753248067,4.347918426481292,0.8061813782483757,COMPLETE
259,1.300871198417216,2026-02-26 10:32:46.513116,2026-02-26 10:32:47.058451,0 days 00:00:00.545335,0.7846965223432041,0.4734410319228944,0.0017338431126200035,0.21321353669478604,6,9,6,5734,1.3311025555064913,4.607847369426553,0.8200853693890476,PRUNED
260,1.2338921128367601,2026-02-26 10:32:47.085899,2026-02-26 10:32:47.720453,0 days 00:00:00.634554,0.8273032397550417,0.49726344886208373,0.0020376924003919525,0.2370795416098059,1,8,3,5638,0.0039673016839398435,5.943030419200305,0.8491926796201369,PRUNED
261,1.264892849823693,2026-02-26 10:32:47.756570,2026-02-26 10:32:48.199892,0 days 00:00:00.443322,0.7710536286742652,0.5069919374984068,0.002333457954884037,0.22270739161108713,5,6,12,5562,0.004639982794175915,4.213766055184179,0.8101439704549944,PRUNED
262,1.2635333024356825,2026-02-26 10:32:48.225318,2026-02-26 10:32:48.728524,0 days 00:00:00.503206,0.7980442934027304,0.4619931761893802,0.0014096393871036712,0.1938894888509295,5,9,11,5333,0.003287384837412191,3.198712924080178,0.7369352221468382,PRUNED
263,1.2743444658399747,2026-02-26 10:32:48.761649,2026-02-26 10:32:49.105980,0 days 00:00:00.344331,0.5364881704880704,0.4817521148042384,1.2009893564130014,0.24921630837925554,5,9,8,2881,0.12178776986874446,3.727027179566182,0.6196577873918795,PRUNED
264,1.291882923220078,2026-02-26 10:32:49.133865,2026-02-26 10:32:49.772202,0 days 00:00:00.638337,0.7750283434370736,0.7762641462744264,0.0028374389486604287,0.22934343822080244,8,9,11,5110,0.0018843881613317315,5.023160724638369,0.8021369697495042,PRUNED
265,1.2329621799491899,2026-02-26 10:32:49.798686,2026-02-26 10:32:50.272974,0 days 00:00:00.474288,0.6932757404919017,0.4480222982088943,0.001898439913286143,0.2374138116387348,4,9,11,3853,0.001493648483344385,0.07586545872425805,0.6556768835988125,PRUNED
266,1.2821053542174066,2026-02-26 10:32:50.299930,2026-02-26 10:32:51.405650,0 days 00:00:01.105720,0.6750931017373866,0.7350865518757844,0.003459462213746121,0.026025388053072984,5,8,5,5799,0.0011716772817017495,2.4288997856087833,0.6300308439686123,PRUNED
267,1.2302151384930937,2026-02-26 10:32:51.431787,2026-02-26 10:32:51.984426,0 days 00:00:00.552639,0.563620790335684,0.7889294351369619,0.0024154554125490287,0.21261398257732672,6,9,11,4764,0.22911732879631025,0.19814685340973212,0.8263410445933879,PRUNED
268,1.3016812933836739,2026-02-26 10:32:52.017792,2026-02-26 10:32:52.691737,0 days 00:00:00.673945,0.5923035491638512,0.46220742232165635,0.0030998251099161895,0.20091249069048323,5,9,1,1845,0.0040391684315921345,0.49448676614843495,0.8694914657519985,PRUNED
269,1.273481280213903,2026-02-26 10:32:52.718420,2026-02-26 10:32:53.135097,0 days 00:00:00.416677,0.6579742083991524,0.4505958648856835,0.003846640038010602,0.17950986254874998,5,5,12,4943,0.006758600426089298,0.10878644927298627,0.6395007045380416,PRUNED
270,1.2390935332056479,2026-02-26 10:32:53.178915,2026-02-26 10:32:53.801830,0 days 00:00:00.622915,0.7599924543865327,0.6404827183471046,0.0019233292362034727,0.22096443502602509,7,10,9,1572,1.7046113513017163,1.5797425190687282,0.8077329040743652,PRUNED
271,1.2761726849432238,2026-02-26 10:32:53.828432,2026-02-26 10:32:54.234173,0 days 00:00:00.405741,0.8083776451400398,0.9184108061515089,0.09830416801445016,0.24968131142223213,4,3,10,5863,0.1705145893363325,0.2689274624080217,0.645147242822823,PRUNED
272,1.2309985461497825,2026-02-26 10:32:54.261805,2026-02-26 10:32:54.781756,0 days 00:00:00.519951,0.7058154173714067,0.5193253202096396,0.0015604334612547204,0.23487408347116118,5,8,11,2790,0.015318818353430711,0.40114699007068927,0.8423615286478658,PRUNED
273,1.2940572332689224,2026-02-26 10:32:54.823386,2026-02-26 10:32:55.500795,0 days 00:00:00.677409,0.6853542807877628,0.6655130009243225,0.03316458755273998,0.1871104365653944,6,9,4,4390,0.0017103793735040518,1.1671003409603995,0.6518960433807058,PRUNED
274,1.4197549538116359,2026-02-26 10:32:55.526791,2026-02-26 10:32:56.084835,0 days 00:00:00.558044,0.5436403181786154,0.6068654975845256,0.02227156248724637,0.21386950002725677,10,7,12,3208,0.0032797070650880033,0.12942093200711124,0.8193439609696137,COMPLETE
275,1.2685818180649808,2026-02-26 10:32:56.117240,2026-02-26 10:32:56.610253,0 days 00:00:00.493013,0.5310963845613385,0.614665128624373,0.026408433557952218,0.21463805521736684,10,7,8,3262,0.003483067500078809,0.1379210123057427,0.8120207633453657,PRUNED
276,1.2510240664747652,2026-02-26 10:32:56.650176,2026-02-26 10:32:57.307499,0 days 00:00:00.657323,0.5457422034501607,0.6297400529140165,0.02157802972282097,0.04229660689479409,10,6,11,3348,0.0033577035344419253,0.09675709723968087,0.8204271501956361,PRUNED
277,1.2278901806445952,2026-02-26 10:32:57.333422,2026-02-26 10:32:57.774683,0 days 00:00:00.441261,0.560812482319772,0.5836739766371972,0.03654477152632825,0.20221289969638567,3,7,12,3219,0.001374320134080431,0.15235275467356535,0.8286864514119241,PRUNED
278,1.2683429922764091,2026-02-26 10:32:57.801372,2026-02-26 10:32:58.269631,0 days 00:00:00.468259,0.5512344533866883,0.6026816465293223,0.0011693232961146674,0.23785913354837396,10,8,11,3062,0.0018799935274314036,0.13031793393390398,0.8353681234535599,PRUNED
279,1.2902567910526186,2026-02-26 10:32:58.307200,2026-02-26 10:32:58.874497,0 days 00:00:00.567297,0.5803027321855775,0.8088488344776735,0.020481542049351587,0.2099490219020666,10,7,6,3440,0.00483156875041796,2.8785373297915267,0.8199392073824351,PRUNED
280,1.2415138220824005,2026-02-26 10:32:58.901898,2026-02-26 10:32:59.358872,0 days 00:00:00.456974,0.5436747761915146,0.47280859951700854,0.0049689738246263375,0.2271057448456107,10,7,9,3123,0.007979051275853794,0.16343286574844665,0.6242245708390561,PRUNED
281,1.2581935803696254,2026-02-26 10:32:59.396109,2026-02-26 10:32:59.921513,0 days 00:00:00.525404,0.9100633407438377,0.4895959223377345,0.05605065663438238,0.24038286944785495,5,8,10,2477,0.9185998682175036,0.11678509009551523,0.8592826393029094,PRUNED
282,1.2926459817889533,2026-02-26 10:32:59.948479,2026-02-26 10:33:00.450678,0 days 00:00:00.502199,0.574701953738513,0.6041885252435526,0.04591597842859122,0.22170089131476872,9,7,8,2948,0.06270830109192124,0.19329373651040582,0.8156926543895894,PRUNED
283,1.2685773882693652,2026-02-26 10:33:00.481178,2026-02-26 10:33:01.254932,0 days 00:00:00.773754,0.8782023335250789,0.8355794563026763,0.02859189995240913,0.24986309662808273,5,9,11,3953,0.0030434188668695974,4.179421549808616,0.8009135173905658,PRUNED
284,1.2344011220729778,2026-02-26 10:33:01.284070,2026-02-26 10:33:01.814935,0 days 00:00:00.530865,0.5562810286843397,0.6183219025252769,0.00527196135628134,0.1929412719495868,5,6,3,5441,0.0011729788765030293,7.503566652180729,0.6343260680113408,PRUNED
285,1.2705463875657703,2026-02-26 10:33:01.856379,2026-02-26 10:33:02.377027,0 days 00:00:00.520648,0.6180704299526424,0.6313756380523814,0.01876081307655748,0.23110652984969854,5,9,11,3578,0.002188501003182459,3.350270042605317,0.809764311789245,PRUNED
286,1.4123406114833288,2026-02-26 10:33:02.406537,2026-02-26 10:33:03.036233,0 days 00:00:00.629696,0.5666866678384248,0.7109122190923006,0.9017423050347046,0.21119447388741192,5,8,12,4616,0.0015764236012598626,0.08432165960520666,0.9077899157420415,COMPLETE
287,1.2378053119264723,2026-02-26 10:33:03.074648,2026-02-26 10:33:03.476516,0 days 00:00:00.401868,0.6634986152365413,0.7008061501158701,1.3957309420101252,0.1835791731608292,5,8,12,4614,0.0015732794098230025,0.06488739621291066,0.894337165705606,PRUNED
288,1.2571110904112652,2026-02-26 10:33:03.509915,2026-02-26 10:33:03.870750,0 days 00:00:00.360835,0.5861058257546613,0.715658940127946,2.1991605836160644,0.20283011054598582,0,8,12,4634,0.0013240905199093796,0.074557506263074,0.8762033743534954,PRUNED
289,1.225718446390613,2026-02-26 10:33:03.900202,2026-02-26 10:33:04.353023,0 days 00:00:00.452821,0.5726248889985142,0.7361685868489886,0.9002311856000286,0.17200011136871468,2,8,12,4760,0.0010021167485696212,0.11357087289194448,0.6136430573226729,PRUNED
290,1.2472244441342537,2026-02-26 10:33:04.381198,2026-02-26 10:33:05.010013,0 days 00:00:00.628815,0.7129176142580823,0.5937336311161312,0.5254196836035202,0.07509295802039229,10,8,12,4505,0.00167453243495179,0.08890997989206777,0.9741872089076016,PRUNED
291,1.253011555524314,2026-02-26 10:33:05.044449,2026-02-26 10:33:05.644719,0 days 00:00:00.600270,0.6041829654030954,0.7590307025799238,0.00221996130479532,0.21079825977458733,3,8,10,4338,0.0020947556965390172,0.009852221279684317,0.9249897992489043,PRUNED
292,1.2957288279025916,2026-02-26 10:33:05.672962,2026-02-26 10:33:06.039947,0 days 00:00:00.366985,0.5667008841158966,0.6468686054612135,2.9693925204689378,0.19684528672016902,4,7,5,3146,0.004026701414799303,1.3371535771819583,0.8429578966445654,PRUNED
293,1.2524065680891916,2026-02-26 10:33:06.067113,2026-02-26 10:33:06.459577,0 days 00:00:00.392464,0.6885134101936636,0.670984481014226,0.41917494152257356,0.21637348274550164,5,4,12,5698,9.924739309879971,0.09354382456087382,0.8644326688502718,PRUNED
294,1.2856719278538151,2026-02-26 10:33:06.486181,2026-02-26 10:33:06.858464,0 days 00:00:00.372283,0.743782752424032,0.7233173669282635,1.664241218697843,0.23831683604516776,4,5,2,5252,0.050600903690320206,1.6748312016299012,0.8889049755099728,PRUNED
295,1.2423012283941965,2026-02-26 10:33:06.885039,2026-02-26 10:33:07.250377,0 days 00:00:00.365338,0.7007506098734424,0.6899797168507837,3.498277232567143,0.23813553345997213,5,8,12,2999,0.001465804098099805,0.8943506131489889,0.6399544082847215,PRUNED
296,1.281259667924601,2026-02-26 10:33:07.276240,2026-02-26 10:33:07.582441,0 days 00:00:00.306201,0.5646724675354517,0.5775700494972713,4.822072287667393,0.21991880942744685,5,8,7,3240,0.0024805856285503775,0.12981950854598734,0.6637749022820109,PRUNED
297,1.2630216252491242,2026-02-26 10:33:07.610031,2026-02-26 10:33:08.087052,0 days 00:00:00.477021,0.6735593484576753,0.7453304314751179,0.7690623814565964,0.20492890386455728,5,9,9,5013,3.8608974074168065,0.31128224497125506,0.6252060519068502,PRUNED
298,1.252135617068362,2026-02-26 10:33:08.114568,2026-02-26 10:33:08.456688,0 days 00:00:00.342120,0.6405845571103684,0.4208013055054485,0.0026241333580574525,0.24988404537223016,9,4,10,1678,0.0031930343999050635,1.1245105558962332,0.6455920449774866,PRUNED
299,1.2828736590489287,2026-02-26 10:33:08.484954,2026-02-26 10:33:08.879143,0 days 00:00:00.394189,0.781170348895752,0.7690830849839753,0.0013699573059279748,0.2304763363954553,5,3,12,3099,0.0017648438884120372,0.050065589942063005,0.9440865172788108,PRUNED
300,1.258474364901412,2026-02-26 10:33:08.919295,2026-02-26 10:33:09.512506,0 days 00:00:00.593211,0.5326082161837016,0.659095512432212,0.0018865447236321334,0.18841957370491202,5,10,10,4896,0.00569163775518589,1.947807396699028,0.9957502162315794,PRUNED
301,1.320202742957919,2026-02-26 10:33:09.549729,2026-02-26 10:33:10.016842,0 days 00:00:00.467113,0.58085723128406,0.7973315299725858,0.00358322340082471,0.21688244534850828,5,5,4,2928,0.0011598226826430075,0.0398545638910178,0.9845999745890571,PRUNED
302,1.2473312863876191,2026-02-26 10:33:10.044995,2026-02-26 10:33:10.403772,0 days 00:00:00.358777,0.7099426260177653,0.537114289970382,1.0680981295709178,0.232487186136074,10,9,5,3340,7.567563008759282,0.22844548579040644,0.6522775598357928,PRUNED
303,1.2857544473929194,2026-02-26 10:33:10.431420,2026-02-26 10:33:11.315203,0 days 00:00:00.883783,0.7917101510465978,0.6199402612703632,0.0016837645313034096,0.15352685416069553,5,9,2,5936,0.011989293985890897,2.5057450809747963,0.6321253396981887,PRUNED
304,1.2550441691555556,2026-02-26 10:33:11.350516,2026-02-26 10:33:11.889765,0 days 00:00:00.539249,0.7703449379689596,0.6066312011281303,0.03979413957301607,0.20840531397955453,5,7,11,3045,0.0026786436425834405,1.5835279754634624,0.9099440646259597,PRUNED
305,1.247405862235252,2026-02-26 10:33:11.919511,2026-02-26 10:33:12.535642,0 days 00:00:00.616131,0.5586559593556575,0.9618927866818577,0.002648536786851428,0.2257825034196954,5,8,12,4169,0.004451298052934191,1.2183151076404708,0.8324750703266909,PRUNED
306,1.2538425448315667,2026-02-26 10:33:12.568400,2026-02-26 10:33:13.004181,0 days 00:00:00.435781,0.6788648128380574,0.43495028402238467,0.28508889067332877,0.23984500729096822,5,9,11,2780,0.001984731883370962,2.1208885216117026,0.8530907860958973,PRUNED
307,1.3011478727615724,2026-02-26 10:33:13.030909,2026-02-26 10:33:13.624942,0 days 00:00:00.594033,0.5943591115005439,0.8231024977718789,0.0790791015659558,0.20071123984563705,4,8,9,1182,0.0014531597621213533,0.1696624716380746,0.9058854578610078,PRUNED
308,1.2518209578851491,2026-02-26 10:33:13.660045,2026-02-26 10:33:14.045177,0 days 00:00:00.385132,0.7305317847677432,0.4481698025967607,0.004372422358431953,0.24998689638629507,6,4,10,5565,0.0012308205177335731,1.5520244488956105,0.6401063122621491,PRUNED
309,1.2583311414543599,2026-02-26 10:33:14.071967,2026-02-26 10:33:14.635746,0 days 00:00:00.563779,0.7476334349312495,0.6362457231261356,0.0031788591161678536,0.21820702848980095,4,9,11,4715,0.002291451688178948,0.6922289474623508,0.8060196354631924,PRUNED
310,1.460020907946398,2026-02-26 10:33:14.669521,2026-02-26 10:33:15.335745,0 days 00:00:00.666224,0.8983262566695485,0.4302939243164125,0.06449012930279643,0.16589715469485147,6,9,11,5143,0.0037829161392240016,0.0011914912898187441,0.9524750293473481,COMPLETE
311,1.312694075058968,2026-02-26 10:33:15.365834,2026-02-26 10:33:15.888870,0 days 00:00:00.523036,0.9384845762677452,0.4741997088107941,0.013347139915301913,0.2312680491819192,8,8,12,3236,0.001707576241961001,0.08036538394423053,0.824752479512214,PRUNED
312,1.284284672389444,2026-02-26 10:33:15.915835,2026-02-26 10:33:16.371221,0 days 00:00:00.455386,0.544071714574578,0.4137229880222191,0.0022443346279282087,0.17919593718205948,5,9,7,3387,0.0032563938078333902,2.721615336986554,0.7971963094635253,PRUNED
313,1.2789697296535487,2026-02-26 10:33:16.401903,2026-02-26 10:33:16.903413,0 days 00:00:00.501510,0.6996602540342229,0.5944108262062952,0.02323729139984307,0.1939031264062253,5,6,6,2828,0.001326113190010633,5.3006733832676085,0.6590213970227169,PRUNED
314,1.258992193689116,2026-02-26 10:33:16.937453,2026-02-26 10:33:17.470341,0 days 00:00:00.532888,0.5746419737084383,0.6789612235304637,0.0010525533279409523,0.2394143675844017,5,9,10,1403,1.0911301753158051,1.8601484786481939,0.88306906626363,PRUNED
315,1.2949155653130997,2026-02-26 10:33:17.497123,2026-02-26 10:33:17.943555,0 days 00:00:00.446432,0.7199202062316478,0.7889663673954745,0.030056820457491078,0.24989171196203616,5,4,11,2656,5.530527266538671,0.10414143224745434,0.8499139117136292,PRUNED
316,1.4317989036936634,2026-02-26 10:33:17.969636,2026-02-26 10:33:18.419961,0 days 00:00:00.450325,0.6505806938840055,0.5555061798813963,1.9178780942749485,0.21209668898299883,3,9,12,3130,0.002866150800289536,1.3893093069251599,0.6498484303496493,COMPLETE
317,1.27463115127042,2026-02-26 10:33:18.449746,2026-02-26 10:33:18.915634,0 days 00:00:00.465888,0.6578817736928181,0.5865631516653363,0.004119022450080606,0.20801370472991126,3,9,12,3180,0.0024771687672758224,1.3183832758558716,0.6165187402114838,PRUNED
318,1.2515416832188209,2026-02-26 10:33:18.950504,2026-02-26 10:33:19.281528,0 days 00:00:00.331024,0.6482333516617306,0.5523367431495712,1.8754079439477673,0.21347356276819876,0,7,12,2250,0.0027478413678756392,1.0705899557850431,0.6340240378684909,PRUNED
319,1.4440040712572704,2026-02-26 10:33:19.307504,2026-02-26 10:33:19.712609,0 days 00:00:00.405105,0.6322140330887946,0.5209557324827788,2.9714436812191174,0.19759150504944967,3,9,12,3100,0.0019047082720476964,0.14477944220357591,0.6500478634139417,COMPLETE
320,1.2380531746964942,2026-02-26 10:33:19.756726,2026-02-26 10:33:20.113183,0 days 00:00:00.356457,0.6719980802893954,0.5665976313858919,2.4175114261803725,0.22244726211559696,4,8,12,3537,0.0031337062319959537,4.203140596561932,0.8136422864145904,PRUNED
321,1.23925304228872,2026-02-26 10:33:20.148154,2026-02-26 10:33:20.504677,0 days 00:00:00.356523,0.6661822416709664,0.6282444253118119,3.2544737080844315,0.21225257366881395,1,9,12,3261,0.004139180486553025,0.804145782519849,0.8387068900393752,PRUNED
322,1.4541874161689203,2026-02-26 10:33:20.537241,2026-02-26 10:33:21.013988,0 days 00:00:00.476747,0.6500392152739516,0.5356856141617308,2.049405198840256,0.18405115837503935,1,9,12,5731,0.0021016375874489406,1.3852143881016434,0.8290600250520224,COMPLETE
323,1.4989359403644096,2026-02-26 10:33:21.043888,2026-02-26 10:33:21.868958,0 days 00:00:00.825070,0.5624538063731828,0.6087520964849299,0.00628009486487105,0.06548208883773064,2,9,11,4532,0.0010173261652565422,1.677573349979024,0.6755818301638233,COMPLETE
324,1.2396732253937144,2026-02-26 10:33:21.901946,2026-02-26 10:33:22.301619,0 days 00:00:00.399673,0.6928563750093649,0.7076876284562303,1.3567282236309877,0.22717315598412607,4,9,11,1700,0.0015163528949541831,0.19294349647874076,0.6426081260139106,PRUNED
325,1.243176804812392,2026-02-26 10:33:22.329950,2026-02-26 10:33:22.766187,0 days 00:00:00.436237,0.6639439612962305,0.562996486410515,0.008948989274191615,0.2029429597845572,7,5,12,5323,0.0035938767040535604,0.3729319198346419,0.6066267045742866,PRUNED
326,1.2824113560403725,2026-02-26 10:33:22.795302,2026-02-26 10:33:23.317623,0 days 00:00:00.522321,0.6821624665549191,0.8104286954448887,0.6530155086483418,0.1899457391844202,4,8,8,4810,0.0016893541073814671,2.9505035230255534,0.6225250223351899,PRUNED
327,1.2948523140491954,2026-02-26 10:33:23.345472,2026-02-26 10:33:23.683725,0 days 00:00:00.338253,0.6228614662198794,0.5944121692419573,3.7899240443243483,0.22135541572393597,10,4,3,5042,0.0028417660025686813,3.556553574792896,0.7148339490666171,PRUNED
328,1.2408185372036324,2026-02-26 10:33:23.718393,2026-02-26 10:33:24.351873,0 days 00:00:00.633480,0.9854865889897269,0.6516502839567526,0.003531702662848321,0.20973681565908156,5,9,11,3173,0.005340190119139147,1.0001028247265973,0.656818265157139,PRUNED
329,1.4024215378205998,2026-02-26 10:33:24.378368,2026-02-26 10:33:24.970315,0 days 00:00:00.591947,0.5463890533848925,0.7511733271663779,0.004185631053860794,0.2348315588599837,5,7,12,3013,0.002421449550002893,0.057729685574778505,0.8205935422638998,COMPLETE
330,1.2687161772976332,2026-02-26 10:33:25.019278,2026-02-26 10:33:25.499894,0 days 00:00:00.480616,0.5350266889473914,0.7301898496314537,0.004059505619365795,0.2373229738102759,7,7,12,2985,0.0022626129658259286,0.07646992025200197,0.8198299126412594,PRUNED
331,1.239337244822358,2026-02-26 10:33:25.527504,2026-02-26 10:33:26.012529,0 days 00:00:00.485025,0.5418330251507606,0.7616451817913299,0.0030675589542452416,0.2187383359311452,6,7,12,2879,0.0019180914844565428,4.8883137635179015,0.8054460673277358,PRUNED
332,1.241543067691501,2026-02-26 10:33:26.049742,2026-02-26 10:33:26.494625,0 days 00:00:00.444883,0.5516329450120688,0.5769354047881339,0.002718107606401962,0.19580162401455375,4,7,12,1865,2.2342020673767307,0.06931998742066155,0.8323003029709545,PRUNED
333,1.2724417053668986,2026-02-26 10:33:26.532542,2026-02-26 10:33:27.048929,0 days 00:00:00.516387,0.5689176254342678,0.7606477954312485,0.0035559935204263226,0.22987151061357633,9,7,12,4653,0.0012794906513446977,0.05840743284192368,0.8142100938541248,PRUNED
334,1.2878960830591304,2026-02-26 10:33:27.081706,2026-02-26 10:33:27.576414,0 days 00:00:00.494708,0.5154937817303723,0.7829364364791346,0.0046684233658733,0.2396310694465871,5,7,12,1519,0.009408810186165252,0.2431088174798314,0.8240238482643936,PRUNED
335,1.2495691953428374,2026-02-26 10:33:27.609530,2026-02-26 10:33:28.202351,0 days 00:00:00.592821,0.8049821550024129,0.7452213087563283,0.0015323061791074064,0.2102629662281285,3,7,11,2384,0.002450276306829049,0.041185667789159684,0.8447383012353368,PRUNED
336,1.2294667132708736,2026-02-26 10:33:28.229255,2026-02-26 10:33:28.634115,0 days 00:00:00.404860,0.5542558957940339,0.4101306929509218,0.01528019975611736,0.22465732286185827,5,6,12,3016,0.020563538064799068,2.2800385817585043,0.8144786373796676,PRUNED
337,1.448737271498474,2026-02-26 10:33:28.660779,2026-02-26 10:33:29.286326,0 days 00:00:00.625547,0.5270653349666894,0.6184204754075433,0.002021318570819827,0.17527310612308403,6,8,11,5183,0.0015729248164424933,0.028104327378525397,0.799242780914008,COMPLETE
338,1.2476011165703838,2026-02-26 10:33:29.322282,2026-02-26 10:33:29.999734,0 days 00:00:00.677452,0.7624064495654868,0.746548439827232,0.051030471927695435,0.24077344434720063,5,7,12,5454,0.0018384129492720132,0.08455221528013399,0.836190004186716,PRUNED
339,1.28798499023928,2026-02-26 10:33:30.036644,2026-02-26 10:33:30.696359,0 days 00:00:00.659715,0.7760358170929101,0.7707484940550947,0.0043724253597650494,0.20063097765635846,10,8,11,2167,0.3744179775630448,2.596381175878439,0.9630774124362207,PRUNED
340,1.2621446403856034,2026-02-26 10:33:30.723651,2026-02-26 10:33:31.065011,0 days 00:00:00.341360,0.5583033182351453,0.8481784340806794,5.184307492784582,0.22843342065348352,4,8,12,2561,0.03148849788417219,0.12425851419333847,0.8671737398468511,PRUNED
341,1.2808870416021498,2026-02-26 10:33:31.092464,2026-02-26 10:33:31.468512,0 days 00:00:00.376048,0.8504387351386307,0.6437622309649571,1.5635751801466182,0.249605404118839,5,4,11,2939,0.0027395861177435055,0.05251637645192689,0.6286772880696595,PRUNED
342,1.2657502311064057,2026-02-26 10:33:31.496331,2026-02-26 10:33:32.041267,0 days 00:00:00.544936,0.5853691440166341,0.602685604967391,0.00252186490107513,0.21351461480114053,2,10,11,4372,0.6670163183058685,0.05946708887606155,0.8245993187765438,PRUNED
343,1.232649170506844,2026-02-26 10:33:32.078808,2026-02-26 10:33:32.677224,0 days 00:00:00.598416,0.9209967069141216,0.4237660985725192,0.0012264839200102154,0.18827242359211915,5,8,4,5603,0.0012170876543409228,0.004051173868586684,0.9388213861582984,PRUNED
344,1.3067927201480207,2026-02-26 10:33:32.705067,2026-02-26 10:33:33.190488,0 days 00:00:00.485421,0.6395772900672649,0.4013558476562043,0.003098016929541886,0.23637129687440014,6,7,1,3071,0.5365444330026176,0.46199098312578096,0.8069813247097176,PRUNED
345,1.2668119771391348,2026-02-26 10:33:33.219193,2026-02-26 10:33:33.585334,0 days 00:00:00.366141,0.5712098877479956,0.49395976024634924,0.0036960204905321257,0.22093088961384777,5,4,5,3330,0.0022170553340165717,0.15668087224697416,0.7276199309694026,PRUNED
346,1.2397769743057574,2026-02-26 10:33:33.613512,2026-02-26 10:33:34.071594,0 days 00:00:00.458082,0.5447268710022305,0.5071240526747753,0.002164777390051595,0.20380333013184623,5,9,12,4028,0.0014172700471803501,3.773336188400852,0.639740063736534,PRUNED
347,1.2537903359738705,2026-02-26 10:33:34.099107,2026-02-26 10:33:34.789435,0 days 00:00:00.690328,0.7865979041296437,0.6970985052029613,0.0016360350752082586,0.12910002272746995,6,9,11,1913,0.0015569375640660007,6.771607405115619,0.897312876930536,PRUNED
348,1.2696359248872864,2026-02-26 10:33:34.817657,2026-02-26 10:33:35.265519,0 days 00:00:00.447862,0.5635841200113594,0.6286812210808903,0.03538648238554412,0.23786250428195263,5,6,12,2694,0.00298161289213473,0.5698904616823973,0.9246554058581082,PRUNED
349,1.2587475420319734,2026-02-26 10:33:35.302929,2026-02-26 10:33:35.885921,0 days 00:00:00.582992,0.6585389120178182,0.7533512958552677,0.005453060791957656,0.24999298114436422,10,9,11,5829,0.0021403687301370148,0.10181500215622293,0.7434338858881028,PRUNED
350,1.2673874337053863,2026-02-26 10:33:35.912792,2026-02-26 10:33:36.467952,0 days 00:00:00.555160,0.6754339589766496,0.7339253410350911,0.018584291269434644,0.22577911026121109,5,8,11,2841,0.0010578178807157314,2.998316026040822,0.8173570065300799,PRUNED
351,1.2756014680668761,2026-02-26 10:33:36.502974,2026-02-26 10:33:36.922368,0 days 00:00:00.419394,0.5819133015561202,0.8031233891486961,0.9210011935596799,0.21669754632605964,5,9,11,1771,0.20100997739105736,2.1018847965493133,0.854822721462793,PRUNED
352,1.4876479881303992,2026-02-26 10:33:36.962796,2026-02-26 10:33:37.487764,0 days 00:00:00.524968,0.6000036209988527,0.5488015748800753,0.12577815577906656,0.09212386995153371,6,4,12,4956,0.001343762759195692,0.2996686212311749,0.828080069162467,COMPLETE
353,1.3159922455737527,2026-02-26 10:33:37.519304,2026-02-26 10:33:38.180933,0 days 00:00:00.661629,0.8206361047720623,0.6130997994420965,0.0028714647895683315,0.23149110698199668,4,9,5,3089,0.001751186087194273,1.8446024444962412,0.6466535149697968,PRUNED
354,1.2650791288421543,2026-02-26 10:33:38.210231,2026-02-26 10:33:38.765639,0 days 00:00:00.555408,0.7611423074781,0.6660771677634694,0.004688511779688071,0.19612204390983584,5,7,6,2224,0.001963583890404558,2.4847515734592003,0.635054066993159,PRUNED
355,1.2641046440078325,2026-02-26 10:33:38.801016,2026-02-26 10:33:39.279666,0 days 00:00:00.478650,0.5519035125911503,0.4293104125479982,0.001974417765102985,0.20899607920459579,4,9,7,3724,0.0065879675625633875,4.310753183400366,0.8359678068944921,PRUNED
356,1.436307406819013,2026-02-26 10:33:39.319904,2026-02-26 10:33:39.773949,0 days 00:00:00.454045,0.536931634055849,0.4430575104632681,0.003928770124061938,0.23474891259974337,5,5,11,3491,0.0025104337909299178,3.274752161214806,0.8104569013806145,COMPLETE
357,1.2380099665514448,2026-02-26 10:33:39.805476,2026-02-26 10:33:40.189416,0 days 00:00:00.383940,0.5318187629237224,0.413507654775827,0.004002134717899395,0.21832602637036444,5,5,11,3462,0.0028371997785931456,3.3409938001129524,0.7948585047840789,PRUNED
358,1.4871792264927035,2026-02-26 10:33:40.217765,2026-02-26 10:33:40.771535,0 days 00:00:00.553770,0.5207507765603615,0.5256499273141593,0.025568586529856035,0.0988010108789778,5,5,12,3420,0.002510807148737545,3.9570211775539375,0.6990431000942454,COMPLETE
359,1.273008123931664,2026-02-26 10:33:40.809918,2026-02-26 10:33:41.292925,0 days 00:00:00.483007,0.5499847227939929,0.8840105525935726,0.004916533928356497,0.18441673967484518,6,5,4,3298,0.003618639136580182,3.0816143107305285,0.8095354997546959,PRUNED
360,1.4166179543679154,2026-02-26 10:33:41.319433,2026-02-26 10:33:41.817185,0 days 00:00:00.497752,0.5354267705614832,0.7771401546918547,0.006561705039051137,0.2283980744469727,7,5,12,3556,0.002345055313383542,5.322861703109384,0.8000655574490716,COMPLETE
361,1.2563633518343729,2026-02-26 10:33:41.848543,2026-02-26 10:33:42.293534,0 days 00:00:00.444991,0.5127674245080757,0.7537295482229881,0.006307579286897146,0.20756797438333405,9,5,12,3190,0.0020716597785804818,5.01476381033448,0.8054787544286742,PRUNED
362,1.2836801452945468,2026-02-26 10:33:42.319787,2026-02-26 10:33:42.749197,0 days 00:00:00.429410,0.544210308161258,0.7983960081541812,0.007597997848866588,0.19879649666872823,7,5,12,3635,0.0016822156918465325,6.286786905303619,0.7963934099986159,PRUNED
363,1.238656572524282,2026-02-26 10:33:42.776312,2026-02-26 10:33:43.299870,0 days 00:00:00.523558,0.5736922431579553,0.7743510088603492,0.006705722515366377,0.22164897341563525,7,8,12,4493,0.004442712023609551,4.644777167381055,0.8000996654191527,PRUNED
364,1.2708061909813655,2026-02-26 10:33:43.326230,2026-02-26 10:33:43.801690,0 days 00:00:00.475460,0.5661084597735674,0.8117588310348199,0.009342090387336969,0.22866606871508927,8,5,12,3293,0.0032686919129083355,0.17824156021850493,0.7837140833532042,PRUNED
365,1.2502779417438572,2026-02-26 10:33:43.828213,2026-02-26 10:33:44.242213,0 days 00:00:00.414000,0.7789639071574848,0.7772827224945178,0.004936441938271593,0.21392192089508988,6,3,12,906,0.001154717928073241,0.12577439463781095,0.7740241189706297,PRUNED
366,1.2278762131233179,2026-02-26 10:33:44.270016,2026-02-26 10:33:44.698330,0 days 00:00:00.428314,0.5231602850212148,0.7700507771684578,0.010622671904686217,0.24035402856264618,5,5,12,4870,0.0014535792330138484,5.11923550210107,0.8230194202064994,PRUNED
367,1.286635032788458,2026-02-26 10:33:44.726113,2026-02-26 10:33:45.118534,0 days 00:00:00.392421,0.5381646010107719,0.7906954829364207,0.4513630381918075,0.2038556849050998,10,4,8,5658,0.002292026897835714,9.202885296873664,0.8473858741387604,PRUNED
368,1.251121338060404,2026-02-26 10:33:45.147367,2026-02-26 10:33:45.729333,0 days 00:00:00.581966,0.591771616968261,0.7811206575977934,0.0056314967178979726,0.11676639562600229,5,7,12,5267,0.0018275253776159598,0.09793402334110964,0.6005366231506996,PRUNED
369,1.2366032148820103,2026-02-26 10:33:45.772930,2026-02-26 10:33:46.119942,0 days 00:00:00.347012,0.6858405543399018,0.7224763764780885,2.7247739927888337,0.22472882867042646,9,8,12,4618,0.0028146813519781297,0.8826184359811154,0.6176940322807098,PRUNED
370,1.3206483506736153,2026-02-26 10:33:46.145797,2026-02-26 10:33:46.666164,0 days 00:00:00.520367,0.9510789116366332,0.7491922455111897,1.129345158800066,0.19153625205929933,6,10,2,4285,0.2734626972293943,5.672133550647314,0.8168156089609486,PRUNED
371,1.2496395025733786,2026-02-26 10:33:46.692418,2026-02-26 10:33:47.216345,0 days 00:00:00.523927,0.6130737718646656,0.6436111078578517,0.0033591067004617695,0.17542918815053363,5,8,12,1994,0.0012093320265721675,1.3461090749812867,0.7645200928790896,PRUNED
372,1.3292931690044698,2026-02-26 10:33:47.247837,2026-02-26 10:33:48.035672,0 days 00:00:00.787835,0.5602430763604941,0.825150478409419,0.007585092688150527,0.06101547203815653,8,7,3,3404,0.0034966453383946973,0.04667088395120536,0.8327099598380281,PRUNED
373,1.2248725749494094,2026-02-26 10:33:48.071360,2026-02-26 10:33:48.464420,0 days 00:00:00.393060,0.649429649732567,0.5938529718207514,0.04401922523985465,0.238133470561248,5,4,12,5097,0.07195193266085673,0.25818071548052385,0.8214360227550134,PRUNED
374,1.2478535699251778,2026-02-26 10:33:48.492438,2026-02-26 10:33:48.962783,0 days 00:00:00.470345,0.7571082369687094,0.6334016102274631,0.030566070999863894,0.21303970274612444,5,6,11,3207,0.0015362169689135368,0.3481658533433638,0.8018787144112082,PRUNED
375,1.244321923940524,2026-02-26 10:33:48.989222,2026-02-26 10:33:49.320395,0 days 00:00:00.331173,0.7994420847427613,0.6547946215200973,3.999075504211296,0.22918534384667966,7,8,8,2152,0.00210951861663612,2.4099133031085884,0.8815114348952126,PRUNED
376,1.3225449891525145,2026-02-26 10:33:49.347228,2026-02-26 10:33:49.950873,0 days 00:00:00.603645,0.5786867763190593,0.7641514430073796,0.0043242646364338435,0.24104307373780318,6,9,7,1271,0.004323746120474519,0.20468772138576055,0.6290920813352952,PRUNED
377,1.304359887964335,2026-02-26 10:33:49.988549,2026-02-26 10:33:50.340618,0 days 00:00:00.352069,0.5527475913161053,0.5590649187878605,2.049872372126383,0.21870849017825475,5,9,9,3814,0.0024272592240435556,0.03519738150442943,0.8407351727566074,PRUNED
378,1.2486964882947926,2026-02-26 10:33:50.368812,2026-02-26 10:33:50.816690,0 days 00:00:00.447878,0.7730236190657209,0.5809053228669678,0.005518483137460272,0.16639568141643152,0,5,12,4730,0.0018225728050480984,3.9580048287332446,0.8286820278097692,PRUNED
379,1.2406028872340742,2026-02-26 10:33:50.855610,2026-02-26 10:33:51.263525,0 days 00:00:00.407915,0.6672340168867745,0.40077177951548304,0.3262765468653694,0.2490759416500822,10,8,11,4120,0.0013892663593638255,6.510069787555396,0.8121622600242542,PRUNED
380,1.2485803465590009,2026-02-26 10:33:51.299836,2026-02-26 10:33:51.761254,0 days 00:00:00.461418,0.6267585664152474,0.6206323118745517,0.0034255384327474474,0.20521815149374759,8,4,12,2358,0.0030067644632460412,1.704165220419477,0.8641887421350205,PRUNED
381,1.255002113057946,2026-02-26 10:33:51.795394,2026-02-26 10:33:52.240746,0 days 00:00:00.445352,0.560167592715683,0.6048356241409951,0.5971729834103662,0.1899999627594909,5,9,11,5891,0.014450406107860227,0.1402379704636715,0.7882674233590827,PRUNED
382,1.264725392005303,2026-02-26 10:33:52.342826,2026-02-26 10:33:52.873064,0 days 00:00:00.530238,0.5027835665736586,0.47760814801463336,0.0025755208311884215,0.22665496815181152,5,9,6,3128,0.7752175459672543,1.1617703692958015,0.8736279486016629,PRUNED
383,1.430530108984048,2026-02-26 10:33:52.908237,2026-02-26 10:33:53.510576,0 days 00:00:00.602339,0.5734269512157539,0.6862139893632878,0.004465256548426763,0.21466480955223452,3,7,9,1589,0.0011883286056037369,2.7559427884236833,0.6239112007147959,COMPLETE
384,1.2582296757720233,2026-02-26 10:33:53.542361,2026-02-26 10:33:54.037641,0 days 00:00:00.495280,0.5856826811338075,0.7181451749335704,0.004532073313790814,0.2022621149493625,3,7,10,1766,0.001034601998658569,3.6373992307581995,0.614760172912458,PRUNED
385,1.2513247109938563,2026-02-26 10:33:54.066179,2026-02-26 10:33:54.571556,0 days 00:00:00.505377,0.5678990338706501,0.7029860173368104,0.006014320088489525,0.18026565032728278,3,7,9,1572,0.0014033109814830494,2.6191158237872036,0.6240838965019938,PRUNED
386,1.2450530717296011,2026-02-26 10:33:54.607474,2026-02-26 10:33:55.091508,0 days 00:00:00.484034,0.5720856511630038,0.6632139490850413,0.003876872823219329,0.20979083097725185,3,7,9,1493,0.0012243632619966505,2.911348899638235,0.6319455063540549,PRUNED
387,1.2843257029752915,2026-02-26 10:33:55.127651,2026-02-26 10:33:55.677926,0 days 00:00:00.550275,0.5479781874200725,0.7394005355504549,0.004873036940530512,0.19520698254984883,4,7,8,1635,0.0010771357514411436,0.06435826442189112,0.6082394849319042,PRUNED
388,1.2617418963839575,2026-02-26 10:33:55.707480,2026-02-26 10:33:56.260666,0 days 00:00:00.553186,0.5977649329453536,0.6790792637481271,0.0032193958978635508,0.21777932939871303,2,7,4,1658,0.0010031343220263608,4.159527913115231,0.6234273531895875,PRUNED
389,1.2498909339811735,2026-02-26 10:33:56.298378,2026-02-26 10:33:56.819071,0 days 00:00:00.520693,0.5786794918632434,0.6822219462773409,0.004352908825359223,0.21525391743617966,1,7,8,5425,0.0015850701906769923,7.806138419742074,0.6412579753403628,PRUNED
390,1.2745496465418986,2026-02-26 10:33:56.848542,2026-02-26 10:33:57.372663,0 days 00:00:00.524121,0.5344154932980636,0.6868420950773049,0.007078356538903326,0.19904346808201862,4,7,7,1854,0.0019739182967902034,0.08532259082521845,0.6498954048620876,PRUNED
391,1.23859368277399,2026-02-26 10:33:57.401725,2026-02-26 10:33:57.948269,0 days 00:00:00.546544,0.5548514592682269,0.6728773731942305,0.06797666385388466,0.08477824529528229,3,6,9,1328,0.0017047339336797383,0.6961904963485351,0.6358296047616712,PRUNED
392,1.2668757748451758,2026-02-26 10:33:57.982249,2026-02-26 10:33:58.385011,0 days 00:00:00.402762,0.5649847071937447,0.7840527743650996,0.005301188767280867,0.24993352468046892,10,4,10,1936,0.0025028710187713446,0.1168390213056391,0.6279221729745355,PRUNED
393,1.2572955943791735,2026-02-26 10:33:58.427970,2026-02-26 10:33:58.933584,0 days 00:00:00.505614,0.6550787700514442,0.6551838832532145,0.0036221337064940113,0.2271513264249126,4,7,12,1619,0.001252327037844976,3.3098319296683063,0.9123151023687336,PRUNED
394,1.2741058654881705,2026-02-26 10:33:58.964632,2026-02-26 10:33:59.443161,0 days 00:00:00.478529,0.5433873223377894,0.48743016561855806,0.013069539007352686,0.18520808420904708,2,8,9,1424,0.003645435690865464,2.271601465755225,0.8026325772861196,PRUNED
395,1.2321828601403955,2026-02-26 10:33:59.471424,2026-02-26 10:33:59.897842,0 days 00:00:00.426418,0.5284670139697576,0.6982842138675776,0.022883377313150374,0.23755703094667582,6,5,10,1810,1.8308432056456063,4.579026902520769,0.7969216303211455,PRUNED
396,1.432418316676976,2026-02-26 10:33:59.928690,2026-02-26 10:34:00.495489,0 days 00:00:00.566799,0.5766715916763977,0.5035240316821984,0.006066830068385465,0.20916928219944042,9,7,12,1460,1.4860509235932564,2.939318184264876,0.639433428147561,COMPLETE
397,1.4335057260387,2026-02-26 10:34:00.529728,2026-02-26 10:34:01.101306,0 days 00:00:00.571578,0.5898643189827286,0.5177010416016712,0.00861834604581943,0.21123842170839655,9,7,12,1182,1.1581628796633507,2.8804042478318306,0.6401914840495629,COMPLETE
398,1.2378356457468005,2026-02-26 10:34:01.138294,2026-02-26 10:34:01.676533,0 days 00:00:00.538239,0.592801599355486,0.5126581232275935,0.010083087334878666,0.20671156842642222,9,7,12,1134,2.8016384379153223,2.7758549248954156,0.6213991909896425,PRUNED
399,1.4374796869420312,2026-02-26 10:34:01.753769,2026-02-26 10:34:02.316261,0 days 00:00:00.562492,0.6047932230612352,0.5344406612822632,0.00726467380281754,0.21286154188638787,10,7,12,950,1.7013547931879527,3.4767355908417317,0.6393557320647392,COMPLETE
400,1.2315234216267452,2026-02-26 10:34:02.347420,2026-02-26 10:34:02.804498,0 days 00:00:00.457078,0.583446627508117,0.5456605064446366,0.1703702126876619,0.19996385576686457,9,7,12,1224,1.3822439797705937,2.761858893860383,0.7528540041538854,PRUNED
401,1.4423473235853568,2026-02-26 10:34:02.834482,2026-02-26 10:34:03.358305,0 days 00:00:00.523823,0.5878020198795457,0.5227941504486571,0.006738169893685394,0.21845832812279722,10,7,12,1396,1.1487515456779371,2.1752995471350327,0.6150679328636314,COMPLETE
402,1.439818211603204,2026-02-26 10:34:03.389622,2026-02-26 10:34:03.949147,0 days 00:00:00.559525,0.5794827679502896,0.5674785145759941,0.008604469893643161,0.20912131135671647,9,7,12,1483,2.163439720705821,3.02815465379832,0.6349504801504972,COMPLETE
403,1.2334428771733204,2026-02-26 10:34:03.981907,2026-02-26 10:34:04.417291,0 days 00:00:00.435384,0.5728196272446407,0.5080664746787543,0.006455105747608887,0.21822415945213916,9,7,12,1069,0.006111714515203829,3.7764484018586266,0.6474499930449615,PRUNED
404,1.4269233709390856,2026-02-26 10:34:04.445400,2026-02-26 10:34:04.946902,0 days 00:00:00.501502,0.5989333913361096,0.5141816633009585,0.016791146850438424,0.22592663950670927,9,7,12,1496,0.4470877593455916,5.644505857783229,0.6277268015920783,COMPLETE
405,1.4313453791240376,2026-02-26 10:34:04.978571,2026-02-26 10:34:05.517429,0 days 00:00:00.538858,0.605402032579587,0.49681333330320715,0.01613424470459185,0.22930609493282494,8,7,12,1546,0.4604868866600047,6.614634077309952,0.6097360176005427,COMPLETE
406,1.2318436660361556,2026-02-26 10:34:05.550359,2026-02-26 10:34:06.331065,0 days 00:00:00.780706,0.6118553829473018,0.503429073627105,0.015322102203519828,0.03700610817104088,8,7,12,1479,0.471883691360287,6.061104526689702,0.6084504114454867,PRUNED
407,1.244387171575368,2026-02-26 10:34:06.360977,2026-02-26 10:34:06.772795,0 days 00:00:00.411818,0.6247198049683799,0.504063634307837,0.019166281166027522,0.2278618293179794,7,7,12,1568,0.3880076801999198,8.63484204695369,0.6111977658765304,PRUNED
408,1.242282147875373,2026-02-26 10:34:06.801162,2026-02-26 10:34:07.249909,0 days 00:00:00.448747,0.6065847361548876,0.4975857653499889,0.013204223027101418,0.23118132597301017,8,7,12,1584,0.5374046397461874,7.5287473575686885,0.6024343434349011,PRUNED
409,1.2525457098670645,2026-02-26 10:34:07.277179,2026-02-26 10:34:07.726640,0 days 00:00:00.449461,0.5959900978469923,0.4953396597668323,0.016810248901297446,0.22395821531740986,8,7,5,1725,0.6316149414056127,5.913736037441018,0.6231851464857971,PRUNED
410,1.4281960749090838,2026-02-26 10:34:07.756118,2026-02-26 10:34:08.313917,0 days 00:00:00.557799,0.6045672019199407,0.5290138031835872,0.016413604150764614,0.23679448198026665,8,7,12,1423,0.571921128359866,6.979508933579143,0.6214708921699613,COMPLETE
411,1.3329683480461045,2026-02-26 10:34:08.347399,2026-02-26 10:34:08.952035,0 days 00:00:00.604636,0.6130727738385966,0.5392372293791463,0.01939665805807623,0.23863192688525967,8,7,1,1443,0.40264770004596545,7.2483113306670734,0.6164253048292737,PRUNED
412,1.4294009806485235,2026-02-26 10:34:08.980248,2026-02-26 10:34:09.551930,0 days 00:00:00.571682,0.6010397828488621,0.5124934078441064,0.02398303012510281,0.23825845713727598,8,7,12,1517,0.5392400482242726,8.678413104035423,0.9751298473756812,COMPLETE
413,1.2400283412700606,2026-02-26 10:34:09.589283,2026-02-26 10:34:10.075992,0 days 00:00:00.486709,0.6195838931932873,0.5181463294179056,0.02127889974096906,0.24002417645145985,8,7,12,1343,0.49815852502263347,8.49582751538479,0.9626025872233678,PRUNED
414,1.264666358695056,2026-02-26 10:34:10.104345,2026-02-26 10:34:10.584249,0 days 00:00:00.479904,0.602956650667444,0.5324165775966165,0.025144560487920145,0.24991400325320753,8,7,12,1679,0.5822402280809481,6.569330956478491,0.98432866911974,PRUNED
415,1.227792599919276,2026-02-26 10:34:10.612778,2026-02-26 10:34:11.064914,0 days 00:00:00.452136,0.6044239979262498,0.5251520640913292,0.016139654928298712,0.2320201505841608,1,7,12,1360,0.322190840550816,9.347454727308651,0.9679984372817597,PRUNED
416,1.243779247280696,2026-02-26 10:34:11.096150,2026-02-26 10:34:11.536904,0 days 00:00:00.440754,0.6145996982271438,0.5304908811637767,0.011526691474563342,0.2357790482161605,8,7,12,1576,0.4532658087141113,5.228220880554828,0.6295555211074186,PRUNED
417,1.2321151834086856,2026-02-26 10:34:11.566264,2026-02-26 10:34:12.005763,0 days 00:00:00.439499,0.5979784145984416,0.5134610250356749,0.02225476938516791,0.22644380903010863,7,7,12,1554,0.7091880111138239,7.835293724878875,0.9748219015809513,PRUNED
418,1.2358718777342121,2026-02-26 10:34:12.039989,2026-02-26 10:34:12.471624,0 days 00:00:00.431635,0.6322067411563358,0.488311277658051,0.017270922909581907,0.2374629700633366,7,7,12,1347,0.8765052190846838,7.313243853595273,0.9904670431670289,PRUNED
419,1.2443347842135062,2026-02-26 10:34:12.499190,2026-02-26 10:34:12.956168,0 days 00:00:00.456978,0.603654550422122,0.5456470582907588,0.016440559573059836,0.22413165212262182,8,7,12,1685,0.3887397955763423,6.374179600651363,0.9971607703653551,PRUNED
420,1.2264963134451874,2026-02-26 10:34:12.983966,2026-02-26 10:34:13.461986,0 days 00:00:00.478020,0.5973858796170641,0.5270274242293503,0.030348688983342663,0.2498301921175031,7,7,12,1499,0.5824822929029817,5.7274483280013495,0.7773081544029797,PRUNED
421,1.2445695178655687,2026-02-26 10:34:13.490802,2026-02-26 10:34:13.958622,0 days 00:00:00.467820,0.6170333988023492,0.5095480487683641,0.02466847356921641,0.2389079160150108,3,7,12,1737,0.3433202441693857,5.369428988116539,0.97960000874305,PRUNED
422,1.2357789163038024,2026-02-26 10:34:13.990696,2026-02-26 10:34:14.478286,0 days 00:00:00.487590,0.5887497577210205,0.7533992509005701,0.013199117419507744,0.22721835351453223,8,7,12,1296,0.5137984405847567,8.852089393998849,0.6073485228722839,PRUNED
423,1.2622222976737054,2026-02-26 10:34:14.505945,2026-02-26 10:34:15.071769,0 days 00:00:00.565824,0.6104812340210202,0.8143905135119749,0.01934790537371133,0.2231405876625176,8,8,12,1403,0.6421104974420679,9.201189476853754,0.6159027867554016,PRUNED
424,1.2499147912038668,2026-02-26 10:34:15.099994,2026-02-26 10:34:15.555379,0 days 00:00:00.455385,0.5882469173942141,0.5529912885966777,0.014247611421972664,0.23923813229492272,8,7,12,1579,0.2583068251218932,6.70988607544727,0.9862589206980378,PRUNED
425,1.2710843908446574,2026-02-26 10:34:15.593947,2026-02-26 10:34:16.117696,0 days 00:00:00.523749,0.6308147447391294,0.5183689821206928,0.028586963294561268,0.22132962506080447,7,7,3,1701,0.45069325201481664,5.156192170218878,0.6246805908328428,PRUNED
426,1.245088100631545,2026-02-26 10:34:16.151334,2026-02-26 10:34:16.600510,0 days 00:00:00.449176,0.6011658880387174,0.4829528968626864,0.03971104921863984,0.23774278427483983,8,7,12,1615,0.478123713655263,9.954787033231975,0.7918779867849486,PRUNED
427,1.2594067160666782,2026-02-26 10:34:16.630460,2026-02-26 10:34:17.167027,0 days 00:00:00.536567,0.6249119521429968,0.5380263668958597,0.01998848090248114,0.23031699915189413,8,8,5,1494,0.0029806286719112457,4.732102138806682,0.7842126476050028,PRUNED
428,1.4107541144304596,2026-02-26 10:34:17.201265,2026-02-26 10:34:17.834297,0 days 00:00:00.633032,0.5958548665143979,0.7656699598092636,0.03416699386257854,0.21920807176939242,8,8,11,5998,0.30662847233856094,6.6999543370567,0.9726863923456692,COMPLETE
429,1.2898343201238334,2026-02-26 10:34:17.864494,2026-02-26 10:34:18.374017,0 days 00:00:00.509523,0.5959741760679734,0.759020271631706,0.034736235220836006,0.249886844860658,8,8,11,5793,0.36004614722096334,7.563900621163411,0.9775321816895278,PRUNED
430,1.2650675184370335,2026-02-26 10:34:18.410159,2026-02-26 10:34:19.383627,0 days 00:00:00.973468,0.5895814013551816,0.7688707312156603,0.02543234912545979,0.02538423290086595,8,8,11,5961,0.33325240369523,6.869396253993043,0.9543318055125581,PRUNED
431,1.2565033379970725,2026-02-26 10:34:19.410968,2026-02-26 10:34:20.013957,0 days 00:00:00.602989,0.750015892314801,0.7355379488069305,0.04713725380805069,0.22273601739274068,7,8,11,5996,0.44483787753295545,5.866820273792893,0.8108994436965345,PRUNED
432,1.2464710062963744,2026-02-26 10:34:20.047311,2026-02-26 10:34:20.583847,0 days 00:00:00.536536,0.5859072892115206,0.789283582892566,0.03990168556516609,0.2389798261347574,8,8,11,5894,0.3034225437043156,5.980735421756517,0.9904067816390514,PRUNED
433,1.3311874854507626,2026-02-26 10:34:20.630551,2026-02-26 10:34:21.346845,0 days 00:00:00.716294,0.6082425403242422,0.802136526483726,0.03000811816521156,0.24994391828141022,8,8,3,5746,0.25507726309643747,7.7027973218265675,0.9621457828564712,PRUNED
434,1.2844944109160068,2026-02-26 10:34:21.375036,2026-02-26 10:34:21.921588,0 days 00:00:00.546552,0.5799139407755837,0.7488118664622383,0.022492173063902214,0.23089237386062136,7,8,11,1761,0.40958145889805947,4.849063754675185,0.9704569560110067,PRUNED
435,1.2491672055715526,2026-02-26 10:34:21.951022,2026-02-26 10:34:22.500097,0 days 00:00:00.549075,0.599605175080737,0.7749315217157248,0.034249062172739854,0.21828871576281464,8,7,11,1821,0.5686483756218738,4.184987774540258,0.9561401798863017,PRUNED
436,1.261812100931101,2026-02-26 10:34:22.527937,2026-02-26 10:34:23.170923,0 days 00:00:00.642986,0.8333109315024427,0.7641799285064071,0.014217816924817531,0.23141202060218868,9,8,11,5554,0.39431722683957254,6.583621751383612,0.977118247436722,PRUNED
437,1.2576512491477099,2026-02-26 10:34:23.199191,2026-02-26 10:34:23.675952,0 days 00:00:00.476761,0.5927361315673318,0.4707995382023535,0.01726260315392832,0.21857002336614714,8,7,4,1292,0.49937624659210383,5.00487458071476,0.9817997655375309,PRUNED
438,1.2850389493176226,2026-02-26 10:34:23.709603,2026-02-26 10:34:24.500726,0 days 00:00:00.791123,0.7527200504046402,0.7927519105179145,0.05618611305826169,0.2383198578957705,7,8,2,1409,0.8336692623687914,4.548231537033376,0.9891182543289836,PRUNED
439,1.2573709366674108,2026-02-26 10:34:24.529166,2026-02-26 10:34:25.024358,0 days 00:00:00.495192,0.5778212461735968,0.7316999595015092,0.023688918928618415,0.22022208500951096,10,7,11,1896,0.7415056526017643,5.8698321892390855,0.76041884728913,PRUNED
440,1.2381905705348049,2026-02-26 10:34:25.051714,2026-02-26 10:34:25.492784,0 days 00:00:00.441070,0.5602888939668248,0.4625822095858219,0.001000004589344937,0.2495017541775988,8,8,11,1595,0.002181488546847982,0.07032755845497471,0.8044819815408008,PRUNED
441,1.4234877959141121,2026-02-26 10:34:25.521194,2026-02-26 10:34:26.111132,0 days 00:00:00.589938,0.7650542880402607,0.49852528306143723,0.031146422069570134,0.23051124958129374,4,7,11,5699,0.21720132139749204,8.05341976626411,0.6157943929256501,COMPLETE
442,1.2257798409165057,2026-02-26 10:34:26.142805,2026-02-26 10:34:26.740170,0 days 00:00:00.597365,0.7812662680705994,0.7468832042347047,0.03376419489421789,0.23749091160847607,4,8,11,5713,0.2058307262042897,8.403936048660674,0.6281005236969509,PRUNED
443,1.2789659518373966,2026-02-26 10:34:26.768615,2026-02-26 10:34:27.295569,0 days 00:00:00.526954,0.7486021182451102,0.762110134552753,0.23139664162798848,0.21331789760941197,4,7,11,5842,0.21731336227812773,0.054459772888165815,0.619018914897301,PRUNED
444,1.2805689596959826,2026-02-26 10:34:27.328944,2026-02-26 10:34:27.986364,0 days 00:00:00.657420,0.7603084352217016,0.7818404311790741,0.030658175402379136,0.20307502696354346,4,8,11,5710,0.14794559796551235,9.91919638149887,0.9718182979490684,PRUNED
445,1.2980473118799931,2026-02-26 10:34:28.023432,2026-02-26 10:34:28.680396,0 days 00:00:00.656964,0.7647018429902549,0.8262776199413356,0.026907078861650953,0.14072694111534514,4,7,11,5524,0.24853730482897965,8.320723337075393,0.8147238805701689,PRUNED
446,1.2821071417806968,2026-02-26 10:34:28.710741,2026-02-26 10:34:29.273640,0 days 00:00:00.562899,0.7678518646753809,0.7173036683215633,0.041780923875693696,0.227019755515902,4,7,10,5988,0.26708136777432495,0.08696523885384233,0.9321407317359778,PRUNED
447,1.2539027011566313,2026-02-26 10:34:29.302080,2026-02-26 10:34:29.848103,0 days 00:00:00.546023,0.7898381771326158,0.4540339891399363,0.026765910015571364,0.22004658016968984,4,8,6,5741,0.0012452066923939087,0.016644787086712125,0.7951888936788899,PRUNED
448,1.2234983495328344,2026-02-26 10:34:29.876673,2026-02-26 10:34:30.338491,0 days 00:00:00.461818,0.9604145441632861,0.4878832304693104,0.04054913810428597,0.24984227796500644,5,6,11,5871,0.0019305941308647874,7.189351771866636,0.999721455350835,PRUNED
449,1.2734169161425422,2026-02-26 10:34:30.367579,2026-02-26 10:34:30.900296,0 days 00:00:00.532717,0.7453301975248852,0.46852198493671254,0.03201037373855543,0.2388028764657302,5,8,5,5658,0.19434739201173673,3.6734424064480464,0.6283419283717065,PRUNED
450,1.2924870035847709,2026-02-26 10:34:30.928866,2026-02-26 10:34:31.430684,0 days 00:00:00.501818,0.8997859069694104,0.4455580938510649,0.03562328860536024,0.2075599229947382,5,7,11,5552,0.0016295872892029826,4.270733448104844,0.9195113133799864,PRUNED
451,1.231324364810155,2026-02-26 10:34:31.496191,2026-02-26 10:34:32.076844,0 days 00:00:00.580653,0.7709046333011151,0.7682791870461384,0.02152898464104138,0.2303829581653864,5,7,10,4417,0.32783421477496594,5.707785673736321,0.8106441787018229,PRUNED
452,1.2536026670637896,2026-02-26 10:34:32.493472,2026-02-26 10:34:33.087351,0 days 00:00:00.593879,0.5432386643063124,0.8339134806775638,0.0242706000252388,0.2151360365229741,4,10,11,5824,0.002521377972727182,4.381626700305686,0.6926841156796519,PRUNED
453,1.2239529104561842,2026-02-26 10:34:33.122214,2026-02-26 10:34:33.641776,0 days 00:00:00.519562,0.57213469974255,0.7424692830389675,0.0013422984437033508,0.23754253793754632,10,8,11,3935,0.0013471192905517764,0.09393374183603828,0.6201060068411531,PRUNED
454,1.2554039301120583,2026-02-26 10:34:33.669030,2026-02-26 10:34:34.148768,0 days 00:00:00.479738,0.7384489318994155,0.5098152619020068,0.027939209101253335,0.22500537658802913,5,7,10,5609,0.29879985169451806,7.780123671179018,0.9467837062721883,PRUNED
455,1.452456026092866,2026-02-26 10:34:34.177824,2026-02-26 10:34:34.775659,0 days 00:00:00.597835,0.8164919040284109,0.43606196911212747,0.04623491453183414,0.20599960363601785,4,7,11,2013,0.18145985654448227,3.6510672427887427,0.7360145291512172,COMPLETE
456,1.2731272495791712,2026-02-26 10:34:34.807521,2026-02-26 10:34:35.378484,0 days 00:00:00.570963,0.5239067821782116,0.8004475578043577,0.03699991139401335,0.23949579121670322,5,6,2,4572,0.002095342920592603,5.65468653249668,0.804428511689587,PRUNED
457,1.449260803377084,2026-02-26 10:34:35.406695,2026-02-26 10:34:35.827050,0 days 00:00:00.420355,0.5543111168273293,0.4777603985252639,0.0023940593455789474,0.21924096725984865,9,3,11,2896,0.003670288887367727,0.07117955755341403,0.8193429792666888,COMPLETE
458,1.3405252595368309,2026-02-26 10:34:35.858339,2026-02-26 10:34:36.768477,0 days 00:00:00.910138,0.7610878493939892,0.7811226620565608,0.10260372009918045,0.19896792496871363,5,8,1,1901,0.0011807450724167045,8.035611534095354,0.7855435369546735,PRUNED
459,1.2510141353481616,2026-02-26 10:34:36.796333,2026-02-26 10:34:37.290130,0 days 00:00:00.493797,0.8653048526874086,0.7573507412045235,0.7577235421757001,0.23200071694091862,5,7,11,5404,0.026005941099323734,9.765624214436581,0.6305556556855817,PRUNED
460,1.2487137218737938,2026-02-26 10:34:37.317985,2026-02-26 10:34:37.866875,0 days 00:00:00.548890,0.778990718134997,0.7276120993325967,0.052633874501037674,0.2490869028392658,0,7,10,3004,0.044985149112192695,4.815305775278685,0.7978202553177679,PRUNED
461,1.3466514196314119,2026-02-26 10:34:37.895941,2026-02-26 10:34:38.514023,0 days 00:00:00.618082,0.5782426477502166,0.8127591966363144,0.0015659536779799245,0.21377260953526003,5,8,6,2006,0.0017420878354586675,0.1027969478407313,0.7691300757929147,PRUNED
462,1.2765283655957147,2026-02-26 10:34:38.542908,2026-02-26 10:34:39.156466,0 days 00:00:00.613558,0.5374881947362038,0.49622395105789835,0.08572483449836193,0.06950425954948192,10,7,4,5880,0.0010074346954205913,6.891023083353919,0.8177873359553409,PRUNED
463,1.2322043240926037,2026-02-26 10:34:39.186120,2026-02-26 10:34:39.780204,0 days 00:00:00.594084,0.5677878762220414,0.4205117290667083,0.02029006491704345,0.0509324545631575,5,8,11,2789,0.001468131787598599,0.028740723592182223,0.9032920191718279,PRUNED
464,1.4290703923177641,2026-02-26 10:34:39.807812,2026-02-26 10:34:40.353973,0 days 00:00:00.546161,0.7537208228429256,0.46070882966703447,0.027082262629485748,0.22904719884526353,6,9,12,2509,0.0049355384884816255,0.05713251470624155,0.6128879686373878,COMPLETE
465,1.2551697035462641,2026-02-26 10:34:40.385580,2026-02-26 10:34:40.822541,0 days 00:00:00.436961,0.7577494124636606,0.4605567977039921,0.031953976715070415,0.22825978471353836,6,7,12,2957,0.0039029117347109087,0.08224348414658206,0.7079644270902967,PRUNED
466,1.2323601450138197,2026-02-26 10:34:40.851517,2026-02-26 10:34:41.312746,0 days 00:00:00.461229,0.7684424103425286,0.4547994380774208,0.026746952772717707,0.2410462368485928,6,9,12,2414,0.002930532794223866,0.07222633035309686,0.6002650131794638,PRUNED
467,1.222279230119741,2026-02-26 10:34:41.341979,2026-02-26 10:34:41.840268,0 days 00:00:00.498289,0.7365330341789376,0.4701152457549862,0.02265176026071248,0.21789485214677237,6,10,12,2576,0.004757366389263459,0.04935248953864109,0.6173644622905285,PRUNED
468,1.4286701689631085,2026-02-26 10:34:41.870163,2026-02-26 10:34:42.683209,0 days 00:00:00.813046,0.7464187271230777,0.4883899402899793,0.03790874825486065,0.23989983151950398,6,9,12,2493,0.004180714812954963,0.03664050850192603,0.6139931404306791,COMPLETE
469,1.2230664678095442,2026-02-26 10:34:42.724283,2026-02-26 10:34:43.184256,0 days 00:00:00.459973,0.7579277322709781,0.48251008102330023,0.03988362145159529,0.23920136280325544,6,9,12,2487,0.0049489847954994285,0.02858439249957678,0.6028296310244488,PRUNED
470,1.2256004868941948,2026-02-26 10:34:43.213773,2026-02-26 10:34:43.664302,0 days 00:00:00.450529,0.7541050699792649,0.47517218822750396,0.05025862226687353,0.24862668602559346,6,9,12,2620,0.002945030059755251,0.03678889217448158,0.6103258331937306,PRUNED
471,1.2361952394129216,2026-02-26 10:34:43.695509,2026-02-26 10:34:44.194643,0 days 00:00:00.499134,0.7421585071578038,0.4947097822099081,0.030390104296517385,0.23009542850594486,6,9,12,2257,0.005789111681462815,0.03712146565711108,0.6126832120177578,PRUNED
472,1.266300530684322,2026-02-26 10:34:44.225372,2026-02-26 10:34:44.729292,0 days 00:00:00.503920,0.7947072284268568,0.4829379936033653,0.011132955429901949,0.23994475017518727,7,9,12,2423,0.004248641408999569,0.050862482723552566,0.6174925979713488,PRUNED
473,1.2264548047714832,2026-02-26 10:34:44.759690,2026-02-26 10:34:45.293786,0 days 00:00:00.534096,0.9803026937879554,0.5134613049378969,0.033208372832304954,0.24966264128654383,7,9,12,2538,0.0036555407162397165,0.04582141767330347,0.6252470672674456,PRUNED
474,1.274923878162806,2026-02-26 10:34:45.338022,2026-02-26 10:34:45.831821,0 days 00:00:00.493799,0.746264464123824,0.4966900068438086,0.04495456523278351,0.20273539136520613,4,9,12,2461,0.004929515671054058,0.032916680418322665,0.6079518781321056,PRUNED
475,1.2278287730780082,2026-02-26 10:34:45.861612,2026-02-26 10:34:46.351004,0 days 00:00:00.489392,0.7280368901214661,0.46858384228087063,0.03758121014418275,0.22566537240989304,6,9,12,2628,0.0031817206200798987,0.04041240582443842,0.6205255532686575,PRUNED
476,1.2483333752666619,2026-02-26 10:34:46.378806,2026-02-26 10:34:46.849217,0 days 00:00:00.470411,0.771082591103085,0.48394538484269845,0.06076328605602506,0.21296153353234581,4,9,12,2388,0.004152557225584522,0.05638227237002303,0.6089243414459586,PRUNED
477,1.2651120100736102,2026-02-26 10:34:46.878575,2026-02-26 10:34:47.414291,0 days 00:00:00.535716,0.7829633941261195,0.5027612801736882,0.02739896304919106,0.2303086498745584,9,9,12,2646,0.0034509662082042774,0.0614676180071456,0.6252451194262972,PRUNED
478,1.4262497272995698,2026-02-26 10:34:47.443824,2026-02-26 10:34:47.997110,0 days 00:00:00.553286,0.748901268726983,0.5180791186854595,0.018822194047625345,0.22054580952297623,6,7,12,2733,0.002419599626999761,0.025637054003135578,0.6112297884732467,COMPLETE
479,1.2666725923641926,2026-02-26 10:34:48.029510,2026-02-26 10:34:48.537271,0 days 00:00:00.507761,0.7354750424515127,0.5215209479646659,0.018291529807838335,0.23735207289426363,6,9,12,2727,0.0027655806281844594,0.029167427979908546,0.9685973201399388,PRUNED
480,1.2345893689104614,2026-02-26 10:34:48.565608,2026-02-26 10:34:49.035203,0 days 00:00:00.469595,0.7506382901435881,0.516004894448802,0.019865716116863004,0.2230231380771594,6,7,12,2710,0.007247162092086054,0.021290943976232764,0.6006940429986123,PRUNED
481,1.2400735156062037,2026-02-26 10:34:49.064722,2026-02-26 10:34:49.573885,0 days 00:00:00.509163,0.7453277510022646,0.5041187872036669,0.015437751795360461,0.23937801184087806,10,9,12,2310,0.0023912745083724935,0.03435172564293002,0.611254183302308,PRUNED
482,1.269252831759577,2026-02-26 10:34:49.602814,2026-02-26 10:34:50.070362,0 days 00:00:00.467548,0.7642405044760002,0.5263349631935614,0.024391996561821765,0.2269781704023297,6,7,12,2560,0.00236985713647664,0.04259872344471245,0.6162450742641504,PRUNED
483,1.5169816915055283,2026-02-26 10:34:50.098920,2026-02-26 10:34:51.091534,0 days 00:00:00.992614,0.753158458659592,0.48980100975299923,0.018287272512867297,0.023591585542365682,6,6,12,2734,0.0034150379199042215,0.013528788904308395,0.611788875648468,COMPLETE
484,1.2716120900476546,2026-02-26 10:34:51.123983,2026-02-26 10:34:51.659944,0 days 00:00:00.535961,0.7354587777648894,0.534966317652906,0.02361081431540368,0.19916602206235526,6,9,12,2477,0.004369935959407852,0.015986961346441644,0.9833145567868172,PRUNED
485,1.2226876592901028,2026-02-26 10:34:51.687672,2026-02-26 10:34:52.134079,0 days 00:00:00.446407,0.7243243106357073,0.4567726509178412,0.030499672210634963,0.23943233415677265,7,7,12,2603,0.005399702499834162,0.021860348706886554,0.6320233538330806,PRUNED
486,1.4293980852476127,2026-02-26 10:34:52.163779,2026-02-26 10:34:52.766630,0 days 00:00:00.602851,0.7726309259385186,0.5051490127777245,0.026998772693510042,0.21067094830573385,6,9,12,2900,0.0025327507069068888,0.026486339715843348,0.617615461845339,COMPLETE
487,1.2301924970580582,2026-02-26 10:34:52.800772,2026-02-26 10:34:53.309284,0 days 00:00:00.508512,0.7761726048341928,0.5037500339987935,0.022019661297820778,0.1932141357085986,6,9,12,2865,0.0021422518513455205,0.04652135979742258,0.6184520323420134,PRUNED
488,1.4296017034867874,2026-02-26 10:34:53.337461,2026-02-26 10:34:53.896109,0 days 00:00:00.558648,0.790180827742849,0.5191602147297019,0.019222427336311174,0.19960732388421837,6,7,12,2770,0.0024413046603206016,0.008930371925333159,0.6118052578939226,COMPLETE
489,1.2525447280072883,2026-02-26 10:34:53.927533,2026-02-26 10:34:54.409414,0 days 00:00:00.481881,0.78241586009461,0.5175571554457693,0.352345158882875,0.20665552730144288,6,7,12,2936,0.0025054361405248073,0.009563866522045501,0.6123617315250213,PRUNED
490,1.2641751491864512,2026-02-26 10:34:54.438661,2026-02-26 10:34:54.924713,0 days 00:00:00.486052,0.7778261718782654,0.5316603920071886,0.0011787057536048209,0.2082463277614832,6,7,12,2758,0.0018696390135329501,0.03614457021746902,0.6038224958209172,PRUNED
491,1.235115534849897,2026-02-26 10:34:54.955412,2026-02-26 10:34:55.456854,0 days 00:00:00.501442,0.7618788549737,0.511769952296512,0.019762018432362232,0.2143958305109102,6,9,12,2831,0.003120926260638547,0.05765561561261169,0.6106020734378328,PRUNED
492,1.2446391008624447,2026-02-26 10:34:55.483845,2026-02-26 10:34:56.009502,0 days 00:00:00.525657,0.8029719013933233,0.5222817618708504,0.027246403943737615,0.22077454408866864,6,9,12,2677,0.0037327811911107714,0.002154067441408338,0.6009737983073229,PRUNED
493,1.4246789512468636,2026-02-26 10:34:56.037955,2026-02-26 10:34:56.632640,0 days 00:00:00.594685,0.7907299972277915,0.4958140998238396,0.02709231713978575,0.1980476682473716,6,7,12,2807,0.0021823364212846938,0.025771285057865568,0.6203919325634217,COMPLETE
494,1.2361325299633894,2026-02-26 10:34:56.666028,2026-02-26 10:34:57.163912,0 days 00:00:00.497884,0.7957041836900833,0.5133945451079124,0.025459380969320693,0.1940639026319938,6,7,12,2800,0.0020156290485319047,0.020227068183144806,0.6199008318215061,PRUNED
495,1.4393280065897927,2026-02-26 10:34:57.191729,2026-02-26 10:34:57.737843,0 days 00:00:00.546114,0.7898039292635388,0.4985480831675744,0.02800611416133709,0.19820116925799586,6,7,12,2798,0.002373761912239463,0.004058789266597004,0.6147094346334471,COMPLETE
496,1.2627385281036299,2026-02-26 10:34:57.770119,2026-02-26 10:34:58.236650,0 days 00:00:00.466531,0.80310695306731,0.49088521919111877,0.03406163974679962,0.20167940592997075,6,7,12,2886,0.0016853070144127584,0.021257090867263462,0.6220474313066157,PRUNED
497,1.2385993724669069,2026-02-26 10:34:58.265502,2026-02-26 10:34:58.732508,0 days 00:00:00.467006,0.7737691357167173,0.5072810150723018,0.021753564290813716,0.2090098015418721,6,7,12,3051,0.0020781661650485545,0.02491859969748903,0.6063991442241569,PRUNED
498,1.2282818344858686,2026-02-26 10:34:58.763738,2026-02-26 10:34:59.297723,0 days 00:00:00.533985,0.809596597949768,0.5290407223214809,0.01795222552219677,0.19193491274911662,6,7,12,2683,0.0018639808249548105,0.00746025802585886,0.6148075241206495,PRUNED
499,1.2277008347175795,2026-02-26 10:34:59.327258,2026-02-26 10:34:59.807883,0 days 00:00:00.480625,0.7900550428669436,0.4907643928720159,0.024601233646420664,0.20530363793243703,6,7,12,2852,0.0026048953972785988,0.032970198942361424,0.6248598211479638,PRUNED
500,1.247695052209373,2026-02-26 10:34:59.837557,2026-02-26 10:35:00.352973,0 days 00:00:00.515416,0.8104838358280038,0.5001259477550859,0.02985769260156242,0.2157307811084635,6,7,12,2995,0.0022241759188648025,0.006722262057351112,0.6103682781703613,PRUNED
501,1.244509780715746,2026-02-26 10:35:00.380776,2026-02-26 10:35:00.876120,0 days 00:00:00.495344,0.7846573542068096,0.5090578426970175,0.015878868415471214,0.19308100314454876,6,7,12,2739,0.0015840014925775573,0.025568214971041142,0.6283576969373993,PRUNED
502,1.4298079608489318,2026-02-26 10:35:00.905128,2026-02-26 10:35:01.408745,0 days 00:00:00.503617,0.79341443522281,0.5382287458712628,0.020879435100339648,0.21993205069445784,7,3,12,2517,0.0025677712890363378,0.03092257020457319,0.6192632410448319,COMPLETE
503,1.4296669590863957,2026-02-26 10:35:01.441766,2026-02-26 10:35:02.002224,0 days 00:00:00.560458,0.7663034425176903,0.47926506195816654,0.03512612689817906,0.20565985060130845,6,7,12,2913,0.0015852018722720721,0.016109384449121373,0.6051981580775068,COMPLETE
504,1.2411829142335038,2026-02-26 10:35:02.034172,2026-02-26 10:35:02.510625,0 days 00:00:00.476453,0.757241516542966,0.5187847874601319,0.02715503188601726,0.18394967947744484,6,6,12,2711,0.001827488397063662,0.02323565827008442,0.6294485653359055,PRUNED
505,1.2300600529404417,2026-02-26 10:35:02.545549,2026-02-26 10:35:03.841185,0 days 00:00:01.295636,0.7855011867073127,0.5448732756056625,0.01386946380490552,0.22020089251270195,6,7,12,2566,0.002959151172432341,0.011631903170839696,0.6174877027621661,PRUNED
506,1.4261668519427697,2026-02-26 10:35:03.869824,2026-02-26 10:35:04.428724,0 days 00:00:00.558900,0.7721884188056402,0.4894368324324712,0.021623993729898934,0.21053370004890065,6,7,12,2836,0.00218151484834629,0.0265697063038416,0.6332485922058733,COMPLETE
507,1.2312060936515437,2026-02-26 10:35:04.462238,2026-02-26 10:35:04.920852,0 days 00:00:00.458614,0.7696541401357357,0.4829312918510944,0.04069536290030117,0.227691337430357,7,7,12,3025,0.00145433100014478,0.026772254421397874,0.6332283381591854,PRUNED
508,1.2666186288174976,2026-02-26 10:35:04.951420,2026-02-26 10:35:05.527687,0 days 00:00:00.576267,0.7573393969460491,0.49364962594560857,0.030878956798607943,0.2135484420293906,6,8,12,2887,0.0019203913344525687,0.025915734897585873,0.6364914736149923,PRUNED
509,1.2247563425037125,2026-02-26 10:35:05.555606,2026-02-26 10:35:06.074504,0 days 00:00:00.518898,0.74778758556295,0.47754660111592356,0.023435821778678964,0.2295306674483576,6,7,12,5641,0.0014753958655413357,0.016937078235914445,0.6260550436917749,PRUNED
510,1.227410574669088,2026-02-26 10:35:06.102972,2026-02-26 10:35:06.577700,0 days 00:00:00.474728,0.7744925970233181,0.4699143826983376,0.0013889501865536095,0.21345839315658235,7,7,12,5794,0.0021126875089300724,0.028291186893808426,0.6352467321241404,PRUNED
511,1.4116809496541713,2026-02-26 10:35:06.607309,2026-02-26 10:35:07.452424,0 days 00:00:00.845115,0.7429196608197803,0.5011192934035354,0.024395921937326894,0.24998733390943162,6,8,12,3090,0.0017107182906864818,0.01944318126268843,0.6231955326486938,COMPLETE
512,1.2246381155864963,2026-02-26 10:35:07.484688,2026-02-26 10:35:08.187954,0 days 00:00:00.703266,0.7471382258503001,0.490772502186069,0.03700896938280367,0.2267430527114966,6,8,12,3071,0.001305303105318599,0.018764361335012643,0.6228091765840469,PRUNED
513,1.229995539307568,2026-02-26 10:35:08.217394,2026-02-26 10:35:08.922570,0 days 00:00:00.705176,0.7438545876651451,0.5000323316750295,0.001692055425054496,0.24040645212620512,6,8,12,3106,0.0017829043259698783,0.023478989847241262,0.6334627526749824,PRUNED
514,1.4100708060991962,2026-02-26 10:35:08.955981,2026-02-26 10:35:09.547032,0 days 00:00:00.591051,0.756465993206138,0.48426368446549767,0.029656693974046473,0.2483059880513603,6,8,12,2957,0.0016494958285764622,0.0235596349132638,0.6217763729994407,COMPLETE
515,1.2905296959047599,2026-02-26 10:35:09.577542,2026-02-26 10:35:10.051734,0 days 00:00:00.474192,0.7417420357222165,0.4800873726500476,0.046227044147309757,0.24914100710987633,6,8,12,3174,0.0014251441635566987,0.01916394218430724,0.6309605391322813,PRUNED
516,1.2630184031108447,2026-02-26 10:35:10.093230,2026-02-26 10:35:10.582506,0 days 00:00:00.489276,0.7541980714653627,0.46515562499349017,0.033232767147753854,0.24694184945320868,6,8,12,2944,0.001602223559657663,0.02057860338198143,0.6226978797450851,PRUNED
517,1.5118883759551391,2026-02-26 10:35:10.613321,2026-02-26 10:35:11.499780,0 days 00:00:00.886459,0.7325176715152725,0.4839741916770558,0.022387615187750596,0.04061906669911875,6,8,12,3009,0.0018700231735751304,0.021916816928553323,0.6278074884654543,COMPLETE
518,1.2887763389203715,2026-02-26 10:35:11.540789,2026-02-26 10:35:12.055355,0 days 00:00:00.514566,0.7568419212363849,0.99430804563442,0.9435214575277955,0.2494725280135422,6,8,12,3184,0.0012327075421108206,0.01892348520735033,0.6375656359137317,PRUNED
519,1.2243467196172746,2026-02-26 10:35:12.095935,2026-02-26 10:35:13.032435,0 days 00:00:00.936500,0.7370301328526381,0.47351520821183446,0.012156721572787806,0.0282389125697023,6,8,12,3086,0.0016553124320380034,0.02468235237150106,0.6200529790909617,PRUNED
520,1.2340036408273438,2026-02-26 10:35:13.069617,2026-02-26 10:35:13.559091,0 days 00:00:00.489474,0.7596781510418064,0.48518486682351336,0.039322211440209136,0.24996207910690754,6,8,12,3248,0.0014132636905065245,0.029636270256256276,0.6292881491449462,PRUNED
521,1.3946316154948286,2026-02-26 10:35:13.588051,2026-02-26 10:35:14.248887,0 days 00:00:00.660836,0.7527400879353958,0.7928187599623118,0.028053414029516673,0.2307901440364228,7,8,12,2856,0.0021176365479426444,0.013738921409903546,0.6001510160760569,COMPLETE
522,1.4678864756197263,2026-02-26 10:35:14.299098,2026-02-26 10:35:15.055343,0 days 00:00:00.756245,0.7655547324549893,0.8031354163618444,0.06949527883947386,0.10594541162030338,7,8,12,2990,0.0020194725162448524,0.014101002078698799,0.6037008062087237,COMPLETE
523,1.2769896005653951,2026-02-26 10:35:15.092007,2026-02-26 10:35:15.611665,0 days 00:00:00.519658,0.5111990219977685,0.7855130803293595,0.05266535635669238,0.23440132639393274,7,8,12,2887,0.0020266996594152254,0.014817109064418386,0.6052736539893353,PRUNED
524,1.2802205059055818,2026-02-26 10:35:15.651168,2026-02-26 10:35:16.190229,0 days 00:00:00.539061,0.5288682915863907,0.7694637684267465,0.017903259050457608,0.2344171078566318,7,8,11,3060,0.0016837330330443491,0.01344917357629101,0.8918036758504847,PRUNED
525,1.2900003012860357,2026-02-26 10:35:16.221008,2026-02-26 10:35:16.862595,0 days 00:00:00.641587,0.8772978676737024,0.7931966829808308,0.031248134299992434,0.23644103245114775,10,8,12,2840,0.00125915795997982,0.018579238444262642,0.809194519878593,PRUNED
526,1.2686238750310337,2026-02-26 10:35:16.894386,2026-02-26 10:35:17.523279,0 days 00:00:00.628893,0.7402102258362676,0.7949915589119244,0.0018323685121612112,0.22057097644356233,9,8,12,2797,0.0022647321264616218,0.03162583173107492,0.6080586603481826,PRUNED
527,1.2596943707395545,2026-02-26 10:35:17.572250,2026-02-26 10:35:18.220533,0 days 00:00:00.648283,0.7507797767780245,0.7766319297789691,0.5608068932866199,0.1228799001692879,7,8,11,5950,0.0014955218583149084,0.016491131402820748,0.804979027069495,PRUNED
528,1.2677514150620042,2026-02-26 10:35:18.248779,2026-02-26 10:35:18.817765,0 days 00:00:00.568986,0.7284846155052546,0.8015571915774796,0.04191864499309085,0.23188723237738795,9,8,12,2941,0.0017027732898772584,0.022346166251867014,0.6152960637675764,PRUNED
529,1.2589178758576676,2026-02-26 10:35:18.846970,2026-02-26 10:35:19.544641,0 days 00:00:00.697671,0.764166936518789,0.7815626144750736,0.14925560585467113,0.24989316779508483,10,8,12,3115,0.0020538189077601234,0.018218758153229368,0.7925611807699137,PRUNED
530,1.283834171092061,2026-02-26 10:35:19.584369,2026-02-26 10:35:20.382685,0 days 00:00:00.798316,0.8533772588116635,0.8165596922223748,0.4790670458386767,0.2235715382551213,7,8,11,3308,0.0012154836941650907,0.013497547227485553,0.6340442893157957,PRUNED
531,1.24315340517012,2026-02-26 10:35:20.418741,2026-02-26 10:35:20.984256,0 days 00:00:00.565515,0.540501092679878,0.8140333120064489,0.030229113070360775,0.23737316062855232,7,8,12,2970,0.001064952696715748,0.022302324496692973,0.621904214803137,PRUNED
532,1.266991015380193,2026-02-26 10:35:21.017730,2026-02-26 10:35:21.683672,0 days 00:00:00.665942,0.9355999356578604,0.838983967681558,0.021036248820269794,0.2208564915874003,6,8,11,5994,0.00180449537511777,0.034062815574250734,0.6422536788087151,PRUNED
533,1.3178139482656734,2026-02-26 10:35:21.716379,2026-02-26 10:35:22.330416,0 days 00:00:00.614037,0.7626887176098227,0.49722461038797994,0.0011495205312674593,0.23893001627304208,6,8,3,3203,0.0023298553503624518,0.026398452362110046,0.6024930499863147,PRUNED
534,1.2542285760197407,2026-02-26 10:35:22.369059,2026-02-26 10:35:22.947269,0 days 00:00:00.578210,0.7430629536953196,0.8027497964753458,0.016200924005148155,0.2282973413677458,10,8,12,5498,0.001473861899830254,0.010430138517755275,0.6000605374903747,PRUNED
535,1.430006104729514,2026-02-26 10:35:22.978520,2026-02-26 10:35:23.613530,0 days 00:00:00.635010,0.7204407331045068,0.4987252902173222,0.03455630282638086,0.21314905091435837,6,8,11,5767,0.0103178154251561,0.01891286308782903,0.6420667026472792,COMPLETE
536,1.2399395823229773,2026-02-26 10:35:23.645698,2026-02-26 10:35:24.148428,0 days 00:00:00.502730,0.7762701430971536,0.48934782874958554,0.023623541682987907,0.23965613443005712,7,8,12,2707,0.018216692955360103,0.0318569026291487,0.6242587940043788,PRUNED
537,1.2258298775963645,2026-02-26 10:35:24.181881,2026-02-26 10:35:24.710708,0 days 00:00:00.528827,0.5461373545616465,0.8223434392573458,1.364399064031226,0.07646141321293862,6,8,12,5377,0.0024955852435073187,0.01582264832914346,0.8127446171123613,PRUNED
538,1.2529973536687193,2026-02-26 10:35:24.757205,2026-02-26 10:35:25.204827,0 days 00:00:00.447622,0.5216049599306274,0.5883514179744244,0.25839386107414414,0.24909399930878118,9,8,12,2846,0.001868795680775696,0.025801109036965423,0.8010574185746685,PRUNED
539,1.2291958925994049,2026-02-26 10:35:25.234803,2026-02-26 10:35:25.984813,0 days 00:00:00.750010,0.7479818669014886,0.7861117646018321,0.010182769207749505,0.05665294696734391,6,6,12,2985,0.0027357285519519427,0.04113737537982119,0.6198478898897579,PRUNED
540,1.275787947706007,2026-02-26 10:35:26.027344,2026-02-26 10:35:26.508675,0 days 00:00:00.481331,0.7650510249957333,0.5081147249752745,0.028304662963833552,0.22515260604419024,9,8,11,3045,0.0010248923174024547,0.10714553564668883,0.6126815234682924,PRUNED
541,1.3021996828468014,2026-02-26 10:35:26.537896,2026-02-26 10:35:27.343044,0 days 00:00:00.805148,0.7366020985194832,0.7711416219811347,0.019834868737182345,0.20508908288908778,7,8,2,5620,0.0013473436741646408,0.012946116481945274,0.6325677226865334,PRUNED
542,1.2464253822976565,2026-02-26 10:35:27.374910,2026-02-26 10:35:28.009602,0 days 00:00:00.634692,0.7517875718372902,0.7957547786351903,0.0018626441476650615,0.21972470086501758,10,8,12,4188,0.0015974162361935577,0.023101244676232827,0.8187138169659511,PRUNED
543,1.2191661689894793,2026-02-26 10:35:28.039696,2026-02-26 10:35:28.379866,0 days 00:00:00.340170,0.5326981439344981,0.47979593778497104,0.03676315822494238,0.2300769335653327,6,3,12,2678,0.002169322598540174,0.03701353464215732,0.6271854999621822,PRUNED
544,1.2576733518829006,2026-02-26 10:35:28.409138,2026-02-26 10:35:28.907478,0 days 00:00:00.498340,0.7710775655335157,0.4978686652546104,0.015050245590430712,0.23886376093249062,6,8,11,3140,0.0021125475255678486,0.010777567752546988,0.6085019053073638,PRUNED
545,1.259339316773227,2026-02-26 10:35:28.946757,2026-02-26 10:35:29.461415,0 days 00:00:00.514658,0.7800109277901175,0.5249927208734226,0.001581921778660712,0.2063412710329652,6,8,11,2745,0.0028475541081834817,0.019446122107794547,0.6392122393644828,PRUNED
546,1.2449545410604068,2026-02-26 10:35:29.493414,2026-02-26 10:35:29.887398,0 days 00:00:00.393984,0.5502492945000654,0.5732523381507143,0.025103215177176588,0.21759248934992606,6,4,12,2819,0.0012365920273542917,0.030501760041452962,0.9226883883381765,PRUNED
547,1.2409895785084164,2026-02-26 10:35:29.916660,2026-02-26 10:35:30.254899,0 days 00:00:00.338239,0.7277014230620205,0.7556229000312087,5.371374460483886,0.22947542571503923,7,8,12,3280,0.0016605191846792932,0.07976478371828181,0.8051729695979949,PRUNED
548,1.3146564821947104,2026-02-26 10:35:30.294569,2026-02-26 10:35:30.892266,0 days 00:00:00.597697,0.7638929884923307,0.8607721965272545,0.0022067734028432128,0.2365981965266869,10,8,11,2931,0.0031867381067116965,0.024186202455800956,0.6147644316874582,PRUNED
549,1.2237549087473605,2026-02-26 10:35:30.921804,2026-02-26 10:35:31.495545,0 days 00:00:00.573741,0.7426612505171861,0.6143133589442037,0.001014272570896497,0.19853856844294385,6,7,12,5698,0.0014156252890685937,0.016024799932269705,0.824330990310135,PRUNED
550,1.2627178572145528,2026-02-26 10:35:31.527360,2026-02-26 10:35:32.186530,0 days 00:00:00.659170,0.920930878234719,0.8085441451117484,0.043298907365831,0.21501550951433634,9,7,12,775,0.0018705339277510903,0.1274835822775035,0.7944786131278962,PRUNED
551,1.4327982625436142,2026-02-26 10:35:32.223794,2026-02-26 10:35:32.780769,0 days 00:00:00.556975,0.7551300548200209,0.47275427809310955,0.0012640948933683278,0.2489174068558077,5,6,11,3119,0.0022978063664548377,0.04350153821827022,0.6254747363277239,COMPLETE
552,1.2677247959276252,2026-02-26 10:35:32.813394,2026-02-26 10:35:33.298377,0 days 00:00:00.484983,0.7792032895508941,0.49024175102875517,0.029190354853484514,0.22513682639828012,5,8,12,5866,0.0011307092524449661,6.279505874275485,0.8128961209654806,PRUNED
553,1.2595869319584883,2026-02-26 10:35:33.334624,2026-02-26 10:35:33.736243,0 days 00:00:00.401619,0.5494138340368739,0.7756939192902399,0.018783616573080315,0.24957134206507872,7,4,12,3054,0.0027994232073504806,0.10071503749210209,0.6345659764004768,PRUNED
554,1.2768469488822447,2026-02-26 10:35:33.775353,2026-02-26 10:35:34.529190,0 days 00:00:00.753837,0.7528365123777371,0.7926831650702119,0.0616292611305912,0.21000243105601196,5,10,11,3234,0.0017614655440246992,0.020973146124613734,0.939266586390823,PRUNED
555,1.263860438089472,2026-02-26 10:35:34.568880,2026-02-26 10:35:35.056505,0 days 00:00:00.487625,0.5334441451371696,0.5111382210147785,0.008445671916533077,0.23214419455329527,6,7,12,2832,0.002255252529496459,0.028349136078101363,0.6155110849997202,PRUNED
556,1.2389525714724519,2026-02-26 10:35:35.098040,2026-02-26 10:35:35.786309,0 days 00:00:00.688269,0.7687513608833053,0.5035779481877943,0.022446912536136784,0.2192804065005647,5,8,11,2643,0.0013086178396542383,5.314121806252857,0.9940721678822148,PRUNED
557,1.2516660616342035,2026-02-26 10:35:35.829838,2026-02-26 10:35:36.342237,0 days 00:00:00.512399,0.7331891690207115,0.5994619780527846,0.05088404349856957,0.23949887690965624,10,8,12,5460,0.0015337955943473577,6.844800630500882,0.6001030790607268,PRUNED
558,1.4273105077801436,2026-02-26 10:35:36.381956,2026-02-26 10:35:37.030699,0 days 00:00:00.648743,0.7971709172709819,0.7112838780997154,0.03596237055386456,0.19243821334146183,0,7,12,5278,0.00201244151128938,0.0392923060323827,0.6470291137775029,COMPLETE
559,1.2514467824294142,2026-02-26 10:35:37.069510,2026-02-26 10:35:37.652563,0 days 00:00:00.583053,0.8119615277954177,0.6959351206795581,0.025821671616671243,0.17993314310656255,1,7,12,5260,0.001930206874199939,0.012700098498536407,0.6493836649985988,PRUNED
560,1.247731187448421,2026-02-26 10:35:37.682582,2026-02-26 10:35:38.233301,0 days 00:00:00.550719,0.7953235500337171,0.7079969998861898,0.0014441745785646726,0.18624439657644595,0,7,11,5569,0.0015557817430345796,5.566829184271082,0.6412515453248768,PRUNED
561,1.3819471890986539,2026-02-26 10:35:38.262013,2026-02-26 10:35:38.978536,0 days 00:00:00.716523,0.9682193096070351,0.7114138855571389,0.031743258796181596,0.18933501793632876,0,7,4,5142,0.0010037643752947955,0.0699437202537554,0.6521753189151874,PRUNED
562,1.2463102948955551,2026-02-26 10:35:39.018004,2026-02-26 10:35:39.596750,0 days 00:00:00.578746,0.8327680342556735,0.7263279216334165,0.012446729869253978,0.1966986006523009,0,7,12,4876,0.0020237677840897173,0.04998204553584183,0.6450295633892686,PRUNED
563,1.2350675848617905,2026-02-26 10:35:39.626471,2026-02-26 10:35:40.255259,0 days 00:00:00.628788,0.9992913981177802,0.7140799155487874,0.017313025484482006,0.19288889934094433,0,7,11,5735,0.0017333903277702242,0.08818386948920658,0.6590619761762296,PRUNED
564,1.2298185805128365,2026-02-26 10:35:40.284806,2026-02-26 10:35:40.842927,0 days 00:00:00.558121,0.8016520385118662,0.6943282633147493,0.021170296936090207,0.20053807332553406,5,7,12,5339,0.002349514890595551,0.03754733357659568,0.6400532738676433,PRUNED
565,1.2812465781992084,2026-02-26 10:35:40.872504,2026-02-26 10:35:41.479272,0 days 00:00:00.606768,0.8011929907219021,0.7622882635141087,0.1999912632828841,0.17228958936154246,5,7,12,5438,0.00131188154463529,0.06541696999916864,0.6471964548831199,PRUNED
566,1.2894565590191285,2026-02-26 10:35:41.510632,2026-02-26 10:35:42.196130,0 days 00:00:00.685498,0.787598788398238,0.7393743925130379,0.11965127534093213,0.20531781128073642,0,7,3,5823,0.0020533651525850116,0.11486129852309802,0.7994695802577959,PRUNED
567,1.2451375556417947,2026-02-26 10:35:42.225051,2026-02-26 10:35:42.784822,0 days 00:00:00.559771,0.7859512271011686,0.7266500831735151,0.0021682379667901357,0.18316770423620005,5,7,12,5654,0.0014942690820316865,4.590115143697768,0.6310995786445801,PRUNED
568,1.2461901188379325,2026-02-26 10:35:42.815380,2026-02-26 10:35:43.337386,0 days 00:00:00.522006,0.5616531466314357,0.8219556493420265,0.027594149816262185,0.20513047337073598,5,7,11,3371,0.029067223671177075,0.017538321685224623,0.8078188404575919,PRUNED
569,1.3072117446872664,2026-02-26 10:35:43.367347,2026-02-26 10:35:44.110449,0 days 00:00:00.743102,0.7778753352625131,0.5335116641879498,0.03574344151179516,0.21130112131550657,0,8,1,3052,0.0024811644283228296,0.024847787107325426,0.6622248481696754,PRUNED
570,1.2784825398253405,2026-02-26 10:35:44.155972,2026-02-26 10:35:44.703845,0 days 00:00:00.547873,0.8260195211642838,0.7833407446441918,0.01368837752227102,0.1959763186580239,9,6,12,3529,0.0017329498175771018,6.955120585753771,0.8193132949741365,PRUNED
571,1.2569172847626666,2026-02-26 10:35:44.734418,2026-02-26 10:35:45.231565,0 days 00:00:00.497147,0.8414635257532499,0.6281119781135628,0.39115272915539784,0.22198622608278898,0,7,11,2950,0.001174440859540532,0.157644142593377,0.6346809938921576,PRUNED
572,1.4366768100838834,2026-02-26 10:35:45.262428,2026-02-26 10:35:45.783146,0 days 00:00:00.520718,0.5558513456250384,0.5234108444846027,0.024440949526710984,0.2141240966151908,0,7,12,5260,0.03741787421141359,5.169619777001699,0.8279259423447592,COMPLETE
573,1.288927753173083,2026-02-26 10:35:45.818501,2026-02-26 10:35:46.542604,0 days 00:00:00.724103,0.8170350719900674,0.9434350632312234,0.0018461496621781052,0.22855385583246135,5,8,12,3151,0.002604920379714739,0.008054344140364876,0.7874120493029688,PRUNED
574,1.2269992490563728,2026-02-26 10:35:46.572098,2026-02-26 10:35:46.931198,0 days 00:00:00.359100,0.5413365750490735,0.7451218695140274,4.4066309701893935,0.19104574044987696,5,7,11,4970,0.0019452397773838254,0.030812898727763074,0.6463521032692838,PRUNED
575,1.2560032248846913,2026-02-26 10:35:46.972290,2026-02-26 10:35:47.371940,0 days 00:00:00.399650,0.5161541337692547,0.5591943367016171,1.5871519843000872,0.14622939355758074,0,8,2,3258,0.0013725626807226804,0.04395890404701224,0.6698647249497394,PRUNED
576,1.2666387858067074,2026-02-26 10:35:47.402945,2026-02-26 10:35:48.398567,0 days 00:00:00.995622,0.8873592102972361,0.7660393384435781,0.032059578038214555,0.03406092573192671,0,7,12,5548,0.002156157195495153,7.859233497711213,0.9068480671501529,PRUNED
577,1.2290843728007614,2026-02-26 10:35:48.428339,2026-02-26 10:35:49.021617,0 days 00:00:00.593278,0.797964889637327,0.8063130777075397,0.018447092364348,0.20707217988963125,5,7,12,5884,0.001644527703229998,0.014936492707825723,0.6266234905910057,PRUNED
578,1.2470260521861187,2026-02-26 10:35:49.053002,2026-02-26 10:35:49.637200,0 days 00:00:00.584198,0.7718794570710601,0.706705307306141,0.04171145702000051,0.22192524418846446,1,8,11,3000,0.0032525835151878133,0.022335081256405518,0.809172923414721,PRUNED
579,1.2727733516205892,2026-02-26 10:35:49.666429,2026-02-26 10:35:50.080193,0 days 00:00:00.413764,0.94535195315,0.7883955549857993,2.405817110360398,0.23190123185887865,10,7,12,3193,0.0027711811579156126,4.1537216373601735,0.8168070010536055,PRUNED
580,1.2239126977613444,2026-02-26 10:35:50.113782,2026-02-26 10:35:50.596815,0 days 00:00:00.483033,0.789376101412192,0.5404767423327224,0.02162497344707741,0.2187710842755334,5,8,12,2896,0.0018716333591011329,6.4477934468319535,0.6340857383729602,PRUNED
581,1.2372879105658312,2026-02-26 10:35:50.625457,2026-02-26 10:35:51.021131,0 days 00:00:00.395674,0.7627289314575767,0.6114925560199437,0.02763158446425392,0.24902121170368527,5,4,12,4105,0.0010044324255368187,0.011860470739485568,0.8821400733460643,PRUNED
582,1.2199660504282188,2026-02-26 10:35:51.064243,2026-02-26 10:35:51.612059,0 days 00:00:00.547816,0.5482837618267399,0.7760240365171067,0.0014642351545025663,0.20150330198569377,5,8,11,5727,0.0014401449316180802,0.01861818350910129,0.653851650355517,PRUNED
583,1.244533898782418,2026-02-26 10:35:51.641830,2026-02-26 10:35:52.163453,0 days 00:00:00.521623,0.5247799500620765,0.7508752788379582,0.01556763445059528,0.23223843630760632,7,7,12,1132,0.07121210936496401,0.05883455535316845,0.6208034700016267,PRUNED
584,1.28164316632261,2026-02-26 10:35:52.192324,2026-02-26 10:35:52.712708,0 days 00:00:00.520384,0.5354430746195918,0.5865841409301126,0.002543995073673334,0.08228896013875572,2,7,11,3083,0.002356415239502812,0.1317613792685155,0.9997703145412689,PRUNED
585,1.2798377854532441,2026-02-26 10:35:52.742874,2026-02-26 10:35:53.216986,0 days 00:00:00.474112,0.709306378215394,0.47099277768575554,0.010071177161562956,0.24958602358698187,5,8,12,5994,0.0012582667325189015,0.028113826960295192,0.8015177737829046,PRUNED
586,1.289283618126031,2026-02-26 10:35:53.247531,2026-02-26 10:35:53.886488,0 days 00:00:00.638957,0.783142135512735,0.8306724556419279,0.02376960022009616,0.21191628168262341,9,8,12,2858,0.0017760180106632223,0.08405447619961803,0.6422904120379839,PRUNED
587,1.2524621165520655,2026-02-26 10:35:53.916584,2026-02-26 10:35:54.346377,0 days 00:00:00.429793,0.5610074321395739,0.5142773638318822,0.03173855166210432,0.2236977045495449,5,6,11,5073,0.0022800068921637853,1.9542395325346873,0.6825397160897799,PRUNED
588,1.328165315518576,2026-02-26 10:35:54.376438,2026-02-26 10:35:54.889814,0 days 00:00:00.513376,0.77321778958285,0.4656017675997505,0.01843469048670709,0.23877788950554873,10,7,4,3376,0.0016129099892211237,5.226881635896404,0.6248344727379871,PRUNED
589,1.2835764010355963,2026-02-26 10:35:54.919214,2026-02-26 10:35:55.530291,0 days 00:00:00.611077,0.7560292939766717,0.8091529893933064,0.034236079486100496,0.19716570094059466,5,8,12,5367,0.14682042899133183,3.8649441856974973,0.7800404420283162,PRUNED
590,1.2273157753671236,2026-02-26 10:35:55.560588,2026-02-26 10:35:56.037153,0 days 00:00:00.476565,0.7653486150160821,0.5048352476008323,0.04618247231108434,0.1617416872494029,0,7,12,4788,3.406424552053419,0.03381465301958318,0.8324931540067619,PRUNED
591,1.234767390271116,2026-02-26 10:35:56.066100,2026-02-26 10:35:56.412764,0 days 00:00:00.346664,0.5561442723784338,0.49218913426752164,0.0763699925419371,0.17569243436979687,7,3,11,3762,0.002927038407193815,6.2372536631527495,0.6075607763314983,PRUNED
592,1.2712269325645904,2026-02-26 10:35:56.442093,2026-02-26 10:35:56.906516,0 days 00:00:00.464423,0.7817927116951955,0.7210064472530722,0.002003396535502401,0.21346150076319553,5,4,12,2980,0.001355050909852747,0.047665592480798304,0.6328312353024794,PRUNED
593,1.238727485327281,2026-02-26 10:35:56.936423,2026-02-26 10:35:57.360057,0 days 00:00:00.423634,0.8057407985528573,0.5276377529999061,0.8449296046722047,0.23008714920225207,8,7,12,5641,0.013376691887688934,2.26137841032017,0.8181407130248551,PRUNED
594,1.28899782723337,2026-02-26 10:35:57.393112,2026-02-26 10:35:57.839924,0 days 00:00:00.446812,0.5047809310822031,0.7919580588736157,0.680378743293508,0.23827435495693208,7,8,11,4312,0.0022846545877811208,0.09806476638052916,0.6194599152327934,PRUNED
595,1.2382349483032198,2026-02-26 10:35:57.870791,2026-02-26 10:35:58.245324,0 days 00:00:00.374533,0.542807098186889,0.6190325078527427,0.022290274600053513,0.22067681441720566,5,4,11,3164,0.29892521124163157,0.02396902512491176,0.7946975285639799,PRUNED
596,1.2380958514819531,2026-02-26 10:35:58.289723,2026-02-26 10:35:59.120726,0 days 00:00:00.831003,0.7555083589159349,0.7572448660375762,0.026786591894052834,0.044890506482792226,10,7,12,2786,0.0019832839334007657,3.3530256321342184,0.627980083139657,PRUNED
597,1.2744921279490777,2026-02-26 10:35:59.150365,2026-02-26 10:35:59.587508,0 days 00:00:00.437143,0.7182376020776615,0.48050103684721185,0.0016675678963071548,0.2090304427100078,5,7,12,5800,0.0014931269164759032,7.892929993929915,0.6418187790378045,PRUNED
598,1.2437624390572222,2026-02-26 10:35:59.617143,2026-02-26 10:36:00.122955,0 days 00:00:00.505812,0.567454726480107,0.5459564406557535,0.014693782259358973,0.19124187276754365,9,8,12,5546,0.0011119556089632544,4.555897626677658,0.8245338867116607,PRUNED
599,1.2233367700018007,2026-02-26 10:36:00.155105,2026-02-26 10:36:00.765125,0 days 00:00:00.610020,0.7689522287858099,0.6004748226116808,0.039555713820726326,0.23842922374677641,6,10,11,3001,0.0890701097856108,9.953102563898826,0.8102548853068567,PRUNED
