number,value,datetime_start,datetime_complete,duration,params_colsample_bytree,params_gamma,params_learning_rate,params_max_delta_step,params_max_depth,params_min_child_weight,params_n_estimators,params_reg_alpha,params_reg_lambda,params_scale_pos_weight,params_subsample,state
0,0.6067010049813011,2026-02-26 10:29:46.065804,2026-02-26 10:30:22.517245,0 days 00:00:36.451441,0.49359671220172163,0.0016854099948805522,0.18214744423753768,0,9,8,937,2.9154431891537547,0.2537815508265665,45.97994337748131,0.6624074561769746,COMPLETE
1,0.5916894671302458,2026-02-26 10:30:22.566011,2026-02-26 10:32:09.993403,0 days 00:01:47.427392,0.5825453457757226,0.11173045668925521,0.14553854298843344,1,5,3,1949,0.05342937261279776,0.014618962793704957,38.30823952215971,0.6733618039413735,COMPLETE
2,0.3484612352399286,2026-02-26 10:32:10.040275,2026-02-26 10:33:44.449133,0 days 00:01:34.408858,0.708540663048167,0.20523308429139814,0.060113218328857784,0,7,10,796,0.0015339162591163618,0.26926469100861794,16.583552198357626,0.6798695128633439,COMPLETE
3,0.2901716627453722,2026-02-26 10:33:44.496406,2026-02-26 10:34:05.414532,0 days 00:00:20.918126,0.8105398159072941,0.052234181173353204,0.18737598432676741,10,9,4,1914,0.003077180271250686,0.09565499215943825,12.808971200242858,0.6390688456025535,COMPLETE
4,0.804944805595847,2026-02-26 10:34:05.461499,2026-02-26 10:35:27.459890,0 days 00:01:21.998391,0.5109126733153162,6.086618086298003,0.1054336291901036,6,6,7,740,1.2604664585649468,5.727904470799623,65.5295705345216,0.8186841117373118,COMPLETE
5,0.40820744540424003,2026-02-26 10:35:27.492158,2026-02-26 10:37:57.860715,0 days 00:02:30.368557,0.6332063738136893,0.011457759151494855,0.03548387173121614,5,5,1,1868,2.0651425578959257,0.026730883107816707,20.44775553263531,0.7301321323053057,COMPLETE
6,0.6055260359797289,2026-02-26 10:37:57.895812,2026-02-26 10:39:16.747834,0 days 00:01:18.852022,0.5192294089205034,0.0010508804676992358,0.13742266268435005,8,4,12,539,1.8274508859816028,0.6720930050156113,47.842803877461456,0.908897907718663,COMPLETE
7,0.6507778868658489,2026-02-26 10:39:16.775313,2026-02-26 10:40:20.896792,0 days 00:01:04.121479,0.5985388149115896,0.001770410434524687,0.05921944075896897,7,4,11,425,0.017535949529764425,0.01998634077852888,47.89720307576063,0.8493192507310232,COMPLETE
8,0.48457295373590475,2026-02-26 10:40:20.925063,2026-02-26 10:42:26.844747,0 days 00:02:05.919684,0.7367663185416977,1.0213022304586261,0.07348238762452992,0,4,9,1809,0.09444574254983566,0.12329098365270515,27.004493013688755,0.9043140194467589,COMPLETE
9,0.3438561409630398,2026-02-26 10:42:26.873516,2026-02-26 10:43:42.908004,0 days 00:01:16.034488,0.9445398843556558,0.009397449561556744,0.031843150945538586,0,8,4,483,0.04380580767905655,1.0524574681335637,18.52209274542997,0.8034282764658811,COMPLETE
10,0.28542528949265833,2026-02-26 10:43:42.934606,2026-02-26 10:44:18.507521,0 days 00:00:35.572915,0.8727055573922242,0.025717765705988056,0.10935846007206476,10,10,5,1418,0.0011082662189295662,0.002442728047335309,12.283567770845156,0.6058694368028292,COMPLETE
11,0.3017597339211685,2026-02-26 10:44:18.552025,2026-02-26 10:44:53.807717,0 days 00:00:35.255692,0.8677710604717518,0.022965807548542275,0.10102030747918664,10,10,5,1448,0.0010762082896295078,0.0010626301757801235,13.461619906650913,0.6044023461243514,COMPLETE
12,0.28252233125870213,2026-02-26 10:44:53.835463,2026-02-26 10:45:11.518552,0 days 00:00:17.683089,0.8271866813280468,0.04397598555773198,0.1791236125783941,10,10,6,1467,0.0053555343956804,0.001032356005617281,12.056247752035626,0.6012835728128687,COMPLETE
13,0.4440862483463599,2026-02-26 10:45:11.567387,2026-02-26 10:45:49.389783,0 days 00:00:37.822396,0.990569964941715,0.36505296387966435,0.11070304465236816,3,10,6,1365,0.006472626908959856,0.001200695200407433,26.37992804227719,0.9861351784261821,COMPLETE
14,0.2924301203047126,2026-02-26 10:45:49.417059,2026-02-26 10:46:26.772350,0 days 00:00:37.355291,0.8373586055478868,0.03884792751326031,0.13390203891867758,9,9,2,1499,0.008228997340933535,0.003684147136494577,12.920151782262826,0.7495910822966338,COMPLETE
15,0.322618518460923,2026-02-26 10:46:26.800300,2026-02-26 10:46:49.010247,0 days 00:00:22.209947,0.8998205682078344,0.006208833693110951,0.19620216668267537,8,8,6,1193,0.302409639970028,0.00449803967649685,15.955814199214892,0.6045608408717322,COMPLETE
16,0.3982241096298271,2026-02-26 10:46:49.036768,2026-02-26 10:47:34.842314,0 days 00:00:45.805546,0.7829191477493624,0.7061166766166465,0.08345124322551382,4,10,8,1623,0.003779551123964298,0.004601808415015351,21.536347333662416,0.7307694773762466,COMPLETE
17,0.173320953325129,2026-02-26 10:47:34.869998,2026-02-26 10:48:39.740409,0 days 00:01:04.870411,0.40735355067611023,0.004471097878739296,0.1481873568025126,9,8,5,1152,9.228025470857187,0.0021927772854842,77.05789829321506,0.7093607961740002,PRUNED
18,0.3306735316006426,2026-02-26 10:48:39.765253,2026-02-26 10:49:36.028051,0 days 00:00:56.262798,0.7635307961687846,0.1045378628027831,0.08750902744768387,7,7,7,1292,0.0181799157056173,0.01096217979111254,15.338485015735952,0.632383167447272,COMPLETE
19,0.42042733955071654,2026-02-26 10:49:36.064136,2026-02-26 10:50:57.245847,0 days 00:01:21.181711,0.9103702795847813,0.021667324800232663,0.04675255793888606,10,9,3,1618,0.002127584570684558,0.007546005805343813,22.545618704143774,0.7719898235665422,COMPLETE
20,0.16750119459501284,2026-02-26 10:50:57.272029,2026-02-26 10:51:31.179676,0 days 00:00:33.907647,0.998481897088584,2.8307185177542165,0.11569463631777338,8,10,5,969,0.013372501428914562,0.04714963436309331,36.45318334444363,0.6962831044441021,PRUNED
21,0.2863667571579342,2026-02-26 10:51:31.203910,2026-02-26 10:52:08.344809,0 days 00:00:37.140899,0.8200653814084076,0.051356024794405195,0.17043595972029904,10,9,4,1723,0.0032624237165700463,3.55300680006998,12.384475536046725,0.6382406434173492,COMPLETE
22,0.2825784678039255,2026-02-26 10:52:08.373328,2026-02-26 10:52:43.260856,0 days 00:00:34.887528,0.8428082400527196,0.0407295934171467,0.16967072118422677,9,10,4,1690,0.005206595722578578,9.605232552239205,12.320591707405157,0.6407938839219325,COMPLETE
23,0.31512822263905876,2026-02-26 10:52:43.296812,2026-02-26 10:53:09.203421,0 days 00:00:25.906609,0.660689243684231,0.024819894595976673,0.15785757712880755,9,10,2,1558,0.0010586434386867412,0.0020571802176131363,15.364913893468021,0.6022227024435685,COMPLETE
24,0.28459531971684277,2026-02-26 10:53:09.231727,2026-02-26 10:53:45.550940,0 days 00:00:36.319213,0.8702600966931244,0.16093646995820615,0.12463633087296666,9,10,6,1330,0.2741409294197116,8.726317095919438,12.053139465980754,0.6500996621222943,COMPLETE
25,0.3567628413392037,2026-02-26 10:53:45.577434,2026-02-26 10:54:33.348489,0 days 00:00:47.771055,0.9330330870602792,0.19607346155068428,0.12245970464164278,7,8,8,1265,0.5013666866792805,2.530139825014599,18.055554841884828,0.6554290405124678,COMPLETE
26,0.15472974205396894,2026-02-26 10:54:33.374911,2026-02-26 10:55:03.747287,0 days 00:00:30.372376,0.8480043753244176,0.28223810205081923,0.16555301418311277,6,9,6,1718,0.18022974349126536,1.9068375992974727,14.354460873009302,0.7051207915900207,PRUNED
27,0.35345226164386045,2026-02-26 10:55:03.770231,2026-02-26 10:55:46.028431,0 days 00:00:42.258200,0.7771161366410292,0.07959961561332553,0.12499856488523865,9,10,7,1059,0.03741725143791219,9.86249395889305,18.049053811706823,0.6343714885887238,COMPLETE
28,0.4175593828594196,2026-02-26 10:55:46.075086,2026-02-26 10:56:27.359390,0 days 00:00:41.284304,0.7100220474076737,0.6594482479797515,0.16860746767512133,8,9,3,1748,0.651314535535419,9.97280892715561,24.868692578435187,0.7706476334490638,COMPLETE
29,0.1584869796191196,2026-02-26 10:56:27.386347,2026-02-26 10:57:00.349756,0 days 00:00:32.963409,0.9481280967041278,1.4936734379244763,0.18735646462780575,3,9,9,1342,0.10869909188513636,0.6370625355273827,32.154619193497965,0.6678572979434835,PRUNED
30,0.2898561490873297,2026-02-26 10:57:00.374664,2026-02-26 10:58:03.514478,0 days 00:01:03.139814,0.8883441267079264,0.13048005831381493,0.09073750752071844,6,8,6,1573,0.007368035755624997,4.778774735739693,12.060891280765665,0.6522578501413139,COMPLETE
31,0.30982188890141416,2026-02-26 10:58:03.542322,2026-02-26 10:58:28.395641,0 days 00:00:24.853319,0.856786287684435,0.0125429525848164,0.13087769037430483,10,10,5,1414,0.004920764023188296,1.1327423841908557,14.395750145601788,0.6127424135932626,COMPLETE
32,0.282802731347935,2026-02-26 10:58:28.422918,2026-02-26 10:58:57.889939,0 days 00:00:29.467021,0.8111019488711122,0.03398789789313784,0.1498768761551306,9,10,4,1998,0.0025988274925821367,0.2661594286082551,12.115775245680979,0.6810655972587536,COMPLETE
33,0.3036294054815273,2026-02-26 10:58:57.917065,2026-02-26 10:59:20.904687,0 days 00:00:22.987622,0.803033732634467,0.06617865018596433,0.1586001675165505,9,10,4,1988,0.02578204736464162,0.21834009065692783,14.110327546084346,0.6815430695982025,COMPLETE
34,0.14877127728271142,2026-02-26 10:59:20.935857,2026-02-26 11:00:24.744284,0 days 00:01:03.808427,0.7334483175680713,0.038861497957407266,0.15016485821061945,8,6,2,1865,0.011185728899132006,0.3899975861735757,16.875856402597265,0.679553761790163,PRUNED
35,0.29647461754652016,2026-02-26 11:00:24.771932,2026-02-26 11:00:47.470752,0 days 00:00:22.698820,0.6728206925307042,0.16985642010110763,0.194719078406973,9,9,3,1703,0.002412560604410537,0.05135436062013421,13.844106694743362,0.6292215459748021,COMPLETE
36,0.1523687829160127,2026-02-26 11:00:47.496992,2026-02-26 11:01:25.131784,0 days 00:00:37.634792,0.8085218425723382,0.08654589598077891,0.14065942185634273,7,10,7,1960,0.0673232524127918,5.858828838176713,19.694122687891337,0.6668406595935172,PRUNED
37,0.2835421976318876,2026-02-26 11:12:03.503089,2026-02-26 11:12:46.282779,0 days 00:00:42.779690,0.7600732107110671,0.4115658932404453,0.17688107099687028,9,6,1,813,0.001985685890464884,1.9526307671304435,12.055441701781868,0.7225546882949233,COMPLETE
38,0.33322993595379063,2026-02-26 11:12:46.313247,2026-02-26 11:13:23.826705,0 days 00:00:37.513458,0.7400726897011416,0.3136324105634704,0.1803611724800372,10,6,1,770,0.002000655427806067,1.7155345596442801,16.604690828530543,0.7273145000499233,COMPLETE
39,0.21953802396692257,2026-02-26 11:13:23.860343,2026-02-26 11:14:29.369563,0 days 00:01:05.509220,0.6820194519608159,0.004658265330128061,0.1722493739585046,8,5,1,617,0.004243254564939244,0.15607612535478566,59.98339765499073,0.6908004539767705,PRUNED
40,0.1627402115441477,2026-02-26 11:14:29.395793,2026-02-26 11:15:36.666983,0 days 00:01:07.271190,0.6382205934527685,7.343764369438607,0.06419074008168847,6,6,3,886,0.0016471928091266862,0.402635185327836,15.055934482134782,0.7586622090161587,PRUNED
41,0.29629449291809057,2026-02-26 11:15:36.691532,2026-02-26 11:16:27.907183,0 days 00:00:51.215651,0.7666693521466093,0.5554095854717577,0.15118067783009928,9,7,4,1083,0.0048974946636154626,6.2268833937624795,13.056658373562394,0.651129729713056,COMPLETE
42,0.16122721904935208,2026-02-26 11:16:27.935841,2026-02-26 11:17:22.370829,0 days 00:00:54.434988,0.8152168634442463,0.13771385828918808,0.09886288922647758,9,5,9,335,0.19862304254300384,2.345482746524757,12.034937496075237,0.6209761531904523,PRUNED
43,0.2998126774646021,2026-02-26 11:17:22.394654,2026-02-26 11:17:56.458182,0 days 00:00:34.063528,0.8419567534170533,0.014393911773071366,0.13591147143634427,10,7,2,1822,0.8556206552812652,3.913450552030503,13.293657469407075,0.7166747297286397,COMPLETE
44,0.29166505510802865,2026-02-26 11:17:56.486191,2026-02-26 11:18:17.741643,0 days 00:00:21.255452,0.717794217329414,0.06050662284213024,0.1977310608880335,7,10,6,1498,0.002780272497890192,1.1265052363369326,13.622318810773946,0.839814514046141,COMPLETE
45,0.2813916539720262,2026-02-26 11:18:17.770141,2026-02-26 11:18:38.860020,0 days 00:00:21.089879,0.8761100125851727,0.03780132455246613,0.17873593567092272,1,9,5,1229,0.01014592092074389,0.07131940991757789,12.04435302036413,0.652450227529522,COMPLETE
46,0.3416732134610845,2026-02-26 11:18:38.908110,2026-02-26 11:19:08.226763,0 days 00:00:29.318653,0.9180436917346161,0.03767369769031395,0.1820681872231091,1,9,4,685,0.009488041778555237,0.0757284969526157,17.159319425905096,0.6744748522631034,COMPLETE
47,0.15954696851046526,2026-02-26 11:19:08.256837,2026-02-26 11:19:59.273741,0 days 00:00:51.016904,0.7903059859579732,0.018085293145787808,0.17398409340648238,1,6,5,881,0.0234193930113889,0.7289720001248001,15.336903464531742,0.6227688862388974,PRUNED
48,0.1570067904524342,2026-02-26 11:19:59.300180,2026-02-26 11:20:42.260728,0 days 00:00:42.960548,0.95397136556667,0.008441197783384258,0.14520402780053496,2,7,3,1196,0.0015126137842358903,0.03063565779250299,19.59931572345984,0.9004353003929652,PRUNED
49,0.3109114446286531,2026-02-26 11:20:42.284702,2026-02-26 11:22:12.170469,0 days 00:01:29.885767,0.8325844628668236,0.03381127202901754,0.04098683586307505,5,9,12,992,0.005913034446843235,0.017546264076352732,13.39994841630903,0.7423468509125428,COMPLETE
50,0.16931322384412784,2026-02-26 11:22:12.201114,2026-02-26 11:22:42.553378,0 days 00:00:30.352264,0.8858437923534824,0.09625528094310176,0.16137413457537467,4,10,4,1907,0.014677960018045742,0.28696281314788435,42.648045958623996,0.7939275602754168,PRUNED
51,0.2775203634077322,2026-02-26 11:22:42.578560,2026-02-26 11:23:11.270324,0 days 00:00:28.691764,0.8653459838176767,0.04888880802822821,0.1865555674856767,9,10,5,1241,0.0030808409540961537,7.330424103662094,12.030652233665382,0.6527648118172327,COMPLETE
52,0.2838959349477893,2026-02-26 11:23:11.318394,2026-02-26 11:23:36.767712,0 days 00:00:25.449318,0.7487055874260808,0.0492603057401847,0.18046078678565453,8,10,5,1258,0.003375374461210219,2.8500730556688314,12.860528426625041,0.6890165446147091,COMPLETE
53,0.30010711236318827,2026-02-26 11:23:36.795322,2026-02-26 11:24:05.085999,0 days 00:00:28.290677,0.8631413128032677,0.030678679092019826,0.1922913902996467,4,10,5,1124,0.0015866050010068845,1.621254371389144,14.502885723413858,0.6616872026825705,COMPLETE
54,0.2916227483207648,2026-02-26 11:24:05.126919,2026-02-26 11:24:32.039485,0 days 00:00:26.912566,0.5499793738500008,0.016828297954244193,0.15794322488454332,10,9,7,1463,0.007717800781578787,0.010368983094948622,12.872753677710092,0.6216125177518831,COMPLETE
55,0.151497121266318,2026-02-26 11:24:32.066390,2026-02-26 11:25:14.127550,0 days 00:00:42.061160,0.9687682034522554,0.04808612827556948,0.14378611382592704,2,10,4,1392,0.002558018028878806,7.044662503932498,15.839159436675267,0.6439371474512358,PRUNED
56,0.1565891120903466,2026-02-26 11:25:14.152261,2026-02-26 11:25:36.982697,0 days 00:00:22.830436,0.9203016377609514,0.009702496762895576,0.17929292025696883,10,10,5,1657,0.004236865944050027,0.11608827244354147,12.03322234571845,0.7068402962937973,PRUNED
57,0.14513234664398117,2026-02-26 11:25:37.010772,2026-02-26 11:26:05.258770,0 days 00:00:28.247998,0.830703040399449,0.0021498148628609727,0.19697125733481247,0,9,11,1208,0.0012927388005608226,3.202404065561638,14.02433215421895,0.6012097221778112,PRUNED
58,0.1747968456414091,2026-02-26 11:26:05.283926,2026-02-26 11:26:43.222311,0 days 00:00:37.938385,0.7954223623429559,0.023017101264310273,0.11680167291414227,8,5,8,1024,0.010659696082817758,4.913898612780786,12.969744053376917,0.9803352379816824,PRUNED
59,0.14869804697535258,2026-02-26 11:26:43.294376,2026-02-26 11:27:19.343638,0 days 00:00:36.049262,0.8976591214436191,0.245620446317521,0.1549521516345561,9,8,1,1802,0.006146736398120482,0.766191977092415,14.85019312317375,0.6419166845262331,PRUNED
60,0.34229400644914715,2026-02-26 11:27:19.369735,2026-02-26 11:28:13.827033,0 days 00:00:54.457298,0.46436433658735066,0.43156407092197735,0.07279699133465829,8,10,6,1570,0.0010097450929039094,0.006295461269032428,16.36691837261284,0.6978556852852531,COMPLETE
61,0.2840601862349018,2026-02-26 11:28:13.854876,2026-02-26 11:28:42.928191,0 days 00:00:29.073315,0.7507367353747414,0.05119793009252495,0.16792977711188878,9,10,5,1320,0.003330730501367384,2.9473962764487185,12.672541622882402,0.6886769855861483,COMPLETE
62,0.14768020980513688,2026-02-26 11:28:42.955356,2026-02-26 11:29:06.623179,0 days 00:00:23.667823,0.7673570420963046,0.07927827556337451,0.18292760976760028,8,10,5,1222,0.003340966976325532,4.2137667106732195,12.845142193168023,0.7220738252737545,PRUNED
63,0.1430364524151629,2026-02-26 11:29:06.648644,2026-02-26 11:29:42.318283,0 days 00:00:35.669639,0.8761894388632749,0.029816995269586876,0.16683166391594897,9,10,6,1261,0.002085285827568476,7.978528494999944,13.662137207065289,0.6623383777461022,PRUNED
64,0.1711446782579427,2026-02-26 11:29:42.362503,2026-02-26 11:30:03.846579,0 days 00:00:21.484076,0.8503175362678538,0.04450922955380406,0.19889309351433498,10,9,4,1123,0.005348388668451526,0.0015585377960827726,12.059730451610587,0.6142998354972087,PRUNED
65,0.1750291947947545,2026-02-26 11:30:03.871071,2026-02-26 11:30:40.343617,0 days 00:00:36.472546,0.6975013162809004,2.316562699764262,0.18353929277065203,10,10,5,1270,0.0034748926636300453,1.4258557216712455,54.7499932323648,0.6769699648508252,PRUNED
66,0.14762367143582616,2026-02-26 11:30:40.372864,2026-02-26 11:31:05.312839,0 days 00:00:24.939975,0.8206791223692349,0.06719725945543338,0.1752380545675601,8,9,7,1516,0.0019989765432356734,0.029714896776817715,12.762067921892768,0.6340519139248579,PRUNED
67,0.1568570837465516,2026-02-26 11:31:05.335959,2026-02-26 11:32:12.134166,0 days 00:01:06.798207,0.7911493857229794,0.10944132692805644,0.15080472340462306,9,10,3,1359,8.241384588392696,0.49234765560683763,31.09106485026892,0.7408774226021915,PRUNED
68,0.16380626154973887,2026-02-26 11:32:12.157544,2026-02-26 11:34:21.416895,0 days 00:02:09.259351,0.7288632203506699,0.02036792745964579,0.05277096136286145,7,4,2,935,0.007940035057859701,2.0193984437462715,14.695342461840092,0.6497758529259539,PRUNED
69,0.1504955531482449,2026-02-26 11:34:21.441012,2026-02-26 11:34:54.931479,0 days 00:00:33.490467,0.7770135675655993,1.0551491394949235,0.1353033264118494,9,10,6,1450,0.020333174138504197,0.17424015419996638,17.611641009335397,0.6885730435552179,PRUNED
70,0.14600112659386702,2026-02-26 11:34:54.955111,2026-02-26 11:35:21.717339,0 days 00:00:26.762228,0.7459751294569225,0.027150969529983308,0.12802727797326086,10,9,5,1144,0.03199090023880332,0.07740465063441003,15.816092719054982,0.6661894678417711,PRUNED
71,0.2850911399191416,2026-02-26 11:35:21.745027,2026-02-26 11:35:49.279664,0 days 00:00:27.534637,0.7623589305813866,0.05455306532536324,0.1642220150431039,9,10,5,1314,0.0029887728097890967,3.4214708508166036,12.667814092750918,0.6891069130201419,COMPLETE
72,0.29699484610995847,2026-02-26 11:35:49.307704,2026-02-26 11:36:16.639208,0 days 00:00:27.331504,0.7492730746272311,0.04342227182524667,0.16842567629278532,9,10,4,1262,0.0047306488272382775,2.724481237373246,13.66392415928592,0.7119766188692859,COMPLETE
73,0.14900151262014869,2026-02-26 11:36:16.667931,2026-02-26 11:36:51.309807,0 days 00:00:34.641876,0.8057518633556173,0.07808656098331763,0.18522979303377013,8,10,5,1636,0.003821322461460135,5.417378295269296,12.53068939336701,0.6968236718660046,PRUNED
74,0.30635643477815716,2026-02-26 11:36:51.342470,2026-02-26 11:37:20.693040,0 days 00:00:29.350570,0.7014704210910988,0.05677284294379093,0.15989717877429171,5,10,6,1390,0.013794922605510738,2.702244779993404,14.43014617506109,0.6784105808644397,COMPLETE
75,0.2943848352356341,2026-02-26 11:37:20.722357,2026-02-26 11:37:59.213268,0 days 00:00:38.490911,0.8336675836213893,0.12718394465672708,0.17595181512037927,9,9,5,1081,0.0013815327495349593,8.306993160860708,13.448835298030577,0.6589046527856709,COMPLETE
76,0.1537590490154135,2026-02-26 11:37:59.245558,2026-02-26 11:38:26.049417,0 days 00:00:26.803859,0.8520010784801527,0.014752449420165256,0.18829609264114272,10,10,6,1320,0.002664366619785659,1.2241719949635819,12.652863507375717,0.6265991264029388,PRUNED
77,0.19449784586999008,2026-02-26 11:38:26.073815,2026-02-26 11:39:00.733973,0 days 00:00:34.660158,0.877621943599612,0.03860489119570234,0.1417969563576349,8,10,3,1183,0.0018352493977151474,0.9489103202793292,76.19614438147207,0.6112719353249645,PRUNED
78,0.1452183709613308,2026-02-26 11:39:00.758368,2026-02-26 11:39:19.818261,0 days 00:00:19.059893,0.9040813128358475,0.21934611948841023,0.15352801494835736,9,10,4,1229,0.006633614653909404,6.285252567193352,12.043837285239544,0.636892998454352,PRUNED
79,0.16326746795163977,2026-02-26 11:39:19.842262,2026-02-26 11:40:06.386998,0 days 00:00:46.544736,0.8189761377820265,0.026682115850173972,0.17406124901224426,10,6,4,546,0.009367390643813778,2.119992217169659,22.24937544957206,0.7018868986771729,PRUNED
80,0.3009773084620533,2026-02-26 11:40:06.411889,2026-02-26 11:40:30.783997,0 days 00:00:24.372108,0.724426475987509,0.06931094798476527,0.18865563232387794,7,9,7,1764,0.0037557956861359494,0.04328195510576294,14.08813432867538,0.7325666399544324,COMPLETE
81,0.14556187385407504,2026-02-26 11:40:30.812312,2026-02-26 11:41:06.597659,0 days 00:00:35.785347,0.8603452845755626,0.16506998683739413,0.16387434607956733,9,10,6,1343,0.3655153690122696,9.701277261479033,12.543901794709063,0.6519050963317232,PRUNED
82,0.14291875236541934,2026-02-26 11:41:06.622895,2026-02-26 11:41:37.053993,0 days 00:00:30.431098,0.753402992370325,0.3900325700165114,0.14823572186726489,9,10,5,1423,0.14935786476008836,4.756538007933774,13.150387513898927,0.6830991877736896,PRUNED
83,0.16272164762551355,2026-02-26 11:41:37.079577,2026-02-26 11:42:16.543837,0 days 00:00:39.464260,0.7774187933937518,0.10245809984760895,0.17064480987387623,10,10,8,1524,0.27408335704078124,7.195321044628212,28.80470802016266,0.6426972615374702,PRUNED
84,0.1507432653525981,2026-02-26 11:42:16.569959,2026-02-26 11:42:40.074548,0 days 00:00:23.504589,0.9301543919634286,0.151388098999511,0.19956895796657165,8,10,6,1285,1.2837002885748428,3.8146062942014427,12.015843644788028,0.6649891193720221,PRUNED
85,0.33798326800375833,2026-02-26 11:42:40.101041,2026-02-26 11:44:01.542271,0 days 00:01:21.441230,0.8953082558131006,0.035227570073908025,0.03161304664079261,9,10,5,1371,0.07149816079580869,0.0029124087137465866,15.499801555120548,0.6712234566499485,COMPLETE
86,0.30001808743036007,2026-02-26 11:44:01.573439,2026-02-26 11:44:43.975744,0 days 00:00:42.402305,0.8394049850599896,0.0521169791405243,0.13673733384654285,9,9,6,840,0.002521107584874265,7.858485481410124,13.578834859375458,0.6491519768285415,COMPLETE
87,0.14831305785408103,2026-02-26 11:44:44.003441,2026-02-26 11:46:12.110790,0 days 00:01:28.107349,0.8719804008320117,0.02002423809669655,0.10071906080846087,3,5,7,1672,0.005015495126961933,5.683004206038017,14.921854535338491,0.6168890812653031,PRUNED
88,0.2981811861858925,2026-02-26 11:46:12.144318,2026-02-26 11:46:46.792257,0 days 00:00:34.647939,0.7949479509163235,0.5277194929303504,0.12314799914156256,10,10,4,1935,0.0012082480180900374,2.983626071578218,13.167929921329208,0.6868085396444419,COMPLETE
89,0.15704317457915934,2026-02-26 11:46:46.820773,2026-02-26 11:47:24.293473,0 days 00:00:37.472700,0.822933450366114,0.0866604633208354,0.1565304112367437,8,7,5,1169,0.0030527907887401657,9.99533498043537,12.52062860716706,0.6292829681595364,PRUNED
90,0.30552965342982863,2026-02-26 11:47:24.317625,2026-02-26 11:47:51.913367,0 days 00:00:27.595742,0.8060636856201536,0.03192889450880431,0.17752278318559486,1,8,4,1603,0.0024091424065718096,0.012109880645910552,14.082954447492911,0.655317530000645,COMPLETE
91,0.2844508747550471,2026-02-26 11:47:51.941485,2026-02-26 11:48:20.812270,0 days 00:00:28.870785,0.7602533072646399,0.05666718706050824,0.1652145261806232,9,10,5,1319,0.0029615108514527756,3.3452028696378004,12.579941188922747,0.6921283470726167,COMPLETE
92,0.14888573286343695,2026-02-26 11:48:20.839873,2026-02-26 11:48:51.145071,0 days 00:00:30.305198,0.7799147583266843,0.04773497786902679,0.1899820273176184,9,10,6,1473,0.001678509994859224,4.048779956914546,12.515472257219546,0.7169052888881522,PRUNED
93,0.2929162886358137,2026-02-26 11:48:51.177767,2026-02-26 11:49:23.080926,0 days 00:00:31.903159,0.6868084621149808,0.06587578135764095,0.16363700842865794,8,10,5,1329,0.004303962462437014,1.671258398426891,13.25820601469627,0.6720478943511246,COMPLETE
94,0.28140257533827284,2026-02-26 11:49:23.120699,2026-02-26 11:49:54.929461,0 days 00:00:31.808762,0.7110746223918643,0.04110791371258853,0.1442029753201156,10,10,5,1244,0.006417226654393512,2.4551383109879175,12.022633485523453,0.7585945224631175,COMPLETE
95,0.30360320489553827,2026-02-26 11:49:54.966670,2026-02-26 11:50:23.661089,0 days 00:00:28.694419,0.6582158480847476,0.024321019743360553,0.14312879440554285,10,10,5,1248,0.006149141429896761,1.3488418074444593,13.964096706358035,0.769878837003536,COMPLETE
96,0.27945899042310823,2026-02-26 11:50:23.700878,2026-02-26 11:50:47.700659,0 days 00:00:23.999781,0.7150477559810079,0.04265846015410605,0.17888171458272537,10,10,2,1883,0.009144554227397463,0.8845846642900055,12.414215528778518,0.7563662522923691,COMPLETE
97,0.28504690719806985,2026-02-26 11:50:47.737099,2026-02-26 11:51:11.481312,0 days 00:00:23.744213,0.7163806600438529,0.011499960628827115,0.18014886541909866,10,10,1,1998,0.011599395698355365,0.8655962368522695,13.11295305112425,0.7851247877450761,COMPLETE
98,0.30177025642481886,2026-02-26 11:51:11.523530,2026-02-26 11:51:30.116408,0 days 00:00:18.592878,0.6156414988763927,0.04225039664154325,0.1917236030486685,10,10,2,1899,0.008727198451284637,0.33665613228876845,14.69466791864044,0.821271547874337,COMPLETE
99,0.15264223512289132,2026-02-26 11:51:30.158843,2026-02-26 11:51:47.723343,0 days 00:00:17.564500,0.7434820849970434,4.768525595678489,0.1723863983943554,10,9,1,1962,0.0176691067178115,0.23680929262278802,12.003710937620694,0.7652365745429145,PRUNED
100,0.2966483250626661,2026-02-26 11:51:47.756980,2026-02-26 11:52:10.633555,0 days 00:00:22.876575,0.6686988390202743,0.016260532691959526,0.15296996180196273,10,10,2,1877,0.007446664482615419,0.47614373296830037,13.732834177777066,0.7555647621539002,COMPLETE
101,0.2835981022977764,2026-02-26 11:52:10.674914,2026-02-26 11:52:33.485635,0 days 00:00:22.810721,0.7604805656170149,0.03405215477791272,0.167076024583941,9,10,3,1789,0.003396980053839423,2.255722214937169,12.546184817552954,0.7373442827705909,COMPLETE
102,0.2905154595106458,2026-02-26 11:52:33.524619,2026-02-26 11:52:59.139160,0 days 00:00:25.614541,0.736618695333482,0.02839935968260942,0.15861308485217565,9,10,3,1841,0.005878135789571648,2.2065204155011227,13.068612350294659,0.7440095623617373,COMPLETE
103,0.2794811908701161,2026-02-26 11:52:59.167873,2026-02-26 11:53:24.402943,0 days 00:00:25.235070,0.7065272417989343,0.03856653641851621,0.18330452409746256,10,10,3,1873,0.0038462423842457088,1.5808842605126514,12.404817478606208,0.7808045518282841,COMPLETE
104,0.2793552990745313,2026-02-26 11:53:24.435938,2026-02-26 11:53:42.023712,0 days 00:00:17.587774,0.6970140924812148,0.03302837255938234,0.18292117017995255,10,10,3,1812,0.0021841316684847747,0.66162475544122,12.284044752111505,0.7374902677408308,COMPLETE
105,0.27752107841869617,2026-02-26 11:53:42.061788,2026-02-26 11:53:58.887161,0 days 00:00:16.825373,0.6943705264897005,0.03659407887570106,0.18503649651069837,10,10,3,1777,0.004118442575283972,0.5524230671097183,12.33047731424567,0.7912038608494114,COMPLETE
106,0.2769016425268268,2026-02-26 11:53:58.923298,2026-02-26 11:54:16.767133,0 days 00:00:17.843835,0.6519892824204212,0.02224003002485551,0.18409888224776155,10,9,2,1847,0.0022045881724995775,0.629944283705991,12.013152678548987,0.7803278720783754,COMPLETE
107,0.29298603842873183,2026-02-26 11:54:16.829847,2026-02-26 11:54:38.990794,0 days 00:00:22.160947,0.639102165136547,0.02398979491225478,0.1877876552494212,10,9,2,1853,0.002232146744382109,0.5522628671636732,13.468565368764107,0.8058384720236093,COMPLETE
108,0.15940278140374847,2026-02-26 11:54:39.036345,2026-02-26 11:55:07.457975,0 days 00:00:28.421630,0.6509999650333156,0.019523372571247744,0.19283697282452894,10,9,3,1741,0.004136153596938187,0.3281824901357043,24.28575395552893,0.7793386808418962,PRUNED
109,0.32187529726000214,2026-02-26 11:55:07.493003,2026-02-26 11:56:33.854530,0 days 00:01:26.361527,0.6006440852374969,0.008222220501666195,0.03610499117545118,10,9,3,1696,0.011870867652087105,0.41760920838384585,14.35005307507439,0.78902060729157,COMPLETE
110,0.14293986625643665,2026-02-26 11:56:33.893645,2026-02-26 11:56:52.304605,0 days 00:00:18.410960,0.6928906503251276,0.014388034540532417,0.18344576522908373,10,10,2,1774,0.005233995063506149,0.625712096679356,12.336438162702471,0.8092107270400731,PRUNED
111,0.27648092984335576,2026-02-26 11:56:52.336699,2026-02-26 11:57:20.493239,0 days 00:00:28.156540,0.7038187536221601,0.04013736043044675,0.1772506132975076,10,8,1,1816,0.0022035125907103,0.7611503203013373,12.002797383121814,0.7567349620968693,COMPLETE
112,0.1533729138471085,2026-02-26 11:57:20.546911,2026-02-26 11:57:54.414637,0 days 00:00:33.867726,0.6735287942696163,0.03936308873385737,0.17305662885242395,10,8,2,1813,0.001377387856440008,1.0101418618335776,37.30691368780608,0.8185753513351224,PRUNED
113,0.2822544595018813,2026-02-26 11:57:54.446830,2026-02-26 11:58:27.395577,0 days 00:00:32.948747,0.7104173724684618,0.03196693379347708,0.18135038358591962,10,8,3,1927,0.0071012765502778295,0.8220994736579413,12.358158197879398,0.7788101202986333,COMPLETE
114,0.2786151585987044,2026-02-26 11:58:27.438024,2026-02-26 11:58:49.672034,0 days 00:00:22.234010,0.7046379762992446,0.0304608817478864,0.19970579966653754,10,8,2,1922,0.0065626819839303,0.8683578153469526,12.383198920793589,0.7518425956078159,COMPLETE
115,0.15958486546868214,2026-02-26 11:58:49.710396,2026-02-26 11:59:23.487127,0 days 00:00:33.776731,0.7062334576134732,0.021680199818384326,0.19645638629897463,10,8,2,1920,0.007086267722515912,0.8089700200005095,34.30352516313829,0.7635358984978425,PRUNED
116,0.1652544572974067,2026-02-26 11:59:23.511280,2026-02-26 12:00:09.555113,0 days 00:00:46.043833,0.6773639147873346,0.03237628352576591,0.18484556991374587,10,8,2,1874,0.015249247308805449,0.6054209112955612,40.83709774004822,0.7508956200012985,PRUNED
117,0.28801108046905555,2026-02-26 12:00:09.589596,2026-02-26 12:00:32.301546,0 days 00:00:22.711950,0.7125052562259263,0.02680681845136915,0.17901200894304398,10,8,1,1958,0.009154392924290421,0.7467140381134804,13.078703141838606,0.7736306482149615,COMPLETE
118,0.27876085632858205,2026-02-26 12:00:32.335324,2026-02-26 12:00:58.733467,0 days 00:00:26.398143,0.6187208894678105,0.0696866743794083,0.1976775341919453,10,8,3,1827,0.00999932560337786,1.0514719445657756,12.008997243150214,0.799277430628639,COMPLETE
119,0.2826037214193592,2026-02-26 12:00:58.771342,2026-02-26 12:01:16.661834,0 days 00:00:17.890492,0.5725210472733067,0.06543522593429404,0.18970901826506784,10,8,3,1824,0.010312821510548404,1.1202184895931473,12.324576922961176,0.7782627363350767,COMPLETE
120,0.3013529153479403,2026-02-26 12:01:16.700855,2026-02-26 12:01:48.018678,0 days 00:00:31.317823,0.6215147955771687,0.042192871374096726,0.1919748953167362,10,8,3,1892,0.004381638522493164,1.3940557117464025,13.91931256714199,0.8443293676664334,COMPLETE
121,0.29058228463235325,2026-02-26 12:01:48.055812,2026-02-26 12:02:17.101783,0 days 00:00:29.045971,0.6434242030757767,0.07209680609011061,0.1826207513726849,10,8,3,1859,0.007779993167820228,0.9688013624887942,12.869034479047858,0.7913918802311757,COMPLETE
122,0.28048405302973567,2026-02-26 12:02:17.130528,2026-02-26 12:02:46.343747,0 days 00:00:29.213219,0.6648992802317222,0.03581661931419625,0.19734708423330677,10,7,2,1731,0.0063781988252963,0.5473486994643537,12.045006246336442,0.7538725832848977,COMPLETE
123,0.28150999945165267,2026-02-26 12:02:46.383375,2026-02-26 12:03:19.954698,0 days 00:00:33.571323,0.689599059581684,0.03123581334681873,0.19818643648522047,10,7,2,1724,0.0060830953165387554,0.5243589373297549,12.38629378530648,0.757414350805224,COMPLETE
124,0.29298199686945814,2026-02-26 12:03:19.983246,2026-02-26 12:03:43.067668,0 days 00:00:23.084422,0.6590471051755449,0.017212229485158836,0.19835121659053842,2,7,1,1757,0.005323051456471304,0.5123005771497752,13.252964504793269,0.7595942402034487,COMPLETE
125,0.1397827226616607,2026-02-26 12:03:43.095267,2026-02-26 12:04:16.506620,0 days 00:00:33.411353,0.6852564766600385,0.05469113250446907,0.19735574369191713,10,7,2,1708,0.022079201104004405,0.6370246910469916,13.616516823697582,0.8006540216131264,PRUNED
126,0.2779130176480558,2026-02-26 12:04:16.532428,2026-02-26 12:04:34.859781,0 days 00:00:18.327353,0.6286274563519099,0.03939499356143808,0.1993922992244422,10,8,2,1796,0.029825216965526466,0.4092926282023618,12.051046637565959,0.7488232085357319,COMPLETE
127,0.28851255859169944,2026-02-26 12:04:34.888522,2026-02-26 12:05:11.387603,0 days 00:00:36.499081,0.6306058459639345,0.03893452827789963,0.17432511144429952,10,8,2,1820,0.01226870700404302,0.419429222859417,12.757527936165134,0.749622002461382,COMPLETE
128,0.2820089777083325,2026-02-26 12:05:11.425682,2026-02-26 12:05:37.368833,0 days 00:00:25.943151,0.5949043346018185,0.04829392932455222,0.1884052639117341,10,8,1,1776,0.030784944731531143,0.18982925705129317,12.286425115568226,0.8296602956435866,COMPLETE
129,0.279614488976918,2026-02-26 12:05:37.411743,2026-02-26 12:06:15.896154,0 days 00:00:38.484411,0.6158291678933275,0.025629765018782013,0.1995424576854742,10,7,1,1797,0.015443995169163883,0.3391616174706413,12.024851454740675,0.8628739653177465,COMPLETE
130,0.1429796888831591,2026-02-26 12:06:15.924622,2026-02-26 12:06:57.012844,0 days 00:00:41.088222,0.6049369570469358,0.022384137761158097,0.19074123179517394,10,7,1,1836,0.0185080234388044,0.0834495910209883,15.007530185224711,0.8707573512782556,PRUNED
131,0.2824975391840257,2026-02-26 12:06:57.045762,2026-02-26 12:07:24.798746,0 days 00:00:27.752984,0.6271212208785661,0.03661684880682174,0.17695862812248828,10,7,2,1799,0.04491961685857814,0.055603441885472796,12.119765939379864,0.862479111189537,COMPLETE
132,0.2795031755414466,2026-02-26 12:07:24.828898,2026-02-26 12:07:49.793413,0 days 00:00:24.964515,0.6660980735882722,0.08329449103276447,0.18525028226523396,10,8,2,1883,0.008776493798452347,0.3041930854378776,12.050829929809924,0.9315622043337358,COMPLETE
133,0.2876392701300404,2026-02-26 12:07:49.823714,2026-02-26 12:08:15.419140,0 days 00:00:25.595426,0.6666728173627426,0.0909793871230782,0.18808172598500866,10,8,1,1896,0.02609403426017516,0.12823520322460333,12.779319892690111,0.9317491674353133,COMPLETE
134,0.29659250960175787,2026-02-26 12:08:15.454009,2026-02-26 12:08:48.300538,0 days 00:00:32.846529,0.5848242712170995,0.058777477527020505,0.16911696124911046,10,8,2,1852,0.01567151825446211,0.32041476028734034,13.293970436260436,0.9305884910145783,COMPLETE
135,0.14519024761597013,2026-02-26 12:08:48.335956,2026-02-26 12:09:14.582027,0 days 00:00:26.246071,0.5532583064982707,0.027029554174305564,0.19791073085718813,10,7,2,1738,0.009814940118016932,0.6859157017447495,12.880835866265834,0.7937421275800559,PRUNED
136,0.13987292533921047,2026-02-26 12:09:14.608612,2026-02-26 12:09:41.548624,0 days 00:00:26.940012,0.648804448937045,0.07643973100787067,0.18223615562284992,10,8,1,1943,0.013664605103346914,0.2693757217945132,14.108102843728474,0.7664265668580473,PRUNED
137,0.2961202590519786,2026-02-26 12:09:41.574466,2026-02-26 12:10:06.478905,0 days 00:00:24.904439,0.6159084203611436,0.1183817807596738,0.19883618516001356,10,8,3,1792,0.0038052108037114666,0.37903611028170187,13.458157355257908,0.7451221590027782,COMPLETE
138,0.14269077947548314,2026-02-26 12:10:06.515224,2026-02-26 12:10:41.450161,0 days 00:00:34.934937,0.6575178328781874,0.048272909953516796,0.08088983104402317,4,7,2,1667,0.0017779943466707023,0.44502978733213355,12.010211162904758,0.7338833503119102,PRUNED
139,0.14509070744574215,2026-02-26 12:10:41.481631,2026-02-26 12:11:19.310384,0 days 00:00:37.828753,0.7251347585260596,0.018669986967827578,0.06922252681904865,10,8,2,1961,0.002170261287144722,1.1647616493475346,12.673990124305027,0.9574260320675673,PRUNED
140,0.14401067499932932,2026-02-26 12:11:19.337649,2026-02-26 12:11:45.950902,0 days 00:00:26.613253,0.694165659068518,0.023058304794825363,0.17538916981472005,9,7,1,1911,0.009126862986189418,0.13835936122510542,13.042288758832177,0.7848491945077185,PRUNED
141,0.2858615091188382,2026-02-26 12:11:45.975810,2026-02-26 12:12:11.460347,0 days 00:00:25.484537,0.6785712219063028,0.04004797170808858,0.18534261518588643,10,8,3,1872,0.011174597929863602,1.5476439636619082,12.460464880234408,0.811795163530297,COMPLETE
142,0.28694815561243703,2026-02-26 12:12:11.502546,2026-02-26 12:12:45.057599,0 days 00:00:33.555053,0.7013468247723461,0.06339861702259564,0.09422644089057108,10,8,2,1823,0.0065604497695876856,0.9082365095642503,12.059269090591709,0.7248323397535422,COMPLETE
143,0.27725781764787333,2026-02-26 12:12:45.095598,2026-02-26 12:13:06.031807,0 days 00:00:20.936209,0.6432505016876487,0.027843382508536296,0.19138625556362102,10,9,1,1781,0.008099022458630766,0.7640937967868021,12.005084544937255,0.7527663485514298,COMPLETE
144,0.13946580224245947,2026-02-26 12:13:06.061700,2026-02-26 12:13:27.682115,0 days 00:00:21.620415,0.6383074999183864,0.027896346928584857,0.19991222043828044,10,9,1,1744,0.016339229705337736,0.7051673320277755,12.002102082971703,0.7753861686780055,PRUNED
145,0.15912382545088674,2026-02-26 12:13:27.709504,2026-02-26 12:14:01.126204,0 days 00:00:33.416700,0.612336967625453,0.03507570317921187,0.190949882066508,10,9,1,1776,0.008588140742124675,0.5622847938364964,49.00859046514195,0.7515745590624604,PRUNED
146,0.29642152364965757,2026-02-26 12:14:01.161816,2026-02-26 12:14:27.494143,0 days 00:00:26.332327,0.6512853633148119,0.013174162973089732,0.179161445287987,10,9,1,1848,0.002800293485351798,0.36400074238928787,13.607847472249048,0.8989946973307459,COMPLETE
147,0.2857858578050616,2026-02-26 12:14:27.535518,2026-02-26 12:14:45.400479,0 days 00:00:17.864961,0.5734520352025102,0.04849152300101614,0.17032041412821186,9,9,2,1887,0.004856518012680612,0.2090665743177093,12.6781088933349,0.8008506942206148,COMPLETE
148,0.2932674070138207,2026-02-26 12:14:45.438066,2026-02-26 12:15:05.308072,0 days 00:00:19.870006,0.6339949016413449,0.02987263345344473,0.16185631606092624,6,9,3,1799,0.012844393030875987,0.2982526391785056,13.15619239631664,0.7711260152879656,COMPLETE
149,0.1469762163693947,2026-02-26 12:15:05.336510,2026-02-26 12:15:43.001063,0 days 00:00:37.664553,0.6655693664171303,0.023775988051650886,0.1858719770939888,10,8,2,1689,4.57216985917839,0.4685344093959202,14.33803183683471,0.7431315643507268,PRUNED
150,0.14292299070543033,2026-02-26 12:15:43.026880,2026-02-26 12:16:26.463616,0 days 00:00:43.436736,0.679430812389395,0.10348556147773168,0.1911613071074106,9,6,1,1637,0.008341271370242972,0.7918366145480111,12.469319778031622,0.8829878317774529,PRUNED
151,0.1442340798674886,2026-02-26 12:16:26.589236,2026-02-26 12:16:51.834790,0 days 00:00:25.245554,0.7219510645266471,0.043319101626762536,0.1782077551158471,10,7,3,1923,0.006645736629275187,1.2575469510814903,12.004829779982119,0.7620932622283394,PRUNED
152,0.14928459592712853,2026-02-26 12:16:51.869745,2026-02-26 12:17:19.378366,0 days 00:00:27.508621,0.7006101485377789,0.03801317763668974,0.19273609774870146,10,7,2,1824,0.005610817193386397,0.9753293571932102,12.812333299587888,0.7835660347104281,PRUNED
153,0.28586267401479476,2026-02-26 12:17:19.417971,2026-02-26 12:17:44.886344,0 days 00:00:25.468373,0.6251715220741819,0.05697231453345393,0.18448101971888367,10,7,1,1974,0.004072841851317399,0.6063784743891365,12.401537364408489,0.7357449285716366,COMPLETE
154,0.27930080100353316,2026-02-26 12:17:44.922347,2026-02-26 12:18:07.499815,0 days 00:00:22.577468,0.44781149794298686,0.031838587005307235,0.1696857368878477,10,9,2,1866,0.010273798647046514,1.7915703865322405,12.016309679907648,0.7571558071340547,COMPLETE
155,0.29381162913605435,2026-02-26 12:18:07.529762,2026-02-26 12:18:25.065203,0 days 00:00:17.535441,0.4973058687022847,0.019870139770442597,0.17051958839582146,10,9,2,1870,0.009971110544151313,0.6853777647771904,13.323951728983708,0.7499759520483508,COMPLETE
156,0.29930855097881026,2026-02-26 12:18:25.093859,2026-02-26 12:18:50.301362,0 days 00:00:25.207503,0.5189969753921886,0.029187919638495992,0.176536125753649,10,9,3,1757,0.011300685225914098,1.841966764981108,13.830681802313235,0.997650765060011,COMPLETE
157,0.28970976183267316,2026-02-26 12:18:50.334911,2026-02-26 12:19:18.399051,0 days 00:00:28.064140,0.4458896191591847,0.03458316904480993,0.1641387440375329,10,9,2,1895,0.00765492737893209,0.8870554213763964,12.907485760232882,0.7679612289830218,COMPLETE
158,0.28331893438274147,2026-02-26 12:19:18.427162,2026-02-26 12:19:36.572240,0 days 00:00:18.145078,0.4313271916488161,0.01755426337904512,0.18495785814456786,10,9,2,1721,0.003158911694695652,1.2046742101390129,12.482384140624218,0.7951898579515749,COMPLETE
159,0.15221101201429407,2026-02-26 12:19:36.608695,2026-02-26 12:19:54.826615,0 days 00:00:18.217920,0.64496594825918,0.08196478993220464,0.19254263852018977,9,8,3,1791,0.013283353199400475,0.10054134439701105,12.479011639339872,0.7558925859793291,PRUNED
160,0.2813722480730191,2026-02-26 12:19:54.860773,2026-02-26 12:20:22.470532,0 days 00:00:27.609759,0.48002888606988164,0.051686478047276496,0.17276395697538197,10,8,2,1844,0.00461214368771603,0.49913929818285185,12.022336165980958,0.7295954244488819,COMPLETE
161,0.2824774890533669,2026-02-26 12:20:22.509798,2026-02-26 12:20:57.256385,0 days 00:00:34.746587,0.45297692962636127,0.05318090259430713,0.18084574118814634,10,8,2,1841,0.004423012791264212,0.5275882911837038,12.082518839572764,0.7293946547179218,COMPLETE
162,0.13687530590268204,2026-02-26 12:20:57.294424,2026-02-26 12:21:26.089707,0 days 00:00:28.795283,0.4224810416567143,0.04540172044722736,0.19919221671795315,10,8,2,1863,0.0026302548497456717,0.3793547987300922,13.190316730035434,0.7457956029430838,PRUNED
163,0.28954887047069167,2026-02-26 12:21:26.132384,2026-02-26 12:21:50.464819,0 days 00:00:24.332435,0.6674373173697351,0.025687430702926627,0.17263960185231209,10,8,1,1918,0.005367066310982601,0.2553582883642569,12.794108821671498,0.7391448923109489,COMPLETE
164,0.2883447637077598,2026-02-26 12:21:50.494674,2026-02-26 12:22:17.903807,0 days 00:00:27.409133,0.40454410246634015,0.06066005510279706,0.18753319459431791,5,8,2,1801,0.003462995230785899,0.4643470840543748,12.394240535674305,0.7659705498174072,COMPLETE
165,0.278091224609641,2026-02-26 12:22:17.941976,2026-02-26 12:22:45.197303,0 days 00:00:27.255327,0.4667360809448067,0.03409157458057835,0.16927443667985567,10,9,1,1766,0.0019226424590978453,0.7667616225379267,12.066962337334262,0.7171535519680432,COMPLETE
166,0.3114027996057291,2026-02-26 12:22:45.227194,2026-02-26 12:24:08.981373,0 days 00:01:23.754179,0.4695386178963663,0.032141422210739595,0.05650052912639422,10,7,1,1762,0.002190179643518273,1.0420797710795884,13.504058513783047,0.723303840537912,COMPLETE
167,0.28314173866371645,2026-02-26 12:24:09.043578,2026-02-26 12:24:43.716807,0 days 00:00:34.673229,0.47312729781050533,0.0461840099583377,0.16033718837038713,10,8,1,1831,0.001783476440564165,0.7320673991599872,12.036142278029473,0.7535743134975775,COMPLETE
168,0.29025164600319264,2026-02-26 12:24:43.746352,2026-02-26 12:25:17.166936,0 days 00:00:33.420584,0.4939204912310247,0.06952913067383552,0.1677441927111281,10,8,1,1932,0.00146241777457828,0.5935090581797409,12.948669839201942,0.7078648611723541,COMPLETE
169,0.28589197025840407,2026-02-26 12:25:17.197446,2026-02-26 12:25:51.050623,0 days 00:00:33.853177,0.42537312938404215,0.02513277656312493,0.19221823855609663,9,9,10,1737,0.00247522692072565,0.8148917149489182,12.467172966429121,0.7135857065542845,COMPLETE
170,0.2969341639953151,2026-02-26 12:25:51.079844,2026-02-26 12:26:16.605293,0 days 00:00:25.525449,0.5345081184647907,0.034549957923100186,0.19969075769677372,10,9,2,1877,0.0036741559016057307,1.4571365831203544,13.881866397935857,0.731264352059075,COMPLETE
171,0.2855748313024008,2026-02-26 12:26:16.636773,2026-02-26 12:26:43.406069,0 days 00:00:26.769296,0.45408772526718666,0.039360517110800165,0.17844571773074108,10,9,2,1813,0.009597130823386351,0.5562145972161762,12.512445143708714,0.7401246294211881,COMPLETE
172,0.2749603377728609,2026-02-26 12:26:43.443466,2026-02-26 12:27:01.911193,0 days 00:00:18.467727,0.6898731963926489,0.029313736850315672,0.18337199348161032,10,9,1,1998,0.007180316918908883,0.9997404420334933,12.03744456690956,0.7757602034577514,COMPLETE
173,0.13923696569627678,2026-02-26 12:27:01.958976,2026-02-26 12:27:21.245300,0 days 00:00:19.286324,0.690150282214714,0.029749894342413732,0.1858591562712823,10,9,1,1991,0.007619534514142814,1.020711091378713,12.010568815078223,0.7781941504906214,PRUNED
174,0.298680315062246,2026-02-26 12:27:21.279159,2026-02-26 12:27:55.348082,0 days 00:00:34.068923,0.4853445466579356,0.021394941488167007,0.10888103505089387,10,8,1,1944,0.004961602934346197,0.6800279195722452,13.079524340107596,0.7829655015235043,COMPLETE
175,0.2744480256219578,2026-02-26 12:27:55.386293,2026-02-26 12:28:18.480730,0 days 00:00:23.094437,0.7313432727594977,0.028195710335012333,0.17277152658351594,10,9,1,1999,0.006493809495569396,0.8446356519969401,12.011974026390401,0.7614274649622329,COMPLETE
176,0.28160588920091534,2026-02-26 12:28:18.537452,2026-02-26 12:28:41.192158,0 days 00:00:22.654706,0.7154454469151436,0.024352830163626688,0.18217015749537957,10,9,1,1993,0.006422245239846038,0.920657270136831,12.804522301246735,0.7727687268644801,COMPLETE
177,0.2777531447177542,2026-02-26 12:28:41.233087,2026-02-26 12:29:02.632620,0 days 00:00:21.399533,0.7281927075316237,0.01684712225908883,0.19252520756922945,10,9,1,1963,0.002011223125342269,1.2120022132855792,12.518222620469663,0.7616574040775974,COMPLETE
178,0.29086159129310357,2026-02-26 12:29:02.668992,2026-02-26 12:29:26.094645,0 days 00:00:23.425653,0.7383468112092562,0.01613149619367768,0.16704564831411614,10,9,1,1952,0.0018434753083143647,1.6247119684274902,13.355268145308068,0.7596151192981357,COMPLETE
179,0.2788871992935572,2026-02-26 12:29:26.123982,2026-02-26 12:29:49.651561,0 days 00:00:23.527579,0.7323668956150668,0.013208671347616307,0.19071102280671443,9,9,1,1970,0.0011928536230086792,1.1696261899642801,12.563122539987706,0.7892514332770831,COMPLETE
180,0.2829999554353508,2026-02-26 12:29:49.687998,2026-02-26 12:30:16.044307,0 days 00:00:26.356309,0.730229356727462,0.008167458019661265,0.17548200918708182,9,9,1,1995,0.001161175499870794,1.3573134200478538,12.734876460666674,0.7922208757170073,COMPLETE
181,0.277586156963062,2026-02-26 12:30:16.074803,2026-02-26 12:30:41.989941,0 days 00:00:25.915138,0.7012912258118579,0.010628822905328066,0.19100282206863106,10,9,1,1964,0.001496391092713545,1.0808173915690527,12.432847727305052,0.7861914547160462,COMPLETE
182,0.2773882136746903,2026-02-26 12:30:42.018201,2026-02-26 12:31:02.775178,0 days 00:00:20.756977,0.7022825233377294,0.01170771787987006,0.19011940958765575,9,9,1,1965,0.0010372186508594387,1.15099657089862,12.525447986512786,0.7999418172415179,COMPLETE
183,0.2784804449823525,2026-02-26 12:31:02.807748,2026-02-26 12:31:25.459960,0 days 00:00:22.652212,0.7015867513546038,0.00951240414419195,0.19178955844780907,9,9,1,1967,0.0011961489850298747,1.245007675099652,12.625037551463281,0.8118986298300542,COMPLETE
184,0.28417917689357813,2026-02-26 12:31:25.490490,2026-02-26 12:31:51.816903,0 days 00:00:26.326413,0.7267384221192448,0.009270277974473443,0.19156369023768213,9,9,1,1966,0.0010729827549001301,1.1328302958822936,13.022757711969167,0.8201688200655302,COMPLETE
185,0.2903090870726542,2026-02-26 12:31:51.849099,2026-02-26 12:32:16.956810,0 days 00:00:25.107711,0.7004019922988447,0.01217775669386506,0.19161054755080834,9,9,1,1964,0.0013650631799782438,1.1327525211650658,13.659621440855672,0.8122207162497355,COMPLETE
186,0.2980323848704922,2026-02-26 12:32:16.986937,2026-02-26 12:33:31.065840,0 days 00:01:14.078903,0.7187908310610559,0.0071311843047859825,0.04487237311388393,9,9,1,2000,0.0015330028083717724,0.8633540398078722,12.602287990375025,0.8008796458172699,COMPLETE
187,0.14192751242914403,2026-02-26 12:33:31.095799,2026-02-26 12:33:48.677008,0 days 00:00:17.581209,0.6892474452170761,0.005603369152378637,0.1798724749565277,9,9,1,1926,0.0012201750793361383,1.225801376189122,13.173899287658807,0.8295350084112333,PRUNED
188,0.13655034227162444,2026-02-26 12:33:48.713304,2026-02-26 12:34:15.831924,0 days 00:00:27.118620,0.7370404701885223,0.011937600465313981,0.19037282147179677,9,9,1,1948,0.0016426381155471553,0.9730327994790559,12.610219135109793,0.7894131412708847,PRUNED
189,0.13962837125908395,2026-02-26 12:34:15.858931,2026-02-26 12:34:42.205331,0 days 00:00:26.346400,0.6998956449699826,0.010383168393139913,0.17352215096342283,9,9,1,1924,0.0010044193104409337,1.8740443878900515,20.493968425924454,0.8057029482999396,PRUNED
190,0.13646493977974286,2026-02-26 12:34:42.230560,2026-02-26 12:35:10.703994,0 days 00:00:28.473434,0.708621462943799,0.013659458260598337,0.18541975395217924,10,9,1,1967,0.0019472373795320706,0.804910616470686,14.280458887425604,0.7970145643924593,PRUNED
191,0.2814857620876607,2026-02-26 12:35:10.739255,2026-02-26 12:35:29.076582,0 days 00:00:18.337327,0.6797189845337609,0.010356541776847744,0.18125141635108707,10,9,1,1904,0.0014205346666207382,1.5084960947933364,12.476520254694433,0.7743877379268393,COMPLETE
192,0.13991625395434387,2026-02-26 12:35:29.114617,2026-02-26 12:35:46.975735,0 days 00:00:17.861118,0.7128262798833536,0.015603847740434447,0.19312057359643806,10,9,1,2000,0.001227936846134417,1.300906694043809,12.444602400140333,0.7878329103015463,PRUNED
193,0.15193213029573974,2026-02-26 12:35:47.008880,2026-02-26 12:36:03.069662,0 days 00:00:16.060782,0.9758412921258521,0.006530966318718798,0.18576326467898963,10,9,1,1903,0.002152263505306369,1.6939337248110768,12.927033995618707,0.781688009722147,PRUNED
194,0.1466727805745623,2026-02-26 12:36:03.096958,2026-02-26 12:36:26.462307,0 days 00:00:23.365349,0.7278198614114676,0.018745434619908484,0.17500658088722407,10,9,1,1947,0.001509084191817385,1.0874382209069824,12.001732842292753,0.7650666994199671,PRUNED
195,0.28852144568186733,2026-02-26 12:36:26.487193,2026-02-26 12:36:50.018877,0 days 00:00:23.531684,0.7017912171592366,0.014475060877659944,0.1926415812827599,9,9,1,1897,0.0023353822785108307,0.8348979299234166,13.527961682140827,0.770999097094257,COMPLETE
196,0.14318759558016889,2026-02-26 12:36:50.046923,2026-02-26 12:37:14.816468,0 days 00:00:24.769545,0.6835936253433927,0.01074801214016959,0.18088595746860897,9,9,1,1936,0.0018662370192974811,0.7066494771434826,12.464170296140525,0.7614418705084526,PRUNED
197,0.28044848696320895,2026-02-26 12:37:14.842659,2026-02-26 12:37:41.308987,0 days 00:00:26.466328,0.7125842862671572,0.0195326837510039,0.1997397342376377,10,9,1,1967,0.0010336344258939565,0.9419441369390567,12.863807258982678,0.8094100449840576,COMPLETE
198,0.145823563815054,2026-02-26 12:37:41.339482,2026-02-26 12:38:07.319411,0 days 00:00:25.979929,0.7481287456645416,0.007732760625994337,0.16881557666466537,10,9,1,1866,0.0030135353481782383,1.3332105009164492,27.753289490635897,0.7475855528774981,PRUNED
199,0.2862216005678709,2026-02-26 12:38:07.347786,2026-02-26 12:38:25.138910,0 days 00:00:17.791124,0.7233256050210576,0.029207879303204336,0.18712740180823878,10,10,3,1911,0.0015692197970250414,1.8834467475782615,13.182648859395515,0.7985918552899722,COMPLETE
200,0.146557197139269,2026-02-26 12:38:25.169178,2026-02-26 12:38:52.940810,0 days 00:00:27.771632,0.6919274441900896,0.013525781101531506,0.15782887529480708,10,9,1,1858,0.0012731791098827224,1.0558734201689322,12.434703227446603,0.778827422209019,PRUNED
201,0.2768448430529098,2026-02-26 12:38:52.977576,2026-02-26 12:39:11.185811,0 days 00:00:18.208235,0.675324746079526,0.03304405412807924,0.18414306762049,10,9,2,1886,0.09920376543702696,0.6750051390045043,12.00282716676061,0.7573615387065684,COMPLETE
202,0.2831130975962188,2026-02-26 12:39:11.230495,2026-02-26 12:39:38.690825,0 days 00:00:27.460330,0.6758612576583861,0.03137874980223158,0.17943894543161207,10,9,2,1966,0.0025820560484980633,0.6704981073090087,12.497282893638841,0.7559030261157769,COMPLETE
203,0.14532694162213047,2026-02-26 12:39:38.728072,2026-02-26 12:40:06.627790,0 days 00:00:27.899718,0.7054283577768612,0.04113248150093939,0.1908675315384529,10,9,3,663,0.0018443320815347925,0.816714536928915,12.009417177332256,0.7675778479551468,PRUNED
204,0.1375543065108367,2026-02-26 12:40:06.665689,2026-02-26 12:40:31.540211,0 days 00:00:24.874522,0.6940303073869792,0.022335297286896708,0.18625827006420592,10,9,1,1887,0.002296278931956259,1.4768531591600131,12.47147052850056,0.7883130569811039,PRUNED
205,0.2887521900662266,2026-02-26 12:40:31.574241,2026-02-26 12:40:54.762596,0 days 00:00:23.188355,0.6556296339222624,0.03299172360982481,0.17445803251583233,10,9,2,1999,0.07519599514212087,0.7313560051457745,12.927302923792578,0.7464830053418652,COMPLETE
206,0.27276296952259277,2026-02-26 12:40:54.795625,2026-02-26 12:41:12.396408,0 days 00:00:17.600783,0.6831000850933486,0.041778894340014194,0.19359359203173498,10,10,1,1930,0.0029267164674027664,0.982686789587549,12.002664794558092,0.7588303721597227,COMPLETE
207,0.27438248158067663,2026-02-26 12:41:12.444804,2026-02-26 12:41:30.697379,0 days 00:00:18.252575,0.6769003897354078,0.005163287890200258,0.19332821052044635,10,10,1,1929,0.22025037003204812,1.0437011743059914,12.02809055899311,0.7605266041060726,COMPLETE
208,0.2757614754268839,2026-02-26 12:41:30.728361,2026-02-26 12:41:49.869122,0 days 00:00:19.140761,0.6754705435615265,0.004548202896673766,0.19261782928449797,10,9,1,1932,0.13903224554849422,1.0369520504380327,12.043565969169443,0.7632446037640483,COMPLETE
209,0.1392799170610292,2026-02-26 12:41:49.897310,2026-02-26 12:42:07.462552,0 days 00:00:17.565242,0.6806513020303129,0.00317506952413527,0.19981260901465753,10,9,1,1939,0.12930455708705058,1.0670565122464615,12.004786885774005,0.7619216560665368,PRUNED
210,0.2875892405605991,2026-02-26 12:42:07.489402,2026-02-26 12:42:30.205866,0 days 00:00:22.716464,0.664637060104091,0.0035681641743404283,0.19245810961814774,9,9,1,415,0.16456930001884232,1.2639105075820314,13.024310102027629,0.7690217884657474,COMPLETE
211,0.2766823924511229,2026-02-26 12:42:30.241780,2026-02-26 12:42:47.160363,0 days 00:00:16.918583,0.6722948965360108,0.0034258672970998816,0.19235161836831768,10,9,1,1924,0.11538075180011845,0.9474579732297048,12.000970483119708,0.7508704832341951,COMPLETE
212,0.2805124069205337,2026-02-26 12:42:47.200095,2026-02-26 12:43:09.989015,0 days 00:00:22.788920,0.6754070834401827,0.0046104571570200325,0.19329087267412645,10,9,1,1938,0.1019247541510492,0.9460141312822601,12.399982925564952,0.7534460308200552,COMPLETE
213,0.2757660565416728,2026-02-26 12:43:10.027293,2026-02-26 12:43:32.777877,0 days 00:00:22.750584,0.6552521903898092,0.003780412321358651,0.19364640589753518,10,9,1,1977,0.08600720415582855,1.176275435775992,12.070221355960351,0.7741474771188865,COMPLETE
214,0.14708829381143737,2026-02-26 12:43:32.807180,2026-02-26 12:43:55.533015,0 days 00:00:22.725835,0.6436561311945153,0.0035227456410099737,0.19262890235691807,10,9,1,1971,0.12901240157549315,1.0708472540379805,12.784202994577518,0.7751867590902284,PRUNED
215,0.13856490477162087,2026-02-26 12:43:55.560616,2026-02-26 12:44:12.514662,0 days 00:00:16.954046,0.6540214293418025,0.002182474258431075,0.199024123882633,10,9,1,1971,0.21998893288205484,0.7807103905249834,12.388397371229832,0.7860827797965813,PRUNED
216,0.27432768998485,2026-02-26 12:44:12.541055,2026-02-26 12:44:39.292678,0 days 00:00:26.751623,0.6855577652090783,0.005457183105135002,0.18693975681563493,10,9,1,1920,0.06398909587979668,1.2265230011280561,12.068312431740958,0.7641273282930022,COMPLETE
217,0.27498341897581396,2026-02-26 12:44:39.329896,2026-02-26 12:44:58.176356,0 days 00:00:18.846460,0.6716155618896819,0.0037948473416766558,0.19963493696316045,10,9,1,1919,0.05729748519048689,0.8358619368510977,12.026182651288284,0.7635236633579677,COMPLETE
218,0.27740370317122676,2026-02-26 12:44:58.213067,2026-02-26 12:45:22.701344,0 days 00:00:24.488277,0.6738579621245739,0.004084239601508766,0.1866600491810283,10,9,1,1918,0.08156046206597886,0.6408288157863052,12.028967888995762,0.7647592774266005,COMPLETE
219,0.16920020501205663,2026-02-26 12:45:22.731974,2026-02-26 12:45:46.283863,0 days 00:00:23.551889,0.6679963025580451,0.005546689515388399,0.18519067543884926,10,9,1,1908,0.08262706669068946,0.611913630345489,70.3033520455962,0.7650052463948525,PRUNED
220,0.14050845974568582,2026-02-26 12:45:46.321296,2026-02-26 12:46:03.729812,0 days 00:00:17.408516,0.6859364244260052,0.004054344850773154,0.18643960265298318,10,9,1,1933,0.05641635155791726,0.6369004646482102,12.000331951558751,0.7698644930439429,PRUNED
221,0.1427681857680277,2026-02-26 12:46:03.762984,2026-02-26 12:46:21.219460,0 days 00:00:17.456476,0.6721042964479848,0.0025341555918795967,0.19375938855792843,10,9,1,1917,0.058893130419308735,0.8810740930955197,12.026525437938565,0.7603818449612867,PRUNED
222,0.28573910066972374,2026-02-26 12:46:21.246123,2026-02-26 12:46:47.869166,0 days 00:00:26.623043,0.6553228096760713,0.0027666316306000525,0.1846842757873878,10,9,1,1919,0.11828655476419896,0.7478481718586532,12.783713581901639,0.7490811589192305,COMPLETE
223,0.14369213314714477,2026-02-26 12:46:47.901277,2026-02-26 12:47:06.516593,0 days 00:00:18.615316,0.6878573020063424,0.005344115813969365,0.19366000116086998,10,9,1,1945,0.10398524507709882,0.9121352823284381,12.008254748046875,0.7751838954159396,PRUNED
224,0.13388923469579395,2026-02-26 12:47:06.550255,2026-02-26 12:47:29.705443,0 days 00:00:23.155188,0.6761059302254482,0.004589774793935881,0.1990247338610049,10,9,1,1994,0.08309144658584551,1.394803558929142,12.454210100476033,0.7620844633184968,PRUNED
225,0.1350981589079601,2026-02-26 12:47:29.748756,2026-02-26 12:47:56.711036,0 days 00:00:26.962280,0.6619721891831877,0.004089699204993756,0.1795911283184786,10,9,1,1899,0.04427653547588607,0.7740686913875561,13.302334630351343,0.7506463521242358,PRUNED
226,0.14156871448216427,2026-02-26 12:47:56.740145,2026-02-26 12:48:19.415010,0 days 00:00:22.674865,0.6850198033650012,0.0033682159020307456,0.18719311203872502,10,9,1,1951,0.08769357620445688,0.5843481107087704,12.834060081417604,0.7700281747344546,PRUNED
227,0.27848163982877094,2026-02-26 12:48:19.450675,2026-02-26 12:48:42.713695,0 days 00:00:23.263020,0.6958007191405086,0.00502958635154089,0.1878489368741644,10,9,1,1999,0.06816027504162382,0.9895578351708212,12.462844062001967,0.7553780032449742,COMPLETE
228,0.1340641957844664,2026-02-26 12:48:42.761517,2026-02-26 12:49:05.979958,0 days 00:00:23.218441,0.6942973868073411,0.005743899762297997,0.17877269215440866,10,9,1,1996,0.06207150346756454,1.1928215261775903,12.499282241287474,0.7410768050802143,PRUNED
229,0.27653216140490106,2026-02-26 12:49:06.025767,2026-02-26 12:49:29.089115,0 days 00:00:23.063348,0.648086229142891,0.002916977434379352,0.18809933542045215,10,9,1,1963,0.0698204280810182,0.952168486600158,12.00630865591897,0.758070001629865,COMPLETE
230,0.13760257187323402,2026-02-26 12:49:29.127316,2026-02-26 12:49:46.335448,0 days 00:00:17.208132,0.6392778430310108,0.002898907680428932,0.1777748473078854,10,9,1,1959,0.05003897987987364,0.6624993319352115,12.008401266803165,0.7785938454252276,PRUNED
231,0.27987878747361533,2026-02-26 12:49:46.370530,2026-02-26 12:50:04.518368,0 days 00:00:18.147838,0.6503280691651172,0.003663983305850263,0.18943262139783879,10,9,1,2000,0.2125181797562039,0.9946172748656764,12.42065007748826,0.7607954889256803,COMPLETE
232,0.14262893883808292,2026-02-26 12:50:04.561210,2026-02-26 12:50:22.539751,0 days 00:00:17.978541,0.6752915497101284,0.004872452213521386,0.18779642360600685,10,9,1,1963,0.06729518288948781,0.9260902632315631,12.865752468803953,0.7583978350470986,PRUNED
233,0.28076232152077996,2026-02-26 12:50:22.594998,2026-02-26 12:50:40.154274,0 days 00:00:17.559276,0.661491249132125,0.004201891682807021,0.18305687765071516,10,9,1,1937,0.03736412153746425,1.2663659343840208,12.397870285371825,0.7671055908390585,COMPLETE
234,0.13544111101508516,2026-02-26 12:50:40.184282,2026-02-26 12:51:03.091964,0 days 00:00:22.907682,0.6715138840213487,0.0015853972670337787,0.19069028495275167,10,9,1,1894,0.08908575885132208,0.7901951411001035,12.00668332036413,0.7468670610533226,PRUNED
235,0.28770121144847205,2026-02-26 12:51:03.129608,2026-02-26 12:51:26.355398,0 days 00:00:23.225790,0.693432349936843,0.002336349830100064,0.18273595958913108,10,9,1,1964,0.14840991929123484,1.0949330998954363,13.131952939508203,0.7547216922421669,COMPLETE
236,0.13970632739381783,2026-02-26 12:51:26.401752,2026-02-26 12:51:48.733871,0 days 00:00:22.332119,0.6475316163958784,0.00304116859378223,0.19981635138803697,10,9,1,1922,0.07184659527818588,0.7164208484700919,12.691146441800168,0.7758263302539821,PRUNED
237,0.27852758617981516,2026-02-26 12:51:48.785852,2026-02-26 12:52:11.806545,0 days 00:00:23.020693,0.6770408233634819,0.0063900544367494864,0.17396938781111937,10,9,1,1972,0.10876659208807617,0.4926978575395804,12.01414311789961,0.7650681955761229,COMPLETE
238,0.29238199202466786,2026-02-26 12:52:11.851052,2026-02-26 12:52:35.018253,0 days 00:00:23.167201,0.6355092329585388,0.004556829463383582,0.1920997191204344,10,9,1,1853,0.055318432757742016,1.3920862725574634,13.409796692755268,0.7416208433420286,COMPLETE
239,0.13838262549293448,2026-02-26 12:52:35.055768,2026-02-26 12:52:56.805343,0 days 00:00:21.749575,0.6634200442990767,0.006496309358770259,0.18550472166654722,10,9,1,1897,0.0899002371273283,1.030800345571711,12.418319227081788,0.7536512269508465,PRUNED
240,0.1390959119670813,2026-02-26 12:52:56.846893,2026-02-26 12:53:20.793253,0 days 00:00:23.946360,0.6888882292777424,0.004319345648223393,0.17725402874459228,10,9,1,1936,0.07389974929024118,0.8330938415063072,12.861802305813825,0.7723039692271053,PRUNED
241,0.13724387509664726,2026-02-26 12:53:20.833000,2026-02-26 12:53:49.671311,0 days 00:00:28.838311,0.6820477333655113,0.0017476032319514833,0.17244696050674463,10,9,1,1979,0.3281136631074558,0.4936487532403894,12.01651055577138,0.7653074608770496,PRUNED
242,0.14851468076836746,2026-02-26 12:53:49.713997,2026-02-26 12:54:07.148993,0 days 00:00:17.434996,0.6734209575255683,0.0057238707083934765,0.1908954689246557,10,9,1,1968,0.10412810187721559,0.5731884714283192,12.404549451894315,0.7605878649596647,PRUNED
243,0.13530072641171767,2026-02-26 12:54:07.194623,2026-02-26 12:54:25.314133,0 days 00:00:18.119510,0.7003163586366494,0.00814021554341704,0.18056173470524384,10,9,1,2000,0.12148909005880994,0.6606657344482854,12.029293619545141,0.7798381586586987,PRUNED
244,0.28106973848724504,2026-02-26 12:54:25.341909,2026-02-26 12:54:51.173096,0 days 00:00:25.831187,0.6579253722333173,0.003834541173046486,0.19224880298999264,10,9,1,1942,0.14430555645161383,0.43643328992872,12.420893875862188,0.7659408849472091,COMPLETE
245,0.14565552302191057,2026-02-26 12:54:51.219005,2026-02-26 12:55:08.416100,0 days 00:00:17.197095,0.6825057011537127,0.006729109407678237,0.17497711038201264,10,9,1,2000,0.1057220231875485,0.9419102453230451,12.862591242570888,0.7592128633765247,PRUNED
246,0.1421312211984455,2026-02-26 12:55:08.467566,2026-02-26 12:55:34.201414,0 days 00:00:25.733848,0.6966653900396206,0.007082332419874579,0.1868169456460637,10,9,1,1910,0.5050242569796013,1.2235867752547838,12.006201063310712,0.7520470941784649,PRUNED
247,0.13583076092757124,2026-02-26 12:55:34.248610,2026-02-26 12:55:59.945909,0 days 00:00:25.697299,0.673028944264866,0.005309905687641609,0.18183047980219472,10,9,1,1967,0.2504763278752879,0.5548697725477946,12.430397327325618,0.7705157472904298,PRUNED
248,0.1346886694431076,2026-02-26 12:55:59.997083,2026-02-26 12:56:17.333426,0 days 00:00:17.336343,0.7022374766175261,0.0032679732174362834,0.19411116927539146,10,9,1,1869,0.17687156794517706,0.7929359350361167,12.867804663581648,0.7817442414168551,PRUNED
249,0.13538860136920947,2026-02-26 12:56:17.361272,2026-02-26 12:56:38.999879,0 days 00:00:21.638607,0.6483186566062369,0.00923238893641066,0.17191653635464227,10,9,1,1927,0.08679413992132651,1.0484954942244742,12.43936893185174,0.7498811561441014,PRUNED
250,0.13470249956243904,2026-02-26 12:56:39.058046,2026-02-26 12:57:00.696445,0 days 00:00:21.638399,0.6836253774928405,0.005817262348573335,0.1991303968830302,10,9,1,1888,0.07163232701033614,1.4992545203813892,12.032642857567197,0.7615990450817519,PRUNED
251,0.13380178235914975,2026-02-26 12:57:00.733268,2026-02-26 12:57:26.667999,0 days 00:00:25.934731,0.664251804138741,0.0027218281973591936,0.18609058740800247,10,9,1,1961,0.06313860551435091,0.7256502752856493,13.294445113603228,0.7727191669593656,PRUNED
252,0.27489049396338533,2026-02-26 12:57:26.694650,2026-02-26 12:57:49.102398,0 days 00:00:22.407748,0.7071793097168696,0.004618744753952361,0.19978129549891785,10,10,1,1839,0.09097606775874859,0.9157416609452944,12.642143764052175,0.7413418224963267,COMPLETE
253,0.13983053431989945,2026-02-26 12:57:49.134293,2026-02-26 12:58:07.787542,0 days 00:00:18.653249,0.7077896633080565,0.0038572829362056027,0.19458696467346934,10,10,1,1840,0.04979516060394963,0.9153486391242216,12.756478197747414,0.7368113871709709,PRUNED
254,0.1459848384508478,2026-02-26 12:58:07.815329,2026-02-26 12:58:29.751015,0 days 00:00:21.935686,0.7128460860123081,0.004419915505782907,0.1996214045701553,10,10,1,1826,0.09511051275031761,1.187468616862947,13.66583966631747,0.7424615983266347,PRUNED
255,0.28287269805679566,2026-02-26 12:58:29.777926,2026-02-26 12:58:48.064253,0 days 00:00:18.286327,0.693286538385617,0.004814664459597726,0.18765990341522035,10,10,1,1773,0.04014663402431175,0.9205799585120461,12.992461572538069,0.7470851952344424,COMPLETE
256,0.14586292536407072,2026-02-26 12:58:48.109206,2026-02-26 12:59:05.194794,0 days 00:00:17.085588,0.7193075918975956,0.0032069008133275368,0.19298337598287435,10,10,1,1881,0.07614630873453784,1.1306574045913917,12.452091980545783,0.7535577104085567,PRUNED
257,0.13912385062487306,2026-02-26 12:59:05.222055,2026-02-26 12:59:23.495067,0 days 00:00:18.273012,0.70321543426223,0.0036586040625830618,0.19990129899027997,9,10,1,1920,0.13220927131416382,0.7722585251986572,13.259289927309187,0.7949379635491253,PRUNED
258,0.2809133832391746,2026-02-26 12:59:23.529560,2026-02-26 12:59:42.019464,0 days 00:00:18.489904,0.6551023729042807,0.002476097751642492,0.1814054167707652,10,10,1,1851,0.062358090197391795,1.5962765362196396,12.461072892061884,0.7860918813634024,COMPLETE
259,0.2847287974342657,2026-02-26 12:59:42.051282,2026-02-26 13:00:08.132694,0 days 00:00:26.081412,0.6327310809812235,0.004833155729303451,0.18721806382551107,10,9,1,1931,0.11659156162730118,0.6382684398884427,12.719198332929006,0.7568956085964672,COMPLETE
260,0.14748674092245298,2026-02-26 13:00:08.170345,2026-02-26 13:00:38.167119,0 days 00:00:29.996774,0.689265973003946,0.0019411785328311583,0.19262677828803892,9,10,1,1783,0.08138202351817411,1.331680870609628,23.727631122039202,0.7360328342505,PRUNED
261,0.2782706235887839,2026-02-26 13:00:38.194472,2026-02-26 13:00:57.642060,0 days 00:00:19.447588,0.7179619977776202,0.005238344997631483,0.18033035193644342,10,9,1,1885,0.034364346173603615,0.9536142480408656,12.372402674251303,0.7443958100760137,COMPLETE
262,0.14483275312249094,2026-02-26 13:00:57.684111,2026-02-26 13:01:15.370123,0 days 00:00:17.686012,0.7241470593340168,0.0038538395296235633,0.17943826410898545,10,10,1,1875,0.026337539727808303,0.891102779552555,13.12384695716565,0.7454139943247703,PRUNED
263,0.1345427167931668,2026-02-26 13:01:15.402905,2026-02-26 13:01:36.693949,0 days 00:00:21.291044,0.6695615896620849,0.00281282281033462,0.16536373983127492,3,9,1,1814,0.0028362098139336433,0.023450179596483347,12.359633670014428,0.7771411892761548,PRUNED
264,0.27392739931117593,2026-02-26 13:01:36.736100,2026-02-26 13:01:58.938250,0 days 00:00:22.202150,0.7152789930550345,0.024580326218533784,0.18184268137690118,10,9,1,1902,0.031066421484195597,0.6940585986917915,12.065944862452971,0.8157204727962446,COMPLETE
265,0.13579476615322858,2026-02-26 13:01:59.001658,2026-02-26 13:02:20.720302,0 days 00:00:21.718644,0.7165579072513288,0.02580885201559147,0.1799977565929787,10,9,1,1850,0.03818256297677902,0.6321379339349457,12.053300471953541,0.7666961672980903,PRUNED
266,0.14154091693137033,2026-02-26 13:02:20.746621,2026-02-26 13:02:45.788030,0 days 00:00:25.041409,0.7387150676943006,0.021891353092993702,0.17120601129622579,10,9,1,1892,0.03216814484115988,0.7363509254763669,12.037520981863025,0.7318562733782128,PRUNED
267,0.13383297313321654,2026-02-26 13:02:45.838682,2026-02-26 13:03:06.826803,0 days 00:00:20.988121,0.6463684860880277,0.02664963505139487,0.18342639227885407,10,10,2,1831,0.033653203536732484,0.5620303621713673,12.822126902034542,0.7423890940625902,PRUNED
268,0.27538932422023243,2026-02-26 13:03:06.868119,2026-02-26 13:03:30.491398,0 days 00:00:23.623279,0.7175076013856279,0.01820843223437101,0.1761398912494226,10,9,1,1895,0.02630838986495452,0.7996456337659992,12.031204795345332,0.7843330860222693,COMPLETE
269,0.13490522464868915,2026-02-26 13:03:30.533116,2026-02-26 13:03:56.182904,0 days 00:00:25.649788,0.6301714027190188,0.01687619530633451,0.16557484368094416,7,9,1,1899,0.052068855205570114,0.7891554442949065,12.062295823380726,0.7841078725516901,PRUNED
270,0.2854173502164586,2026-02-26 13:03:56.216861,2026-02-26 13:04:12.678049,0 days 00:00:16.461188,0.5422834350781621,0.021553193974444957,0.17544547377976139,10,10,2,1788,0.17774444537462436,0.6773646000500294,12.749109193882855,0.7938655683696793,COMPLETE
271,0.15294484957255952,2026-02-26 13:04:12.707940,2026-02-26 13:04:35.595087,0 days 00:00:22.887147,0.6611847514446125,0.017892736600811854,0.19194945413844727,10,9,1,1925,0.0281341449333598,0.4511664461413421,54.66547788947559,0.835047694628294,PRUNED
272,0.14182135050816935,2026-02-26 13:04:35.622406,2026-02-26 13:05:07.426447,0 days 00:00:31.804041,0.6814292217300636,0.035818200941888964,0.1995851055976486,10,9,1,1856,0.02330526775241489,0.8248761127388222,12.004419455921864,0.8208401338510796,PRUNED
273,0.16947270395024008,2026-02-26 13:05:07.463802,2026-02-26 13:05:27.929261,0 days 00:00:20.465459,0.9410896070251982,0.024582026958073523,0.1848162701569673,10,9,1,1912,0.09840864951778731,0.5955683442655888,13.256293348703288,0.7744113180407746,PRUNED
274,0.133424361611288,2026-02-26 13:05:27.961454,2026-02-26 13:07:15.131896,0 days 00:01:47.170442,0.7080684007360843,0.028361383840002634,0.030167991221799518,10,9,2,1813,0.002513076109054558,1.0502215424632126,12.482435069888734,0.7838271488000058,PRUNED
275,0.14293147977960646,2026-02-26 13:07:15.170358,2026-02-26 13:07:43.042730,0 days 00:00:27.872372,0.6721892241076568,0.02023357713929409,0.17537199407900764,10,9,12,1941,0.002012035997873463,0.7217670364146737,12.015139293180749,0.8052198928033137,PRUNED
276,0.29896530111774294,2026-02-26 13:07:43.077288,2026-02-26 13:08:01.840423,0 days 00:00:18.763135,0.7287288601559536,0.04057668293648977,0.11563330305643091,10,10,1,1859,0.021173739047990102,0.8653972796778,13.634176435950593,0.7683350605931477,COMPLETE
277,0.13638958044263227,2026-02-26 13:08:01.878243,2026-02-26 13:08:21.190119,0 days 00:00:19.311876,0.6883506218778792,0.026658701937572242,0.1875460698986439,10,9,1,901,0.003045139945174861,1.1722232238851846,12.002818937827945,0.7602207238480018,PRUNED
278,0.13944560891794575,2026-02-26 13:08:21.238953,2026-02-26 13:08:46.868570,0 days 00:00:25.629617,0.656174706539242,0.0030505669415782566,0.19320319817736253,10,9,11,1946,0.09069996550340445,0.6051357236861558,12.855930373408007,0.7754061800425502,PRUNED
279,0.14422370688314298,2026-02-26 13:08:46.904234,2026-02-26 13:09:05.313240,0 days 00:00:18.409006,0.7081244733451382,0.036239140416554703,0.18282281389421823,10,9,2,1033,0.05056992518143576,1.0211217883960717,12.446876542729978,0.7638872122978134,PRUNED
280,0.13467761834323405,2026-02-26 13:09:05.354242,2026-02-26 13:09:24.602928,0 days 00:00:19.248686,0.6448689312108634,0.015964763655408307,0.16768807507024738,6,10,1,1913,0.14272878392014693,0.5201248191812132,12.869620587640124,0.7889909400812786,PRUNED
281,0.13831013700400888,2026-02-26 13:09:24.639561,2026-02-26 13:09:43.005942,0 days 00:00:18.366381,0.6813733657370125,0.04680357942749537,0.19981103342605233,10,9,1,1761,0.04425216400575192,0.8246193603536669,12.43580153081703,0.7981813062287506,PRUNED
282,0.13383466301058142,2026-02-26 13:09:43.040179,2026-02-26 13:10:00.404692,0 days 00:00:17.364513,0.6643329469099172,0.003458079294770847,0.17609327833757765,10,9,1,1879,0.0017127903963202677,0.6929773598675257,12.010301225976473,0.75393460378028,PRUNED
283,0.13632701569889247,2026-02-26 13:10:00.440845,2026-02-26 13:10:25.488815,0 days 00:00:25.047970,0.7433275788127331,0.028790609057584068,0.18875970571424716,10,9,1,1951,0.10958974003819845,2.125282829625222,13.292579486281948,0.7711407259348325,PRUNED
284,0.14221852351758998,2026-02-26 13:10:25.527605,2026-02-26 13:10:54.379772,0 days 00:00:28.852167,0.6963497792181202,0.0013596109525748658,0.19430383637584558,10,9,2,1829,0.0035376787882931042,0.3979760220825024,12.497939063306612,0.7794671717200301,PRUNED
285,0.2892081861393203,2026-02-26 13:10:54.418737,2026-02-26 13:11:30.701268,0 days 00:00:36.282531,0.6726723858487449,0.019687045332134265,0.06449522684380479,10,10,1,1915,0.07778762163885458,1.5469245298684013,12.001454915151225,0.759896402257108,COMPLETE
286,0.28316934917485465,2026-02-26 13:11:30.738208,2026-02-26 13:11:55.148432,0 days 00:00:24.410224,0.7192178456915309,0.003995655357289713,0.18451278793618103,10,9,1,1972,0.0022449879177785298,1.2626003326835975,12.980855823625749,0.7175077579253472,COMPLETE
287,0.14667013818206318,2026-02-26 13:11:55.177751,2026-02-26 13:12:21.463547,0 days 00:00:26.285796,0.6397896524675352,0.022930946085384794,0.17057807801208386,10,9,1,1880,0.06407788209796725,0.9617779463916185,33.11132746607411,0.7518810363330038,PRUNED
288,0.14580805378107975,2026-02-26 13:12:21.491647,2026-02-26 13:12:44.802638,0 days 00:00:23.310991,0.9972558457773258,0.036808819469378674,0.17852299633731017,10,10,1,1801,0.002876963294772411,0.783578173544068,12.5092151533786,0.7909807053229861,PRUNED
289,0.13585408590839074,2026-02-26 13:12:44.847314,2026-02-26 13:13:14.072594,0 days 00:00:29.225280,0.6879192706955936,0.011522284512588491,0.19100340270965488,10,9,2,1707,0.22918601554533014,1.0692687710296216,13.813963253186234,0.7683954681731116,PRUNED
290,0.2812467055229352,2026-02-26 13:13:14.098684,2026-02-26 13:13:39.865767,0 days 00:00:25.767083,0.7053809703440899,0.03173097464592784,0.18515343321479827,10,9,1,547,0.1794360287793783,0.505972726550964,12.790566963027178,0.781099191694507,COMPLETE
291,0.1498363015706307,2026-02-26 13:13:39.908992,2026-02-26 13:14:21.866745,0 days 00:00:41.957753,0.6581470616734887,0.045147643528488345,0.19417378388543,10,4,1,1944,0.370422463041028,0.6400259738919201,13.287215850232228,0.7593353598535135,PRUNED
292,0.29198289982586445,2026-02-26 13:14:21.897784,2026-02-26 13:14:57.463206,0 days 00:00:35.565422,0.5616214489091489,0.015368978856677025,0.0878159628296011,10,9,1,1848,0.09377403143874224,0.8600324971037855,12.43568432589049,0.8058691881714221,COMPLETE
293,0.2974635335197092,2026-02-26 13:14:57.495797,2026-02-26 13:16:03.884261,0 days 00:01:06.388464,0.7332796644391884,0.002437611112785633,0.0365615432583978,10,10,2,1910,0.0016906165096071566,1.2899541280947484,12.435669853898377,0.7477057472745043,COMPLETE
294,0.27781854997659644,2026-02-26 13:16:03.925895,2026-02-26 13:16:24.439481,0 days 00:00:20.513586,0.6224735987132577,0.004266385188998417,0.1768524573381527,10,9,1,1967,0.0020390210855593927,0.6882232675084907,12.022703885141059,0.8143473977965409,COMPLETE
295,0.1365191726599506,2026-02-26 13:16:24.471866,2026-02-26 13:16:50.358832,0 days 00:00:25.886966,0.6155237788354032,0.0041307529147864164,0.17782982738744493,10,9,1,1998,0.11422014759104616,0.5654737592427339,19.295620624645153,0.8176237370360147,PRUNED
296,0.13635652487040262,2026-02-26 13:16:50.389176,2026-02-26 13:17:13.361689,0 days 00:00:22.972513,0.6324752561591153,0.0031379565197342954,0.18623354903951242,9,9,10,1973,0.002330851560667523,1.0512421349773715,12.815552899945166,0.8330207556850443,PRUNED
297,0.27984174935705297,2026-02-26 13:17:13.397740,2026-02-26 13:17:38.299182,0 days 00:00:24.901442,0.619887832154274,0.004739498773111873,0.1988087596561254,10,9,1,1948,0.1541674718724778,1.7397578936721791,12.446715363327058,0.8158989236225304,COMPLETE
298,0.13891936344731082,2026-02-26 13:17:38.329239,2026-02-26 13:17:58.995338,0 days 00:00:20.666099,0.6277752001029642,0.003656627484363778,0.1998702026654135,10,9,1,786,0.0566038149062715,0.6825763194144564,13.177858081265885,0.8005588031150196,PRUNED
299,0.29558863126071666,2026-02-26 13:17:59.029042,2026-02-26 13:18:59.399608,0 days 00:01:00.370566,0.594858658674067,0.006153932318706003,0.05145198334715034,10,10,2,1901,0.07700148570082051,0.9144810679428682,12.4486591089461,0.773208068766643,COMPLETE
300,0.13552433717102275,2026-02-26 13:18:59.439925,2026-02-26 13:19:19.091321,0 days 00:00:19.651396,0.6530326378100592,0.004334810935538596,0.18186248203040564,9,9,1,1937,0.004011122099307826,0.45223299235000347,12.039755863472756,0.7654318363566446,PRUNED
301,0.13741162348694336,2026-02-26 13:19:19.124863,2026-02-26 13:19:42.816532,0 days 00:00:23.691669,0.6233422616340188,0.002833915096165641,0.1911568034119156,10,9,9,1968,0.0032016820210169364,1.1383425632737796,12.012271883595025,0.8070745325135178,PRUNED
302,0.29580018401003383,2026-02-26 13:19:42.843566,2026-02-26 13:20:01.236250,0 days 00:00:18.392684,0.5998389707619006,0.0021592796408545544,0.1743487163477802,10,10,1,1904,0.04220276796379599,1.5129722034330704,13.801012496809012,0.7873932986234344,COMPLETE
303,0.13366626164073048,2026-02-26 13:20:01.276545,2026-02-26 13:20:26.734447,0 days 00:00:25.457902,0.6461450255779337,0.007778718035988248,0.16248017038619803,7,9,2,1875,0.12397805009091692,0.7385091446587565,12.88805572772427,0.8256487452733637,PRUNED
304,0.15336289514523585,2026-02-26 13:20:26.767365,2026-02-26 13:20:53.390787,0 days 00:00:26.623422,0.6710390683997677,0.005249526419682439,0.18779885724366818,10,9,1,1933,0.0019117140617169923,0.9018061484315129,26.20972411430141,0.7945554666593386,PRUNED
305,0.13547966942092177,2026-02-26 13:20:53.417501,2026-02-26 13:21:15.352689,0 days 00:00:21.935188,0.6066596105814838,0.02405838258109484,0.17989209175466914,10,9,1,1999,0.018287957984322013,0.6028565781448373,12.421105290324583,0.7528455291972171,PRUNED
306,0.27495199114519453,2026-02-26 13:21:15.386949,2026-02-26 13:21:32.995030,0 days 00:00:17.608081,0.6372385418199966,0.018610235829199184,0.19267349684283794,10,10,1,1965,0.002642051270926625,1.266308750797835,12.006434682291333,0.7779945245720068,COMPLETE
307,0.1390104983676771,2026-02-26 13:21:33.033659,2026-02-26 13:21:57.257876,0 days 00:00:24.224217,0.6383150911587883,0.01902737136499874,0.18739529314553285,10,10,8,741,0.002718475590859122,1.4847792429277973,12.967024189151418,0.7807279244681722,PRUNED
308,0.1411976718585945,2026-02-26 13:21:57.304756,2026-02-26 13:22:15.845562,0 days 00:00:18.540806,0.6835658150405606,0.014688849356686746,0.17218920202076715,0,10,1,1954,0.0023773462621518022,1.2638248355050412,13.425393318682337,0.7751157304185989,PRUNED
309,0.13555973534029106,2026-02-26 13:22:15.899519,2026-02-26 13:22:33.913209,0 days 00:00:18.013690,0.6967437099449645,0.016812752376884336,0.1919894742457745,9,10,1,1971,0.0014613615622371856,1.0908981084083171,12.02157153710586,0.7870337491066474,PRUNED
310,0.15277119336198985,2026-02-26 13:22:33.956404,2026-02-26 13:23:08.869766,0 days 00:00:34.913362,0.6632724438970184,0.012773735712352463,0.181242247543781,10,10,1,1925,0.0032135038065778153,2.4518840116152334,41.65719980319473,0.7681076397403354,PRUNED
311,0.13528614929044902,2026-02-26 13:23:08.909668,2026-02-26 13:23:50.423805,0 days 00:00:41.514137,0.7121777779337142,0.003613887328418476,0.07442496237585257,10,10,1,2000,0.0020432911529526384,1.3605460497175144,12.751336541856624,0.7980197201528393,PRUNED
312,0.2798552679168803,2026-02-26 13:23:50.465588,2026-02-26 13:24:10.876415,0 days 00:00:20.410827,0.6794423133944641,0.01968367690493619,0.17633502837102422,4,10,1,1895,0.002737057514747511,1.9289026859306384,12.438224855989203,0.7763377877121311,COMPLETE
313,0.1555117772465194,2026-02-26 13:24:10.923194,2026-02-26 13:24:38.614904,0 days 00:00:27.691710,0.6502389682237538,0.022951739491314533,0.19349205847276085,8,9,1,1956,0.09880738259434507,0.9301322328814265,45.48813806466317,0.7624880958339909,PRUNED
314,0.2784326826826654,2026-02-26 13:24:38.666415,2026-02-26 13:24:56.610190,0 days 00:00:17.943775,0.6941415481289888,0.0043679510445597146,0.18168719767963107,10,10,1,1919,0.003752388361903728,0.8154781842256491,12.4710051055477,0.813213117431056,COMPLETE
315,0.15415540374675982,2026-02-26 13:24:56.658366,2026-02-26 13:25:09.934102,0 days 00:00:13.275736,0.7545026155549728,0.003302245043991009,0.18786636711398758,10,9,1,1971,0.06810775655683064,0.03830396100950013,13.149964449629918,0.7840248454006272,PRUNED
316,0.14115152694944422,2026-02-26 13:25:09.977426,2026-02-26 13:25:35.152200,0 days 00:00:25.174774,0.6703204802743271,0.027832909575414226,0.16902982674338354,10,9,1,1589,0.0016335708923259002,4.550920969660846,12.789288256804046,0.7710675853724159,PRUNED
317,0.1436738363867983,2026-02-26 13:25:35.187203,2026-02-26 13:25:53.005946,0 days 00:00:17.818743,0.7216885325724698,0.006193246446935926,0.19395689298379776,10,9,1,1876,0.08258754688244498,1.1484424442401062,12.388999034291826,0.7590811483918781,PRUNED
318,0.27282515719848444,2026-02-26 13:25:53.047238,2026-02-26 13:26:16.212040,0 days 00:00:23.164802,0.70257850283903,0.01704952285312316,0.19992610299603508,10,9,1,1932,1.9802409929099842,0.9306765773045911,12.041184224861064,0.76544725281206,COMPLETE
319,0.28479043544673843,2026-02-26 13:26:16.267642,2026-02-26 13:26:38.404288,0 days 00:00:22.136646,0.7031950435088585,0.018176028350124843,0.1995424074052937,10,10,1,1852,0.4462215807339403,1.0423528322679387,13.4492008142488,0.7659414976306681,COMPLETE
320,0.13960106413329637,2026-02-26 13:26:38.444354,2026-02-26 13:27:05.313626,0 days 00:00:26.869272,0.713797993160556,0.011049591526957721,0.19242093863436238,9,9,4,1929,5.69997582812454,1.365260470531626,12.84708758964171,0.7767143145575613,PRUNED
321,0.2791690691828218,2026-02-26 13:27:05.341701,2026-02-26 13:27:33.247718,0 days 00:00:27.906017,0.6821392649960883,0.014118186644936056,0.19967292904616468,10,9,1,1895,3.616788791875277,0.898338865682106,12.422926940133973,0.7581661426498719,COMPLETE
322,0.1430465981327663,2026-02-26 13:27:33.278187,2026-02-26 13:27:57.096638,0 days 00:00:23.818451,0.6970546526706471,0.01837711261595416,0.18621083217645248,10,10,1,1915,0.8559527790017384,1.6806935135752021,12.034054541734365,0.7689101777056788,PRUNED
323,0.2810872662332425,2026-02-26 13:27:57.123253,2026-02-26 13:28:22.330522,0 days 00:00:25.207269,0.7313357314297252,0.02169432333370501,0.19208519603030846,10,9,1,1871,0.6918576685729354,1.1734417823177579,12.800249256903701,0.7904382509416314,COMPLETE
324,0.27326656936209337,2026-02-26 13:28:22.361168,2026-02-26 13:28:44.497566,0 days 00:00:22.136398,0.710096089967009,0.015170322064546958,0.18598720667946878,9,9,1,1939,0.08484428190135908,0.8366730102354999,12.025408776996212,0.7808957975962246,COMPLETE
325,0.13626072294838196,2026-02-26 13:28:44.530058,2026-02-26 13:29:06.902480,0 days 00:00:22.372422,0.6898555793159863,0.013876340375911613,0.18353609755150951,9,9,1,1543,2.0861506217876573,0.7841416401657797,12.052266162565163,0.7848129309476606,PRUNED
326,0.27674535599467054,2026-02-26 13:29:06.936888,2026-02-26 13:29:24.629669,0 days 00:00:17.692781,0.7052568351484236,0.010628108582641118,0.18594014543126564,9,10,1,1835,0.9993887752409935,0.9367549063702605,12.418483441928009,0.7767532209225719,COMPLETE
327,0.27115690058646374,2026-02-26 13:29:24.663289,2026-02-26 13:29:43.069041,0 days 00:00:18.405752,0.7119199891325093,0.02570825355297084,0.18325211028778698,9,10,1,1849,0.08630950719443266,0.8127379597508604,12.023037185883362,0.7803178101351688,COMPLETE
328,0.13597239828166435,2026-02-26 13:29:43.117433,2026-02-26 13:30:06.197308,0 days 00:00:23.079875,0.7138537063048727,0.024312026548178232,0.18088490248692407,9,10,1,1844,0.08785178837141722,6.7356584550208485,12.425443810461557,0.7766106525440433,PRUNED
329,0.13442174118552433,2026-02-26 13:30:06.233784,2026-02-26 13:30:32.141640,0 days 00:00:25.907856,0.708057187199997,0.00882708003006678,0.17183052694288545,9,10,1,1843,1.6089462947600717,0.06167480753394069,13.141185671814073,0.7726259122750643,PRUNED
330,0.13580015129840428,2026-02-26 13:30:32.180254,2026-02-26 13:30:54.195844,0 days 00:00:22.015590,0.9114880872446448,0.015494159544270155,0.18655321813449022,9,10,1,1877,2.8158574882056904,0.8956997495750542,12.00719692482104,0.766284364836183,PRUNED
331,0.1343367454814694,2026-02-26 13:30:54.292820,2026-02-26 13:31:17.123161,0 days 00:00:22.830341,0.6717775928296094,0.020810418835534934,0.17785754991298186,9,10,1,1107,2.005737273806346,0.008195023136692424,12.431776227724285,0.7789807708135633,PRUNED
332,0.1517519225383073,2026-02-26 13:31:17.158672,2026-02-26 13:31:38.834806,0 days 00:00:21.676134,0.9618927866818577,0.027496312714447024,0.1864269045940257,8,10,1,1822,1.4789286201173257,0.7290319711225404,29.575632363311897,0.7533801931765384,PRUNED
333,0.2750847536790397,2026-02-26 13:31:38.894782,2026-02-26 13:31:56.377905,0 days 00:00:17.483123,0.657519684365043,0.017742498621394962,0.19353538803929862,9,10,1,1894,0.05876555863094225,0.9744445028994299,12.054473556274404,0.7650288383986564,COMPLETE
334,0.2737705194593914,2026-02-26 13:31:56.407625,2026-02-26 13:32:14.469732,0 days 00:00:18.062107,0.6585236881010268,0.019091499093192275,0.19417328744502707,9,10,1,1881,0.0636624800137254,1.0065743228627788,12.026781270707975,0.738492795242249,COMPLETE
335,0.1477334561687263,2026-02-26 13:32:14.510135,2026-02-26 13:32:50.086212,0 days 00:00:35.576077,0.6546298913686222,0.019463236396285204,0.19998507791627101,9,10,1,1866,1.1656764713597079,0.998355977168121,35.573727432165725,0.7393049958288823,PRUNED
336,0.13990274870478994,2026-02-26 13:32:50.112734,2026-02-26 13:33:14.123750,0 days 00:00:24.011016,0.7239668005449541,0.016586817697177313,0.19404298669803613,9,10,1,1829,0.057296747786476324,1.005502898024607,12.828221183100519,0.733942576064758,PRUNED
337,0.13413885962696584,2026-02-26 13:33:14.158470,2026-02-26 13:33:33.524394,0 days 00:00:19.365924,0.6405777212035282,0.012001245808219322,0.19977433685154286,9,10,1,1897,0.04818774615113256,1.3597069668047648,13.816404427176273,0.7449871547445033,PRUNED
338,0.1434662588549788,2026-02-26 13:33:33.554023,2026-02-26 13:33:51.366111,0 days 00:00:17.812088,0.7426881923263294,0.012909526942566316,0.1931790630681153,8,10,1,1865,0.0652372190647621,0.9044587254580897,12.029794466493042,0.7481174022029506,PRUNED
339,0.283705560221278,2026-02-26 13:33:51.393167,2026-02-26 13:34:13.592718,0 days 00:00:22.199551,0.6657391994922548,0.022251288481194044,0.18211942148785948,9,10,1,1894,0.9852324444958571,1.072427399584777,12.790549820612638,0.7288624866574895,COMPLETE
340,0.2757720615180935,2026-02-26 13:34:13.623825,2026-02-26 13:34:36.766798,0 days 00:00:23.142973,0.6557932799091011,0.018289813195728245,0.19273893402662892,9,10,1,1932,0.06408540303567734,0.8220578886205127,12.020232827037775,0.7557795587795456,COMPLETE
341,0.27455155918495333,2026-02-26 13:34:36.799009,2026-02-26 13:34:55.178961,0 days 00:00:18.379952,0.6485998308092484,0.017069148649159736,0.19351839530060194,9,10,1,1816,0.05522945994518665,0.8242993756754274,12.042505753787536,0.7563208374876925,COMPLETE
342,0.13410557385050906,2026-02-26 13:34:55.210448,2026-02-26 13:35:14.544598,0 days 00:00:19.334150,0.6534478739941855,0.016843727697260547,0.19994367098098614,9,10,1,1819,0.05378384231833271,0.8244618607891075,12.422709593514472,0.75714510959355,PRUNED
343,0.28442993687854895,2026-02-26 13:35:14.572681,2026-02-26 13:35:34.717344,0 days 00:00:20.144663,0.6617975676960542,0.01528804927781612,0.10557624193547198,9,10,1,1928,0.06654377378507743,0.7694501849326231,12.013832909929238,0.7564949192609943,COMPLETE
344,0.13582972727530065,2026-02-26 13:35:34.757365,2026-02-26 13:35:58.910220,0 days 00:00:24.152855,0.6507399216499865,0.01773540514331964,0.1925202517019823,9,10,1,1872,0.05945655637912686,0.932939610094927,13.271026384766897,0.7390731706045688,PRUNED
345,0.1328142265900913,2026-02-26 13:35:58.945979,2026-02-26 13:36:17.321654,0 days 00:00:18.375675,0.6392958071344684,0.020649878112209537,0.18325942176529064,9,10,1,1845,0.07423593662433792,1.2604782144274222,12.023620846391234,0.748588822813918,PRUNED
346,0.13782844774877334,2026-02-26 13:36:17.350330,2026-02-26 13:36:34.749718,0 days 00:00:17.399388,0.6623377407745342,3.8709199932195344,0.17424839032683692,9,10,2,1909,0.06070330513900266,0.9879615298676683,12.773668633864139,0.7640739131542837,PRUNED
347,0.2738535795360774,2026-02-26 13:36:34.786189,2026-02-26 13:36:52.776468,0 days 00:00:17.990279,0.6840572851994197,0.023547589975778143,0.19260930060367593,9,10,1,1939,0.043422049245440304,0.7996640062420929,12.00237856047353,0.7696119483892734,COMPLETE
348,0.13395635907153094,2026-02-26 13:36:52.808118,2026-02-26 13:37:10.479397,0 days 00:00:17.671279,0.6822815283567837,0.014914141119946022,0.1939484396209956,8,10,1,1944,0.04399638089287171,0.8287383867807173,12.459200874674268,0.7717654971435947,PRUNED
349,0.14379769355959005,2026-02-26 13:37:10.535398,2026-02-26 13:37:29.783307,0 days 00:00:19.247909,0.686010987476355,0.024036627245051952,0.18938627487074144,9,10,1,1935,0.053185554584927436,1.539864576849097,12.439037240923591,0.7594454057280839,PRUNED
350,0.14624195367143208,2026-02-26 13:37:29.811433,2026-02-26 13:37:47.336065,0 days 00:00:17.524632,0.7161492944273203,0.019840638119378425,0.19976375390777112,9,10,1,1890,0.038334947370886815,1.1104416066344593,13.188327216435948,0.7409433528581852,PRUNED
351,0.13369057322617353,2026-02-26 13:37:47.363853,2026-02-26 13:38:05.245577,0 days 00:00:17.881724,0.6739187643106148,0.018407603983187207,0.18797717730214436,9,10,1,1929,0.05024274698082906,0.702914178937692,12.735752392446004,0.7506449928901288,PRUNED
352,0.16825341418388812,2026-02-26 13:38:05.272072,2026-02-26 13:38:32.818280,0 days 00:00:27.546208,0.6938924549548537,0.0254878340911635,0.17902817772799257,8,10,1,1897,0.041003079623659004,0.9028653706788058,79.75393962599617,0.7679009411536046,PRUNED
353,0.14019161158976692,2026-02-26 13:38:32.845559,2026-02-26 13:38:54.705990,0 days 00:00:21.860431,0.7060080433355196,0.014818794662183459,0.19988792663476654,9,10,1,1939,0.07184410219991824,1.3508055085605644,21.14622782714553,0.7599216935518461,PRUNED
354,0.2784625618079305,2026-02-26 13:38:54.732038,2026-02-26 13:39:12.700245,0 days 00:00:17.968207,0.730190923626449,0.017284375958330905,0.16175998111405837,9,10,1,1997,0.09039998963957788,1.064485097818396,12.375810982314059,0.7730692376417921,COMPLETE
355,0.13868357773031778,2026-02-26 13:39:12.731099,2026-02-26 13:39:30.231751,0 days 00:00:17.500652,0.6792452910029019,0.022371193132630626,0.1879145823944145,9,10,1,1908,2.9696661235153012,0.8077789000308508,13.072187103729616,0.7243869091591149,PRUNED
356,0.13903627731285553,2026-02-26 13:39:30.258017,2026-02-26 13:39:47.283276,0 days 00:00:17.025259,0.661287817355482,0.027092865378021358,0.19302573490379868,9,10,1,1954,0.04745055214516458,1.240978962029758,12.007502507138357,0.7484102490384986,PRUNED
357,0.13878914354076632,2026-02-26 13:39:47.311804,2026-02-26 13:40:04.866015,0 days 00:00:17.554211,0.6937825835705562,1.4016599373292726,0.18226428111082665,2,10,1,326,0.12200861763779426,0.6936559009201182,12.004223412723393,0.7562965441188426,PRUNED
358,0.287144548008484,2026-02-26 13:40:04.907152,2026-02-26 13:40:23.273096,0 days 00:00:18.365944,0.7199141753826844,0.013047830981109728,0.19294600058648903,9,10,1,1869,0.03146706715191309,0.9569073903981812,13.583008983228728,0.767831754526402,COMPLETE
359,0.13792787089308206,2026-02-26 13:40:23.354709,2026-02-26 13:40:48.735845,0 days 00:00:25.381136,0.6712894146092101,0.031045770095898092,0.12914988904718572,9,10,1,2000,0.06228258922680677,0.8179758932407452,12.5240506695425,0.7793812130968564,PRUNED
360,0.2938413149537175,2026-02-26 13:40:48.763398,2026-02-26 13:41:24.671384,0 days 00:00:35.907986,0.7058224005755378,0.02085292074024887,0.0971828703906243,8,10,1,1943,0.10264347400576737,1.1153436582877958,12.90348059705499,0.7629748345192561,COMPLETE
361,0.2800586258216127,2026-02-26 13:41:24.711776,2026-02-26 13:41:43.170428,0 days 00:00:18.458652,0.6857361208409031,0.01630426144696955,0.16673853637084102,9,10,1,1897,0.0710520906336121,1.5545846230164182,12.41400137660093,0.7379082811141771,COMPLETE
362,0.15559539443452164,2026-02-26 13:41:43.202484,2026-02-26 13:42:07.967381,0 days 00:00:24.764897,0.7367670952827801,0.024367384536038685,0.17551434327064,9,10,1,1973,0.08225799245387373,0.6646492193839989,39.322049266697846,0.754674633483761,PRUNED
363,0.280727085026788,2026-02-26 13:42:08.000063,2026-02-26 13:42:26.472417,0 days 00:00:18.472354,0.653729261554057,0.002779008310362025,0.18551001434729442,9,10,2,1854,0.053542968290573825,0.9471496405572336,12.475800735767665,0.773086148205228,COMPLETE
364,0.28304390883256725,2026-02-26 13:42:26.503580,2026-02-26 13:42:43.868270,0 days 00:00:17.364690,0.666962362321084,0.010609399496056675,0.19969579184426514,9,10,1,1922,0.04225605919560293,1.2648413603423345,12.927051432864529,0.7644788019376667,COMPLETE
365,0.15900926423326525,2026-02-26 13:42:43.899456,2026-02-26 13:43:07.000643,0 days 00:00:23.101187,0.6383043466387494,0.018115143408052724,0.17942032621711884,9,10,1,1886,0.10255677539483297,0.7991131306923455,63.34845274788931,0.7461184197299845,PRUNED
366,0.14239088807258668,2026-02-26 13:43:07.029496,2026-02-26 13:43:30.052613,0 days 00:00:23.023117,0.6920743353374652,0.029444984865516992,0.19248333466907475,9,10,1,1817,0.07327639327255159,1.0372033599649697,14.138978613036254,0.7805277186651709,PRUNED
367,0.1542367146914435,2026-02-26 13:43:30.085864,2026-02-26 13:44:09.997225,0 days 00:00:39.911361,0.6782595801867848,0.013952328540136436,0.18511513736209287,9,5,1,1949,0.13971640580529265,0.5704939530108477,12.025507194458239,0.7540140303883596,PRUNED
368,0.14019919700890246,2026-02-26 13:44:10.025636,2026-02-26 13:44:27.750501,0 days 00:00:17.724865,0.7091267546775345,0.007327517973388284,0.17335822701045625,9,10,1,1969,7.380480204577869,0.6868971979521328,13.488297812460294,0.7715804958152952,PRUNED
369,0.1372052754452049,2026-02-26 13:44:27.778898,2026-02-26 13:44:45.120806,0 days 00:00:17.341908,0.7261998627427867,0.021150487406844474,0.1926203132583994,9,10,2,1907,0.0356348329439592,1.865039399764268,12.001158479844808,0.7591647445449876,PRUNED
370,0.282567066575173,2026-02-26 13:44:45.148987,2026-02-26 13:45:04.590714,0 days 00:00:19.441727,0.6451509410289669,0.0019990965641935353,0.18618420306836683,9,10,1,1856,0.06186563993056579,0.004051173868586684,12.729583231549448,0.7646106021979396,COMPLETE
371,0.1386634995740188,2026-02-26 13:45:04.630158,2026-02-26 13:45:21.689444,0 days 00:00:17.059286,0.6998760763227607,0.005478207496051778,0.1939667941644543,8,10,1,1927,0.08706023644544388,0.88472608568255,12.011221887013692,0.7438900250313742,PRUNED
372,0.2795333656048129,2026-02-26 13:45:21.717105,2026-02-26 13:45:40.621571,0 days 00:00:18.904466,0.6635475542725287,0.026693051133157092,0.17877506103110793,9,10,1,1966,0.026949278135143088,1.394117841911048,12.445572692669948,0.7836821692118348,COMPLETE
373,0.13741243437404146,2026-02-26 13:45:40.667439,2026-02-26 13:45:59.101517,0 days 00:00:18.434078,0.6838351624244423,0.0032404238615320892,0.18494880823451282,9,10,1,1882,0.051366436557988636,1.1561858844761186,13.138863247316918,0.7738290883773763,PRUNED
374,0.14005154651933893,2026-02-26 13:45:59.131549,2026-02-26 13:46:16.298906,0 days 00:00:17.167357,0.7498781294401055,0.017791353665458327,0.19333890233423762,9,10,1,1802,0.12279094620471613,0.7712025057247853,12.45512664819799,0.732355411779172,PRUNED
375,0.2812517059784406,2026-02-26 13:46:16.332406,2026-02-26 13:46:34.293331,0 days 00:00:17.960925,0.7176954521587849,0.022657014291299647,0.17031896937011404,10,10,1,2000,0.09881211967595377,0.991417232194496,12.740455127056052,0.7520103275204689,COMPLETE
376,0.14200137888324527,2026-02-26 13:46:34.323834,2026-02-26 13:47:12.187858,0 days 00:00:37.864024,0.699259247018811,0.0025690143241812917,0.19999838025375574,10,6,1,1933,0.06532456574898886,0.8484232321426524,12.01187661678036,0.7643385053679286,PRUNED
377,0.2759489768601811,2026-02-26 13:47:12.217084,2026-02-26 13:47:29.786106,0 days 00:00:17.569022,0.6560806466044371,0.03324368166625885,0.17891157744167632,10,10,2,1838,2.4368427065005855,0.6458740246862992,12.008868970411614,0.7791411360903148,COMPLETE
378,0.1362758879328727,2026-02-26 13:47:29.818672,2026-02-26 13:47:54.164332,0 days 00:00:24.345660,0.6510026132692817,0.013250020879208301,0.16659585245545322,9,10,1,1827,4.297156947996834,0.5655880345449327,13.265954177648087,0.7817385671892383,PRUNED
379,0.34636563399326015,2026-02-26 13:47:54.201220,2026-02-26 13:48:17.383267,0 days 00:00:23.182047,0.6273001961592269,0.009313760521217046,0.17674909519412335,10,10,1,1840,0.04496874776744543,1.2567978503458894,18.542341866267655,0.7894301806554068,COMPLETE
380,0.28019956014499775,2026-02-26 13:48:17.412406,2026-02-26 13:48:34.526919,0 days 00:00:17.114513,0.6346864898160467,0.004962790895249134,0.18825687227659585,10,10,1,1789,2.158084464325948,1.6622633153116888,12.428961322131805,0.7754673330276352,COMPLETE
381,0.2829137075262287,2026-02-26 13:48:34.556510,2026-02-26 13:48:52.490681,0 days 00:00:17.934171,0.6575745355242423,0.016251731768160013,0.1799928505256349,6,10,2,1971,0.05694318384605021,1.0015081700474284,12.762776841667664,0.7810337919769715,COMPLETE
382,0.13437399432999075,2026-02-26 13:48:52.526047,2026-02-26 13:49:09.625130,0 days 00:00:17.099083,0.6726411020060861,0.020728145152137292,0.19350237404451362,10,10,1,1920,2.2128753418204585,0.7363606509639,12.002693084735153,0.7669054922076731,PRUNED
383,0.2982602055573821,2026-02-26 13:49:09.652640,2026-02-26 13:50:22.186971,0 days 00:01:12.534331,0.6469674397175921,0.0334099665146482,0.03933446730858217,10,10,1,1859,2.628117504360865,1.0719097050773227,12.469369060408866,0.7911139491439876,COMPLETE
384,0.1376360345120568,2026-02-26 13:50:22.217412,2026-02-26 13:51:04.268294,0 days 00:00:42.050882,0.710621247152849,0.0036821069168166604,0.08335422775812518,10,10,1,1946,1.5914626935323077,1.4233871056938643,13.734201614136165,0.7772357780282562,PRUNED
385,0.1374220106792127,2026-02-26 13:51:04.631235,2026-02-26 13:51:34.160606,0 days 00:00:29.529371,0.6883302212423476,0.026448168137796536,0.18695822863033945,9,10,1,1898,2.8861563500559635,0.9083646644806191,13.059030216711038,0.7710774897971825,PRUNED
386,0.13349982313725878,2026-02-26 13:51:34.188115,2026-02-26 13:51:57.865925,0 days 00:00:23.677810,0.7351821551119502,0.012006326743340942,0.1999756497975714,9,10,2,1873,3.522855330895654,0.7222903195073608,16.722524703899165,0.7613445138223662,PRUNED
387,0.2781014183223397,2026-02-26 13:51:58.003768,2026-02-26 13:52:24.994242,0 days 00:00:26.990474,0.6643563167851482,0.02331979651569415,0.15664923992843818,8,10,1,1975,0.07995489792742569,1.160613561880978,12.000160815676756,0.7496511074370767,COMPLETE
388,0.2812558052958867,2026-02-26 13:52:25.034691,2026-02-26 13:52:50.930014,0 days 00:00:25.895323,0.6763019485163493,0.006241464699781035,0.1725289665276157,5,10,1,1805,0.7057462495044444,0.0012978590235343884,12.499578607619481,0.7871323226954577,COMPLETE
389,0.1322648540842093,2026-02-26 13:52:50.968689,2026-02-26 13:53:13.808881,0 days 00:00:22.840192,0.6573694244929255,0.018754664048069303,0.18121780656686007,10,10,2,1927,0.04605291013984654,0.6351891313300744,12.855323252438556,0.7708374275792177,PRUNED
390,0.13628855959130393,2026-02-26 13:53:13.847205,2026-02-26 13:53:37.329019,0 days 00:00:23.481814,0.7202112808209107,0.015499977213947006,0.1889406775587968,3,10,1,1837,0.036770737726423086,0.8489988053435806,12.415369493168711,0.7370779473498263,PRUNED
391,0.1406354473888761,2026-02-26 13:53:37.356156,2026-02-26 13:53:57.149028,0 days 00:00:19.792872,0.6940283612590243,0.03070878005718471,0.1936081966284457,10,10,1,1904,0.06678761923029777,0.5583063022321643,13.361734918422819,0.75601499487491,PRUNED
392,0.13933394052991802,2026-02-26 13:53:57.176512,2026-02-26 13:54:20.754713,0 days 00:00:23.578201,0.7035882855272267,0.0033212455377774675,0.17748723830776533,10,10,1,1949,1.104666377289076,1.1790227874860255,12.411148011269594,0.7781051819256106,PRUNED
393,0.2768247264608964,2026-02-26 13:54:20.787626,2026-02-26 13:54:45.073925,0 days 00:00:24.286299,0.6402270339125394,0.3067390974911049,0.1662799392819165,9,10,1,1977,1.7876342270207861,0.9478533776340767,12.007789961661938,0.7435527720510039,COMPLETE
394,0.13233483495625853,2026-02-26 13:54:45.112747,2026-02-26 13:55:03.719516,0 days 00:00:18.606769,0.6840698437463802,0.004438414729710373,0.18403745402523852,10,10,1,2000,0.07736672209530646,1.4036837692432131,12.88415705166699,0.7636791946556506,PRUNED
395,0.13592841778400103,2026-02-26 13:55:03.747056,2026-02-26 13:55:27.541396,0 days 00:00:23.794340,0.665957105699467,0.019646381036941624,0.19343843682827405,9,10,2,1877,2.4672979947188867,0.7919021269432416,12.501842007572256,0.7698761128456219,PRUNED
396,0.1399574009035832,2026-02-26 13:55:27.570096,2026-02-26 13:55:45.942771,0 days 00:00:18.372675,0.7140366703660065,0.02504416853261197,0.1996262241798329,10,10,1,982,0.05787209560368667,1.0192183897118934,12.98163886583857,0.7829961908803829,PRUNED
397,0.13317476689694566,2026-02-26 13:55:46.016498,2026-02-26 13:56:11.660010,0 days 00:00:25.643512,0.6506507577268457,0.014248114444943824,0.17439295474745262,10,10,1,1913,0.1592178316408558,0.6446152680286963,14.489374572612787,0.7569837824637216,PRUNED
398,0.2776261826760021,2026-02-26 13:56:11.688472,2026-02-26 13:56:38.418722,0 days 00:00:26.730250,0.7270931505468298,0.0024404814510413054,0.1871684628800936,9,9,1,1762,0.023651700879107264,0.8385703981587505,12.38704351415731,0.7939016058276027,COMPLETE
399,0.28932255031439136,2026-02-26 13:56:38.450153,2026-02-26 13:57:02.325225,0 days 00:00:23.875072,0.6928484171491714,0.03724603149563061,0.18324363087871767,10,10,1,1849,0.30502498825469376,1.680824416537288,13.453399165619654,0.747271826849804,COMPLETE
400,0.1381978719829701,2026-02-26 13:57:02.357565,2026-02-26 13:57:31.616597,0 days 00:00:29.259032,0.7688154653491348,0.0050163024275180785,0.19308162887081845,10,9,1,1942,0.08586935190483383,1.2011301525512688,12.385452617363153,0.7660288736559908,PRUNED
401,0.285286569706889,2026-02-26 13:57:31.645335,2026-02-26 13:57:56.227423,0 days 00:00:24.582088,0.6749528517788914,0.02904823242739147,0.17843595497876782,10,10,1,1892,0.030252819782171494,1.0071278944887307,12.881494403925885,0.7275276341069729,COMPLETE
402,0.2812283213482053,2026-02-26 13:57:56.257599,2026-02-26 13:58:17.754391,0 days 00:00:21.496792,0.6290679292679054,0.0107101048628131,0.18859113926697993,10,9,1,1949,3.4645760566489487,0.5115044005284786,12.3928714654281,0.7747941192484783,COMPLETE
403,0.13309482280800913,2026-02-26 13:58:17.785587,2026-02-26 13:58:44.792967,0 days 00:00:27.007380,0.7075735467390273,0.01810181313608471,0.17139872523961247,4,10,1,1916,1.3919709739551185,0.6648580855287906,12.001510770582247,0.7597369967057959,PRUNED
404,0.13491775643133422,2026-02-26 13:58:44.821994,2026-02-26 13:59:13.977303,0 days 00:00:29.155309,0.7393614675775909,0.006847922976476507,0.19972509773590852,1,9,2,1829,0.04977361435589599,0.8002270040050955,14.044881591048137,0.7515666349245155,PRUNED
405,0.2841745991235557,2026-02-26 13:59:14.004723,2026-02-26 13:59:31.938239,0 days 00:00:17.933516,0.6596111799826818,0.00391751774240601,0.18060631134959218,9,10,1,1869,0.06912019615050226,1.4333162853604855,12.898125313218916,0.7855252374238164,COMPLETE
406,0.16182421278029738,2026-02-26 13:59:31.969248,2026-02-26 13:59:57.523500,0 days 00:00:25.554252,0.6846190141565683,0.022821536626516432,0.18912059264910774,10,9,11,1974,0.1896682545648318,0.9172850909423567,22.51169946819486,0.7705951017879505,PRUNED
407,0.27444630266648035,2026-02-26 13:59:57.550724,2026-02-26 14:00:23.498655,0 days 00:00:25.947931,0.699076217587648,0.01484715012627111,0.16090895920955717,9,10,1,1912,0.11209911007035517,2.182791237995884,12.013484191674227,0.7373327262918362,COMPLETE
408,0.13471601127859836,2026-02-26 14:00:23.528087,2026-02-26 14:00:57.976375,0 days 00:00:34.448288,0.6438651294100912,0.03282085274001443,0.1600097282067409,10,9,1,1944,0.11594177795282216,3.587417338710102,12.052800503830351,0.7341087529026671,PRUNED
409,0.13607968138743146,2026-02-26 14:00:58.004191,2026-02-26 14:01:15.852323,0 days 00:00:17.848132,0.670485675039807,0.04293392888775391,0.1526768063747664,10,10,2,1909,0.10787920034114444,1.7850272035675832,12.002840053047137,0.7393653819375668,PRUNED
410,0.13893513678873107,2026-02-26 14:01:15.880240,2026-02-26 14:01:49.408346,0 days 00:00:33.528106,0.6924131470790132,0.001626633057666305,0.16402130055366085,10,9,7,2000,0.13384057025121998,2.066493507406535,12.004609426122244,0.7249613556472522,PRUNED
411,0.2841822107121935,2026-02-26 14:01:49.455312,2026-02-26 14:02:07.204255,0 days 00:00:17.748943,0.661231979896742,0.016166932685994166,0.172624317048871,9,10,1,1945,0.09143295676393866,2.0375371967068974,12.769466874502596,0.7449191950603726,COMPLETE
412,0.13992216663145166,2026-02-26 14:02:07.260730,2026-02-26 14:02:34.918478,0 days 00:00:27.657748,0.6796011780552798,0.7793268800025377,0.16923241071471193,8,9,8,1897,0.03778399896002253,0.6134406334191577,12.45743119602802,0.7358361618924072,PRUNED
413,0.28495308704574823,2026-02-26 14:02:34.947457,2026-02-26 14:02:58.894776,0 days 00:00:23.947319,0.6991712688139814,0.003036916809812649,0.19332023436110637,10,10,1,1961,0.07719010882842603,2.6764218070346226,13.317122779102663,0.7519949637177256,COMPLETE
414,0.135487263448414,2026-02-26 14:02:58.926823,2026-02-26 14:03:24.946454,0 days 00:00:26.019631,0.6354991857304421,0.02062783769899152,0.17808588882370477,10,9,1,1912,0.0559012203272086,3.0041380492000958,12.720114069835066,0.7611947614434343,PRUNED
415,0.14348433763648277,2026-02-26 14:03:24.975287,2026-02-26 14:03:46.158964,0 days 00:00:21.183677,0.7230485536765818,0.025694429445100732,0.1816217175728427,9,10,1,1873,0.1381400507479174,0.01378820957729854,12.011347694493166,0.7420945416472131,PRUNED
416,0.29412805684420124,2026-02-26 14:03:46.201508,2026-02-26 14:04:38.754501,0 days 00:00:52.552993,0.6494758835372558,0.0144869230239899,0.0680439902316186,10,9,1,1974,0.09516348784863037,0.7234365001649763,12.440752674272796,0.7530924216844719,COMPLETE
417,0.13893358539984632,2026-02-26 14:04:38.787605,2026-02-26 14:05:02.018148,0 days 00:00:23.230543,0.6756305287111926,0.028698443121403298,0.1930371499888198,10,10,2,1937,0.06542437509277847,1.1699816717302385,13.12200176013001,0.7621603368425764,PRUNED
418,0.2959104911001994,2026-02-26 14:05:02.046760,2026-02-26 14:05:53.096426,0 days 00:00:51.049666,0.6895643388011,0.018275766873928522,0.0582842839269855,9,9,1,2000,0.04617431216916906,0.5275239267638054,12.458686543725234,0.7297763789497355,COMPLETE
419,0.2704356493705395,2026-02-26 14:05:53.128899,2026-02-26 14:06:10.578934,0 days 00:00:17.450035,0.713298320102487,0.03670185108822325,0.19991258528434705,9,10,1,1924,0.11245392119200166,0.7734763309283749,12.00626010919463,0.7503493410228762,COMPLETE
420,0.15186085384027137,2026-02-26 14:06:10.625760,2026-02-26 14:06:25.940403,0 days 00:00:15.314643,0.7443905799631301,0.03827631238386173,0.1999155320812558,9,10,1,1874,0.07637250524899726,0.6996225986646467,12.754347688364163,0.7434711237913926,PRUNED
421,0.2879443486233832,2026-02-26 14:06:25.968553,2026-02-26 14:06:49.118455,0 days 00:00:23.149902,0.7167052158991631,0.05607587767646195,0.18677947677764611,9,10,1,1917,0.05798241688732256,2.3771548146538937,13.549331168769104,0.7672192379444532,COMPLETE
422,0.1481073312465612,2026-02-26 14:06:49.149310,2026-02-26 14:07:06.615268,0 days 00:00:17.465958,0.727810260034934,0.03439907920979602,0.19948195151404358,9,10,9,1961,0.102295439102081,0.4579837808205298,12.015015070782125,0.7560921969640909,PRUNED
423,0.27567807377393955,2026-02-26 14:07:06.642891,2026-02-26 14:07:30.537504,0 days 00:00:23.894613,0.7078714742651592,0.048243840231847614,0.17512207669030777,9,10,1,1889,0.08000099028734216,0.7825512732988282,12.41029882140259,0.7953157866856763,COMPLETE
424,0.2839364466502613,2026-02-26 14:07:30.570663,2026-02-26 14:07:54.621712,0 days 00:00:24.051049,0.7154892761416234,0.045881852586796924,0.1647366633103927,9,10,1,1801,0.12257916169989502,0.5585541079086737,13.070509970413427,0.8011848520118566,COMPLETE
425,0.2794615315770406,2026-02-26 14:07:54.665842,2026-02-26 14:08:13.339206,0 days 00:00:18.673364,0.7082043925855246,0.05541274403179166,0.16959522950331773,8,10,2,1860,0.08326674566242302,0.7018336777419164,12.668765244508432,0.7945128402024729,COMPLETE
426,0.13425136248036576,2026-02-26 14:08:13.370977,2026-02-26 14:08:36.321185,0 days 00:00:22.950208,0.7330622280237492,0.039044975613935724,0.1743552307105729,9,10,1,1889,0.03572178205868216,0.7828704873559774,12.500286155316815,0.7921947958951605,PRUNED
427,0.2943165500119348,2026-02-26 14:08:36.348258,2026-02-26 14:08:58.205751,0 days 00:00:21.857493,0.7109733341809364,0.0325799024871286,0.15940828489138734,9,10,1,1845,0.1551490698682754,0.604718186638674,13.813672548790382,0.843310635238726,COMPLETE
428,0.1324849337418331,2026-02-26 14:08:58.236165,2026-02-26 14:09:16.095559,0 days 00:00:17.859394,0.6960330355189414,0.048517398644388685,0.17601593579235056,9,10,1,1896,0.10145071622144021,0.8241408422795538,12.431623256326278,0.7182227750093899,PRUNED
429,0.13564327680792473,2026-02-26 14:09:16.125816,2026-02-26 14:09:32.878251,0 days 00:00:16.752435,0.7023202758978322,0.04485527020170071,0.18168915844931308,9,10,1,1815,0.01917882880993169,1.1113359734765507,13.261672976518925,0.7790881904724393,PRUNED
430,0.14012518200318894,2026-02-26 14:09:32.906570,2026-02-26 14:09:50.757837,0 days 00:00:17.851267,0.7556037147326891,0.03985989727623599,0.19345336548578682,9,10,2,1924,0.04427121578560296,1.4472978731183699,12.784824256793668,0.8025306071510204,PRUNED
431,0.1378712256679571,2026-02-26 14:09:50.787002,2026-02-26 14:10:09.107211,0 days 00:00:18.320209,0.7269382985204471,0.028595092077498965,0.19987348038484745,9,10,1,1431,0.06232567143069044,0.7999879189939129,12.377312175127175,0.7852616040579762,PRUNED
432,0.1370413622114408,2026-02-26 14:10:09.134537,2026-02-26 14:10:32.087034,0 days 00:00:22.952497,0.7181105665819109,0.024468125612712843,0.166532730055894,9,10,1,1866,0.08118823800064551,0.005246639197664764,13.029530361556613,0.7806955377793293,PRUNED
433,0.28985507576840497,2026-02-26 14:10:32.115784,2026-02-26 14:11:18.993539,0 days 00:00:46.877755,0.7025457244720563,0.03234874404581659,0.04641900786041108,8,10,1,1895,0.09335278954052231,0.16993847576119678,12.018638053152303,0.7885632262713425,COMPLETE
434,0.15468796622173142,2026-02-26 14:11:19.028859,2026-02-26 14:11:31.892297,0 days 00:00:12.863438,0.6889172696846095,7.248171697059441,0.18313726533299765,9,10,1,1934,0.027485113998376436,0.6389415280912512,12.009682744448366,0.7678237171958888,PRUNED
435,0.16330403242820568,2026-02-26 14:11:31.923218,2026-02-26 14:12:00.805244,0 days 00:00:28.882026,0.7397338845555579,0.021916532860967643,0.1890269311799161,9,10,1,1847,0.05148481346247402,0.00241038702154415,51.22293392558524,0.775137856118585,PRUNED
436,0.2773670031613048,2026-02-26 14:12:00.833476,2026-02-26 14:12:23.631976,0 days 00:00:22.798500,0.7101848865912533,0.06651151288059047,0.1743100795541499,9,10,1,1915,0.06710290817838621,1.0919612280500068,12.455974453494457,0.7938494603923649,COMPLETE
437,0.14343052440913392,2026-02-26 14:12:23.662689,2026-02-26 14:12:47.082128,0 days 00:00:23.419439,0.7008352442437924,0.0012517137271541837,0.1934934596448668,9,10,1,1792,0.1271515703175799,0.4593341551313946,12.897928813011127,0.7716893363195831,PRUNED
438,0.13636563486788775,2026-02-26 14:12:47.112066,2026-02-26 14:13:10.104831,0 days 00:00:22.992765,0.7235945537079831,0.02777453075298997,0.1803927320955976,8,10,1,1968,0.19807604608305182,0.9299605700346631,13.495320909820988,0.7353282871490063,PRUNED
439,0.14059534600945153,2026-02-26 14:13:10.144740,2026-02-26 14:13:32.181980,0 days 00:00:22.037240,0.6832447543894978,0.038884342566670074,0.18662509233332863,9,10,2,1890,0.5505105434242017,0.7332584265511142,12.373399701575895,0.7475098993650219,PRUNED
440,0.2819689004088034,2026-02-26 14:13:32.209495,2026-02-26 14:14:02.072171,0 days 00:00:29.862676,0.692257228133872,0.04799119067618871,0.11616401973381221,7,10,1,1936,0.040530194513837485,1.2795418936693668,12.000275595823368,0.9626025872233678,COMPLETE
441,0.1431475685742242,2026-02-26 14:14:02.105116,2026-02-26 14:14:19.767087,0 days 00:00:17.661971,0.7138760099613325,0.019657256812264046,0.19997041346204456,9,10,1,1481,0.2562106969421498,0.8861426723640856,12.775766153987298,0.7615278987884019,PRUNED
442,0.13530765150195312,2026-02-26 14:14:19.796095,2026-02-26 14:14:37.289154,0 days 00:00:17.493059,0.6813800445114938,0.01311396077483047,0.17610801669429027,10,10,2,1744,0.05491475250514429,0.605134983098121,12.44150240701091,0.8036434566194289,PRUNED
443,0.13895551025824054,2026-02-26 14:14:37.317882,2026-02-26 14:15:00.465295,0 days 00:00:23.147413,0.697939655305648,0.01608943326402748,0.1920328824879043,9,10,1,1869,0.07155005994441875,0.9889420956102531,13.235139251968953,0.7820551841954715,PRUNED
444,0.28156960982006146,2026-02-26 14:15:00.497103,2026-02-26 14:15:24.212195,0 days 00:00:23.715092,0.6644390320743658,0.032959290216927783,0.16954199634039607,10,10,1,1830,0.11040879626928449,1.2712045069718159,12.430934955660138,0.7714845813289397,COMPLETE
445,0.14205151059035342,2026-02-26 14:15:24.244519,2026-02-26 14:15:52.684252,0 days 00:00:28.439733,0.7222100720280061,0.024200826787717965,0.18294246669938552,6,10,1,1947,0.03199243962883832,0.7876021714814577,25.8977860037054,0.7575296238280558,PRUNED
446,0.27998848492122075,2026-02-26 14:15:52.713610,2026-02-26 14:16:10.505869,0 days 00:00:17.792259,0.7019942821378369,0.02110870565651967,0.18875965475958967,9,10,1,1971,0.08999920810767453,1.5370250938201304,12.837937288604815,0.7482451320910027,COMPLETE
447,0.13599442697175876,2026-02-26 14:16:10.538634,2026-02-26 14:16:27.838728,0 days 00:00:17.300094,0.7362911527101051,0.02866032931842294,0.1615660313447532,10,10,1,1901,0.15427881155685577,1.0048587737971597,12.388423249092783,0.7656550437849095,PRUNED
448,0.29148991042828826,2026-02-26 14:16:27.868037,2026-02-26 14:17:14.524744,0 days 00:00:46.656707,0.668651672423542,0.0558306689872272,0.05185540532299462,10,10,1,1868,0.060883968223438285,0.49531404781863453,12.01342250477596,0.7876393664904381,COMPLETE
449,0.3154638741447898,2026-02-26 14:17:14.557088,2026-02-26 14:18:28.492085,0 days 00:01:13.934997,0.6920969068407034,0.01257651304768317,0.03390552250732572,9,10,1,2000,0.07844845303877232,0.6965141401377063,13.923853074090532,0.7231482777218944,COMPLETE
450,0.14121860310373655,2026-02-26 14:18:28.524642,2026-02-26 14:18:51.236946,0 days 00:00:22.712304,0.6742175235791303,0.018164333676517923,0.1934445607154202,10,8,1,1916,0.05220350544506319,1.1299709542862892,13.103772239946025,0.7770725725351751,PRUNED
451,0.16856961812849028,2026-02-26 14:18:51.265897,2026-02-26 14:19:15.059380,0 days 00:00:23.793483,0.7089472010865314,0.03522358483413167,0.17937044203183736,10,5,1,1936,9.464615596183855,0.8536435643875415,12.399968702262802,0.7404422051026209,PRUNED
452,0.13593833812491377,2026-02-26 14:19:15.090950,2026-02-26 14:19:33.124161,0 days 00:00:18.033211,0.6564081266778148,0.02385224294701662,0.1854644556990791,7,10,2,1814,0.11048285854838065,0.6196480199007421,12.794729668610474,0.7519343029500197,PRUNED
453,0.14871432274908447,2026-02-26 14:19:33.152893,2026-02-26 14:20:08.988647,0 days 00:00:35.835754,0.6873801520115974,0.016133367836195626,0.19228341888356126,9,10,12,849,0.0869426401108677,0.8234742769787793,16.045099246287652,0.7624802594700032,PRUNED
454,0.2764415108844972,2026-02-26 14:20:09.019731,2026-02-26 14:20:33.515441,0 days 00:00:24.495710,0.7188722419000331,0.008703865135037772,0.17068390266164157,10,10,1,595,0.014718649573441975,1.260143005878335,12.413798221594714,0.7974110204376673,COMPLETE
455,0.1481709306742108,2026-02-26 14:20:33.545724,2026-02-26 14:21:06.502086,0 days 00:00:32.956362,0.7285240965922533,0.004989886629060891,0.17034493479529494,9,6,1,1971,0.02154581840473902,1.9255913348859086,13.526141826812173,0.8055213836018164,PRUNED
456,0.13876088510521248,2026-02-26 14:21:06.530156,2026-02-26 14:21:25.411957,0 days 00:00:18.881801,0.7143565207891297,0.00892375266510945,0.19995020963086657,10,10,1,1947,0.02151693406118668,1.590589813611774,12.797837785803315,0.7871024501985473,PRUNED
457,0.2747663004469486,2026-02-26 14:21:25.439335,2026-02-26 14:21:52.037535,0 days 00:00:26.598200,0.7494192738964279,0.006551101946257533,0.15726537906968985,10,10,2,1017,0.03917614379949485,1.5304358120767796,12.010622850460702,0.8084591047447668,COMPLETE
458,0.14856673960945463,2026-02-26 14:21:52.069548,2026-02-26 14:22:19.180713,0 days 00:00:27.111165,0.7414354113858179,0.005304603713258153,0.15357440530676125,9,10,2,364,0.03735276602084306,2.0081596032443656,44.112744073207246,0.8243653068106465,PRUNED
459,0.27505011072306884,2026-02-26 14:22:19.210593,2026-02-26 14:22:45.627388,0 days 00:00:26.416795,0.7581861488739675,0.006837781476086262,0.15603141311973526,10,10,2,1084,0.030107868532760082,2.3209843866573228,12.005057716618804,0.8289148816742583,COMPLETE
460,0.27670686148788715,2026-02-26 14:22:45.658117,2026-02-26 14:23:11.218637,0 days 00:00:25.560520,0.7523732563587292,0.0074969445240291085,0.14404274611624715,10,10,2,1972,0.03025200684103685,2.370841103121719,12.016491599602787,0.7683630300093828,COMPLETE
461,0.13201000819438174,2026-02-26 14:23:11.253611,2026-02-26 14:23:37.794176,0 days 00:00:26.540565,0.7399351492913308,0.006278978108897302,0.15662695304336977,10,10,2,1140,0.0241280788597498,2.748759915266449,12.0122887585642,0.8214428049326479,PRUNED
462,0.13223089492249876,2026-02-26 14:23:37.823638,2026-02-26 14:24:01.483986,0 days 00:00:23.660348,0.7741936030732517,0.005800943604444276,0.16173456477499634,9,10,1,1063,0.028899271638447396,1.718257235703116,13.123803118814477,0.8327566424608958,PRUNED
463,0.13242226993527326,2026-02-26 14:24:01.511866,2026-02-26 14:24:28.285215,0 days 00:00:26.773349,0.7669207701424702,0.0064917393376414355,0.16649719581811567,10,10,1,997,0.039843914032187615,2.41229119074539,12.48441676889701,0.8114665613323807,PRUNED
464,0.13343485668996616,2026-02-26 14:24:28.314286,2026-02-26 14:24:52.353198,0 days 00:00:24.038912,0.7881593031153954,0.005792976304691322,0.1589351316949921,5,10,1,944,0.040903223795461206,1.7037618613569645,12.765128210224457,0.8393947163020566,PRUNED
465,0.13420440267926312,2026-02-26 14:24:52.382546,2026-02-26 14:25:17.616553,0 days 00:00:25.234007,0.7630678762552129,0.007515285535399432,0.1490982575507186,10,10,2,1071,0.03476205197334928,2.014460859464771,12.004146235731275,0.8483120528503314,PRUNED
466,0.28273871353157165,2026-02-26 14:25:17.645363,2026-02-26 14:25:44.983739,0 days 00:00:27.338376,0.763312966745285,0.004575705384828349,0.1387297629266791,8,10,1,997,0.04660071675421082,2.403642130613958,12.433256004207816,0.8316765727445035,COMPLETE
467,0.13611905855676226,2026-02-26 14:25:45.026876,2026-02-26 14:26:12.288944,0 days 00:00:27.262068,0.7816838247901554,0.010067140834391551,0.13355593967776608,9,10,1,1043,0.028058319044636442,3.4675419495987243,13.324161140460731,0.8133370534185387,PRUNED
468,0.13504776329145324,2026-02-26 14:26:12.318567,2026-02-26 14:26:35.816295,0 days 00:00:23.497728,0.7360997415811663,0.011853191635646554,0.1453116919440092,10,10,1,1011,0.03334263861731617,1.5085620857375335,17.30095777107235,0.8241806800367432,PRUNED
469,0.14186263440024183,2026-02-26 14:26:35.844803,2026-02-26 14:27:02.975226,0 days 00:00:27.130423,0.7488136353954418,0.006694417574470536,0.15030528625196923,9,10,1,1915,0.045157703762673154,1.4198378443619701,12.837625929294505,0.8051723866623084,PRUNED
470,0.27576699412212025,2026-02-26 14:27:03.008029,2026-02-26 14:27:27.688812,0 days 00:00:24.680783,0.7577117251337375,0.00540774944502033,0.16128907460590625,10,10,2,1027,0.06144835082728893,2.1766093508026407,12.005519995317293,0.8229758262854849,COMPLETE
471,0.2803248247492456,2026-02-26 14:27:27.722122,2026-02-26 14:27:53.260822,0 days 00:00:25.538700,0.7735697666489938,0.005077447452429256,0.16566728584150292,10,10,2,2000,0.05657226506551206,2.686946256271503,12.453355227792777,0.8190851308563968,COMPLETE
472,0.28078982595387636,2026-02-26 14:27:53.294704,2026-02-26 14:28:12.279214,0 days 00:00:18.984510,0.7038194047749018,0.00558310631658236,0.1570570288577532,10,10,2,1890,0.04674880956900624,1.9773565491565703,12.454743216769081,0.8295508819296242,COMPLETE
473,0.2878443257602493,2026-02-26 14:28:12.309636,2026-02-26 14:28:38.062584,0 days 00:00:25.752948,0.7573676287451514,0.007742333824358495,0.15867914986637527,10,9,2,956,0.07050732884678466,2.2257784591870986,13.007559730297423,0.8158232484191732,COMPLETE
474,0.27606992897127147,2026-02-26 14:28:38.095200,2026-02-26 14:29:01.689160,0 days 00:00:23.593960,0.7487626011742693,0.004269466593021086,0.15133162555852023,2,10,2,1160,0.025765269135389846,3.479765817260478,12.004159539315424,0.8177851323510527,COMPLETE
475,0.18995035755618495,2026-02-26 14:29:01.722265,2026-02-26 14:29:25.375018,0 days 00:00:23.652753,0.7608017328690992,0.006710815700182774,0.15072606375712677,10,4,2,1118,0.09662686213572451,3.0695462876889237,14.037754958740136,0.8130370466692367,PRUNED
476,0.2829620342493208,2026-02-26 14:29:25.403214,2026-02-26 14:29:51.882941,0 days 00:00:26.479727,0.7813623933295852,0.004741327718919829,0.16077187486900477,10,10,2,1097,0.016580011889431753,1.7300076025462312,12.704253383358157,0.8241558205781662,COMPLETE
477,0.13744452132420906,2026-02-26 14:29:51.920759,2026-02-26 14:30:21.189447,0 days 00:00:29.268688,0.7549530296693127,0.004664559193720717,0.16368677313619728,10,9,2,1034,0.055362790430179214,2.116539963023617,13.549643232662396,0.8045149325156823,PRUNED
478,0.1420717013831508,2026-02-26 14:30:21.219922,2026-02-26 14:30:47.910572,0 days 00:00:26.690650,0.7496970859185627,0.003907597717960536,0.15383670064509777,0,10,1,1026,0.03652640958304494,1.7091801011344316,31.1678095969584,0.8306081038700245,PRUNED
479,0.27490558896796546,2026-02-26 14:30:47.940858,2026-02-26 14:31:13.980640,0 days 00:00:26.039782,0.7329418788396544,0.00570910781220904,0.1997353247770702,10,9,2,1087,0.0761842507955051,1.3390677928710244,12.418027228892914,0.8100998329839868,COMPLETE
480,0.13535731935396586,2026-02-26 14:31:14.014995,2026-02-26 14:31:40.320798,0 days 00:00:26.305803,0.7353935623048872,0.007092026580269214,0.1996920820272164,10,9,1,1193,0.08164927712911316,1.3423430556183031,13.154496347002691,0.855587221381714,PRUNED
481,0.13959286555983894,2026-02-26 14:31:40.356078,2026-02-26 14:32:03.404555,0 days 00:00:23.048477,0.7288837673471756,0.014133127533742395,0.1945111714599433,10,9,1,956,0.13766455141959266,1.3472949219179862,14.519363002587495,0.8086427124179196,PRUNED
482,0.13955952395325924,2026-02-26 14:32:03.434794,2026-02-26 14:32:31.767671,0 days 00:00:28.332877,0.7262705168680929,0.008586249090521192,0.1996575408908899,10,9,1,1088,0.11165984822636395,1.15861283244099,12.481075950778088,0.7999915277194162,PRUNED
483,0.1314708566008534,2026-02-26 14:32:31.797207,2026-02-26 14:33:06.788054,0 days 00:00:34.990847,0.7411601470499978,0.005414678358129958,0.12322655486152401,10,9,1,1132,0.07565353655416004,1.4983656527445826,12.752425384356366,0.796877648784438,PRUNED
484,0.2854467389741185,2026-02-26 14:33:06.817863,2026-02-26 14:33:31.907186,0 days 00:00:25.089323,0.7276750265024309,0.004064537370548898,0.18709708646139595,10,9,1,1077,0.10822367808748562,1.1371082697105905,13.197062601066822,0.809449064360476,COMPLETE
485,0.17486209395732144,2026-02-26 14:33:31.941822,2026-02-26 14:33:57.864334,0 days 00:00:25.922512,0.7168017442538852,0.0061390889268768565,0.192788049266639,10,9,2,1045,0.08912562249099046,1.279581365770667,71.19881187507005,0.7951719289867322,PRUNED
486,0.13302780408201365,2026-02-26 14:33:57.897845,2026-02-26 14:34:15.879125,0 days 00:00:17.981280,0.7082411036906615,0.01049007541755999,0.18742919734387273,10,9,1,1115,0.16094777928332168,1.0753999399302594,12.439455772551977,0.7927681225418924,PRUNED
487,0.14923263747368207,2026-02-26 14:34:15.908955,2026-02-26 14:34:33.202688,0 days 00:00:17.293733,0.74327009332937,2.663577493558571,0.19228419129790877,10,9,7,1079,0.07336698932898328,0.0032100398009905547,12.419246583406386,0.7817771595662659,PRUNED
488,0.13590287591720884,2026-02-26 14:34:33.245398,2026-02-26 14:34:52.509366,0 days 00:00:19.263968,0.6854228496469972,0.020960037618519042,0.19977517976601544,10,9,1,1052,0.04944388123658106,1.4647368283404014,12.004403066575646,0.8018974219384096,PRUNED
489,0.15090981007247667,2026-02-26 14:34:52.542061,2026-02-26 14:35:18.444057,0 days 00:00:25.901996,0.6946626297540005,0.007501311467633798,0.18318985370104826,10,9,10,1110,6.930574648001322,1.0651483351933562,13.592537089967562,0.8417845895847016,PRUNED
490,0.13503639251425126,2026-02-26 14:35:18.473258,2026-02-26 14:35:44.390982,0 days 00:00:25.917724,0.7181435432497169,0.016845105782615215,0.1872649652921526,10,9,1,1169,0.03100024282584632,0.9941283394747428,12.801417678574142,0.9148387998610448,PRUNED
491,0.13686398762333357,2026-02-26 14:35:44.452079,2026-02-26 14:36:02.884377,0 days 00:00:18.432298,0.6991329645675457,0.0037361905379362658,0.19995178967426253,10,9,1,1937,0.404519091561482,1.299783262404648,12.446449150371505,0.7337780023519976,PRUNED
492,0.13231592712314724,2026-02-26 14:36:02.925289,2026-02-26 14:36:24.854612,0 days 00:00:21.929323,0.6799242397927534,0.026520190500919083,0.1772262254910202,8,9,1,991,0.12933441346231966,1.5924754794790843,13.129300473336656,0.7873421055883947,PRUNED
493,0.14564427776724725,2026-02-26 14:36:24.897543,2026-02-26 14:36:48.305348,0 days 00:00:23.407805,0.7289798684720425,0.005636100161831126,0.19314838206613405,10,9,4,1966,0.09422267858252222,0.11243569979732823,12.425969775815163,0.775020845627578,PRUNED
494,0.14091243353457886,2026-02-26 14:36:48.336689,2026-02-26 14:37:11.341090,0 days 00:00:23.004401,0.714388368969011,0.012481626921705085,0.18365676450880714,9,9,2,1901,0.07004336990558932,0.9975196869899497,12.742472452156658,0.7053501572160086,PRUNED
495,0.27702539428473877,2026-02-26 14:37:11.375761,2026-02-26 14:37:29.618273,0 days 00:00:18.242512,0.6964682564628962,0.004512115862201612,0.19261621253610503,10,9,1,475,0.040355974448609985,1.1299432455341054,12.448571204247111,0.8132761149049021,COMPLETE
496,0.1368384549109203,2026-02-26 14:37:29.649094,2026-02-26 14:37:48.391052,0 days 00:00:18.741958,0.7466916637688668,0.008659399745120746,0.1743496713623212,9,10,1,1067,0.061774706509294786,1.849833516776663,13.616540955166629,0.7702899728500443,PRUNED
497,0.2976773842911192,2026-02-26 14:37:48.420282,2026-02-26 14:38:27.040624,0 days 00:00:38.620342,0.6790482391598518,0.02048643622062967,0.09009570622566783,10,9,1,1946,0.18380997797645662,1.2246586538821573,12.981842785670391,0.7421648103924642,COMPLETE
498,0.17076735355634207,2026-02-26 14:38:27.073325,2026-02-26 14:38:55.749894,0 days 00:00:28.676569,0.7316633034840958,0.0253770619234764,0.18681767946640973,10,10,1,1882,0.004743639023343187,0.9385347343618639,57.86723802718929,0.7295786221405272,PRUNED
499,0.13931529166387707,2026-02-26 14:38:55.779041,2026-02-26 14:39:16.748917,0 days 00:00:20.969876,0.706548749510904,0.014983484742449508,0.19407812045304948,9,10,1,1969,0.025122257688567247,0.9062464814107783,12.028501381868924,0.7620755123375516,PRUNED
500,0.13967347032906383,2026-02-26 14:39:16.783480,2026-02-26 14:39:42.639899,0 days 00:00:25.856419,0.7194998807173347,0.017994699776679154,0.1999190277680764,10,9,1,1917,0.01250798020254706,1.4348839323890623,12.337128395876304,0.7803182606582026,PRUNED
501,0.28665683365544065,2026-02-26 14:39:43.260988,2026-02-26 14:40:18.502500,0 days 00:00:35.241512,0.6690139280523643,0.022641808962772483,0.07995163962713038,10,10,2,1873,0.08257228521953239,1.2492358269724952,12.013359697124178,0.7949549282321592,COMPLETE
502,0.147380348594362,2026-02-26 14:40:18.535928,2026-02-26 14:40:36.199120,0 days 00:00:17.663192,0.6876230402315315,0.006116106226362058,0.182934965691271,9,10,2,1145,0.05206611257655675,1.0479785299454587,23.49952996708894,0.7717799246156978,PRUNED
503,0.13423529397850117,2026-02-26 14:40:36.228159,2026-02-26 14:40:57.706130,0 days 00:00:21.477971,0.7063292348035459,0.014510145753929135,0.17614662523406632,10,9,1,1999,0.12094214684968402,0.8785870297821295,12.006863972280364,0.751897135788012,PRUNED
504,0.13904404350344177,2026-02-26 14:40:57.737361,2026-02-26 14:41:15.458667,0 days 00:00:17.721306,0.69154745701642,0.004765287248558007,0.18820662375101563,10,9,1,1921,0.10267033760569731,1.7428599656724513,12.834362046254903,0.7657248016834095,PRUNED
505,0.14335507519658777,2026-02-26 14:41:15.495217,2026-02-26 14:41:34.658784,0 days 00:00:19.163567,0.736195102170084,0.028845395760274926,0.17929346091870746,9,10,1,1952,0.043616589680535306,0.7687891417776487,13.197201678500168,0.8069639979829765,PRUNED
506,0.13519590567173204,2026-02-26 14:41:34.688892,2026-02-26 14:41:53.524475,0 days 00:00:18.835583,0.679241291282858,0.0038450555911119285,0.19273381210763527,10,10,1,1898,0.03392852579555192,1.1269534264788108,12.413848635746158,0.785797515372502,PRUNED
507,0.2826306326977474,2026-02-26 14:41:53.552378,2026-02-26 14:42:11.552426,0 days 00:00:18.000048,0.7215704212895399,0.02069855984388786,0.17008355311825593,9,10,1,1865,0.06762151022132662,0.9041386418253701,12.765669993983979,0.8362521187638509,COMPLETE
508,0.1435139283893738,2026-02-26 14:42:11.588046,2026-02-26 14:42:29.458609,0 days 00:00:17.870563,0.7058342477136994,0.18817893983009404,0.18740463091734094,10,10,1,1976,0.08604878088526646,1.4109295485704358,12.00808258917564,0.758594248142078,PRUNED
509,0.13474364660709226,2026-02-26 14:42:29.500853,2026-02-26 14:42:52.081884,0 days 00:00:22.581031,0.668562522746373,0.017810057547194422,0.19348685719130576,10,9,2,1936,0.05778392606710302,4.261972787765908,12.006069124966809,0.7434913732846735,PRUNED
510,0.2932694696659107,2026-02-26 14:42:52.111506,2026-02-26 14:43:10.586403,0 days 00:00:18.474897,0.6136914700279045,0.00730057905820693,0.18103697759983453,9,10,1,1910,0.07188808719880646,0.7431533666271206,13.63532230245357,0.7783858289710313,COMPLETE
511,0.27967993440405625,2026-02-26 14:43:10.618249,2026-02-26 14:43:33.119985,0 days 00:00:22.501736,0.696938196189307,0.13748539112933328,0.1939996506802622,10,9,1,1972,0.0459237309926218,1.0369434169413634,12.740084810083479,0.7696321851591703,COMPLETE
512,0.14356634044760036,2026-02-26 14:43:33.151941,2026-02-26 14:43:52.299064,0 days 00:00:19.147123,0.6286449934646573,0.009894918031427821,0.18429259114442645,9,10,1,1871,0.09614167516789024,1.5633120791596942,12.410452652722514,0.7902239823508066,PRUNED
513,0.15247285915070025,2026-02-26 14:43:52.333105,2026-02-26 14:44:21.896135,0 days 00:00:29.563030,0.7502054585396764,0.024206962556878004,0.1735903344328599,9,9,3,1943,0.0204254042448785,1.2680616686398345,14.075443692414405,0.7516922594988065,PRUNED
514,0.2855971077143796,2026-02-26 14:44:21.925794,2026-02-26 14:44:45.152812,0 days 00:00:23.227018,0.7172088747471486,0.011842655001609845,0.18844750826679513,10,10,1,1091,0.135619838447006,2.948950743535589,13.229363349024997,0.8205197244512548,COMPLETE
515,0.13221649401024627,2026-02-26 14:44:45.185964,2026-02-26 14:45:05.707817,0 days 00:00:20.521853,0.6765117313320236,0.006324485533529975,0.19978487484754726,10,10,2,1905,0.1115538047386625,0.8730142942943016,12.441142022733583,0.7602048157638923,PRUNED
516,0.13645220702998864,2026-02-26 14:45:05.737970,2026-02-26 14:45:55.179330,0 days 00:00:49.441360,0.767470802228331,0.005075857286654856,0.05489624872106775,10,9,1,1997,0.0543587091025589,0.721936841440601,12.942765700699509,0.7739147299319292,PRUNED
517,0.27970554750993243,2026-02-26 14:45:55.208771,2026-02-26 14:46:15.430660,0 days 00:00:20.221889,0.6403815935554739,0.015890259203152516,0.18030780827228585,9,10,1,1859,0.03783393031078396,1.0839405264742372,12.399329202272533,0.7132421474777775,COMPLETE
518,0.13536481355379584,2026-02-26 14:46:15.465199,2026-02-26 14:46:33.254268,0 days 00:00:17.789069,0.6879079197091852,0.003557218340552634,0.19978138778540924,10,9,1,1945,0.08027104723115902,1.8372934687316385,12.00517608910474,0.7361344434345445,PRUNED
519,0.13515395157275903,2026-02-26 14:46:33.290103,2026-02-26 14:46:54.842359,0 days 00:00:21.552256,0.6641678150353952,0.02044186727545596,0.1892738563146745,10,10,1,1897,0.06358855283605325,0.8913716460959029,12.780976158991358,0.7486841877202043,PRUNED
520,0.27805524530119163,2026-02-26 14:46:54.871169,2026-02-26 14:47:17.863530,0 days 00:00:22.992361,0.7258755627463872,0.029083798422924995,0.16744298559944853,9,10,1,1841,0.0258895785802686,0.5462898773158085,12.4830249789949,0.7989820556383439,COMPLETE
521,0.13615128322986816,2026-02-26 14:47:17.897070,2026-02-26 14:47:48.049442,0 days 00:00:30.152372,0.7117648614896004,0.004111065158490801,0.17628315970482325,10,9,3,1928,0.047961800482004845,1.2109901563217063,13.355804461450896,0.7643239523500763,PRUNED
522,0.13543542733900776,2026-02-26 14:47:48.078824,2026-02-26 14:48:06.697047,0 days 00:00:18.618223,0.700161347560189,0.013899600874059007,0.19382121416306833,10,10,2,1968,0.2139130930556418,0.693439570595715,12.402381234677943,0.7790836834937909,PRUNED
523,0.14569161464089325,2026-02-26 14:48:06.742118,2026-02-26 14:48:24.139560,0 days 00:00:17.397442,0.7427720227197341,0.022923958464310244,0.19995537180699302,9,10,1,2000,0.005760771699316,1.0024830927600439,12.009407171429244,0.7852391415212457,PRUNED
524,0.27506550521081174,2026-02-26 14:48:24.170431,2026-02-26 14:48:52.805432,0 days 00:00:28.635001,0.6819565336670121,0.041200818587214465,0.1845968086060269,10,9,2,1010,0.030957057104774772,1.4297292077702637,12.004956622087557,0.7246596645564094,COMPLETE
525,0.1381939486898287,2026-02-26 14:48:52.838004,2026-02-26 14:49:19.778022,0 days 00:00:26.940018,0.6823554777509004,0.045991624815539804,0.16880694949029112,8,10,2,914,0.028761697939870014,1.615431029829137,12.914207324680012,0.7166133593941566,PRUNED
526,0.2745985913030567,2026-02-26 14:49:19.808597,2026-02-26 14:49:46.011695,0 days 00:00:26.203098,0.6924363428967367,0.042578629347018185,0.1820529434698025,10,9,2,1018,0.031594455301700755,2.2706877477648524,12.004933871571435,0.7298867800243862,COMPLETE
527,0.13462831562915914,2026-02-26 14:49:46.097766,2026-02-26 14:50:08.758056,0 days 00:00:22.660290,0.6982923377280408,0.061684736399630714,0.17291807234757883,8,9,2,972,0.02301180455822783,3.034508630127242,12.48165716212648,0.7195091182630756,PRUNED
528,0.14944553608250727,2026-02-26 14:50:08.827675,2026-02-26 14:50:36.546035,0 days 00:00:27.718360,0.7067045956770959,0.04115413880885339,0.18044926967314984,10,10,2,1000,0.031215481412689615,2.5034710042777304,28.168094340742034,0.7096066655499239,PRUNED
529,0.1400454736747339,2026-02-26 14:50:36.575249,2026-02-26 14:50:54.194310,0 days 00:00:17.619061,0.6892458629025978,0.052618711147810894,0.17339689096713726,10,10,2,930,0.017774080277716892,1.8580141937190577,12.82460782628243,0.7254831856209739,PRUNED
530,0.13516299977811416,2026-02-26 14:50:54.233202,2026-02-26 14:51:29.161250,0 days 00:00:34.928048,0.7285883660096351,0.03640011407133198,0.16466662165864387,9,9,2,993,0.032715873151233435,2.0124012892837055,12.007762840309416,0.6974210724732592,PRUNED
531,0.13654133342451422,2026-02-26 14:51:29.190961,2026-02-26 14:51:52.941070,0 days 00:00:23.750109,0.7120899799155049,0.0491986760818661,0.18234991810236198,10,10,2,1032,0.0367736257602217,2.5242789359853566,15.343336547839058,0.7254663157278548,PRUNED
532,0.13370861716650184,2026-02-26 14:51:52.970877,2026-02-26 14:52:16.102550,0 days 00:00:23.131673,0.6943678174189208,0.039581834193996204,0.1761517846288769,9,9,2,1054,0.02808942410172085,2.236114691587429,13.34256629455801,0.7312544768491881,PRUNED
533,0.13947800230796153,2026-02-26 14:52:16.133201,2026-02-26 14:52:38.150402,0 days 00:00:22.017201,0.7180175029078615,0.04304165229162247,0.18568644297399275,10,10,3,949,0.023583238586457923,2.8233200943031784,12.417300503331527,0.7458343206799845,PRUNED
534,0.2810442062760269,2026-02-26 14:52:38.180747,2026-02-26 14:53:13.452366,0 days 00:00:35.271619,0.7035861518358175,0.08608113344514955,0.10439994641350829,10,10,2,1018,0.03814066856363106,1.6830218754777553,12.008407459805882,0.7214025316325217,COMPLETE
535,0.14327180145178348,2026-02-26 14:53:13.485489,2026-02-26 14:53:39.646490,0 days 00:00:26.161001,0.6846870129518356,0.07150326286242376,0.1819636717262601,10,9,2,1018,0.030396465863865997,2.3462044991450495,12.7891009178131,0.7355494668098168,PRUNED
536,0.13650079005254634,2026-02-26 14:53:39.675861,2026-02-26 14:54:02.323296,0 days 00:00:22.647435,0.7347484299203187,0.03252071882314395,0.1687284758555033,9,10,2,1081,0.04045751538185847,2.0980015145629314,12.466805808666187,0.7244658237963693,PRUNED
537,0.13343859496564184,2026-02-26 14:54:02.352098,2026-02-26 14:54:31.234082,0 days 00:00:28.881984,0.6970500179987232,0.05097179059435731,0.18652189137174888,10,9,2,1042,0.021251053067408904,1.4303153082750075,13.322598055940356,0.7253674168976539,PRUNED
538,0.15897792344105766,2026-02-26 14:54:31.264988,2026-02-26 14:55:05.742826,0 days 00:00:34.477838,0.7213730670503686,0.03486129419984986,0.17790391494806387,9,5,2,1066,0.033510846232431585,0.01944318126268843,12.438598429608664,0.7331924951012121,PRUNED
539,0.13390740769805123,2026-02-26 14:55:05.775821,2026-02-26 14:55:49.505146,0 days 00:00:43.729325,0.6765552383073524,0.029428457719953113,0.18747044150050887,10,6,2,978,0.0417315275881731,3.9033267833591476,12.008637096968894,0.7338430257939983,PRUNED
540,0.1334877526823794,2026-02-26 14:55:49.535000,2026-02-26 14:56:22.937925,0 days 00:00:33.402925,0.7039127812645947,0.041709894408719556,0.14595114202819892,10,9,3,1108,0.048355644675979165,1.4053732378173525,13.842018307490044,0.7158095106502687,PRUNED
541,0.14065353379563245,2026-02-26 14:56:22.968040,2026-02-26 14:56:45.651646,0 days 00:00:22.683606,0.711719785904918,0.02638834783454748,0.1639297816181491,9,9,2,980,0.02765883005835045,0.765852657453535,12.864528094659306,0.741393366072529,PRUNED
542,0.28043266066094963,2026-02-26 14:56:45.683257,2026-02-26 14:57:08.694666,0 days 00:00:23.011409,0.6850553368309241,0.03499530778783176,0.15591125715651696,10,10,2,1048,0.03617167510664236,0.6049785078075843,12.426423745880623,0.7071880670824243,COMPLETE
543,0.1312290172690843,2026-02-26 14:57:08.728536,2026-02-26 14:57:33.595096,0 days 00:00:24.866560,0.7310466270634579,0.06368539214426482,0.17263521677329144,10,9,2,1008,0.018552391511173057,0.374165615944038,12.006376065206736,0.740101096093922,PRUNED
544,0.28337433535505474,2026-02-26 14:57:33.628031,2026-02-26 14:57:51.326836,0 days 00:00:17.698805,0.753811947602792,0.03091899189729647,0.18958964315740712,9,10,2,684,0.05126811499343755,1.921285039071207,13.107681060411808,0.8137995827278514,COMPLETE
545,0.2754838980068654,2026-02-26 14:57:51.361272,2026-02-26 14:58:10.903645,0 days 00:00:19.542373,0.6690928115811648,0.018655370380188857,0.1819655450386678,8,10,1,1107,0.024117264938652426,0.036860546848172936,12.001401143622012,0.8264924519155996,COMPLETE
546,0.13273865642369567,2026-02-26 14:58:10.938814,2026-02-26 14:58:28.751648,0 days 00:00:17.812834,0.667321578481644,0.01790406332165065,0.181496586527393,8,10,1,1171,0.024828087964726523,0.04224616803436807,12.731374930046728,0.8316654821032827,PRUNED
547,0.13878715413111845,2026-02-26 14:58:28.782390,2026-02-26 14:58:50.947216,0 days 00:00:22.164826,0.6743948121423894,0.020488931738301183,0.19153265749543175,7,8,1,1105,0.014844591353588057,1.2917301799074512,12.371702016562603,0.8439507919208986,PRUNED
548,0.2763224061298726,2026-02-26 14:58:50.989352,2026-02-26 14:59:16.411644,0 days 00:00:25.422292,0.6546593132514137,0.016036243504208465,0.1859804836366328,10,9,2,1122,0.020830449914949853,1.6045086532289226,12.004262194546175,0.826015838747416,COMPLETE
549,0.2732640733320101,2026-02-26 14:59:16.457605,2026-02-26 14:59:33.942938,0 days 00:00:17.485333,0.6652841500110709,0.011986934530977633,0.19989391974973109,10,10,1,890,0.02531003633193633,0.035812224851131336,12.000741367307539,0.8246956595534388,COMPLETE
550,0.13275416281005467,2026-02-26 14:59:33.978518,2026-02-26 14:59:51.771362,0 days 00:00:17.792844,0.6468422881482452,0.012987917005667891,0.19972355119420945,3,10,3,944,0.03060480580475899,0.03226645821186287,12.76612230890337,0.8390967485797493,PRUNED
551,0.2806034970348387,2026-02-26 14:59:51.802262,2026-02-26 15:00:09.142396,0 days 00:00:17.340134,0.6615469639225244,0.01149874359754313,0.19376063244923356,10,9,1,964,0.03342163183534058,1.736349033517207,12.472429423992661,0.8097845705790591,COMPLETE
552,0.13920169734726118,2026-02-26 15:00:09.178375,2026-02-26 15:00:27.340672,0 days 00:00:18.162297,0.6820876171029067,0.008604096052992817,0.1933127547684902,10,10,1,815,0.04084607917474602,0.012499454607096987,13.12223197857297,0.8273277099695037,PRUNED
553,0.13281017325565808,2026-02-26 15:00:27.370348,2026-02-26 15:00:49.268032,0 days 00:00:21.897684,0.6882694579478527,0.009841915832444956,0.19978721359606574,10,9,1,1021,0.027328094386701297,3.2853972871764445,12.39858352335929,0.8206496398813073,PRUNED
554,0.30034086032484614,2026-02-26 15:00:49.298763,2026-02-26 15:01:57.905334,0 days 00:01:08.606571,0.6624741617883785,0.014558311409956342,0.04976875798501413,10,9,2,893,0.04366962750412851,0.0240883101363391,12.731806029625863,0.7418164856785872,COMPLETE
555,0.14807912462448664,2026-02-26 15:01:57.952923,2026-02-26 15:02:23.188262,0 days 00:00:25.235339,0.67416749284758,0.01174442966073206,0.19184819816723553,10,10,4,890,0.034321509555948246,2.6105327746333473,19.933013083365672,0.7497312664613965,PRUNED
556,0.13776204051502763,2026-02-26 15:02:23.218509,2026-02-26 15:02:59.326971,0 days 00:00:36.108462,0.7429912062613343,0.014442884932761923,0.06264683943731117,10,10,8,909,0.004181541134006554,0.0825176756518949,12.016843158842514,0.7290607065824443,PRUNED
557,0.2915818786623352,2026-02-26 15:02:59.360336,2026-02-26 15:03:25.505466,0 days 00:00:26.145130,0.6415594370026872,0.016953153187805714,0.19285320703062847,10,9,1,867,0.01169423546435592,0.10181909489576794,13.63414470503943,0.8202778718464697,COMPLETE
558,0.2752078945533504,2026-02-26 15:03:25.539785,2026-02-26 15:03:42.971721,0 days 00:00:17.431936,0.6938761253726766,0.024436466040493755,0.19996117052663162,10,10,1,801,0.023478015392688685,1.1323238025228328,12.405129109880445,0.7365513329541594,COMPLETE
559,0.14047835043540255,2026-02-26 15:03:43.011634,2026-02-26 15:04:00.567423,0 days 00:00:17.555789,0.6888029835498207,0.026012843245338046,0.19442209360007867,10,10,1,915,0.02057775681437203,1.3441508461054792,13.201456581756034,0.7285944949385571,PRUNED
560,0.2873901475829877,2026-02-26 15:04:00.604455,2026-02-26 15:04:18.312645,0 days 00:00:17.708190,0.6753416568148859,0.02351877103117441,0.1955993043809381,10,10,3,852,0.018117508193972124,1.175353467783797,13.036263254169612,0.8513096641912619,COMPLETE
561,0.13671238468631644,2026-02-26 15:04:18.345355,2026-02-26 15:04:39.134045,0 days 00:00:20.788690,0.6949498191346717,0.008258425107487548,0.199678635717176,10,10,1,731,0.026811992904453713,1.5101986089504829,14.464662290324261,0.7349873102051978,PRUNED
562,0.1313203812749027,2026-02-26 15:04:39.164811,2026-02-26 15:04:56.821345,0 days 00:00:17.656534,0.6584873938497063,0.024564194667930115,0.1883812622838587,10,10,1,1223,0.5928946350181047,0.24173966725305462,18.15769606946856,0.7175665903696178,PRUNED
563,0.13471056519712324,2026-02-26 15:04:56.850966,2026-02-26 15:05:13.881933,0 days 00:00:17.030967,0.6795544969452303,0.0197280924750543,0.19896828651916507,10,10,2,1064,0.006998883688237177,0.016337207482814406,12.000544698364013,0.7384412187700286,PRUNED
564,0.28013778871949035,2026-02-26 15:05:13.934885,2026-02-26 15:05:36.326631,0 days 00:00:22.391746,0.6938073729162424,0.027391591956105302,0.18938038489853615,10,10,1,747,0.052980167437361926,0.04953761786711093,12.769930005742715,0.7469287819916028,COMPLETE
565,0.27965021255094624,2026-02-26 15:05:36.361237,2026-02-26 15:05:53.339206,0 days 00:00:16.977969,0.6658298674746129,0.022265801113918286,0.18775936856367087,10,10,1,610,0.04235045741464347,0.05843854091378886,12.414545735987272,0.7275376208520679,COMPLETE
566,0.14646968292680948,2026-02-26 15:05:53.373837,2026-02-26 15:06:11.015668,0 days 00:00:17.641831,0.7669125816263226,0.01002856334554538,0.19439754698164002,10,10,1,825,0.03202141357446247,0.13082657533319123,12.706637389549236,0.7401804812932175,PRUNED
567,0.14212325991533103,2026-02-26 15:06:11.044549,2026-02-26 15:06:28.836505,0 days 00:00:17.791956,0.6854858061283928,0.033247866331474675,0.1990777326573407,10,10,2,972,0.057394340990208584,5.536349477343976,13.662037393601402,0.752349354880078,PRUNED
568,0.2833383195089417,2026-02-26 15:06:28.875908,2026-02-26 15:06:52.954612,0 days 00:00:24.078704,0.624927247634851,0.007521374966911392,0.18621897090221728,1,10,1,818,0.02428870204239614,0.007639379362650006,12.458357068776394,0.7557224288859985,COMPLETE
569,0.13888235186620948,2026-02-26 15:06:52.988282,2026-02-26 15:07:15.187001,0 days 00:00:22.198719,0.7957547786351903,0.0123934015648346,0.19263687507918661,10,10,2,645,0.06243068705661485,2.095341639243574,12.407154608964655,0.7225216013939046,PRUNED
570,0.15700792676996753,2026-02-26 15:07:15.218321,2026-02-26 15:07:36.504891,0 days 00:00:21.286570,0.6466169763410822,0.02876330554490611,0.19946253226344915,10,10,1,722,0.008471683828199891,1.0350977998228577,38.22585932577526,0.7329382681229887,PRUNED
571,0.284685796653919,2026-02-26 15:07:36.533697,2026-02-26 15:07:58.189132,0 days 00:00:21.655435,0.6989306066127872,0.02175930279785175,0.18427831558849123,6,10,1,792,0.04744450299796484,1.2159700374728213,13.219655034154684,0.7451001316319729,COMPLETE
572,0.1313336385880715,2026-02-26 15:07:58.223956,2026-02-26 15:08:20.475429,0 days 00:00:22.251473,0.6730517620931246,0.01591068218096851,0.19970275543112864,10,10,1,763,0.0380723238683167,1.8235352024200457,12.3846015214419,0.7583559659829296,PRUNED
573,0.13315910781829668,2026-02-26 15:08:20.512319,2026-02-26 15:08:37.758217,0 days 00:00:17.245898,0.6892103359383166,0.02626724790848691,0.18897701243614906,10,10,2,854,0.01542412322516974,0.9615716493606471,12.882597809335289,0.8807728766687752,PRUNED
574,0.13195353112766217,2026-02-26 15:08:37.798150,2026-02-26 15:09:19.398385,0 days 00:00:41.600235,0.6585426787982201,0.01937836812743488,0.07581019025906124,10,10,1,776,5.37589661028202,0.07101635725217079,12.403060803284003,0.8332043319843522,PRUNED
575,0.13200828734533956,2026-02-26 15:09:19.429524,2026-02-26 15:09:42.774878,0 days 00:00:23.345354,0.7102759183391884,0.006687725824503515,0.18171168103045757,10,10,1,1138,0.02956871057534668,1.494481432858473,13.929634962952512,0.7136472556719394,PRUNED
576,0.27087044309547414,2026-02-26 15:09:42.803489,2026-02-26 15:10:01.109894,0 days 00:00:18.306405,0.6996118216804207,0.013974684437574918,0.19241712210723816,10,10,1,1303,0.06121252624670928,1.1969921281909872,12.01997957291519,0.7432549178631793,COMPLETE
577,0.272921440924632,2026-02-26 15:10:01.142121,2026-02-26 15:10:18.871410,0 days 00:00:17.729289,0.7035095197633372,0.011198637180177962,0.1824382760104508,9,10,1,1401,0.056639362885679674,2.2453226577212724,12.01416621701674,0.7529953243404482,COMPLETE
578,0.1327362897204839,2026-02-26 15:10:18.909724,2026-02-26 15:10:42.574274,0 days 00:00:23.664550,0.703395813718792,0.009840569623103026,0.17936863494075148,10,10,1,1369,0.29257266785444197,2.4834484565050636,12.870494807296637,0.7466573811630426,PRUNED
579,0.13701835942708576,2026-02-26 15:10:42.606533,2026-02-26 15:11:16.553240,0 days 00:00:33.946707,0.7187119578180852,0.009526156489602845,0.18220815073912164,10,10,6,1388,0.07073801647263604,3.0946099705447763,12.03415186586142,0.7545412164374092,PRUNED
580,0.14611807997424558,2026-02-26 15:11:16.587417,2026-02-26 15:11:42.662450,0 days 00:00:26.075033,0.7068781837744196,0.008718454721297078,0.18482470748976731,9,10,2,1044,0.05067304440702353,2.2977788938307446,21.683094924589895,0.7475491717706643,PRUNED
581,0.1354383152904153,2026-02-26 15:11:42.695906,2026-02-26 15:12:00.728100,0 days 00:00:18.032194,0.723671726585364,0.011821448133614696,0.175994196495762,10,10,1,1281,0.06329327189384362,2.29905994382265,12.40172418755603,0.8161164038979913,PRUNED
582,0.29136746899850885,2026-02-26 15:12:00.778854,2026-02-26 15:13:10.906867,0 days 00:01:10.128013,0.7021278886713738,0.23709166176909147,0.042692283441887344,10,10,1,1211,0.04684713213112823,1.9145441384250075,12.005524837027963,0.7409498549534677,COMPLETE
583,0.1445349444625141,2026-02-26 15:13:10.939238,2026-02-26 15:13:34.458186,0 days 00:00:23.518948,0.7328064059433977,0.012334846980581193,0.18767858547788505,9,10,2,1559,0.05775370143541899,1.7861115810413093,12.00710682659356,0.750304677502731,PRUNED
584,0.1356661940524087,2026-02-26 15:13:34.494588,2026-02-26 15:13:58.752068,0 days 00:00:24.257480,0.7171902786418424,0.011629971922078193,0.17861285973216595,4,10,1,1339,0.07045232499411098,2.6042719850846088,34.14059905572286,0.7569177495066033,PRUNED
585,0.27319555714143207,2026-02-26 15:13:58.786018,2026-02-26 15:14:23.483354,0 days 00:00:24.697336,0.6959242204107372,0.010540358580259226,0.17053755449322539,9,10,1,1426,0.003507312000950061,2.0698479371226433,12.00713919163295,0.7304228422645196,COMPLETE
586,0.2848697065464534,2026-02-26 15:14:23.514769,2026-02-26 15:14:44.223383,0 days 00:00:20.708614,0.7087090929601703,0.010257938576376335,0.15811319047741818,9,10,1,1131,0.003403311050761828,2.0620626150171666,12.95146550205292,0.7417451119096532,COMPLETE
587,0.14867212312029998,2026-02-26 15:14:44.257473,2026-02-26 15:15:10.497977,0 days 00:00:26.240504,0.6958514025573763,0.008018231214481185,0.16670937166640631,9,10,1,1653,0.07303256316561743,0.009817092500525466,25.288516465688627,0.7540452792587263,PRUNED
588,0.1342139258313393,2026-02-26 15:15:10.527381,2026-02-26 15:15:28.661131,0 days 00:00:18.133750,0.7442708805143472,0.010869209090538593,0.16834943014227363,9,10,1,1290,0.002915445146620746,2.6147232382884806,12.709119133820465,0.7445115963525699,PRUNED
589,0.13387914171865573,2026-02-26 15:15:28.691771,2026-02-26 15:15:58.639834,0 days 00:00:29.948063,0.7243265250576137,0.007513087333772739,0.11201455525607142,9,10,1,1182,0.003638639886246232,2.950548621304932,13.411220881208571,0.7327352560926793,PRUNED
590,0.13444654826770275,2026-02-26 15:15:58.671043,2026-02-26 15:16:25.818670,0 days 00:00:27.147627,0.7582184274692526,0.009745074523456252,0.07170119929312797,9,10,1,1463,0.003552101160924734,2.252655539893861,12.476669858083989,0.7615479558572491,PRUNED
591,0.1364719995373537,2026-02-26 15:16:25.910824,2026-02-26 15:16:44.066743,0 days 00:00:18.155919,0.6992781391132865,0.013058416795020164,0.17348362492608152,9,10,1,1499,0.004348542139157156,3.069742441999844,12.442115914614517,0.8104673060943034,PRUNED
592,0.2880267861975143,2026-02-26 15:16:44.111861,2026-02-26 15:17:10.493418,0 days 00:00:26.381557,0.7078263310765401,0.013343261092434168,0.15371645806859782,9,10,1,1520,0.005643772295761694,1.877385010265263,13.078899236205993,0.8358346052823159,COMPLETE
593,0.27354879004059257,2026-02-26 15:17:10.526326,2026-02-26 15:17:28.327113,0 days 00:00:17.800787,0.7196560558766826,0.01363560836325068,0.17112134471145932,9,10,1,1608,0.0024430146860196828,2.1284393667194013,12.003437334925799,0.7556737787718444,COMPLETE
594,0.13621032441914682,2026-02-26 15:17:28.360129,2026-02-26 15:17:46.534890,0 days 00:00:18.174761,0.7250988646949681,0.0143856622304666,0.1720692671026827,9,10,1,1632,0.0025595389739635445,2.009588141901767,12.006441839930021,0.7501590009951637,PRUNED
595,0.1684512800363148,2026-02-26 15:17:46.567413,2026-02-26 15:18:27.691960,0 days 00:00:41.124547,0.7188558153650572,0.014264843279365426,0.17616909056262553,9,4,1,1542,0.0028845023625932217,1.4209999926511363,12.775413197633043,0.7598769395038774,PRUNED
596,0.1664745812876406,2026-02-26 15:18:27.778997,2026-02-26 15:18:55.563680,0 days 00:00:27.784683,0.7138386885627392,0.010895259904432018,0.1785932218497568,9,10,1,1357,0.003353799590539181,1.547599337007325,48.28199858333159,0.738290673910217,PRUNED
597,0.2793191333531482,2026-02-26 15:18:55.607293,2026-02-26 15:19:14.855148,0 days 00:00:19.247855,0.6940005512032441,0.014522174112293163,0.16888941278070263,9,10,1,1514,0.0026209815384107037,0.006196089040746167,12.44608747978519,0.7530501050650024,COMPLETE
598,0.13324709078155542,2026-02-26 15:19:14.899175,2026-02-26 15:19:33.142506,0 days 00:00:18.243331,0.7048379719073538,0.012345777332992221,0.1905585123675945,9,10,1,1403,0.004972381407275409,1.728175267068916,13.25311759567652,0.7644475532458403,PRUNED
599,0.13383245495700663,2026-02-26 15:19:33.176337,2026-02-26 15:19:57.169727,0 days 00:00:23.993390,0.7339112973278272,0.01607909577092518,0.1824601555473284,8,8,1,1436,0.002693845316211393,0.02632262474129734,12.765631813732785,0.7470506471673408,PRUNED
600,0.27781128959442847,2026-02-26 15:19:57.216598,2026-02-26 15:20:16.370680,0 days 00:00:19.154082,0.6914654839465791,0.01165344985576265,0.18940894801553712,9,10,1,1608,0.002385721858802005,4.012337156059661,12.446816169133744,0.7568671568464549,COMPLETE
601,0.2787943609633147,2026-02-26 15:20:16.425311,2026-02-26 15:20:34.483320,0 days 00:00:18.058009,0.714541725110708,0.015964147742809413,0.16323752409374825,9,10,1,1269,0.0030510610016951417,0.8894609140574241,12.407254282158087,0.7687687682902342,COMPLETE
602,0.13541146588950953,2026-02-26 15:20:34.514923,2026-02-26 15:20:52.300614,0 days 00:00:17.785691,0.681283753048604,0.013104691480214141,0.17383720069783987,9,10,1,1317,0.003579625538440839,0.19877830500926003,13.356150896555887,0.7309910074413692,PRUNED
603,0.14129268472463893,2026-02-26 15:20:52.329720,2026-02-26 15:21:09.863241,0 days 00:00:17.533521,0.7025975586268928,0.010904622526741204,0.1820909623829152,9,10,1,1364,0.08711754000008898,1.1876554090571512,12.917307275239885,0.7395983091829879,PRUNED
604,0.1331781440397897,2026-02-26 15:21:09.894867,2026-02-26 15:21:28.640658,0 days 00:00:18.745791,0.7248957741545665,0.016794553320109176,0.1925253691552715,8,10,1,1429,0.002002631030076187,1.7164940295162723,12.31506391419679,0.7561623902298544,PRUNED
605,0.13118092301600445,2026-02-26 15:21:28.670099,2026-02-26 15:21:54.838378,0 days 00:00:26.168279,0.6840347066772549,0.008527423322269885,0.1868105966675022,9,10,1,1403,0.002147103601026079,2.1890805949475127,12.02295293752942,0.7459462509571075,PRUNED
606,0.13961908151155242,2026-02-26 15:21:54.870365,2026-02-26 15:22:13.159700,0 days 00:00:18.289335,0.7121531575137987,0.013944955928355394,0.1711698187383312,9,10,1,1613,0.0025308208672550053,3.579058509985393,12.772066797501976,0.7644672973720211,PRUNED
607,0.1396722790284477,2026-02-26 15:22:13.190087,2026-02-26 15:22:31.206040,0 days 00:00:18.015953,0.7336261698584787,0.017989684915994456,0.1931226296092834,9,10,1,1465,0.004072482565605566,1.312622050065109,12.361512239137555,0.7517824714383632,PRUNED
608,0.13462016082037762,2026-02-26 15:22:31.242242,2026-02-26 15:22:50.396494,0 days 00:00:19.154252,0.6951079729494969,0.009237713853356503,0.17969181954965396,2,10,1,1494,0.06290842781405148,0.889954734192801,14.013496759840837,0.7377866388008838,PRUNED
609,0.13586778007985262,2026-02-26 15:22:50.449739,2026-02-26 15:23:09.073117,0 days 00:00:18.623378,0.6772293825140336,0.014269151805650923,0.19991642584636815,9,10,1,1707,0.05658928780212312,0.6413466915802016,12.016345192431572,0.7665116779159075,PRUNED
610,0.1324266964169203,2026-02-26 15:23:09.109781,2026-02-26 15:23:33.377991,0 days 00:00:24.268210,0.7031412610843787,0.01668672041258857,0.18726554057724099,9,10,1,1245,0.006571288743175016,1.0554849494053171,12.010656922269957,0.7573151620023496,PRUNED
611,0.28254779894235266,2026-02-26 15:23:33.408752,2026-02-26 15:23:56.582612,0 days 00:00:23.173860,0.6906469091549127,0.010695919263867343,0.17738541472896185,9,10,1,1419,0.4508303970277656,1.596980185586106,12.754674543741075,0.7472200747511981,COMPLETE
612,0.16275130667817653,2026-02-26 15:23:56.616208,2026-02-26 15:24:33.836463,0 days 00:00:37.220255,0.71563992516513,0.012186690428149896,0.19319441023580358,9,7,11,1570,0.004658508180671643,0.7881736577102777,13.430120996205153,0.7288900828482155,PRUNED
613,0.27676086402459454,2026-02-26 15:24:33.867301,2026-02-26 15:24:51.027766,0 days 00:00:17.160465,0.726731268935097,0.01851848059692245,0.1849077145825088,9,10,1,1447,0.0755760285648608,2.7603755893839406,12.448732805618977,0.7671313734929288,COMPLETE
614,0.13338447164233352,2026-02-26 15:24:51.067592,2026-02-26 15:25:08.876601,0 days 00:00:17.809009,0.6747240535249371,0.014188302078930884,0.16460575890385143,9,10,1,1322,0.09633949927434386,1.2871133892039912,12.927411289772525,0.7734463147719589,PRUNED
615,0.13548023102126217,2026-02-26 15:25:08.936142,2026-02-26 15:25:26.768045,0 days 00:00:17.831903,0.6999226669758982,0.009526448105082375,0.19309457082764736,9,10,1,1305,0.0515592351647371,1.0204474270399628,12.45772155263534,0.7592615220440284,PRUNED
616,0.2834283012250317,2026-02-26 15:25:26.809131,2026-02-26 15:25:44.886107,0 days 00:00:18.076976,0.6878516200601753,0.005675187253879024,0.19985145129951692,10,10,1,1779,0.07028839064445763,1.9704263744063628,13.126963777778021,0.7404233818094519,COMPLETE
617,0.13562510899412494,2026-02-26 15:25:44.919833,2026-02-26 15:26:07.525613,0 days 00:00:22.605780,0.7099305531921133,0.02080836768229362,0.1709134591655038,8,8,1,1738,0.002972136235059591,0.8386052106296752,12.018044168488242,0.7525446496556465,PRUNED
618,0.132093476527209,2026-02-26 15:26:07.558745,2026-02-26 15:26:28.543858,0 days 00:00:20.985113,0.6691262822947295,0.01593106204156521,0.1805158419775669,5,10,1,1369,0.08395153570832087,0.4928128478274895,12.021441055882692,0.7350115671381002,PRUNED
619,0.15422430807164883,2026-02-26 15:26:28.582065,2026-02-26 15:26:56.216064,0 days 00:00:27.633999,0.7340451316115926,0.01189903278235504,0.19110736781403434,10,10,1,1244,0.8836541299545505,1.2037451005144113,29.401564171040715,0.7611326554937972,PRUNED
620,0.13440790832289143,2026-02-26 15:26:56.271301,2026-02-26 15:27:19.797252,0 days 00:00:23.525951,0.716599597447475,0.017956378255958118,0.1855002241512703,10,10,1,1648,0.0022656415061880707,0.7141215850954707,12.729646981994842,0.722339243662317,PRUNED
621,0.13682384720368454,2026-02-26 15:27:19.829384,2026-02-26 15:27:43.313632,0 days 00:00:23.484248,0.683319366187871,0.021427623928075203,0.17642270258730372,9,10,1,1964,0.058513352497930486,1.5397369411496467,12.422176503491924,0.7721441375689563,PRUNED
622,0.13522463858347475,2026-02-26 15:27:43.352413,2026-02-26 15:28:00.657169,0 days 00:00:17.304756,0.701539829398421,0.008218095652860361,0.1923686555517388,8,10,1,1825,0.0017535141925333797,1.006745290497475,13.674986455351723,0.7461552536962373,PRUNED
623,0.13398795153411974,2026-02-26 15:28:00.689316,2026-02-26 15:28:22.700843,0 days 00:00:22.011527,0.6914592155829968,0.013887249662318883,0.18242039608787247,9,9,1,1482,0.04651441479631483,2.500685014451932,12.001742360762524,0.7629378525922152,PRUNED
624,0.13299046737116063,2026-02-26 15:28:22.737920,2026-02-26 15:28:47.274251,0 days 00:00:24.536331,0.7437261633330972,0.006107691237732778,0.1883140255180034,10,9,1,1596,0.11472981557196588,0.6199424723310696,12.857681540650432,0.9748065643012496,PRUNED
625,0.2806902500180928,2026-02-26 15:28:47.306928,2026-02-26 15:29:05.379179,0 days 00:00:18.072251,0.6701976589691878,0.010373324408674759,0.16951677658028458,10,10,1,1937,0.0691712218251152,0.030160777307395727,12.446593344187471,0.7523373741800582,COMPLETE
626,0.13436204989437586,2026-02-26 15:29:05.413876,2026-02-26 15:29:31.188603,0 days 00:00:25.774727,0.7217387978355126,0.015842057999844436,0.1938859881270408,10,10,1,1536,0.010659939486679997,0.8477514206274843,13.199318567715993,0.8048720486563307,PRUNED
627,0.27374152909117505,2026-02-26 15:29:31.227459,2026-02-26 15:29:49.258586,0 days 00:00:18.031127,0.7048020327267223,0.012513413242324592,0.16211049956557302,9,10,1,1971,0.09254181036772428,1.34801346949308,12.020402275144436,0.7325056577817879,COMPLETE
628,0.13650631770367036,2026-02-26 15:29:49.294621,2026-02-26 15:30:11.582164,0 days 00:00:22.287543,0.709680588053063,0.01204256709616041,0.16346305267198474,9,10,1,1976,0.10274479030900022,0.0017305270047961625,12.48048238757159,0.7211369621655729,PRUNED
629,0.13272317907878614,2026-02-26 15:30:11.613099,2026-02-26 15:30:34.327013,0 days 00:00:22.713914,0.722684935295511,0.009869634328493868,0.15891573695931213,9,10,1,1992,0.10036140352484088,1.9778868800388356,12.745701034072358,0.7301955618607101,PRUNED
630,0.13320936001167683,2026-02-26 15:30:34.358689,2026-02-26 15:30:49.455525,0 days 00:00:15.096836,0.7085282828418286,0.012223102238469633,0.16711581893667624,9,10,1,1970,0.15351915295656987,1.545409509939332,12.413499834075889,0.7354982172742869,PRUNED
631,0.13433788942546665,2026-02-26 15:30:49.486724,2026-02-26 15:31:18.481364,0 days 00:00:28.994640,0.7330404684437184,0.014051993084486118,0.16105854327815017,9,10,1,1393,0.12804874956875795,1.3461617237584347,13.160718132108912,0.7089665812218346,PRUNED
632,0.13202528510211387,2026-02-26 15:31:18.525960,2026-02-26 15:31:37.252497,0 days 00:00:18.726537,0.6989202384078699,0.017717502510099792,0.14826018612352523,9,10,1,1952,0.0847762360023363,1.8165820264239858,12.001245917979414,0.9434411025220553,PRUNED
633,0.13559143282361344,2026-02-26 15:31:37.292680,2026-02-26 15:32:08.744482,0 days 00:00:31.451802,0.7141181235379123,0.0090128286093596,0.17220893305859758,9,10,1,1688,0.09501122687721719,1.384784825226609,12.449786109648269,0.7160330302931653,PRUNED
634,0.14648049295394128,2026-02-26 15:32:08.784600,2026-02-26 15:32:33.870649,0 days 00:00:25.086049,0.695785780585583,0.020114493294047048,0.16270237761647702,9,10,10,1205,0.0052129154228972505,1.6735699204473202,13.721463661413019,0.7299303555075964,PRUNED
635,0.2727724053902575,2026-02-26 15:32:33.926019,2026-02-26 15:32:53.223142,0 days 00:00:19.297123,0.7376473925906065,0.015151770573986976,0.1748857389450918,9,10,1,1928,0.0039042907934214405,2.2656932427110976,12.004095057979187,0.7414122489986034,COMPLETE
636,0.13883447558948517,2026-02-26 15:32:53.269497,2026-02-26 15:33:17.064680,0 days 00:00:23.795183,0.7465747459223182,0.013832174111169278,0.16342666952716836,9,10,1,1853,0.003792336956288279,3.2311057883272523,12.000604361798938,0.7392645095125229,PRUNED
