number,value,datetime_start,datetime_complete,duration,params_class_weight,params_criterion,params_max_depth,params_max_features,params_max_samples,params_min_samples_leaf,params_min_samples_split,params_n_estimators,state
0,1.2343769847877653,2026-02-26 10:30:07.489581,2026-02-26 10:30:11.512536,0 days 00:00:04.022955,balanced,gini,,0.06543837072185184,0.9849549260809971,7,43,1124,COMPLETE
1,1.1483072960068204,2026-02-26 10:30:11.563089,2026-02-26 10:30:17.507249,0 days 00:00:05.944160,balanced,entropy,12.0,0.43567582881020867,0.7962072844310213,8,13,1454,COMPLETE
2,1.1386849071733185,2026-02-26 10:30:17.554478,2026-02-26 10:30:26.721126,0 days 00:00:09.166648,balanced,log_loss,,0.24408498620001268,0.831261142176991,1,55,2425,COMPLETE
3,1.0907609081590346,2026-02-26 10:30:26.785702,2026-02-26 10:30:34.401389,0 days 00:00:07.615687,balanced,log_loss,,0.25351177383042195,0.9143687545759647,4,24,2006,COMPLETE
4,1.134644245178531,2026-02-26 10:30:34.448462,2026-02-26 10:30:36.434111,0 days 00:00:01.985649,balanced,gini,,0.3188492964082044,0.5579345297625649,8,6,464,COMPLETE
5,1.1609298302994393,2026-02-26 10:30:36.461927,2026-02-26 10:30:40.386475,0 days 00:00:03.924548,balanced,gini,12.0,0.42034669727329305,0.7613664146909971,6,47,1015,COMPLETE
6,1.2624495184811606,2026-02-26 10:30:40.414911,2026-02-26 10:30:44.821155,0 days 00:00:04.406244,balanced,entropy,8.0,0.7472732392569299,0.9040601897822085,3,11,991,COMPLETE
7,1.1029618189275134,2026-02-26 10:30:44.849717,2026-02-26 10:30:50.493047,0 days 00:00:05.643330,,log_loss,8.0,0.4330604769331743,0.7087055015743895,9,2,1487,COMPLETE
8,1.2079731155485909,2026-02-26 10:30:50.519486,2026-02-26 10:30:57.025676,0 days 00:00:06.506190,,log_loss,12.0,0.5071732504849227,0.7513395116144308,3,4,1441,COMPLETE
9,1.1523646501095919,2026-02-26 10:30:57.054711,2026-02-26 10:31:02.220101,0 days 00:00:05.165390,balanced,gini,,0.4518310130560688,0.5451448850272042,7,39,1377,COMPLETE
10,1.115663644089906,2026-02-26 10:31:02.247607,2026-02-26 10:31:10.429249,0 days 00:00:08.181642,,log_loss,26.0,0.0660899200881811,0.9538323976412588,4,27,2355,COMPLETE
11,1.111758818363171,2026-02-26 10:31:10.476257,2026-02-26 10:31:17.968111,0 days 00:00:07.491854,,log_loss,8.0,0.6487037795297326,0.6484844790233055,10,23,1938,COMPLETE
12,1.065384457452471,2026-02-26 10:31:17.995006,2026-02-26 10:31:25.472108,0 days 00:00:07.477102,,log_loss,16.0,0.2639258111759889,0.6608835888001323,10,19,1978,COMPLETE
13,1.0671539022675445,2026-02-26 10:31:25.530547,2026-02-26 10:31:32.931203,0 days 00:00:07.400656,,log_loss,16.0,0.2148524508096742,0.6624323211135577,5,22,1999,COMPLETE
14,1.063423291101054,2026-02-26 10:31:32.958516,2026-02-26 10:31:40.079379,0 days 00:00:07.120863,,log_loss,16.0,0.16814013095154207,0.6426066899743498,5,34,1973,COMPLETE
15,1.0625872971456949,2026-02-26 10:31:40.126097,2026-02-26 10:31:46.465794,0 days 00:00:06.339697,,log_loss,16.0,0.15368449995979666,0.612855231824376,10,34,1781,COMPLETE
16,1.0535541293878448,2026-02-26 10:31:46.510352,2026-02-26 10:31:53.021027,0 days 00:00:06.510675,,entropy,16.0,0.1561881812392633,0.595742693179045,6,34,1758,COMPLETE
17,1.0579892428149769,2026-02-26 10:31:53.068941,2026-02-26 10:31:59.191671,0 days 00:00:06.122730,,entropy,20.0,0.1304029682126843,0.5136095131955983,1,33,1685,COMPLETE
18,1.2431110684801443,2026-02-26 10:31:59.222205,2026-02-26 10:32:05.264524,0 days 00:00:06.042319,,entropy,20.0,0.33513704478958306,0.5320838087997769,1,50,1640,PRUNED
19,1.059878467670114,2026-02-26 10:32:05.288154,2026-02-26 10:32:07.944457,0 days 00:00:02.656303,,entropy,32.0,0.12575318799471846,0.5852306392660565,2,38,678,COMPLETE
20,1.2842616892149572,2026-02-26 10:32:07.973642,2026-02-26 10:32:16.231783,0 days 00:00:08.258141,,entropy,20.0,0.5570824815852988,0.5270619558742973,6,30,2235,PRUNED
21,1.06521695973939,2026-02-26 10:32:16.255596,2026-02-26 10:32:18.098018,0 days 00:00:01.842422,,entropy,32.0,0.14216557500038118,0.5901418810865834,2,39,386,COMPLETE
22,1.0675002499861068,2026-02-26 10:32:18.123946,2026-02-26 10:32:20.601205,0 days 00:00:02.477259,,entropy,32.0,0.10090883020974163,0.5035458274036096,2,39,633,COMPLETE
23,1.2730816523145065,2026-02-26 10:32:20.628179,2026-02-26 10:32:23.431748,0 days 00:00:02.803569,,entropy,32.0,0.3363330094693805,0.5812114652218368,2,32,721,PRUNED
24,1.0555706479474194,2026-02-26 10:32:23.456129,2026-02-26 10:32:27.982728,0 days 00:00:04.526599,,entropy,20.0,0.17312464294621133,0.7046041324067966,1,60,1212,COMPLETE
25,1.0880857306870237,2026-02-26 10:32:28.011124,2026-02-26 10:32:32.534499,0 days 00:00:04.523375,,entropy,20.0,0.20693716275370272,0.6890915557841027,1,60,1225,PRUNED
26,1.2373527211758721,2026-02-26 10:32:32.560083,2026-02-26 10:32:38.779037,0 days 00:00:06.218954,,entropy,20.0,0.30817224947721145,0.6980810591545082,4,51,1703,PRUNED
27,1.281414580812145,2026-02-26 10:32:38.807990,2026-02-26 10:32:43.182604,0 days 00:00:04.374614,,entropy,20.0,0.0504361673626281,0.6144736076760968,3,46,1280,PRUNED
28,1.050255845475991,2026-02-26 10:32:43.205969,2026-02-26 10:32:49.101050,0 days 00:00:05.895081,,entropy,26.0,0.1903141506330311,0.7329890179777707,7,59,1581,COMPLETE
29,1.0634528833911117,2026-02-26 10:32:49.150209,2026-02-26 10:32:53.226038,0 days 00:00:04.075829,,entropy,26.0,0.20831693982741722,0.7991836870181559,7,60,1087,COMPLETE
30,1.2563923328142415,2026-02-26 10:32:53.257880,2026-02-26 10:32:56.641914,0 days 00:00:03.384034,,gini,26.0,0.3608233943404755,0.8488776931539118,7,56,898,PRUNED
31,1.0899735291739758,2026-02-26 10:32:56.667977,2026-02-26 10:33:02.294557,0 days 00:00:05.626580,,entropy,26.0,0.10964417544213695,0.7291947099434162,8,56,1614,PRUNED
32,1.0515229918788687,2026-02-26 10:33:02.317970,2026-02-26 10:33:07.913779,0 days 00:00:05.595809,,entropy,20.0,0.18025143236568958,0.7809930223496393,6,51,1536,COMPLETE
33,1.0500887135555714,2026-02-26 10:33:07.943653,2026-02-26 10:33:14.527519,0 days 00:00:06.583866,,entropy,20.0,0.18863828758161785,0.7965591903125341,6,52,1815,COMPLETE
34,1.2296431088506012,2026-02-26 10:33:14.572386,2026-02-26 10:33:21.194692,0 days 00:00:06.622306,,entropy,26.0,0.2778360795178326,0.7883943619433049,6,52,1822,PRUNED
35,1.0843505300571108,2026-02-26 10:33:21.219867,2026-02-26 10:33:29.125827,0 days 00:00:07.905960,balanced,entropy,16.0,0.21984513906758996,0.8567069358345405,7,44,2144,PRUNED
36,1.0991705715813538,2026-02-26 10:33:29.150653,2026-02-26 10:33:34.532565,0 days 00:00:05.381912,,entropy,20.0,0.08810275312508102,0.7959731823772965,5,53,1537,PRUNED
37,1.0900236643257593,2026-02-26 10:33:34.556095,2026-02-26 10:33:41.238082,0 days 00:00:06.681987,balanced,gini,26.0,0.281375170269199,0.8965680298374457,8,48,1841,PRUNED
38,1.2658604480325375,2026-02-26 10:33:41.262986,2026-02-26 10:33:46.318402,0 days 00:00:05.055416,,entropy,12.0,0.39470217855193535,0.8321548763488196,6,42,1344,PRUNED
39,1.105034410759996,2026-02-26 10:33:46.341549,2026-02-26 10:33:54.094513,0 days 00:00:07.752964,balanced,entropy,,0.17470751902947754,0.770695085821569,8,55,2136,PRUNED
40,1.2570275270391364,2026-02-26 10:33:54.118184,2026-02-26 10:33:59.795335,0 days 00:00:05.677151,,entropy,16.0,0.2448239486323519,0.7288261843565587,6,17,1530,PRUNED
41,1.050903375833256,2026-02-26 10:33:59.821549,2026-02-26 10:34:04.173006,0 days 00:00:04.351457,,entropy,20.0,0.1741008579534453,0.7348667693459485,5,59,1163,COMPLETE
42,1.0619495592951989,2026-02-26 10:34:04.200860,2026-02-26 10:34:09.407981,0 days 00:00:05.207121,,entropy,20.0,0.18769325006208762,0.8118464323828305,5,58,1417,COMPLETE
43,1.2243452113619089,2026-02-26 10:34:09.436276,2026-02-26 10:34:15.165412,0 days 00:00:05.729136,,entropy,20.0,0.2358313231091397,0.7398589412613622,4,49,1571,PRUNED
44,1.239299878260566,2026-02-26 10:34:15.190705,2026-02-26 10:34:21.157467,0 days 00:00:05.966762,,gini,8.0,0.07779607204308474,0.8740890701774304,6,57,1746,PRUNED
45,1.0854178243481527,2026-02-26 10:34:21.181408,2026-02-26 10:34:28.159595,0 days 00:00:06.978187,balanced,entropy,12.0,0.29829912282489035,0.7618754396702722,7,53,1884,PRUNED
46,1.2189184566705045,2026-02-26 10:34:28.185110,2026-02-26 10:34:32.501722,0 days 00:00:04.316612,,entropy,20.0,0.1387524393233766,0.9862845659408341,5,45,1126,PRUNED
47,1.2448163292150987,2026-02-26 10:34:32.523564,2026-02-26 10:34:36.100161,0 days 00:00:03.576597,,entropy,,0.24578809068225044,0.9275133114228716,9,11,914,PRUNED
48,1.051008596342209,2026-02-26 10:34:36.125822,2026-02-26 10:34:41.361309,0 days 00:00:05.235487,,gini,16.0,0.1888677405697616,0.7753955958288969,7,54,1431,COMPLETE
49,1.0514122775317662,2026-02-26 10:34:41.392572,2026-02-26 10:34:46.292111,0 days 00:00:04.899539,,gini,20.0,0.19925730507314654,0.776180087902285,7,53,1334,COMPLETE
50,1.3255782323253384,2026-02-26 10:34:46.319197,2026-02-26 10:34:51.625299,0 days 00:00:05.306102,balanced,gini,26.0,0.7535951199124846,0.8082946687149513,8,54,1329,PRUNED
51,1.0500234865958897,2026-02-26 10:34:51.650067,2026-02-26 10:34:56.983613,0 days 00:00:05.333546,,gini,20.0,0.1954914716682377,0.7774241867184188,7,58,1463,COMPLETE
52,1.0502461934073335,2026-02-26 10:34:57.031043,2026-02-26 10:35:02.445710,0 days 00:00:05.414667,,gini,20.0,0.20018021335085276,0.7481931610627132,9,58,1443,COMPLETE
53,1.2655463792703858,2026-02-26 10:35:02.473175,2026-02-26 10:35:07.864497,0 days 00:00:05.391322,,gini,20.0,0.48130536550719366,0.7472027453677696,8,58,1454,PRUNED
54,1.306387039803872,2026-02-26 10:35:07.888105,2026-02-26 10:35:12.453013,0 days 00:00:04.564908,,gini,8.0,0.7036710762947163,0.7142315472517111,9,58,1165,PRUNED
55,1.214660601603174,2026-02-26 10:35:12.476826,2026-02-26 10:35:17.680432,0 days 00:00:05.203606,,gini,20.0,0.26102611893436467,0.7555566034876952,9,56,1437,PRUNED
56,1.0841631866974302,2026-02-26 10:35:17.704944,2026-02-26 10:35:23.462223,0 days 00:00:05.757279,,gini,16.0,0.11329467884520725,0.8152700155504209,7,60,1636,PRUNED
57,1.0488064381109885,2026-02-26 10:35:23.490918,2026-02-26 10:35:27.377258,0 days 00:00:03.886340,,gini,20.0,0.2274653925413661,0.6833480215815381,9,48,1035,COMPLETE
58,1.2353606599745166,2026-02-26 10:35:27.423852,2026-02-26 10:35:31.388921,0 days 00:00:03.965069,,gini,20.0,0.3696914550726953,0.6824924078115979,9,49,1015,PRUNED
59,1.05092509867301,2026-02-26 10:35:31.413881,2026-02-26 10:35:36.060725,0 days 00:00:04.646844,,gini,20.0,0.23249597022977525,0.6711401740697674,10,42,1250,COMPLETE
60,1.0772957504928626,2026-02-26 10:35:36.088665,2026-02-26 10:35:39.359865,0 days 00:00:03.271200,,gini,20.0,0.14968051768818086,0.6470647779141402,9,58,895,PRUNED
61,1.0505969669672903,2026-02-26 10:35:39.384382,2026-02-26 10:35:43.986462,0 days 00:00:04.602080,,gini,20.0,0.2261568714086317,0.6775948603097409,10,43,1249,COMPLETE
62,1.2789391644618737,2026-02-26 10:35:44.014704,2026-02-26 10:35:47.102156,0 days 00:00:03.087452,,gini,20.0,0.5486547900093033,0.7162537044992203,10,47,799,PRUNED
63,1.0533875835457864,2026-02-26 10:35:47.126611,2026-02-26 10:35:51.131969,0 days 00:00:04.005358,,gini,20.0,0.28788514968688683,0.6296332888733325,10,51,1076,COMPLETE
64,1.234512313132596,2026-02-26 10:35:51.159984,2026-02-26 10:35:55.501461,0 days 00:00:04.341477,,gini,20.0,0.32612544212577055,0.6769507908559853,9,36,1170,PRUNED
65,1.38819165676207,2026-02-26 10:35:55.527254,2026-02-26 10:36:01.216813,0 days 00:00:05.689559,,log_loss,20.0,0.7984274682516339,0.7367174940197317,10,29,1293,PRUNED
66,1.0753450689931936,2026-02-26 10:36:01.260485,2026-02-26 10:36:04.805799,0 days 00:00:03.545314,,gini,20.0,0.15674435642784268,0.7214119548089234,9,55,962,PRUNED
67,1.0751763214703702,2026-02-26 10:36:04.829751,2026-02-26 10:36:10.833350,0 days 00:00:06.003599,,gini,12.0,0.22525551193379398,0.7018133234456859,5,59,1680,PRUNED
68,1.224014773499729,2026-02-26 10:36:10.865246,2026-02-26 10:36:14.764348,0 days 00:00:03.899102,,gini,32.0,0.2632152561446417,0.6620957793540494,4,56,1073,PRUNED
69,1.0817968214137248,2026-02-26 10:36:14.788965,2026-02-26 10:36:23.387019,0 days 00:00:08.598054,,log_loss,20.0,0.11587900837545007,0.7586631668397856,8,50,2494,PRUNED
70,1.0884134350148882,2026-02-26 10:36:23.423271,2026-02-26 10:36:28.588663,0 days 00:00:05.165392,balanced,gini,26.0,0.203257759225756,0.8271492710828735,8,41,1375,PRUNED
71,1.0619920992007228,2026-02-26 10:36:28.613891,2026-02-26 10:36:33.059716,0 days 00:00:04.445825,,gini,20.0,0.22840113876914503,0.6765725916488111,10,44,1210,COMPLETE
72,1.0581611758060683,2026-02-26 10:36:33.088696,2026-02-26 10:36:37.598608,0 days 00:00:04.509912,,gini,20.0,0.16371353057837842,0.6363865356566889,10,41,1243,COMPLETE
73,1.0511866898479547,2026-02-26 10:36:37.626662,2026-02-26 10:36:42.232462,0 days 00:00:04.605800,,gini,20.0,0.21586015767345623,0.688169804040567,10,47,1253,COMPLETE
74,1.049018047208906,2026-02-26 10:36:42.259257,2026-02-26 10:36:48.053135,0 days 00:00:05.793878,,gini,,0.2516563552957222,0.6695749347753697,10,52,1592,COMPLETE
75,1.0775019202465481,2026-02-26 10:36:48.079760,2026-02-26 10:36:53.351237,0 days 00:00:05.271477,,gini,,0.13178910705632282,0.6991756692603711,9,54,1501,PRUNED
76,1.048291050753732,2026-02-26 10:36:53.375451,2026-02-26 10:36:59.240500,0 days 00:00:05.865049,,gini,,0.18584239341375533,0.6157977063054421,6,51,1583,COMPLETE
77,1.2189199030994065,2026-02-26 10:36:59.292088,2026-02-26 10:37:05.486459,0 days 00:00:06.194371,,gini,,0.2699420376493458,0.615693107077588,6,52,1725,PRUNED
78,1.2199086743760232,2026-02-26 10:37:05.512622,2026-02-26 10:37:11.272387,0 days 00:00:05.759765,,gini,,0.30841121282375705,0.553025786689593,6,48,1602,PRUNED
79,1.0513935139011155,2026-02-26 10:37:11.297470,2026-02-26 10:37:18.099875,0 days 00:00:06.802405,,gini,,0.19172309730472986,0.6574982663949636,7,50,1904,COMPLETE
80,1.0504722678942031,2026-02-26 10:37:18.126289,2026-02-26 10:37:24.728262,0 days 00:00:06.601973,,gini,,0.24386662108259302,0.570192509562271,10,46,1783,COMPLETE
81,1.0490615121295905,2026-02-26 10:37:24.757978,2026-02-26 10:37:32.028498,0 days 00:00:07.270520,,gini,,0.24432781189391786,0.5991122581620818,10,52,2043,COMPLETE
82,1.0497726394725118,2026-02-26 10:37:32.058753,2026-02-26 10:37:38.478325,0 days 00:00:06.419572,,gini,,0.254076118453116,0.6012238187163333,10,52,1777,COMPLETE
83,1.2158459542983644,2026-02-26 10:37:38.513696,2026-02-26 10:37:45.844595,0 days 00:00:07.330899,,gini,,0.34320674513270055,0.6018681449340396,9,56,2048,PRUNED
84,1.0501763626305507,2026-02-26 10:37:45.877118,2026-02-26 10:37:53.372505,0 days 00:00:07.495387,,gini,,0.2531138961613444,0.6207781835716327,10,51,2042,COMPLETE
85,1.2144059002008973,2026-02-26 10:37:53.402661,2026-02-26 10:38:00.759005,0 days 00:00:07.356344,,gini,,0.29284948168954067,0.6016134432033483,10,52,2063,PRUNED
86,1.0489316763234937,2026-02-26 10:38:00.783364,2026-02-26 10:38:08.909338,0 days 00:00:08.125974,,gini,,0.24992324996715082,0.5724957325463245,10,49,2279,COMPLETE
87,1.091477474345671,2026-02-26 10:38:08.948091,2026-02-26 10:38:17.195357,0 days 00:00:08.247266,balanced,gini,,0.25392018914752695,0.564350014667753,10,49,2350,PRUNED
88,1.2195750554115878,2026-02-26 10:38:17.219488,2026-02-26 10:38:25.651842,0 days 00:00:08.432354,,gini,,0.3160747984716006,0.6251163284631347,10,46,2316,PRUNED
89,1.0506646855993869,2026-02-26 10:38:25.678591,2026-02-26 10:38:33.509430,0 days 00:00:07.830839,,gini,,0.2760593609106116,0.5769186447126926,10,51,2202,COMPLETE
90,1.0499261695985826,2026-02-26 10:38:33.537316,2026-02-26 10:38:40.590103,0 days 00:00:07.052787,,log_loss,,0.2517632297118875,0.5397124102903232,10,53,1970,COMPLETE
91,1.0505809617276152,2026-02-26 10:38:40.618749,2026-02-26 10:38:48.020006,0 days 00:00:07.401257,,log_loss,,0.26189190924318057,0.5399107881861896,10,53,1971,COMPLETE
92,1.0519004296736063,2026-02-26 10:38:48.114490,2026-02-26 10:38:54.718238,0 days 00:00:06.603748,,log_loss,,0.21638157172142203,0.5142218988256955,9,51,1852,COMPLETE
93,1.0501556799846266,2026-02-26 10:38:54.747035,2026-02-26 10:39:02.344789,0 days 00:00:07.597754,,log_loss,,0.24629386025193759,0.5584802637855294,10,49,2095,COMPLETE
94,1.0511080622040474,2026-02-26 10:39:02.371146,2026-02-26 10:39:10.096668,0 days 00:00:07.725522,,log_loss,,0.2977014560385771,0.5937971721612922,10,48,2139,COMPLETE
95,1.0510220339009613,2026-02-26 10:39:10.125426,2026-02-26 10:39:18.546429,0 days 00:00:08.421003,,log_loss,,0.35016677678676317,0.5552156548547157,10,54,2287,COMPLETE
96,1.247182460780858,2026-02-26 10:39:18.574151,2026-02-26 10:39:26.636483,0 days 00:00:08.062332,,log_loss,,0.37869013266852214,0.5341906940184922,9,7,2206,PRUNED
97,1.0554707764685218,2026-02-26 10:39:26.661319,2026-02-26 10:39:33.549205,0 days 00:00:06.887886,,log_loss,,0.185031580341028,0.5760756132882461,10,49,1937,PRUNED
98,1.0500093825644718,2026-02-26 10:39:33.574041,2026-02-26 10:39:40.059949,0 days 00:00:06.485908,,log_loss,,0.2082120300358748,0.6055154071027913,9,55,1810,COMPLETE
99,1.0731123042017952,2026-02-26 10:39:40.087568,2026-02-26 10:39:46.091117,0 days 00:00:06.003549,,log_loss,8.0,0.16522020541912782,0.607522702857617,9,55,1670,PRUNED
100,1.122777743716417,2026-02-26 10:39:46.121764,2026-02-26 10:39:52.378066,0 days 00:00:06.256302,balanced,log_loss,,0.14551699323162157,0.6348061044812034,9,52,1800,PRUNED
101,1.05004554549383,2026-02-26 10:39:52.400153,2026-02-26 10:39:59.852514,0 days 00:00:07.452361,,log_loss,,0.24182265351176507,0.5919818076884793,10,53,2094,COMPLETE
102,1.0617253242753957,2026-02-26 10:39:59.880863,2026-02-26 10:40:02.085679,0 days 00:00:02.204816,,log_loss,,0.20793171386392284,0.5852976084495312,10,53,549,PRUNED
103,1.0501964380252766,2026-02-26 10:40:02.109599,2026-02-26 10:40:08.789501,0 days 00:00:06.679902,,log_loss,,0.23806966622976677,0.5237427429580097,9,57,1870,COMPLETE
104,1.2320257508175627,2026-02-26 10:40:08.817334,2026-02-26 10:40:16.153626,0 days 00:00:07.336292,,log_loss,,0.41542773428654517,0.5929450460925921,6,55,1973,PRUNED
105,1.0706131962190366,2026-02-26 10:40:16.180328,2026-02-26 10:40:22.990842,0 days 00:00:06.810514,,log_loss,32.0,0.17642616791518514,0.6508028414443208,10,26,1921,PRUNED
106,1.049686146729091,2026-02-26 10:40:23.014460,2026-02-26 10:40:30.249186,0 days 00:00:07.234726,,gini,,0.28197111264729646,0.6052466112191293,9,57,2017,COMPLETE
107,1.0484213856506146,2026-02-26 10:40:30.275121,2026-02-26 10:40:38.280541,0 days 00:00:08.005420,,gini,,0.27604508102477304,0.5468795466386068,9,54,2250,COMPLETE
108,1.0704162883910433,2026-02-26 10:40:38.306842,2026-02-26 10:40:46.942472,0 days 00:00:08.635630,,gini,,0.3281106721242106,0.5432016888276934,9,57,2397,PRUNED
109,1.070233564741454,2026-02-26 10:40:46.966477,2026-02-26 10:40:55.021966,0 days 00:00:08.055489,,gini,,0.28247487105218466,0.5699102165268559,8,54,2280,PRUNED
110,1.2118250296494366,2026-02-26 10:40:55.046776,2026-02-26 10:41:02.115318,0 days 00:00:07.068542,,gini,12.0,0.304390658456451,0.6090432888235294,8,59,1996,PRUNED
111,1.0520553259953187,2026-02-26 10:41:02.139552,2026-02-26 10:41:09.769703,0 days 00:00:07.630151,,gini,,0.22556523340751689,0.5509480800691753,9,57,2104,PRUNED
112,1.0500354654442348,2026-02-26 10:41:09.794208,2026-02-26 10:41:17.505626,0 days 00:00:07.711418,,gini,,0.27363519890849347,0.5007378634018649,9,55,2182,COMPLETE
113,1.0493341024121794,2026-02-26 10:41:17.532468,2026-02-26 10:41:25.293267,0 days 00:00:07.760799,,gini,,0.27126485704832815,0.513863759054018,9,55,2195,COMPLETE
114,1.0518548430042538,2026-02-26 10:41:25.321272,2026-02-26 10:41:31.724110,0 days 00:00:06.402838,,gini,,0.2062180580822946,0.5291959912271332,9,50,1752,PRUNED
115,1.050282254602846,2026-02-26 10:41:31.748773,2026-02-26 10:41:37.158686,0 days 00:00:05.409913,,gini,,0.25802629261387405,0.5142485435197826,8,56,1496,COMPLETE
116,1.050020260376271,2026-02-26 10:41:37.186361,2026-02-26 10:41:45.226906,0 days 00:00:08.040545,,gini,,0.27706991892038013,0.5804624136934055,9,60,2265,COMPLETE
117,1.2099360991256185,2026-02-26 10:41:45.253432,2026-02-26 10:41:53.166523,0 days 00:00:07.913091,,gini,,0.28289741851384564,0.5801103513915944,9,54,2241,PRUNED
118,1.2368046817968497,2026-02-26 10:41:53.197728,2026-02-26 10:42:01.870531,0 days 00:00:08.672803,,gini,,0.3187244190243397,0.565087558259296,3,52,2392,PRUNED
119,1.067833789109012,2026-02-26 10:42:01.901937,2026-02-26 10:42:09.960059,0 days 00:00:08.058122,,gini,,0.2677276851477184,0.6181522341991517,9,60,2278,PRUNED
120,1.0511967640797655,2026-02-26 10:42:09.985498,2026-02-26 10:42:17.660341,0 days 00:00:07.674843,,gini,,0.23276117387875195,0.6397176906757016,9,57,2151,PRUNED
121,1.2092269877251498,2026-02-26 10:42:17.684838,2026-02-26 10:42:26.145706,0 days 00:00:08.460868,,gini,,0.2922804477566396,0.6014286227946263,8,59,2345,PRUNED
122,1.0708148814427156,2026-02-26 10:42:26.170288,2026-02-26 10:42:31.770608,0 days 00:00:05.600320,,gini,8.0,0.21466218862076208,0.523259004942763,8,56,1590,PRUNED
123,1.049334459767841,2026-02-26 10:42:31.795910,2026-02-26 10:42:39.684065,0 days 00:00:07.888155,,gini,,0.2516905260695665,0.5418403306066997,9,58,2236,COMPLETE
124,1.2170744471763273,2026-02-26 10:42:39.711336,2026-02-26 10:42:48.454903,0 days 00:00:08.743567,,gini,,0.25124727635954874,0.5505874874102015,9,19,2455,PRUNED
125,1.0508672865099586,2026-02-26 10:42:48.489092,2026-02-26 10:42:56.648916,0 days 00:00:08.159824,,gini,,0.26889987898308504,0.5377921314435598,9,53,2252,COMPLETE
126,1.224314223201737,2026-02-26 10:42:56.677282,2026-02-26 10:43:04.556544,0 days 00:00:07.879262,balanced,gini,,0.6210306431429766,0.5656275184674863,10,55,2182,PRUNED
127,1.0692838206600257,2026-02-26 10:43:04.581637,2026-02-26 10:43:11.916670,0 days 00:00:07.335033,,gini,,0.3025993743756281,0.5880499996595648,9,60,2074,PRUNED
128,1.0508453863659377,2026-02-26 10:43:11.943226,2026-02-26 10:43:19.378221,0 days 00:00:07.434995,,gini,,0.23435888522508733,0.6258230244174057,10,50,2026,COMPLETE
129,1.0486745103725652,2026-02-26 10:43:19.407836,2026-02-26 10:43:27.384492,0 days 00:00:07.976656,,gini,,0.28271535624018496,0.516175288189868,9,47,2223,COMPLETE
130,1.059827135122527,2026-02-26 10:43:27.415276,2026-02-26 10:43:28.902061,0 days 00:00:01.486785,,gini,32.0,0.2534805639659467,0.5464857031012729,10,47,321,PRUNED
131,1.0507227790529996,2026-02-26 10:43:28.937989,2026-02-26 10:43:36.574768,0 days 00:00:07.636779,,gini,,0.2842470727596448,0.5129713459007416,9,51,2133,COMPLETE
132,1.0504454670617025,2026-02-26 10:43:36.603511,2026-02-26 10:43:44.775159,0 days 00:00:08.171648,,gini,,0.22356236210490932,0.5110592704699235,9,48,2318,COMPLETE
133,1.050057533579876,2026-02-26 10:43:44.823213,2026-02-26 10:43:52.904370,0 days 00:00:08.081157,,gini,,0.31017586242079415,0.523770569741595,9,52,2227,COMPLETE
134,1.2428798667344385,2026-02-26 10:43:52.939154,2026-02-26 10:44:00.825712,0 days 00:00:07.886558,,gini,,0.33330049044809384,0.999101339309026,10,54,2174,PRUNED
135,1.069289134112001,2026-02-26 10:44:00.850057,2026-02-26 10:44:09.437172,0 days 00:00:08.587115,,gini,,0.27478678634543463,0.5815438905741203,9,56,2409,PRUNED
136,1.0505904644004047,2026-02-26 10:44:09.461257,2026-02-26 10:44:16.170821,0 days 00:00:06.709564,,gini,16.0,0.26154514386847305,0.5340574577231469,10,45,1837,COMPLETE
137,1.0506065945297631,2026-02-26 10:44:16.199484,2026-02-26 10:44:23.340125,0 days 00:00:07.140641,,gini,,0.23889676508313296,0.5564020850585596,9,58,2011,COMPLETE
138,1.0491934371486373,2026-02-26 10:44:23.368304,2026-02-26 10:44:31.237483,0 days 00:00:07.869179,,gini,12.0,0.21630915889032482,0.6094239817558875,8,50,2240,COMPLETE
139,1.0686809619842303,2026-02-26 10:44:31.265371,2026-02-26 10:44:38.128701,0 days 00:00:06.863330,,gini,12.0,0.19463441449875926,0.6131361305342853,8,50,1948,PRUNED
140,1.0511573393396123,2026-02-26 10:44:38.154400,2026-02-26 10:44:44.242342,0 days 00:00:06.087942,,gini,,0.2136610977974966,0.608013256219043,10,47,1690,PRUNED
141,1.208594123416214,2026-02-26 10:44:44.268256,2026-02-26 10:44:52.375153,0 days 00:00:08.106897,,gini,12.0,0.24904764392511716,0.5950051399285284,8,49,2270,PRUNED
142,1.2139068284572314,2026-02-26 10:44:52.412568,2026-02-26 10:45:00.527545,0 days 00:00:08.114977,,gini,12.0,0.28970642143959435,0.6288213663391998,9,53,2319,PRUNED
143,1.0672997598193457,2026-02-26 10:45:00.554584,2026-02-26 10:45:08.354044,0 days 00:00:07.799460,,gini,12.0,0.23095310959038504,0.5759821969422142,9,51,2210,PRUNED
144,1.0484169178031528,2026-02-26 10:45:08.379314,2026-02-26 10:45:16.954048,0 days 00:00:08.574734,,gini,,0.2651236579439768,0.6024466746724233,10,52,2362,COMPLETE
145,1.0714522930943484,2026-02-26 10:45:16.983572,2026-02-26 10:45:25.534496,0 days 00:00:08.550924,,gini,,0.1785942369163343,0.6453073314007414,10,52,2460,PRUNED
146,1.0690226605552535,2026-02-26 10:45:25.560354,2026-02-26 10:45:32.964394,0 days 00:00:07.404040,,gini,,0.20311381625458252,0.600696184563234,10,50,2115,PRUNED
147,1.237720969952351,2026-02-26 10:45:32.990363,2026-02-26 10:45:41.620508,0 days 00:00:08.630145,,gini,,0.46400640985640307,0.5633134695406029,10,48,2369,PRUNED
148,1.0994292442403468,2026-02-26 10:45:41.656311,2026-02-26 10:45:48.332004,0 days 00:00:06.675693,balanced,gini,,0.22074930063892942,0.6202636215294154,10,54,1890,PRUNED
149,1.0510642171011573,2026-02-26 10:45:48.355646,2026-02-26 10:45:56.634462,0 days 00:00:08.278816,,gini,26.0,0.26072117311433235,0.5429518663541983,10,53,2353,PRUNED
150,1.0696103473995746,2026-02-26 10:45:56.668276,2026-02-26 10:46:02.505028,0 days 00:00:05.836752,,gini,8.0,0.2418053045882367,0.5189521088844291,10,51,1654,PRUNED
151,1.0499569063878147,2026-02-26 10:46:02.530137,2026-02-26 10:46:10.637635,0 days 00:00:08.107498,,gini,,0.27476481261488395,0.505307840588773,9,55,2246,COMPLETE
152,1.0513289494538405,2026-02-26 10:46:10.670524,2026-02-26 10:46:18.510999,0 days 00:00:07.840475,,gini,,0.2676249779106977,0.5007907835914536,9,55,2224,PRUNED
153,1.2072785168222662,2026-02-26 10:46:18.535046,2026-02-26 10:46:26.749069,0 days 00:00:08.214023,,gini,,0.30069482820102705,0.5291213144790086,9,52,2162,PRUNED
154,1.0504454152955485,2026-02-26 10:46:26.774376,2026-02-26 10:46:33.995260,0 days 00:00:07.220884,,gini,,0.25475256045256983,0.5100810545209922,10,55,2044,COMPLETE
155,1.068372635795512,2026-02-26 10:46:34.024054,2026-02-26 10:46:42.273367,0 days 00:00:08.249313,,gini,,0.2874414439421527,0.5430721809933647,9,57,2309,PRUNED
156,1.221619320515438,2026-02-26 10:46:42.298548,2026-02-26 10:46:50.118607,0 days 00:00:07.820059,,gini,,0.31928820936678914,0.6530812665792258,9,49,2198,PRUNED
157,1.0495588873200787,2026-02-26 10:46:50.144188,2026-02-26 10:46:56.370231,0 days 00:00:06.226043,,gini,12.0,0.24087345218358167,0.5948327870780359,8,53,1735,COMPLETE
158,1.2111577020054638,2026-02-26 10:46:56.407776,2026-02-26 10:47:02.664753,0 days 00:00:06.256977,,gini,12.0,0.24352524682127882,0.5878997027365805,8,45,1721,PRUNED
159,1.0479678427043673,2026-02-26 10:47:02.691336,2026-02-26 10:47:08.332378,0 days 00:00:05.641042,,gini,12.0,0.27577986206742666,0.5718549248449248,8,53,1565,COMPLETE
160,1.0487917174160986,2026-02-26 10:47:08.384732,2026-02-26 10:47:14.026621,0 days 00:00:05.641889,,gini,12.0,0.23793544118402424,0.570601174368697,8,52,1566,COMPLETE
161,1.050458544875137,2026-02-26 10:47:14.055191,2026-02-26 10:47:19.630812,0 days 00:00:05.575621,,gini,12.0,0.22727404386908198,0.5700254393339391,8,53,1543,COMPLETE
162,1.049619000922211,2026-02-26 10:47:19.661317,2026-02-26 10:47:25.440033,0 days 00:00:05.778716,,gini,12.0,0.2571402684318242,0.5580243552755764,7,51,1611,COMPLETE
163,1.2107108122755896,2026-02-26 10:47:25.468401,2026-02-26 10:47:31.227225,0 days 00:00:05.758824,,gini,12.0,0.2672123387473748,0.5970306651754866,7,51,1620,PRUNED
164,1.2081910266430347,2026-02-26 10:47:31.252702,2026-02-26 10:47:36.946871,0 days 00:00:05.694169,,gini,12.0,0.23349428111451392,0.5765800062094687,7,49,1563,PRUNED
165,1.2149004276025819,2026-02-26 10:47:36.973632,2026-02-26 10:47:42.691279,0 days 00:00:05.717647,,gini,12.0,0.29259613201612095,0.5542253013811163,8,50,1609,PRUNED
166,1.0676387334457864,2026-02-26 10:47:42.717455,2026-02-26 10:47:47.988600,0 days 00:00:05.271145,,gini,12.0,0.21840304016297615,0.5874734442902847,8,47,1468,PRUNED
167,1.2091076821592888,2026-02-26 10:47:48.035522,2026-02-26 10:47:53.433247,0 days 00:00:05.397725,,gini,12.0,0.2510972594083499,0.6115331684712466,7,52,1518,PRUNED
168,1.2103753858973516,2026-02-26 10:47:53.478391,2026-02-26 10:47:59.749285,0 days 00:00:06.270894,,gini,12.0,0.27981686863824623,0.560615947511962,8,48,1770,PRUNED
169,1.0676860846149443,2026-02-26 10:47:59.774791,2026-02-26 10:48:04.922671,0 days 00:00:05.147880,,gini,12.0,0.19373510264496155,0.6656046058672549,8,51,1385,PRUNED
170,1.0872965091157059,2026-02-26 10:48:04.948571,2026-02-26 10:48:10.802035,0 days 00:00:05.853464,balanced,gini,12.0,0.2619751642600989,0.5715145915645526,7,50,1651,PRUNED
171,1.0495379224568224,2026-02-26 10:48:10.840736,2026-02-26 10:48:16.896823,0 days 00:00:06.056087,,gini,12.0,0.24759122439094908,0.5364324307020732,8,54,1694,COMPLETE
172,1.0491424174849429,2026-02-26 10:48:16.933140,2026-02-26 10:48:22.858135,0 days 00:00:05.924995,,gini,12.0,0.24092196720020284,0.531656002556149,8,54,1667,COMPLETE
173,1.050149264908658,2026-02-26 10:48:22.887200,2026-02-26 10:48:28.476187,0 days 00:00:05.588987,,gini,12.0,0.2395147185322681,0.5292870399497183,8,54,1566,COMPLETE
174,1.207317434755738,2026-02-26 10:48:28.505275,2026-02-26 10:48:34.410158,0 days 00:00:05.904883,,gini,12.0,0.22166041149190024,0.5365679831808676,8,37,1625,PRUNED
175,1.0503569920037568,2026-02-26 10:48:34.445015,2026-02-26 10:48:40.466716,0 days 00:00:06.021701,,gini,12.0,0.2390529372531902,0.5510469757374568,8,54,1695,COMPLETE
176,1.0484501909684032,2026-02-26 10:48:40.495587,2026-02-26 10:48:43.563917,0 days 00:00:03.068330,,gini,12.0,0.27111898902608766,0.5223397730956286,8,53,805,COMPLETE
177,1.0692042545420242,2026-02-26 10:48:43.594101,2026-02-26 10:48:46.376084,0 days 00:00:02.781983,,gini,12.0,0.2061966538432906,0.5241697435449568,8,53,744,PRUNED
178,1.2043487935296853,2026-02-26 10:48:46.400647,2026-02-26 10:48:48.889194,0 days 00:00:02.488547,,gini,12.0,0.26603820672496503,0.5479209143518227,8,52,671,PRUNED
179,1.0600067258081365,2026-02-26 10:48:48.914445,2026-02-26 10:48:51.201340,0 days 00:00:02.286895,,gini,12.0,0.25307567832282807,0.5150723396816939,7,50,577,PRUNED
180,1.0487861709896364,2026-02-26 10:48:51.227465,2026-02-26 10:48:56.644769,0 days 00:00:05.417304,,gini,12.0,0.22993041104786305,0.5376030070301315,8,54,1513,COMPLETE
181,1.0509314448830096,2026-02-26 10:48:56.675769,2026-02-26 10:49:02.315316,0 days 00:00:05.639547,,gini,12.0,0.2321596890723937,0.5324055578462332,8,52,1527,PRUNED
182,1.0495048930184105,2026-02-26 10:49:02.341657,2026-02-26 10:49:07.917130,0 days 00:00:05.575473,,gini,12.0,0.21800084811741421,0.5607907308651958,8,53,1559,COMPLETE
183,1.0502852793213167,2026-02-26 10:49:07.946786,2026-02-26 10:49:13.313827,0 days 00:00:05.367041,,gini,12.0,0.21311786917143458,0.522292534431488,8,54,1503,COMPLETE
184,1.0693753206820187,2026-02-26 10:49:13.343217,2026-02-26 10:49:16.318504,0 days 00:00:02.975287,,gini,12.0,0.19373808371835566,0.5428085664721416,8,53,805,PRUNED
185,1.0691835759749648,2026-02-26 10:49:16.343517,2026-02-26 10:49:21.883513,0 days 00:00:05.539996,,gini,12.0,0.1686028669061103,0.5646856132445708,8,56,1575,PRUNED
186,1.0497834126147214,2026-02-26 10:49:21.912600,2026-02-26 10:49:27.941775,0 days 00:00:06.029175,,gini,12.0,0.22660764378862316,0.5383117337946269,8,54,1686,COMPLETE
187,1.2051467917297953,2026-02-26 10:49:27.971248,2026-02-26 10:49:33.239818,0 days 00:00:05.268570,,gini,12.0,0.24283874517300513,0.5505822545120688,8,56,1430,PRUNED
188,1.0680194780006202,2026-02-26 10:49:33.269019,2026-02-26 10:49:38.541958,0 days 00:00:05.272939,,gini,12.0,0.20936136990303034,0.5197066946143856,8,53,1471,PRUNED
189,1.0688711413840388,2026-02-26 10:49:38.568407,2026-02-26 10:49:44.124398,0 days 00:00:05.555991,,gini,32.0,0.1866632617225085,0.5798411601795191,8,52,1577,PRUNED
190,1.2061581073135679,2026-02-26 10:49:44.153361,2026-02-26 10:49:50.016658,0 days 00:00:05.863297,,gini,16.0,0.30123982468232313,0.5288385239744355,8,55,1648,PRUNED
191,1.209477778899704,2026-02-26 10:49:50.049347,2026-02-26 10:49:55.704132,0 days 00:00:05.654785,,gini,12.0,0.2619083629112257,0.562117484042017,7,51,1600,PRUNED
192,1.048776519560596,2026-02-26 10:49:55.730295,2026-02-26 10:50:01.430665,0 days 00:00:05.700370,,gini,12.0,0.24980386983396333,0.5563852053311914,8,49,1537,COMPLETE
193,1.211610501846968,2026-02-26 10:50:01.461287,2026-02-26 10:50:06.845253,0 days 00:00:05.383966,,gini,12.0,0.27544869460089094,0.5693589547227419,8,49,1471,PRUNED
194,1.0480724491983093,2026-02-26 10:50:06.891150,2026-02-26 10:50:12.421226,0 days 00:00:05.530076,,gini,12.0,0.2281280524191378,0.5440257505463642,8,48,1539,COMPLETE
195,1.208772653919728,2026-02-26 10:50:12.449894,2026-02-26 10:50:17.901480,0 days 00:00:05.451586,,gini,12.0,0.22789611992575695,0.5451520874950266,4,46,1533,PRUNED
196,1.2043255886536584,2026-02-26 10:50:17.942286,2026-02-26 10:50:22.951234,0 days 00:00:05.008948,,gini,12.0,0.21402218397969067,0.5569486912386913,8,48,1405,PRUNED
197,1.0482241974172801,2026-02-26 10:50:22.982454,2026-02-26 10:50:28.697849,0 days 00:00:05.715395,,gini,12.0,0.25015509269530284,0.5347753655575032,8,49,1546,COMPLETE
198,1.2040966486794884,2026-02-26 10:50:28.728504,2026-02-26 10:50:34.086157,0 days 00:00:05.357653,,gini,12.0,0.27346786402669915,0.5181447420357397,8,47,1508,PRUNED
199,1.0490457352112643,2026-02-26 10:50:34.112831,2026-02-26 10:50:39.686619,0 days 00:00:05.573788,,gini,12.0,0.22315529896784908,0.5319725570660189,8,49,1551,COMPLETE
200,1.0509871251734793,2026-02-26 10:50:39.723348,2026-02-26 10:50:43.410704,0 days 00:00:03.687356,,gini,26.0,0.2934779951863129,0.5057819184267844,8,46,977,PRUNED
201,1.0501958923794128,2026-02-26 10:50:43.437193,2026-02-26 10:50:49.054638,0 days 00:00:05.617445,,gini,12.0,0.22827100550138113,0.5305176601580586,8,48,1572,COMPLETE
202,1.067641050300664,2026-02-26 10:50:49.091319,2026-02-26 10:50:54.616415,0 days 00:00:05.525096,,gini,12.0,0.19850398317907925,0.5489655182912215,8,49,1548,PRUNED
203,1.0508889101561045,2026-02-26 10:50:54.641460,2026-02-26 10:51:00.183834,0 days 00:00:05.542374,,gini,12.0,0.2476694845739487,0.5279647828656685,8,50,1477,PRUNED
204,1.2043931656321305,2026-02-26 10:51:00.231099,2026-02-26 10:51:05.647601,0 days 00:00:05.416502,,gini,12.0,0.22647937711146995,0.5342025776704051,8,44,1526,PRUNED
205,1.0696462735365075,2026-02-26 10:51:05.673814,2026-02-26 10:51:13.818774,0 days 00:00:08.144960,,gini,8.0,0.26384015704872704,0.5433596774841263,8,50,2328,PRUNED
206,1.05023549087157,2026-02-26 10:51:13.851147,2026-02-26 10:51:21.836834,0 days 00:00:07.985687,,gini,12.0,0.21038365461738442,0.5120371679974578,8,49,2293,COMPLETE
207,1.0491891372828364,2026-02-26 10:51:21.866196,2026-02-26 10:51:26.766452,0 days 00:00:04.900256,,gini,12.0,0.240840470658459,0.5688050946267715,8,51,1306,COMPLETE
208,1.2062017141854036,2026-02-26 10:51:26.795977,2026-02-26 10:51:31.768167,0 days 00:00:04.972190,,gini,12.0,0.24169292215257948,0.5723809114808447,8,48,1399,PRUNED
209,1.2326006856362615,2026-02-26 10:51:31.802607,2026-02-26 10:51:36.686838,0 days 00:00:04.884231,balanced,gini,12.0,0.5056332135021379,0.6920652816466157,9,51,1327,PRUNED
210,1.2060394663612062,2026-02-26 10:51:36.712006,2026-02-26 10:51:40.558457,0 days 00:00:03.846451,,gini,12.0,0.2596749987848409,0.5515670902205096,9,47,1055,PRUNED
211,1.2046073564229187,2026-02-26 10:51:40.595680,2026-02-26 10:51:46.084778,0 days 00:00:05.489098,,gini,12.0,0.23851019459304304,0.560420305938614,8,51,1558,PRUNED
212,1.20406532114775,2026-02-26 10:51:46.127172,2026-02-26 10:51:49.171045,0 days 00:00:03.043873,,gini,12.0,0.22070948605134122,0.5783014111584092,8,49,826,PRUNED
213,1.208032764770798,2026-02-26 10:51:49.220647,2026-02-26 10:51:57.232725,0 days 00:00:08.012078,,gini,12.0,0.2810981596505717,0.5385760991812607,8,52,2235,PRUNED
214,1.0674790234459652,2026-02-26 10:51:57.258729,2026-02-26 10:52:00.643617,0 days 00:00:03.384888,,gini,12.0,0.24512882509700337,0.5579360036739193,8,50,922,PRUNED
215,1.0500135161505795,2026-02-26 10:52:00.670125,2026-02-26 10:52:06.394061,0 days 00:00:05.723936,,gini,12.0,0.20364306264734217,0.5866696511384903,8,51,1606,COMPLETE
216,1.067615374667231,2026-02-26 10:52:06.422279,2026-02-26 10:52:11.725709,0 days 00:00:05.303430,,gini,16.0,0.182175352968505,0.5439554471074342,8,31,1499,PRUNED
217,1.2048058642836244,2026-02-26 10:52:11.753149,2026-02-26 10:52:15.831551,0 days 00:00:04.078402,,gini,32.0,0.25543536860464017,0.5244583636656374,8,52,1140,PRUNED
218,1.2097629183074232,2026-02-26 10:52:15.873652,2026-02-26 10:52:21.625760,0 days 00:00:05.752108,,gini,12.0,0.23099631901780726,0.5675654799545564,7,49,1637,PRUNED
219,1.2042477554854196,2026-02-26 10:52:21.652695,2026-02-26 10:52:26.946052,0 days 00:00:05.293357,,gini,12.0,0.2720144493403631,0.5009285610654439,9,53,1434,PRUNED
220,1.2114652980297276,2026-02-26 10:52:26.980575,2026-02-26 10:52:35.513477,0 days 00:00:08.532902,,gini,12.0,0.2163701199068027,0.5174625070596768,9,14,2425,PRUNED
221,1.0678547935935512,2026-02-26 10:52:35.551491,2026-02-26 10:52:41.172090,0 days 00:00:05.620599,,gini,12.0,0.2521372576686878,0.5377089679194506,8,54,1587,PRUNED
222,1.0490936467130922,2026-02-26 10:52:41.198371,2026-02-26 10:52:49.161499,0 days 00:00:07.963128,,gini,12.0,0.24551131565534262,0.537047085349988,8,54,2260,COMPLETE
223,1.2052916077085776,2026-02-26 10:52:49.207719,2026-02-26 10:52:57.212829,0 days 00:00:08.005110,,gini,12.0,0.2338138426801723,0.5532066261780441,8,52,2256,PRUNED
224,1.048848625485542,2026-02-26 10:52:57.237964,2026-02-26 10:53:04.891966,0 days 00:00:07.654002,,gini,12.0,0.2678339332756831,0.5311908827297611,8,55,2168,COMPLETE
225,1.2041644426514937,2026-02-26 10:53:04.922119,2026-02-26 10:53:12.595542,0 days 00:00:07.673423,,gini,12.0,0.28380078330997344,0.5225527049932511,8,55,2198,PRUNED
226,1.207106598246395,2026-02-26 10:53:12.634006,2026-02-26 10:53:20.472974,0 days 00:00:07.838968,,gini,,0.26545713372753593,0.5332771124313302,7,56,2171,PRUNED
227,1.2196346986474624,2026-02-26 10:53:20.509022,2026-02-26 10:53:28.489832,0 days 00:00:07.980810,,gini,12.0,0.24804752134394398,0.5156905666825288,2,50,2284,PRUNED
228,1.0683004179095474,2026-02-26 10:53:28.516890,2026-02-26 10:53:36.362776,0 days 00:00:07.845886,,gini,,0.2695718435531991,0.5297508741720212,9,55,2232,PRUNED
229,1.2106425014865119,2026-02-26 10:53:36.388993,2026-02-26 10:53:44.787086,0 days 00:00:08.398093,,gini,8.0,0.28618384553439014,0.5465511265845616,8,51,2366,PRUNED
230,1.0489211919089434,2026-02-26 10:53:44.814669,2026-02-26 10:53:52.908964,0 days 00:00:08.094295,,gini,26.0,0.2564503684757198,0.5385003357326532,8,57,2300,COMPLETE
231,1.0669463088703088,2026-02-26 10:53:52.938577,2026-02-26 10:54:01.037701,0 days 00:00:08.099124,,gini,12.0,0.256176293300433,0.5403492901900115,8,58,2308,PRUNED
232,1.0496647351440598,2026-02-26 10:54:01.067020,2026-02-26 10:54:09.172481,0 days 00:00:08.105461,,gini,26.0,0.23990205986546323,0.5285705613999059,8,57,2262,COMPLETE
233,1.2176829562648868,2026-02-26 10:54:09.203216,2026-02-26 10:54:17.027346,0 days 00:00:07.824130,,gini,26.0,0.26287744202509783,0.7090795488537233,8,54,2149,PRUNED
234,1.0473222925367989,2026-02-26 10:54:17.053915,2026-02-26 10:54:18.947578,0 days 00:00:01.893663,,gini,,0.24787688211181264,0.5493158037664556,8,56,456,COMPLETE
235,1.0698285036213266,2026-02-26 10:54:18.996455,2026-02-26 10:54:20.723657,0 days 00:00:01.727202,,gini,12.0,0.23254987469509483,0.5102668750938769,8,56,429,PRUNED
236,1.212833183944276,2026-02-26 10:54:20.749788,2026-02-26 10:54:23.502723,0 days 00:00:02.752935,,gini,26.0,0.30412673576568866,0.5496252701860739,8,53,734,PRUNED
237,1.2099062975425918,2026-02-26 10:54:23.529407,2026-02-26 10:54:25.595313,0 days 00:00:02.065906,,gini,26.0,0.2747557755504062,0.6310421445723372,8,48,529,PRUNED
238,1.2094562394505366,2026-02-26 10:54:25.622204,2026-02-26 10:54:33.856016,0 days 00:00:08.233812,,gini,26.0,0.24739366702141144,0.6169231683911915,8,54,2346,PRUNED
239,1.2136512460210362,2026-02-26 10:54:33.900827,2026-02-26 10:54:41.922766,0 days 00:00:08.021939,,gini,,0.22933942429002624,0.5232459506159124,5,46,2292,PRUNED
240,1.2028968797431705,2026-02-26 10:54:41.949650,2026-02-26 10:54:47.491292,0 days 00:00:05.541642,,gini,12.0,0.2622866131475407,0.5692105064249716,8,55,1504,PRUNED
241,1.0502515079441994,2026-02-26 10:54:47.517453,2026-02-26 10:54:55.426666,0 days 00:00:07.909213,,gini,,0.24990797110534563,0.5369914019621722,8,57,2232,COMPLETE
242,1.0491089837146106,2026-02-26 10:54:55.457909,2026-02-26 10:55:03.339258,0 days 00:00:07.881349,,gini,,0.2426557759581579,0.5467352928466749,10,52,2222,COMPLETE
243,1.2197195153129246,2026-02-26 10:55:03.369994,2026-02-26 10:55:11.354917,0 days 00:00:07.984923,,gini,,0.23900535623962454,0.9650696649643645,10,52,2177,PRUNED
244,1.2026656002729235,2026-02-26 10:55:11.390996,2026-02-26 10:55:19.787387,0 days 00:00:08.396391,,gini,,0.27523747721381153,0.554699531386843,10,51,2390,PRUNED
245,1.0493667937641327,2026-02-26 10:55:19.825853,2026-02-26 10:55:27.569496,0 days 00:00:07.743643,,gini,,0.21936023437363653,0.5470130481677494,10,50,2191,COMPLETE
246,1.0688929836084518,2026-02-26 10:55:27.597902,2026-02-26 10:55:31.375373,0 days 00:00:03.777471,,gini,,0.2899863724400983,0.5350100660892876,10,53,1031,PRUNED
247,1.0811009556083544,2026-02-26 10:55:31.400468,2026-02-26 10:55:34.567361,0 days 00:00:03.166893,balanced,gini,12.0,0.25605702883341974,0.5591848317593494,10,22,847,PRUNED
248,1.2038218154529128,2026-02-26 10:55:34.600583,2026-02-26 10:55:42.151069,0 days 00:00:07.550486,,gini,,0.23413090929265934,0.5840266832807208,8,49,2101,PRUNED
249,1.067558854376826,2026-02-26 10:55:42.177231,2026-02-26 10:55:47.613709,0 days 00:00:05.436478,,gini,12.0,0.2033991955816698,0.5207488686703295,8,52,1537,PRUNED
250,1.0493803654425191,2026-02-26 10:55:47.646530,2026-02-26 10:55:55.846346,0 days 00:00:08.199816,,entropy,12.0,0.26613054463210617,0.5304224407840629,8,55,2325,COMPLETE
251,1.0511635723387966,2026-02-26 10:55:55.885310,2026-02-26 10:55:58.254859,0 days 00:00:02.369549,,gini,,0.24693440495101102,0.5447744733664477,10,53,593,PRUNED
252,1.2219928358328604,2026-02-26 10:55:58.280202,2026-02-26 10:56:06.231624,0 days 00:00:07.951422,,gini,20.0,0.2231644878221828,0.5727933740491566,3,47,2269,PRUNED
253,1.2100164248783043,2026-02-26 10:56:06.257401,2026-02-26 10:56:12.226539,0 days 00:00:05.969138,,gini,12.0,0.2821725112946561,0.5626045698915747,8,50,1632,PRUNED
254,1.0483189701448599,2026-02-26 10:56:12.260404,2026-02-26 10:56:17.579058,0 days 00:00:05.318654,,gini,,0.23783350897163177,0.5934416267455556,8,54,1465,COMPLETE
255,1.068094672833255,2026-02-26 10:56:17.609712,2026-02-26 10:56:22.941915,0 days 00:00:05.332203,,gini,16.0,0.2166661246891304,0.5882407043177582,8,52,1456,PRUNED
256,1.203596067753627,2026-02-26 10:56:22.968945,2026-02-26 10:56:28.300072,0 days 00:00:05.331127,,gini,32.0,0.23525583049099144,0.5989052478226234,8,54,1486,PRUNED
257,1.2120484304802526,2026-02-26 10:56:28.326574,2026-02-26 10:56:33.802686,0 days 00:00:05.476112,,gini,12.0,0.25003058872495704,0.6096288809243443,8,51,1539,PRUNED
258,1.2082238166937904,2026-02-26 10:56:33.829226,2026-02-26 10:56:39.242757,0 days 00:00:05.413531,,gini,,0.20253894152069302,0.5814337127534353,7,48,1458,PRUNED
259,1.2052938353403488,2026-02-26 10:56:39.268357,2026-02-26 10:56:44.132706,0 days 00:00:04.864349,,gini,12.0,0.23445885417479395,0.602102397634664,8,53,1356,PRUNED
260,1.209745336831598,2026-02-26 10:56:44.159614,2026-02-26 10:56:45.530924,0 days 00:00:01.371310,,gini,,0.2570763184972031,0.5733410909264708,10,50,325,PRUNED
261,1.2080989226041714,2026-02-26 10:56:45.559557,2026-02-26 10:56:51.172337,0 days 00:00:05.612780,,gini,12.0,0.2189258904581045,0.7237134729450421,8,56,1584,PRUNED
262,1.0480890657311037,2026-02-26 10:56:51.199426,2026-02-26 10:56:56.687224,0 days 00:00:05.487798,,gini,,0.23876005260976274,0.5918735629336147,8,52,1512,COMPLETE
263,1.2028466205465527,2026-02-26 10:56:56.718328,2026-02-26 10:57:02.167613,0 days 00:00:05.449285,,gini,,0.24432066653854517,0.5940081339328225,8,54,1520,PRUNED
264,1.2031324899028082,2026-02-26 10:57:02.193695,2026-02-26 10:57:07.525593,0 days 00:00:05.331898,,gini,,0.2648204441657864,0.5518132903571923,8,52,1428,PRUNED
265,1.2286269008489161,2026-02-26 10:57:07.551482,2026-02-26 10:57:13.185790,0 days 00:00:05.634308,,gini,,0.3958751622774181,0.565481167423407,8,54,1559,PRUNED
266,1.097050699704784,2026-02-26 10:57:13.212056,2026-02-26 10:57:17.512116,0 days 00:00:04.300060,balanced,gini,,0.2406432581226741,0.5828490402811777,10,52,1185,PRUNED
267,1.203241815357846,2026-02-26 10:57:17.547728,2026-02-26 10:57:22.933883,0 days 00:00:05.386155,,gini,,0.2562330287751707,0.5436968768492018,8,51,1504,PRUNED
268,1.2104077431497102,2026-02-26 10:57:22.966588,2026-02-26 10:57:28.740798,0 days 00:00:05.774210,,entropy,26.0,0.29514173005413225,0.5906268079205067,6,53,1604,PRUNED
269,1.0677599254681052,2026-02-26 10:57:28.768121,2026-02-26 10:57:34.059888,0 days 00:00:05.291767,,gini,,0.23152527292898428,0.5552475065675964,10,56,1481,PRUNED
270,1.211869970293026,2026-02-26 10:57:34.113096,2026-02-26 10:57:36.825950,0 days 00:00:02.712854,,gini,20.0,0.27518033773938805,0.5739946193451848,8,48,666,PRUNED
271,1.2257355920866508,2026-02-26 10:57:36.853140,2026-02-26 10:57:38.699124,0 days 00:00:01.845984,,gini,8.0,0.09201932542136682,0.5361266308750903,7,54,485,PRUNED
272,1.20937695081226,2026-02-26 10:57:38.725950,2026-02-26 10:57:44.253147,0 days 00:00:05.527197,,gini,,0.2576982043719083,0.5654925379094894,8,49,1547,PRUNED
273,1.2566912745231822,2026-02-26 10:57:44.292571,2026-02-26 10:57:49.436122,0 days 00:00:05.143551,,gini,,0.5582017368666915,0.5280981754946068,8,55,1401,PRUNED
274,1.067075538061862,2026-02-26 10:57:49.463826,2026-02-26 10:57:53.441902,0 days 00:00:03.978076,,gini,,0.22682149666833892,0.5404723388024897,10,52,1091,PRUNED
275,1.0484277714160224,2026-02-26 10:57:53.468624,2026-02-26 10:57:58.256873,0 days 00:00:04.788249,,gini,12.0,0.24187720306451307,0.5531175275574628,8,51,1314,COMPLETE
276,1.2077328152556335,2026-02-26 10:57:58.287590,2026-02-26 10:58:04.363999,0 days 00:00:06.076409,,gini,12.0,0.2722944622522102,0.5539788012206663,8,53,1660,PRUNED
277,1.2032842536273856,2026-02-26 10:58:04.390109,2026-02-26 10:58:10.049501,0 days 00:00:05.659392,,gini,,0.3140752053768757,0.5461372957610751,10,51,1581,PRUNED
278,1.0493137203060283,2026-02-26 10:58:10.087217,2026-02-26 10:58:15.490642,0 days 00:00:05.403425,,gini,12.0,0.24935297071336987,0.5288610707461612,8,55,1503,COMPLETE
279,1.0726113805819875,2026-02-26 10:58:15.536231,2026-02-26 10:58:21.135008,0 days 00:00:05.598777,,gini,26.0,0.15830235313324592,0.5193405575708676,8,49,1601,PRUNED
280,1.2031471448387285,2026-02-26 10:58:21.161292,2026-02-26 10:58:26.355175,0 days 00:00:05.193883,,gini,,0.28531723184944896,0.5359454636334402,8,57,1445,PRUNED
281,1.2024461674919282,2026-02-26 10:58:26.384185,2026-02-26 10:58:34.775173,0 days 00:00:08.390988,,gini,32.0,0.19483240020980047,0.5530251134758306,8,33,2359,PRUNED
282,1.20964343551682,2026-02-26 10:58:34.803334,2026-02-26 10:58:38.284429,0 days 00:00:03.481095,,gini,12.0,0.2646855386341644,0.5927864437422763,10,47,944,PRUNED
283,1.0669856085222638,2026-02-26 10:58:38.309673,2026-02-26 10:58:43.781037,0 days 00:00:05.471364,,gini,16.0,0.22463738583126944,0.541413546668855,7,53,1537,PRUNED
284,1.2138597845306796,2026-02-26 10:58:43.806633,2026-02-26 10:58:49.617060,0 days 00:00:05.810427,,gini,20.0,0.244707139051876,0.5073093933824333,4,50,1640,PRUNED
285,1.0807415721697402,2026-02-26 10:58:49.652876,2026-02-26 10:58:52.906961,0 days 00:00:03.254085,balanced,gini,,0.21470717449453228,0.5596016956903845,8,2,862,PRUNED
286,1.2081236083925817,2026-02-26 10:58:52.933097,2026-02-26 10:59:01.123327,0 days 00:00:08.190230,,gini,12.0,0.25911211080681995,0.5247094398897617,8,45,2303,PRUNED
287,1.2122110526985548,2026-02-26 10:59:01.327588,2026-02-26 10:59:10.063743,0 days 00:00:08.736155,,gini,,0.2395036576851595,0.5477021494702897,9,28,2472,PRUNED
288,1.2179850258518334,2026-02-26 10:59:10.118847,2026-02-26 10:59:11.715259,0 days 00:00:01.596412,,gini,12.0,0.2776299894863285,0.6845047153184103,10,54,390,PRUNED
289,1.204311628393297,2026-02-26 10:59:11.746487,2026-02-26 10:59:17.568331,0 days 00:00:05.821844,,gini,,0.22836032730048317,0.6025232038955871,8,52,1565,PRUNED
290,1.2156887845159619,2026-02-26 10:59:17.599967,2026-02-26 10:59:22.965436,0 days 00:00:05.365469,,gini,12.0,0.20360700003690482,0.8989762319809054,7,56,1477,PRUNED
291,1.2023591476800437,2026-02-26 10:59:22.994493,2026-02-26 10:59:28.564973,0 days 00:00:05.570480,,entropy,,0.29146022104118513,0.6688852594758828,8,58,1524,PRUNED
292,1.2090684454018596,2026-02-26 10:59:28.603468,2026-02-26 10:59:37.229519,0 days 00:00:08.626051,,gini,12.0,0.25212730295628866,0.5791778527610719,8,49,2411,PRUNED
293,1.0670035792929258,2026-02-26 10:59:37.258079,2026-02-26 10:59:42.203077,0 days 00:00:04.944998,,gini,12.0,0.2610658165222909,0.5349809805860043,10,51,1370,PRUNED
294,1.2036381306365884,2026-02-26 10:59:42.232877,2026-02-26 10:59:49.760887,0 days 00:00:07.528010,,gini,,0.23931440702187554,0.6236714772119484,8,53,2131,PRUNED
295,1.049869477988611,2026-02-26 10:59:49.791587,2026-02-26 10:59:57.944596,0 days 00:00:08.153009,,gini,12.0,0.27006759709410133,0.5611755576755788,8,55,2249,COMPLETE
296,1.2781011789365828,2026-02-26 10:59:57.982294,2026-02-26 11:00:03.806347,0 days 00:00:05.824053,,gini,26.0,0.6774003812778103,0.5311693497870177,9,48,1590,PRUNED
297,1.0692551646780433,2026-02-26 11:00:03.832989,2026-02-26 11:00:06.742210,0 days 00:00:02.909221,,gini,,0.21132913297970113,0.5479645281634639,10,40,760,PRUNED
298,1.0692003690915615,2026-02-26 11:00:06.775866,2026-02-26 11:00:14.842220,0 days 00:00:08.066354,,gini,8.0,0.22639356804243416,0.5153121582691119,9,54,2336,PRUNED
299,1.2031115565236372,2026-02-26 11:00:14.869833,2026-02-26 11:00:20.615541,0 days 00:00:05.745708,,gini,20.0,0.1752957603232304,0.6152748798865043,8,52,1633,PRUNED
300,1.2021903602299462,2026-02-26 11:00:20.640454,2026-02-26 11:00:26.619247,0 days 00:00:05.978793,,gini,12.0,0.1289726654492099,0.5836992424874693,6,50,1419,PRUNED
301,1.219215008361396,2026-02-26 11:00:26.751227,2026-02-26 11:00:34.683516,0 days 00:00:07.932289,,gini,,0.2429511646215556,0.7419817907213209,8,51,2213,PRUNED
302,1.0676779156754894,2026-02-26 11:00:34.714994,2026-02-26 11:00:39.337281,0 days 00:00:04.622287,,gini,12.0,0.27524086985307894,0.5391463989471071,8,56,1279,PRUNED
303,1.217913233421563,2026-02-26 11:00:39.363858,2026-02-26 11:00:47.521548,0 days 00:00:08.157690,,gini,,0.25505610098013926,0.5685968182308966,10,4,2280,PRUNED
304,1.0927617057015016,2026-02-26 11:00:47.548792,2026-02-26 11:00:51.281396,0 days 00:00:03.732604,balanced,gini,12.0,0.30263219319219103,0.5236910288585004,9,54,994,PRUNED
305,1.2033986960530119,2026-02-26 11:00:51.365094,2026-02-26 11:01:00.286523,0 days 00:00:08.921429,,gini,,0.18636835076963817,0.5582431354940761,5,49,1535,PRUNED
306,1.2228365856443688,2026-02-26 11:08:19.454706,2026-02-26 11:08:25.727272,0 days 00:00:06.272566,,gini,12.0,0.2312252108295313,0.9299795486630184,8,52,1493,PRUNED
307,1.2185317653589351,2026-02-26 11:08:25.757740,2026-02-26 11:08:32.560477,0 days 00:00:06.802737,,gini,,0.24851439141927562,0.6367310140845733,7,47,1679,PRUNED
308,1.2154000596600527,2026-02-26 11:08:32.586830,2026-02-26 11:08:38.932673,0 days 00:00:06.345843,,gini,12.0,0.21128532788208548,0.8745530910011001,8,53,1573,PRUNED
309,1.2042160586627901,2026-02-26 11:08:38.960604,2026-02-26 11:08:44.822264,0 days 00:00:05.861660,,gini,,0.26729866304819855,0.5931554427705293,8,57,1452,PRUNED
310,1.2157828789753935,2026-02-26 11:08:44.860750,2026-02-26 11:08:53.668947,0 days 00:00:08.808197,,gini,26.0,0.2908306766842944,0.6579597437749274,10,50,2202,PRUNED
311,1.2023870492764037,2026-02-26 11:08:53.708967,2026-02-26 11:09:00.078090,0 days 00:00:06.369123,,gini,12.0,0.2244013672838841,0.5746724182216093,8,51,1607,PRUNED
312,1.0486314499131373,2026-02-26 11:09:00.109578,2026-02-26 11:09:04.843046,0 days 00:00:04.733468,,entropy,16.0,0.24015788242542918,0.553409083009673,7,54,1113,COMPLETE
313,1.209588023019414,2026-02-26 11:09:04.885844,2026-02-26 11:09:09.580204,0 days 00:00:04.694360,,entropy,32.0,0.2550181844698576,0.5552766276601089,6,46,1122,PRUNED
314,1.049036342637851,2026-02-26 11:09:09.607566,2026-02-26 11:09:13.402371,0 days 00:00:03.794805,,entropy,16.0,0.2799072119062277,0.5633239464078577,9,52,874,COMPLETE
315,1.206758143073934,2026-02-26 11:09:13.433358,2026-02-26 11:09:16.929566,0 days 00:00:03.496208,,entropy,26.0,0.2924744322184314,0.5754948813671528,7,55,783,PRUNED
316,1.2020676928963732,2026-02-26 11:09:16.956912,2026-02-26 11:09:21.325182,0 days 00:00:04.368270,,entropy,16.0,0.27577286999395034,0.56426687578853,9,48,1063,PRUNED
317,1.067950847449933,2026-02-26 11:09:21.352620,2026-02-26 11:09:24.394181,0 days 00:00:03.041561,,entropy,8.0,0.30297985073282946,0.5872647450364044,9,53,706,PRUNED
318,1.2352109897661159,2026-02-26 11:09:24.425936,2026-02-26 11:09:29.546149,0 days 00:00:05.120213,,entropy,16.0,0.2830381210009195,0.5981785780049789,7,24,1216,PRUNED
319,1.2054039665547256,2026-02-26 11:09:29.572054,2026-02-26 11:09:34.404751,0 days 00:00:04.832697,,entropy,16.0,0.31291229819784866,0.5707041095293306,9,50,1184,PRUNED
320,1.048443363505467,2026-02-26 11:09:34.432865,2026-02-26 11:09:38.368820,0 days 00:00:03.935955,,entropy,16.0,0.26208238682060586,0.6070533460823004,9,55,918,COMPLETE
321,1.0497358686562488,2026-02-26 11:09:38.406267,2026-02-26 11:09:42.589026,0 days 00:00:04.182759,,entropy,16.0,0.26409923375913363,0.6140053694476387,9,58,986,COMPLETE
322,1.0674854202193942,2026-02-26 11:09:42.619126,2026-02-26 11:09:46.926431,0 days 00:00:04.307305,,entropy,16.0,0.33130432895038975,0.6026841407411245,9,56,1033,PRUNED
323,1.2096401116324964,2026-02-26 11:09:46.953170,2026-02-26 11:09:50.685133,0 days 00:00:03.731963,,entropy,16.0,0.2808429605277384,0.6209805418265588,9,52,878,PRUNED
324,1.0882387015639379,2026-02-26 11:09:50.717871,2026-02-26 11:09:54.682779,0 days 00:00:03.964908,balanced,entropy,16.0,0.2671393725126342,0.6068906958001123,9,55,938,PRUNED
325,1.063438859558016,2026-02-26 11:09:54.717282,2026-02-26 11:09:58.468744,0 days 00:00:03.751462,,entropy,16.0,0.1962180108459386,0.5852975551049225,9,48,889,PRUNED
326,1.202730964517247,2026-02-26 11:09:58.494958,2026-02-26 11:10:02.246042,0 days 00:00:03.751084,,entropy,16.0,0.2650061382232009,0.5969342191595454,9,50,896,PRUNED
327,1.3257709654707972,2026-02-26 11:10:02.293013,2026-02-26 11:10:06.641648,0 days 00:00:04.348635,,entropy,16.0,0.7805629701977964,0.5620370817758246,1,53,918,PRUNED
328,1.05068615965856,2026-02-26 11:10:06.669797,2026-02-26 11:10:10.409729,0 days 00:00:03.739932,,entropy,16.0,0.23287397929630724,0.5762125312774758,9,59,827,PRUNED
329,1.2261178573408884,2026-02-26 11:10:10.437589,2026-02-26 11:10:14.477125,0 days 00:00:04.039536,,entropy,16.0,0.29349111730054744,0.763330162469799,7,51,962,PRUNED
330,1.2144818470151753,2026-02-26 11:10:14.514460,2026-02-26 11:10:18.768770,0 days 00:00:04.254310,,entropy,16.0,0.2544852869505599,0.6952143951012064,6,56,1021,PRUNED
331,1.0494832266717162,2026-02-26 11:10:18.796198,2026-02-26 11:10:23.423795,0 days 00:00:04.627597,,entropy,16.0,0.21849760858415998,0.5524925428936731,9,49,1113,COMPLETE
332,1.2031751279652732,2026-02-26 11:10:23.454498,2026-02-26 11:10:26.833597,0 days 00:00:03.379099,,log_loss,20.0,0.2789665140846358,0.5885709259991481,7,55,798,PRUNED
333,1.0501490601237118,2026-02-26 11:10:26.860485,2026-02-26 11:10:32.965230,0 days 00:00:06.104745,,entropy,16.0,0.24922552649383775,0.6104077214063424,9,57,1491,COMPLETE
334,1.0483376052601918,2026-02-26 11:10:32.997788,2026-02-26 11:10:39.264361,0 days 00:00:06.266573,,entropy,16.0,0.23513809134846012,0.5670992137322214,9,53,1532,COMPLETE
335,1.2021258055066093,2026-02-26 11:10:39.308728,2026-02-26 11:10:45.601765,0 days 00:00:06.293037,,entropy,16.0,0.21067508112636493,0.5654152893151052,9,36,1539,PRUNED
336,1.0497351140806175,2026-02-26 11:10:45.628403,2026-02-26 11:10:51.465406,0 days 00:00:05.837003,,entropy,16.0,0.2307456947956092,0.5545509536577267,9,54,1451,COMPLETE
337,1.209080751285744,2026-02-26 11:10:51.499014,2026-02-26 11:10:56.957980,0 days 00:00:05.458966,,entropy,16.0,0.26526632118668225,0.64451393158326,9,47,1367,PRUNED
338,1.220779245032194,2026-02-26 11:10:56.985409,2026-02-26 11:11:02.969311,0 days 00:00:05.983902,,entropy,16.0,0.4435029724649949,0.5771115412685087,9,53,1525,PRUNED
339,1.0504699303030587,2026-02-26 11:11:02.997170,2026-02-26 11:11:08.460837,0 days 00:00:05.463667,,entropy,16.0,0.2410389268033727,0.5456647015132317,9,44,1413,PRUNED
340,1.0664487885657632,2026-02-26 11:11:08.498390,2026-02-26 11:11:14.235405,0 days 00:00:05.737015,,entropy,16.0,0.19647140873555524,0.5666532184088819,9,51,1496,PRUNED
341,1.0505876200407855,2026-02-26 11:11:14.262877,2026-02-26 11:11:17.786740,0 days 00:00:03.523863,,entropy,20.0,0.22467658866362566,0.5575320409727347,8,52,863,PRUNED
342,1.0490611042433018,2026-02-26 11:11:17.811725,2026-02-26 11:11:23.997099,0 days 00:00:06.185374,,entropy,16.0,0.28060672383950575,0.5433081236812132,8,55,1561,COMPLETE
343,1.048428604157207,2026-02-26 11:11:24.028870,2026-02-26 11:11:28.784343,0 days 00:00:04.755473,,log_loss,16.0,0.25340679561157564,0.510683653627265,8,54,1159,COMPLETE
344,1.24916633303475,2026-02-26 11:11:28.817205,2026-02-26 11:11:32.652193,0 days 00:00:03.834988,,log_loss,16.0,0.06953265421068733,0.5032891450504211,8,54,1074,PRUNED
345,1.092125715977104,2026-02-26 11:11:32.681999,2026-02-26 11:11:37.170990,0 days 00:00:04.488991,balanced,log_loss,16.0,0.31351794100475716,0.5092560151275927,9,56,1167,PRUNED
346,1.0490469926114057,2026-02-26 11:11:37.200761,2026-02-26 11:11:41.640405,0 days 00:00:04.439644,,entropy,16.0,0.25662802354832287,0.5177473400666692,8,54,1108,COMPLETE
347,1.2041225087667977,2026-02-26 11:11:41.670441,2026-02-26 11:11:46.940851,0 days 00:00:05.270410,,log_loss,16.0,0.2702938635851405,0.5780143819016927,8,53,1328,PRUNED
348,1.0495774124737423,2026-02-26 11:11:46.967829,2026-02-26 11:11:51.797901,0 days 00:00:04.830072,,log_loss,16.0,0.29753922496920016,0.5157527461599558,6,55,1135,COMPLETE
349,1.2064675712411,2026-02-26 11:11:51.827870,2026-02-26 11:11:54.057648,0 days 00:00:02.229778,,gini,32.0,0.2539622316982615,0.5640910673491204,7,57,503,PRUNED
350,1.0484056839350802,2026-02-26 11:11:54.084250,2026-02-26 11:11:59.291166,0 days 00:00:05.206916,,log_loss,26.0,0.27881851008051206,0.5003533383322437,9,52,1256,COMPLETE
351,1.0496129051994638,2026-02-26 11:11:59.325276,2026-02-26 11:12:04.863248,0 days 00:00:05.537972,,log_loss,26.0,0.23914592726015843,0.5040165781695695,8,53,1317,COMPLETE
352,1.0495843350063123,2026-02-26 11:12:04.904326,2026-02-26 11:12:10.153389,0 days 00:00:05.249063,,log_loss,26.0,0.2616852524682901,0.5073919953155105,8,56,1269,COMPLETE
353,1.0724292736993806,2026-02-26 11:12:10.184110,2026-02-26 11:12:15.005848,0 days 00:00:04.821738,,log_loss,26.0,0.14373137989663634,0.5041636680656022,8,54,1209,PRUNED
354,1.2120848940565077,2026-02-26 11:12:15.032860,2026-02-26 11:12:20.040331,0 days 00:00:05.007471,,log_loss,26.0,0.3498412437219459,0.5165143619118766,8,51,1214,PRUNED
355,1.2054526863694406,2026-02-26 11:12:20.082610,2026-02-26 11:12:25.141643,0 days 00:00:05.059033,,log_loss,26.0,0.25028023054563314,0.7134393476849474,9,52,1236,PRUNED
356,1.229234679208007,2026-02-26 11:12:25.167934,2026-02-26 11:12:27.938637,0 days 00:00:02.770703,,log_loss,26.0,0.28798423599173395,0.5230776704112182,8,18,620,PRUNED
357,1.051628797816363,2026-02-26 11:12:27.975002,2026-02-26 11:12:33.281603,0 days 00:00:05.306601,,log_loss,,0.23689113197270195,0.5013835121108958,9,58,1286,PRUNED
358,1.0505234053212593,2026-02-26 11:12:33.317053,2026-02-26 11:12:38.174776,0 days 00:00:04.857723,,log_loss,20.0,0.2751399688380072,0.5123886776965648,8,54,1155,PRUNED
359,1.0502758415067839,2026-02-26 11:12:38.206587,2026-02-26 11:12:44.024824,0 days 00:00:05.818237,,log_loss,,0.2601710782122938,0.5305426590672222,7,55,1383,PRUNED
360,1.0679812126258013,2026-02-26 11:12:44.063324,2026-02-26 11:12:49.998303,0 days 00:00:05.934979,,gini,,0.24723797478369833,0.5269553599515205,8,53,1257,PRUNED
361,1.2257699507195263,2026-02-26 11:12:50.034416,2026-02-26 11:12:54.527085,0 days 00:00:04.492669,,gini,26.0,0.21181462177155688,0.6737383979707589,5,50,1045,PRUNED
362,1.2049039694180192,2026-02-26 11:12:54.555546,2026-02-26 11:13:03.877099,0 days 00:00:09.321553,,gini,,0.22711371132329639,0.5407508230250113,8,42,2366,PRUNED
363,1.2048372361486583,2026-02-26 11:13:03.913456,2026-02-26 11:13:13.606967,0 days 00:00:09.693511,,gini,,0.27035096635446165,0.5488984804101281,9,46,2445,PRUNED
364,1.0912739404027718,2026-02-26 11:13:13.634529,2026-02-26 11:13:18.397575,0 days 00:00:04.763046,balanced,log_loss,,0.238456316309538,0.5004825531475856,8,51,1176,PRUNED
365,1.2046986511771287,2026-02-26 11:13:18.425466,2026-02-26 11:13:20.428980,0 days 00:00:02.003514,,gini,20.0,0.29740539906682056,0.5854301433492918,9,56,434,PRUNED
366,1.212891347915287,2026-02-26 11:13:20.465448,2026-02-26 11:13:26.424918,0 days 00:00:05.959470,,gini,12.0,0.25613771651278083,0.6296239457813985,8,54,1479,PRUNED
367,1.210865747758287,2026-02-26 11:13:26.452506,2026-02-26 11:13:31.183457,0 days 00:00:04.730951,,gini,8.0,0.28415648814845235,0.5206741752433668,7,52,1071,PRUNED
368,1.2083538568301755,2026-02-26 11:13:31.213999,2026-02-26 11:13:36.751988,0 days 00:00:05.537989,,gini,,0.16827524329234952,0.5531384049374409,8,11,1356,PRUNED
369,1.0482475116772954,2026-02-26 11:13:36.779800,2026-02-26 11:13:41.493225,0 days 00:00:04.713425,,gini,26.0,0.2214507562651288,0.5394420643759779,8,50,1111,COMPLETE
370,1.0702177726450957,2026-02-26 11:13:41.524407,2026-02-26 11:13:45.982666,0 days 00:00:04.458259,,gini,26.0,0.18396891223090137,0.5350331422638087,8,49,1098,PRUNED
371,1.069533865270963,2026-02-26 11:13:46.017759,2026-02-26 11:13:51.033346,0 days 00:00:05.015587,,gini,26.0,0.20336787714934443,0.5397651054587415,8,59,1230,PRUNED
372,1.0496373867984532,2026-02-26 11:13:51.072437,2026-02-26 11:13:55.990895,0 days 00:00:04.918458,,gini,26.0,0.21781352395836281,0.5216264961658953,8,50,1155,COMPLETE
373,1.2022145117412089,2026-02-26 11:13:56.032393,2026-02-26 11:14:00.772904,0 days 00:00:04.740511,,gini,12.0,0.23050745523819285,0.5317446196774135,8,48,1145,PRUNED
374,1.0683206045504454,2026-02-26 11:14:00.801302,2026-02-26 11:14:06.627987,0 days 00:00:05.826685,,gini,26.0,0.20674583874350932,0.5501621808008018,8,57,1434,PRUNED
375,1.0480504570796623,2026-02-26 11:14:06.655554,2026-02-26 11:14:10.956403,0 days 00:00:04.300849,,log_loss,12.0,0.23548232667621058,0.5425986674370314,9,49,1035,COMPLETE
376,1.2367261663428435,2026-02-26 11:14:10.987384,2026-02-26 11:14:15.227788,0 days 00:00:04.240404,,log_loss,12.0,0.5689632496864413,0.5365448256850892,9,50,1003,PRUNED
377,1.0501178692297546,2026-02-26 11:14:15.265834,2026-02-26 11:14:19.806377,0 days 00:00:04.540543,,log_loss,26.0,0.22184900712612615,0.5125588594840749,9,53,1096,PRUNED
378,1.0530709943993362,2026-02-26 11:14:19.834934,2026-02-26 11:14:24.127383,0 days 00:00:04.292449,,gini,12.0,0.19320370298831033,0.5455445709309799,9,55,1037,PRUNED
379,1.050604872420722,2026-02-26 11:14:24.152647,2026-02-26 11:14:28.212049,0 days 00:00:04.059402,,log_loss,12.0,0.23927272444314984,0.5220276421736841,9,51,974,PRUNED
380,1.0627510690926214,2026-02-26 11:14:28.246921,2026-02-26 11:14:32.613942,0 days 00:00:04.367021,,log_loss,12.0,0.21713797741729413,0.5283943691766769,8,48,1043,PRUNED
381,1.0623225001178225,2026-02-26 11:14:32.647320,2026-02-26 11:14:37.256174,0 days 00:00:04.608854,,log_loss,26.0,0.23680028735713501,0.5434896590793346,9,52,1105,PRUNED
382,1.0646279378239711,2026-02-26 11:14:37.283241,2026-02-26 11:14:41.570440,0 days 00:00:04.287199,,log_loss,12.0,0.26454686307729347,0.5578579487527383,9,55,1004,PRUNED
383,1.2020974236497741,2026-02-26 11:14:41.602544,2026-02-26 11:14:45.992447,0 days 00:00:04.389903,,log_loss,12.0,0.24800836655723693,0.5387409040666603,8,47,1079,PRUNED
384,1.0929709027280594,2026-02-26 11:14:46.019800,2026-02-26 11:14:51.049889,0 days 00:00:05.030089,balanced,log_loss,12.0,0.2260374620738466,0.5138233121696282,6,53,1199,PRUNED
385,1.2039790630728753,2026-02-26 11:14:51.098989,2026-02-26 11:14:55.759910,0 days 00:00:04.660921,,gini,26.0,0.27010574531117004,0.5492768956386482,9,49,1139,PRUNED
386,1.2328327358329871,2026-02-26 11:14:55.810641,2026-02-26 11:15:01.278458,0 days 00:00:05.467817,,gini,32.0,0.425309362098427,0.5320688301415177,8,51,1308,PRUNED
387,1.0617670193475157,2026-02-26 11:15:01.305543,2026-02-26 11:15:07.056901,0 days 00:00:05.751358,,log_loss,12.0,0.20437032460536594,0.5571645139185287,7,57,1406,PRUNED
388,1.2136213834261094,2026-02-26 11:15:07.088007,2026-02-26 11:15:13.009143,0 days 00:00:05.921136,,gini,12.0,0.3091697351783602,0.5681436683993648,8,54,1475,PRUNED
389,1.2024243823962968,2026-02-26 11:15:13.036295,2026-02-26 11:15:16.929532,0 days 00:00:03.893237,,gini,20.0,0.25059989887262785,0.5251108425700318,8,52,946,PRUNED
390,1.0496771254360393,2026-02-26 11:15:16.956839,2026-02-26 11:15:18.565002,0 days 00:00:01.608163,,gini,12.0,0.23367498108997337,0.5432760258589419,8,56,306,COMPLETE
391,1.2018878829603412,2026-02-26 11:15:18.596091,2026-02-26 11:15:24.680203,0 days 00:00:06.084112,,gini,12.0,0.2628423558870528,0.510787375458249,9,50,1524,PRUNED
392,1.2235420108142536,2026-02-26 11:15:24.708528,2026-02-26 11:15:29.776460,0 days 00:00:05.067932,,gini,26.0,0.32576534674695684,0.5963164653763452,9,45,1245,PRUNED
393,1.0489403238398618,2026-02-26 11:15:29.802661,2026-02-26 11:15:36.287528,0 days 00:00:06.484867,,log_loss,16.0,0.21842185918916127,0.5541197173755451,7,53,1610,COMPLETE
394,1.2099641200660176,2026-02-26 11:15:36.324778,2026-02-26 11:15:40.896367,0 days 00:00:04.571589,,gini,12.0,0.18497137266727234,0.5354551761847981,8,15,1121,PRUNED
395,1.2033785039930744,2026-02-26 11:15:40.925290,2026-02-26 11:15:45.258790,0 days 00:00:04.333500,,gini,12.0,0.2469030180247414,0.5790999165819739,9,51,1069,PRUNED
396,1.2391217202175835,2026-02-26 11:15:45.287921,2026-02-26 11:15:51.643780,0 days 00:00:06.355859,,gini,8.0,0.47857936801555706,0.5236359640344996,8,49,1570,PRUNED
397,1.2103395145596691,2026-02-26 11:15:51.671229,2026-02-26 11:15:55.967152,0 days 00:00:04.295923,,gini,26.0,0.2735901201770826,0.6084948544902234,8,54,1004,PRUNED
398,1.2100865490218278,2026-02-26 11:15:56.000243,2026-02-26 11:16:01.774441,0 days 00:00:05.774198,,gini,16.0,0.2883926913106962,0.5488092207459496,8,53,1443,PRUNED
399,1.0633300596943045,2026-02-26 11:16:01.803891,2026-02-26 11:16:08.130817,0 days 00:00:06.326926,,log_loss,12.0,0.23692114066615058,0.5695930619414424,8,56,1513,PRUNED
400,1.0672391485060582,2026-02-26 11:16:08.167759,2026-02-26 11:16:13.057650,0 days 00:00:04.889891,,gini,12.0,0.2567972688544325,0.5392878357170864,9,50,1167,PRUNED
401,1.0681441056382184,2026-02-26 11:16:13.091697,2026-02-26 11:16:18.325412,0 days 00:00:05.233715,,gini,20.0,0.20764077673105444,0.5144024643048092,8,55,1289,PRUNED
402,1.2081576890924117,2026-02-26 11:16:18.356259,2026-02-26 11:16:24.976934,0 days 00:00:06.620675,,entropy,16.0,0.22960912892687263,0.7839924984661079,9,52,1637,PRUNED
403,1.2126869872246064,2026-02-26 11:16:25.005257,2026-02-26 11:16:30.385892,0 days 00:00:05.380635,,gini,26.0,0.2805981339569055,0.5579225244940321,8,47,1338,PRUNED
404,1.2595627060648802,2026-02-26 11:16:30.422100,2026-02-26 11:16:36.846467,0 days 00:00:06.424367,,gini,12.0,0.608375139231137,0.5289809507182629,8,54,1548,PRUNED
405,1.2014340292307921,2026-02-26 11:16:36.882641,2026-02-26 11:16:42.850642,0 days 00:00:05.968001,,gini,12.0,0.2439135981607132,0.5886894149585038,7,58,1485,PRUNED
406,1.0860679777367181,2026-02-26 11:16:42.887181,2026-02-26 11:16:49.372985,0 days 00:00:06.485804,balanced,log_loss,16.0,0.30261291535477547,0.6212851492987308,8,49,1587,PRUNED
407,1.2075019865505923,2026-02-26 11:16:49.402451,2026-02-26 11:16:53.919370,0 days 00:00:04.516919,,gini,32.0,0.25638954645866474,0.5473597462038837,8,51,1055,PRUNED
408,1.0753102853221854,2026-02-26 11:16:53.955023,2026-02-26 11:16:58.746526,0 days 00:00:04.791503,,entropy,12.0,0.1529980596916919,0.5000918852734122,9,38,1198,PRUNED
409,1.049900543982589,2026-02-26 11:16:58.783839,2026-02-26 11:17:00.526211,0 days 00:00:01.742372,,gini,26.0,0.22013156536464704,0.5201792698080667,8,52,355,COMPLETE
410,1.06671477847424,2026-02-26 11:17:00.563276,2026-02-26 11:17:09.619252,0 days 00:00:09.055976,,gini,12.0,0.27174631829910584,0.5632856340156566,9,56,2317,PRUNED
411,1.2029315758899368,2026-02-26 11:17:09.646465,2026-02-26 11:17:19.072366,0 days 00:00:09.425901,,gini,20.0,0.19969167056815276,0.6032307823746825,8,48,2412,PRUNED
412,1.2343646999872413,2026-02-26 11:17:19.130419,2026-02-26 11:17:24.847919,0 days 00:00:05.717500,,gini,16.0,0.4019735131933644,0.5737561956099874,8,54,1394,PRUNED
413,1.0511509263132388,2026-02-26 11:17:24.883734,2026-02-26 11:17:31.017715,0 days 00:00:06.133981,,log_loss,12.0,0.24238971226661507,0.5345922807194778,6,55,1513,PRUNED
414,1.0492579023621231,2026-02-26 11:17:31.046234,2026-02-26 11:17:37.317878,0 days 00:00:06.271644,,gini,,0.2592637984081626,0.556665892921104,9,51,1556,COMPLETE
415,1.0481079100019168,2026-02-26 11:17:37.363884,2026-02-26 11:17:42.012312,0 days 00:00:04.648428,,entropy,12.0,0.23367366126309003,0.5117693021934356,8,57,1126,COMPLETE
416,1.0669226354622081,2026-02-26 11:17:42.052749,2026-02-26 11:17:46.587283,0 days 00:00:04.534534,,entropy,12.0,0.17375523566878234,0.5096607797170427,8,53,1132,PRUNED
417,1.049479161242245,2026-02-26 11:17:46.621192,2026-02-26 11:17:56.547328,0 days 00:00:09.926136,,entropy,12.0,0.21807099413870437,0.5081581060558901,7,50,2488,COMPLETE
418,1.2149648046138877,2026-02-26 11:17:56.592303,2026-02-26 11:18:01.243001,0 days 00:00:04.650698,,entropy,12.0,0.2308102463429103,0.8246909030111684,9,46,1100,PRUNED
419,1.0545576782674568,2026-02-26 11:18:01.276909,2026-02-26 11:18:06.205782,0 days 00:00:04.928873,,entropy,12.0,0.2097329087209271,0.5012699560204359,9,52,1198,PRUNED
420,1.0524117750670938,2026-02-26 11:18:06.234468,2026-02-26 11:18:10.510213,0 days 00:00:04.275745,,entropy,12.0,0.19181477393498292,0.5176327158042852,8,48,1031,PRUNED
421,1.0628574076501636,2026-02-26 11:18:10.557621,2026-02-26 11:18:14.609498,0 days 00:00:04.051877,,entropy,12.0,0.22890682852247812,0.5247419241555331,9,53,966,PRUNED
422,1.048627212490625,2026-02-26 11:18:14.637616,2026-02-26 11:18:19.395856,0 days 00:00:04.758240,,entropy,12.0,0.24072818044156796,0.5838984765437268,8,55,1144,COMPLETE
423,1.097030182491394,2026-02-26 11:18:19.437062,2026-02-26 11:18:24.090310,0 days 00:00:04.653248,balanced,entropy,12.0,0.23963193474938266,0.5791883622749722,8,59,1136,PRUNED
424,1.051345839858284,2026-02-26 11:18:24.132269,2026-02-26 11:18:28.999741,0 days 00:00:04.867472,,entropy,,0.21596895931345356,0.5958388366502408,8,55,1175,PRUNED
425,1.2174488218324067,2026-02-26 11:18:29.035365,2026-02-26 11:18:34.223606,0 days 00:00:05.188241,,entropy,16.0,0.22868985645950704,0.5884769343677881,8,9,1254,PRUNED
426,1.2059309652676693,2026-02-26 11:18:34.267225,2026-02-26 11:18:38.736968,0 days 00:00:04.469743,,entropy,12.0,0.24755528673682764,0.5813900168053726,8,50,1081,PRUNED
427,1.067101731442431,2026-02-26 11:18:38.774421,2026-02-26 11:18:43.251879,0 days 00:00:04.477458,,entropy,8.0,0.20563449300130074,0.6001257190074354,9,53,1106,PRUNED
428,1.049172822715542,2026-02-26 11:18:43.285060,2026-02-26 11:18:45.766117,0 days 00:00:02.481057,,entropy,12.0,0.24041403996914046,0.5720636216767491,6,57,547,COMPLETE
429,1.2017848628094996,2026-02-26 11:18:45.804837,2026-02-26 11:18:50.477437,0 days 00:00:04.672600,,entropy,,0.21952615006110937,0.615217972768824,8,54,1141,PRUNED
430,1.201670280935545,2026-02-26 11:18:50.505770,2026-02-26 11:18:55.468882,0 days 00:00:04.963112,,entropy,12.0,0.2523779248988786,0.5890208336040009,8,51,1182,PRUNED
431,1.0516395222358812,2026-02-26 11:18:55.496637,2026-02-26 11:19:00.505560,0 days 00:00:05.008923,,entropy,16.0,0.19648285656426068,0.563716652486139,7,49,1219,PRUNED
432,1.209252222716726,2026-02-26 11:19:00.540164,2026-02-26 11:19:06.393809,0 days 00:00:05.853645,,entropy,,0.2367512343085315,0.5725057770821019,9,35,1444,PRUNED
433,1.2028919122696222,2026-02-26 11:19:06.434056,2026-02-26 11:19:10.702852,0 days 00:00:04.268796,,log_loss,12.0,0.26611117131387885,0.5941357667463323,9,52,1015,PRUNED
434,1.0489430776091813,2026-02-26 11:19:10.738544,2026-02-26 11:19:13.562150,0 days 00:00:02.823606,,entropy,20.0,0.22594855561769436,0.6065258628503415,8,55,638,COMPLETE
435,1.212216334541201,2026-02-26 11:19:13.607268,2026-02-26 11:19:18.148804,0 days 00:00:04.541536,,log_loss,12.0,0.2873923008426882,0.5808298132597047,8,48,1105,PRUNED
436,1.0494171276790214,2026-02-26 11:19:18.178478,2026-02-26 11:19:22.172813,0 days 00:00:03.994335,,entropy,,0.24209606550125023,0.5638702864091549,7,53,928,COMPLETE
437,1.2315240322958758,2026-02-26 11:19:22.204725,2026-02-26 11:19:25.226458,0 days 00:00:03.021733,,log_loss,16.0,0.25594313989736567,0.5103678893954263,5,22,695,PRUNED
438,1.0673683075385407,2026-02-26 11:19:25.255187,2026-02-26 11:19:32.109341,0 days 00:00:06.854154,,entropy,12.0,0.17973516843991835,0.5502516524383089,9,51,1717,PRUNED
439,1.0664313658779323,2026-02-26 11:19:32.141176,2026-02-26 11:19:36.527669,0 days 00:00:04.386493,,gini,32.0,0.20939777323122608,0.5600388004481237,8,54,1068,PRUNED
440,1.048077008972744,2026-02-26 11:19:36.556043,2026-02-26 11:19:41.748663,0 days 00:00:05.192620,,entropy,,0.2759578727861327,0.5150548694402975,8,57,1258,COMPLETE
441,1.0666613880200875,2026-02-26 11:19:41.801336,2026-02-26 11:19:47.101681,0 days 00:00:05.300345,,entropy,,0.37673622042046967,0.5142034929474788,8,60,1279,PRUNED
442,1.0500961900634276,2026-02-26 11:19:47.129746,2026-02-26 11:19:52.359568,0 days 00:00:05.229822,,entropy,,0.298005308239459,0.5203637164694186,8,58,1258,PRUNED
443,1.0480499419431875,2026-02-26 11:19:52.393083,2026-02-26 11:19:57.906205,0 days 00:00:05.513122,,entropy,,0.2797405863663698,0.508617891178299,8,56,1329,COMPLETE
444,1.0896441011076599,2026-02-26 11:19:57.955639,2026-02-26 11:20:03.206821,0 days 00:00:05.251182,balanced,entropy,,0.3245015961020551,0.5033062823314549,8,57,1237,PRUNED
445,1.212402995929441,2026-02-26 11:20:03.236677,2026-02-26 11:20:08.843449,0 days 00:00:05.606772,,entropy,,0.3083874858224665,0.5172565033083077,2,57,1369,PRUNED
446,1.0496546668572786,2026-02-26 11:20:08.884530,2026-02-26 11:20:14.513508,0 days 00:00:05.628978,,entropy,,0.2866294220835672,0.5113712138039757,7,58,1346,COMPLETE
447,1.0495083401459424,2026-02-26 11:20:14.559239,2026-02-26 11:20:20.056232,0 days 00:00:05.496993,,entropy,,0.2862357685939066,0.5058693554562893,8,56,1320,COMPLETE
448,1.0498833105841698,2026-02-26 11:20:20.096205,2026-02-26 11:20:25.470186,0 days 00:00:05.373981,,entropy,,0.2759025892160615,0.5007907835914536,8,56,1316,COMPLETE
449,1.0509336446756243,2026-02-26 11:20:25.510474,2026-02-26 11:20:30.779927,0 days 00:00:05.269453,,entropy,,0.3011423219750351,0.5257985876997072,8,58,1274,PRUNED
450,1.0493097443539536,2026-02-26 11:20:30.816815,2026-02-26 11:20:35.756145,0 days 00:00:04.939330,,entropy,,0.2745390729710828,0.5131471456631241,8,56,1204,COMPLETE
451,1.2783473705226238,2026-02-26 11:20:35.804787,2026-02-26 11:20:41.583621,0 days 00:00:05.778834,,entropy,,0.5201589301665601,0.8463563812610031,7,59,1354,PRUNED
452,1.0489745374840216,2026-02-26 11:20:41.621717,2026-02-26 11:20:46.996839,0 days 00:00:05.375122,,entropy,,0.2666860686443755,0.5269993084917404,8,55,1300,COMPLETE
453,1.2230844104644876,2026-02-26 11:20:47.038846,2026-02-26 11:20:52.895867,0 days 00:00:05.857021,,entropy,,0.2825342073062795,0.7999348153628839,8,57,1417,PRUNED
454,1.048844868214592,2026-02-26 11:20:52.923619,2026-02-26 11:20:58.185348,0 days 00:00:05.261729,,entropy,,0.2610165019939916,0.5189588789155296,8,55,1251,COMPLETE
455,1.0517632175344636,2026-02-26 11:20:58.225968,2026-02-26 11:21:04.446639,0 days 00:00:06.220671,,entropy,,0.2951010176584028,0.5362412782830329,8,56,1460,PRUNED
456,1.0491546436599235,2026-02-26 11:21:04.485926,2026-02-26 11:21:09.330159,0 days 00:00:04.844233,,entropy,16.0,0.3183866013010554,0.528896341355165,8,54,1169,COMPLETE
457,1.0491046402507784,2026-02-26 11:21:09.375789,2026-02-26 11:21:14.392335,0 days 00:00:05.016546,,log_loss,,0.27645330137615937,0.5100252062201802,8,57,1220,COMPLETE
458,1.0496218785196865,2026-02-26 11:21:14.441283,2026-02-26 11:21:19.270596,0 days 00:00:04.829313,,entropy,,0.2541058556532042,0.5428121544337806,4,55,1149,COMPLETE
459,1.0514272864115646,2026-02-26 11:21:19.313002,2026-02-26 11:21:25.025021,0 days 00:00:05.712019,,entropy,16.0,0.26426330098651307,0.5244903501119971,8,54,1395,PRUNED
460,1.0492174220203387,2026-02-26 11:21:25.059606,2026-02-26 11:21:30.387420,0 days 00:00:05.327814,,log_loss,,0.2508756255479758,0.5356389898134317,7,59,1271,COMPLETE
461,1.053722145000372,2026-02-26 11:21:30.436146,2026-02-26 11:21:36.593238,0 days 00:00:06.157092,,entropy,8.0,0.2725126639990975,0.5167460916338447,8,53,1511,PRUNED
462,1.0488748619075658,2026-02-26 11:21:36.635731,2026-02-26 11:21:42.089676,0 days 00:00:05.453945,,entropy,,0.24889079877322298,0.5468265700364485,8,56,1311,COMPLETE
463,1.086645271432091,2026-02-26 11:21:42.121436,2026-02-26 11:21:47.036866,0 days 00:00:04.915430,balanced,log_loss,,0.2940902288697104,0.5014287371126047,8,53,1190,PRUNED
464,1.0897202949402554,2026-02-26 11:21:47.074485,2026-02-26 11:21:49.084311,0 days 00:00:02.009826,,entropy,16.0,0.11653176622174737,0.528391383974649,8,54,452,PRUNED
465,1.0504194538826146,2026-02-26 11:21:49.123603,2026-02-26 11:21:54.682959,0 days 00:00:05.559356,,entropy,,0.23215862296921883,0.5013401649969792,7,58,1362,PRUNED
466,1.0478803964836756,2026-02-26 11:21:54.711452,2026-02-26 11:22:00.949366,0 days 00:00:06.237914,,log_loss,12.0,0.26803357281127194,0.5426239695727195,8,50,1466,COMPLETE
467,1.206471301582329,2026-02-26 11:22:00.992033,2026-02-26 11:22:06.822686,0 days 00:00:05.830653,,log_loss,16.0,0.28492007417149223,0.5523717432196776,8,50,1439,PRUNED
468,1.2035680672860494,2026-02-26 11:22:06.851811,2026-02-26 11:22:11.581434,0 days 00:00:04.729623,,log_loss,12.0,0.30769953277474826,0.5171251350053606,8,49,1151,PRUNED
469,1.0480971211149424,2026-02-26 11:22:11.623188,2026-02-26 11:22:17.366866,0 days 00:00:05.743678,,entropy,,0.27002915483453427,0.5421971523165484,9,51,1396,COMPLETE
470,1.04965250551044,2026-02-26 11:22:17.401281,2026-02-26 11:22:23.191977,0 days 00:00:05.790696,,log_loss,,0.2750733042044563,0.5382146155510922,9,52,1404,COMPLETE
471,1.2546013101299696,2026-02-26 11:22:23.229875,2026-02-26 11:22:28.900102,0 days 00:00:05.670227,,entropy,,0.7313813349996203,0.5278432083311231,9,51,1302,PRUNED
472,1.0486489538437243,2026-02-26 11:22:28.943985,2026-02-26 11:22:34.690111,0 days 00:00:05.746126,,log_loss,,0.2930748977581621,0.5148615209231524,9,51,1368,COMPLETE
473,1.2258198563996905,2026-02-26 11:22:34.728218,2026-02-26 11:22:40.440944,0 days 00:00:05.712726,,log_loss,,0.3043607028173596,0.5415872837694222,9,27,1386,PRUNED
474,1.0505445403711322,2026-02-26 11:22:40.473570,2026-02-26 11:22:46.057803,0 days 00:00:05.584233,,log_loss,,0.26908543149843994,0.5125643928129802,9,51,1346,PRUNED
475,1.051841335597397,2026-02-26 11:22:46.087926,2026-02-26 11:22:51.614257,0 days 00:00:05.526331,,log_loss,,0.2909022397538202,0.5317523884257784,9,52,1339,PRUNED
476,1.0502578445656225,2026-02-26 11:22:51.651186,2026-02-26 11:22:57.566633,0 days 00:00:05.915447,,log_loss,,0.3392737294807835,0.5222372034719288,9,51,1381,PRUNED
477,1.0608801934632195,2026-02-26 11:22:57.596744,2026-02-26 11:23:03.678625,0 days 00:00:06.081881,,log_loss,,0.2631817435908086,0.5461526844623819,9,50,1427,PRUNED
478,1.205637614858101,2026-02-26 11:23:03.715162,2026-02-26 11:23:09.017013,0 days 00:00:05.301851,,log_loss,,0.28174480200066404,0.6063296214574668,9,52,1293,PRUNED
479,1.0661585741278221,2026-02-26 11:23:09.046630,2026-02-26 11:23:14.058275,0 days 00:00:05.011645,,log_loss,32.0,0.2646873129084453,0.507965982844742,9,52,1232,PRUNED
480,1.0494730979808307,2026-02-26 11:23:14.088580,2026-02-26 11:23:20.050102,0 days 00:00:05.961522,,log_loss,16.0,0.25483915311433597,0.5531641871193542,9,53,1465,COMPLETE
481,1.050435710811041,2026-02-26 11:23:20.094568,2026-02-26 11:23:25.704320,0 days 00:00:05.609752,,log_loss,,0.29446541796982517,0.5344704075057956,9,50,1351,PRUNED
482,1.2337562418676327,2026-02-26 11:23:25.732813,2026-02-26 11:23:31.495855,0 days 00:00:05.763042,,entropy,,0.2767232922394896,0.5949315667517724,8,20,1390,PRUNED
483,1.2240260758782302,2026-02-26 11:23:31.524867,2026-02-26 11:23:37.337646,0 days 00:00:05.812779,,log_loss,,0.25464965965104086,0.520956290866258,6,30,1427,PRUNED
484,1.0867111454129086,2026-02-26 11:23:37.367130,2026-02-26 11:23:42.520721,0 days 00:00:05.153591,balanced,entropy,16.0,0.31023393717798114,0.618153816330945,7,55,1256,PRUNED
485,1.0528398952995055,2026-02-26 11:23:42.553767,2026-02-26 11:23:47.975476,0 days 00:00:05.421709,,entropy,,0.24096123984993745,0.5003339484164716,8,53,1325,PRUNED
486,1.0509227961352767,2026-02-26 11:23:48.007027,2026-02-26 11:23:52.813816,0 days 00:00:04.806789,,log_loss,,0.2696569584513632,0.5408581974426734,9,51,1110,PRUNED
487,1.0502096495894782,2026-02-26 11:23:52.857132,2026-02-26 11:23:58.881196,0 days 00:00:06.024064,,entropy,16.0,0.28544388230346573,0.5721065243824072,9,54,1459,PRUNED
488,1.0536681081339023,2026-02-26 11:23:58.919970,2026-02-26 11:24:03.889748,0 days 00:00:04.969778,,log_loss,8.0,0.24723405316076474,0.5839386201476239,8,56,1205,PRUNED
489,1.0498268558404864,2026-02-26 11:24:03.928736,2026-02-26 11:24:08.613238,0 days 00:00:04.684502,,entropy,,0.26474430618810363,0.5584703437947027,9,52,1072,PRUNED
490,1.0497751835411582,2026-02-26 11:24:08.652249,2026-02-26 11:24:14.253302,0 days 00:00:05.601053,,entropy,26.0,0.23625519411242962,0.5110513154193479,8,53,1376,PRUNED
491,1.2220551180272294,2026-02-26 11:24:14.289560,2026-02-26 11:24:19.216732,0 days 00:00:04.927172,,log_loss,,0.29388592274527653,0.5455349715433631,1,57,1179,PRUNED
492,1.0497691605892143,2026-02-26 11:24:19.247067,2026-02-26 11:24:25.268580,0 days 00:00:06.021513,,entropy,12.0,0.2568907413760877,0.5258702461962276,8,50,1480,PRUNED
493,1.0608673697160067,2026-02-26 11:24:25.295029,2026-02-26 11:24:28.858927,0 days 00:00:03.563898,,log_loss,16.0,0.31786312569356584,0.5182505093608316,8,55,826,PRUNED
494,1.0669989441621406,2026-02-26 11:24:28.887449,2026-02-26 11:24:34.147183,0 days 00:00:05.259734,,entropy,,0.16231250015221205,0.5363279969592342,5,51,1292,PRUNED
495,1.2021295424293466,2026-02-26 11:24:34.175225,2026-02-26 11:24:39.936926,0 days 00:00:05.761701,,entropy,12.0,0.2745043187603838,0.5648421618368522,7,52,1425,PRUNED
496,1.0503350593080063,2026-02-26 11:24:39.965252,2026-02-26 11:24:42.585225,0 days 00:00:02.619973,,log_loss,,0.22099365255249329,0.6008752033143143,9,60,588,PRUNED
497,1.200356629200791,2026-02-26 11:24:42.612893,2026-02-26 11:24:46.245978,0 days 00:00:03.633085,,entropy,12.0,0.24886668641102988,0.5534909165219409,8,55,768,PRUNED
498,1.201582218765828,2026-02-26 11:24:46.278432,2026-02-26 11:24:52.053464,0 days 00:00:05.775032,,log_loss,16.0,0.2360511540006567,0.5856627156202666,6,53,1105,PRUNED
499,1.0510064175106355,2026-02-26 11:24:52.088329,2026-02-26 11:24:57.214742,0 days 00:00:05.126413,,entropy,26.0,0.2646407841477929,0.5130084956846932,9,57,1238,PRUNED
500,1.0485676022807013,2026-02-26 11:24:57.244335,2026-02-26 11:25:02.035099,0 days 00:00:04.790764,,entropy,,0.28063886407043415,0.5002967246670215,8,54,1132,COMPLETE
501,1.0501894850085276,2026-02-26 11:25:02.067848,2026-02-26 11:25:06.752121,0 days 00:00:04.684273,,entropy,12.0,0.22012715969673935,0.5001312466637284,8,54,1139,PRUNED
502,1.2037251080481934,2026-02-26 11:25:06.788631,2026-02-26 11:25:11.530463,0 days 00:00:04.741832,,entropy,32.0,0.2803420177408145,0.6135113655605008,8,56,1142,PRUNED
503,1.2281899756975494,2026-02-26 11:25:11.565984,2026-02-26 11:25:15.733556,0 days 00:00:04.167572,,entropy,,0.2464988369072826,0.9170517786143165,8,55,983,PRUNED
504,1.0695093269994964,2026-02-26 11:25:15.763278,2026-02-26 11:25:20.075240,0 days 00:00:04.311962,,entropy,12.0,0.19531366558497035,0.507704367275467,8,54,1052,PRUNED
505,1.2073648111290114,2026-02-26 11:25:20.110751,2026-02-26 11:25:21.894462,0 days 00:00:01.783711,balanced,entropy,16.0,0.26203645733846365,0.8807483762768578,8,54,380,PRUNED
506,1.0508177079300054,2026-02-26 11:25:21.932762,2026-02-26 11:25:26.806349,0 days 00:00:04.873587,,entropy,,0.22874116187333246,0.5297906160239874,8,58,1165,PRUNED
507,1.0491012588375548,2026-02-26 11:25:26.834906,2026-02-26 11:25:31.319362,0 days 00:00:04.484456,,entropy,12.0,0.24157583408183456,0.545699431099149,8,56,1081,COMPLETE
508,1.2051287116617595,2026-02-26 11:25:31.363530,2026-02-26 11:25:35.650643,0 days 00:00:04.287113,,entropy,,0.2761749348277892,0.5707826994080392,8,53,1038,PRUNED
509,1.0518492102999777,2026-02-26 11:25:35.680377,2026-02-26 11:25:40.547177,0 days 00:00:04.866800,,entropy,26.0,0.20828186671613227,0.5000981071092715,8,57,1182,PRUNED
510,1.1996322079796011,2026-02-26 11:25:40.586721,2026-02-26 11:25:45.238494,0 days 00:00:04.651773,,entropy,12.0,0.25549564464470353,0.5547209390510447,8,52,1130,PRUNED
511,1.20001279547587,2026-02-26 11:25:45.268583,2026-02-26 11:25:49.788698,0 days 00:00:04.520115,,entropy,16.0,0.22644121905232695,0.5917518177085842,8,54,1099,PRUNED
512,1.0496295947917529,2026-02-26 11:25:49.818662,2026-02-26 11:25:55.088524,0 days 00:00:05.269862,,entropy,,0.26732015873874765,0.5227565907032568,8,53,1217,COMPLETE
513,1.2078675160229528,2026-02-26 11:25:55.132021,2026-02-26 11:26:01.316900,0 days 00:00:06.184879,,entropy,12.0,0.3557171853460919,0.5382560996456621,7,55,1492,PRUNED
514,1.050858570306717,2026-02-26 11:26:01.356788,2026-02-26 11:26:05.695141,0 days 00:00:04.338353,,entropy,,0.2865360498330022,0.5665516435035232,8,56,1002,PRUNED
515,1.2025576693273534,2026-02-26 11:26:05.725165,2026-02-26 11:26:09.558049,0 days 00:00:03.832884,,entropy,12.0,0.30645627197375125,0.579611375777382,7,59,903,PRUNED
516,1.2060530561392193,2026-02-26 11:26:09.588899,2026-02-26 11:26:12.707166,0 days 00:00:03.118267,,entropy,8.0,0.24534058933171424,0.6282358438122917,8,49,730,PRUNED
517,1.0489918679562156,2026-02-26 11:26:12.739087,2026-02-26 11:26:19.277276,0 days 00:00:06.538189,,entropy,16.0,0.2560442216747085,0.5096036819110356,8,50,1613,COMPLETE
518,1.0504857012888933,2026-02-26 11:26:19.317691,2026-02-26 11:26:24.563886,0 days 00:00:05.246195,,entropy,,0.21631337826406072,0.5469057309781911,8,52,1268,PRUNED
519,1.049561496706691,2026-02-26 11:26:24.600608,2026-02-26 11:26:29.507846,0 days 00:00:04.907238,,entropy,12.0,0.236713801505591,0.5323177848135131,8,55,1178,COMPLETE
520,1.0663967135193146,2026-02-26 11:26:29.541471,2026-02-26 11:26:34.079229,0 days 00:00:04.537758,,entropy,26.0,0.18264043821898082,0.5601423508149148,8,53,1119,PRUNED
521,1.2064455328310146,2026-02-26 11:26:34.115143,2026-02-26 11:26:40.362006,0 days 00:00:06.246863,,entropy,,0.2764713093378227,0.6056400133393429,8,54,1532,PRUNED
522,1.0857427062432699,2026-02-26 11:26:40.389489,2026-02-26 11:26:44.933411,0 days 00:00:04.543922,balanced,gini,12.0,0.26144468825273404,0.5220316456907463,7,50,1060,PRUNED
523,1.1997639400158209,2026-02-26 11:26:44.970231,2026-02-26 11:26:50.928649,0 days 00:00:05.958418,,entropy,,0.2445237722771675,0.5936632969290957,6,57,1482,PRUNED
524,1.208895671580145,2026-02-26 11:26:50.960612,2026-02-26 11:26:55.879303,0 days 00:00:04.918691,,gini,16.0,0.29263349607778694,0.5442860394099486,8,52,1216,PRUNED
525,1.0490585451724872,2026-02-26 11:26:55.926696,2026-02-26 11:27:02.308489,0 days 00:00:06.381793,,entropy,12.0,0.3251001854656064,0.5083515736905164,8,56,1562,COMPLETE
526,1.0771125273099345,2026-02-26 11:27:02.340303,2026-02-26 11:27:06.922068,0 days 00:00:04.581765,,gini,,0.13739482128511865,0.5311579572025986,8,51,1129,PRUNED
527,1.04966029478013,2026-02-26 11:27:06.970211,2026-02-26 11:27:11.024838,0 days 00:00:04.054627,,entropy,,0.20541102341599662,0.5781408088469396,8,53,958,PRUNED
528,1.2810694088894656,2026-02-26 11:27:11.064573,2026-02-26 11:27:16.097946,0 days 00:00:05.033373,,gini,12.0,0.056346357371121036,0.5521919843453685,7,55,1314,PRUNED
529,1.2006062862439375,2026-02-26 11:27:16.135646,2026-02-26 11:27:21.119352,0 days 00:00:04.983706,,gini,32.0,0.231463390490098,0.5180889140779392,8,49,1245,PRUNED
530,1.2009375477864652,2026-02-26 11:27:21.154706,2026-02-26 11:27:25.425305,0 days 00:00:04.270599,,entropy,16.0,0.2728187102840801,0.5692515605911,8,58,1026,PRUNED
531,1.0483271844531024,2026-02-26 11:27:25.457147,2026-02-26 11:27:30.293488,0 days 00:00:04.836341,,gini,26.0,0.25288728218092593,0.5370824241318239,8,54,1178,COMPLETE
532,1.245757941193295,2026-02-26 11:27:30.327479,2026-02-26 11:27:35.275667,0 days 00:00:04.948188,,gini,26.0,0.3009110400384776,0.5343121423007233,4,33,1193,PRUNED
533,1.216651039514378,2026-02-26 11:27:35.312539,2026-02-26 11:27:40.389618,0 days 00:00:05.077079,,gini,26.0,0.25690888633870074,0.5216242821667927,3,52,1213,PRUNED
534,1.2086122259990781,2026-02-26 11:27:40.430845,2026-02-26 11:27:46.999230,0 days 00:00:06.568385,,gini,26.0,0.27233029602276465,0.5119604496178287,8,51,1665,PRUNED
535,1.202896909222265,2026-02-26 11:27:47.030243,2026-02-26 11:27:54.309863,0 days 00:00:07.279620,,gini,26.0,0.28647394944005083,0.5285516208932919,8,54,1853,PRUNED
536,1.2031205727198553,2026-02-26 11:27:54.340456,2026-02-26 11:27:59.368046,0 days 00:00:05.027590,,gini,26.0,0.2496168526369461,0.5396699416522256,8,55,1258,PRUNED
537,1.20251070542327,2026-02-26 11:27:59.398901,2026-02-26 11:28:06.961222,0 days 00:00:07.562321,,gini,26.0,0.27296661561498914,0.5101500097745517,8,50,1928,PRUNED
538,1.0472202813157694,2026-02-26 11:28:06.999732,2026-02-26 11:28:11.721816,0 days 00:00:04.722084,,gini,26.0,0.2233022065043174,0.5240069195243422,8,56,1155,COMPLETE
539,1.2218192954781488,2026-02-26 11:28:11.771260,2026-02-26 11:28:17.877228,0 days 00:00:06.105968,,gini,26.0,0.19371370731415136,0.9650696649643645,4,57,1524,PRUNED
540,1.0675192338335322,2026-02-26 11:28:17.915025,2026-02-26 11:28:23.197754,0 days 00:00:05.282729,,gini,26.0,0.21892965797632952,0.5221837046479233,9,57,1293,PRUNED
541,1.0728118935566906,2026-02-26 11:28:23.234542,2026-02-26 11:28:25.504028,0 days 00:00:02.269486,,gini,26.0,0.1719426094613049,0.5000833223345946,8,59,518,PRUNED
542,1.0668856828147362,2026-02-26 11:28:25.541482,2026-02-26 11:28:30.271786,0 days 00:00:04.730304,,gini,26.0,0.2078867133128389,0.5300714699725334,8,52,1178,PRUNED
543,1.0999273491023571,2026-02-26 11:28:30.313245,2026-02-26 11:28:36.809388,0 days 00:00:06.496143,balanced,gini,26.0,0.22077300174004366,0.5001500558936322,8,56,1594,PRUNED
544,1.2039760806747095,2026-02-26 11:28:36.846237,2026-02-26 11:28:42.664493,0 days 00:00:05.818256,,gini,26.0,0.2613136279611263,0.5212529950979506,9,49,1450,PRUNED
545,1.2124090395216556,2026-02-26 11:28:42.704967,2026-02-26 11:28:47.680346,0 days 00:00:04.975379,,gini,26.0,0.305742239792237,0.5375004171981544,8,53,1234,PRUNED
546,1.0651188844875799,2026-02-26 11:28:47.755019,2026-02-26 11:28:53.443423,0 days 00:00:05.688404,,gini,26.0,0.23397920708604583,0.5178712856183917,9,54,1407,PRUNED
547,1.201982489393967,2026-02-26 11:28:53.479785,2026-02-26 11:28:58.735486,0 days 00:00:05.255701,,gini,26.0,0.28583452065882736,0.5419985155123382,8,58,1316,PRUNED
548,1.0494240357453162,2026-02-26 11:28:58.769836,2026-02-26 11:29:03.584485,0 days 00:00:04.814649,,gini,26.0,0.25461653799559625,0.5094991697632215,8,56,1177,COMPLETE
549,1.0663960971802737,2026-02-26 11:29:03.630961,2026-02-26 11:29:09.558851,0 days 00:00:05.927890,,gini,,0.2233205162494605,0.5263327003661811,9,53,1496,PRUNED
550,1.2050359810031102,2026-02-26 11:29:09.589160,2026-02-26 11:29:15.733398,0 days 00:00:06.144238,,gini,26.0,0.26980392062497444,0.5296439832128929,8,51,1560,PRUNED
551,1.2018048756761084,2026-02-26 11:29:15.763826,2026-02-26 11:29:20.845334,0 days 00:00:05.081508,,gini,,0.24707238406252702,0.5449763571396326,10,50,1263,PRUNED
552,1.0533983124466744,2026-02-26 11:29:20.884220,2026-02-26 11:29:26.386780,0 days 00:00:05.502560,,log_loss,,0.19615089620730852,0.508425173309071,8,48,1354,PRUNED
553,1.2156535034518152,2026-02-26 11:29:26.416111,2026-02-26 11:29:29.198527,0 days 00:00:02.782416,,gini,26.0,0.285667075361052,0.5367858699383713,9,40,645,PRUNED
554,1.0663153724179115,2026-02-26 11:29:29.228193,2026-02-26 11:29:32.728270,0 days 00:00:03.500077,,gini,,0.2301199237359754,0.5137128863108658,8,54,846,PRUNED
555,1.2079732723155576,2026-02-26 11:29:32.778179,2026-02-26 11:29:38.616928,0 days 00:00:05.838749,,gini,,0.2610973656698258,0.5505175350391044,8,51,1431,PRUNED
556,1.052408407880198,2026-02-26 11:29:38.646493,2026-02-26 11:29:45.931974,0 days 00:00:07.285481,,log_loss,8.0,0.24802598861545094,0.5222471970662677,9,53,1801,PRUNED
557,1.2102309012740038,2026-02-26 11:29:45.966512,2026-02-26 11:29:50.689107,0 days 00:00:04.722595,,gini,,0.30326416254241434,0.5336435762395904,8,55,1165,PRUNED
558,1.0664360356312743,2026-02-26 11:29:50.727272,2026-02-26 11:29:56.681098,0 days 00:00:05.953826,,gini,26.0,0.20970938213315699,0.5437365033508952,8,50,1506,PRUNED
559,1.2166979571937762,2026-02-26 11:29:56.725458,2026-02-26 11:30:06.387086,0 days 00:00:09.661628,,gini,,0.27958745997193196,0.637491852592416,8,52,2443,PRUNED
560,1.0504959422094988,2026-02-26 11:30:06.426599,2026-02-26 11:30:13.003825,0 days 00:00:06.577226,,log_loss,,0.23469703035078254,0.5178340679850215,9,56,1629,PRUNED
561,1.2205834531685749,2026-02-26 11:30:13.038784,2026-02-26 11:30:18.017511,0 days 00:00:04.978727,,gini,,0.31885529951754826,0.6196668259508803,8,52,1208,PRUNED
562,1.0941651057845994,2026-02-26 11:30:18.053839,2026-02-26 11:30:23.147630,0 days 00:00:05.093791,balanced,gini,26.0,0.2618389971815967,0.5283889975356285,8,58,1284,PRUNED
563,1.0711964495720179,2026-02-26 11:30:23.189305,2026-02-26 11:30:27.506788,0 days 00:00:04.317483,,log_loss,32.0,0.15049707523944175,0.5004536016490441,2,51,1073,PRUNED
564,1.067324824755301,2026-02-26 11:30:27.548836,2026-02-26 11:30:33.426072,0 days 00:00:05.877236,,gini,,0.2462078966518747,0.559501380287462,10,60,1476,PRUNED
565,1.0667916842471146,2026-02-26 11:30:33.454893,2026-02-26 11:30:38.150843,0 days 00:00:04.695950,,gini,,0.22414304901757154,0.5488502766394224,8,55,1135,PRUNED
566,1.2023625319903517,2026-02-26 11:30:38.184629,2026-02-26 11:30:44.640967,0 days 00:00:06.456338,,gini,12.0,0.2939296306091125,0.5119929214559052,9,49,1584,PRUNED
567,1.0504197232659311,2026-02-26 11:30:44.670417,2026-02-26 11:30:51.023570,0 days 00:00:06.353153,,log_loss,,0.26980623411345983,0.5363244497247821,9,54,1543,PRUNED
568,1.0673597398754657,2026-02-26 11:30:51.056759,2026-02-26 11:30:56.616324,0 days 00:00:05.559565,,gini,26.0,0.18184841474579527,0.5267041844510277,8,48,1395,PRUNED
569,1.2254621996923067,2026-02-26 11:30:56.657697,2026-02-26 11:31:02.149814,0 days 00:00:05.492117,,gini,12.0,0.3370983726321883,0.6098056842776907,8,53,1347,PRUNED
570,1.2026873394364566,2026-02-26 11:31:02.190834,2026-02-26 11:31:07.129980,0 days 00:00:04.939146,,gini,,0.256314017972735,0.554949939132102,8,57,1228,PRUNED
571,1.0509463686660565,2026-02-26 11:31:07.168339,2026-02-26 11:31:10.566246,0 days 00:00:03.397907,,log_loss,26.0,0.23617635705784543,0.5149088330992128,9,55,790,PRUNED
572,1.0666469720656415,2026-02-26 11:31:10.605730,2026-02-26 11:31:15.039558,0 days 00:00:04.433828,,gini,12.0,0.2094360978882544,0.5416834413748731,8,50,1099,PRUNED
573,1.2024789963727032,2026-02-26 11:31:15.078941,2026-02-26 11:31:24.811806,0 days 00:00:09.732865,,gini,,0.2783821093522315,0.5241461321052032,8,52,2499,PRUNED
574,1.2092998559183397,2026-02-26 11:31:24.841784,2026-02-26 11:31:30.600134,0 days 00:00:05.758350,,gini,12.0,0.26446859663058586,0.5084257146211895,5,58,1445,PRUNED
575,1.0492297207973913,2026-02-26 11:31:30.637796,2026-02-26 11:31:35.661425,0 days 00:00:05.023629,,log_loss,,0.24583716132638797,0.5619159454554445,8,54,1166,COMPLETE
576,1.067116945276412,2026-02-26 11:31:35.704936,2026-02-26 11:31:42.519579,0 days 00:00:06.814643,,gini,26.0,0.22366462030269282,0.5356259254309875,9,56,1753,PRUNED
577,1.2187439511594707,2026-02-26 11:31:42.548537,2026-02-26 11:31:48.580872,0 days 00:00:06.032335,,gini,12.0,0.2909743076062796,0.5006417527629438,3,53,1516,PRUNED
578,1.205209371312878,2026-02-26 11:31:48.610090,2026-02-26 11:31:52.362807,0 days 00:00:03.752717,,gini,8.0,0.27854638562740613,0.5492518391831946,8,52,915,PRUNED
579,1.0687344290854424,2026-02-26 11:31:52.408504,2026-02-26 11:31:54.534029,0 days 00:00:02.125525,,log_loss,,0.19620450613502272,0.522678831149964,8,49,471,PRUNED
580,1.2283888135138747,2026-02-26 11:31:54.563676,2026-02-26 11:31:59.992681,0 days 00:00:05.429005,,gini,,0.46044112630701095,0.5428285875410032,9,56,1252,PRUNED
581,1.0896968237330105,2026-02-26 11:32:00.024177,2026-02-26 11:32:05.398069,0 days 00:00:05.373892,balanced,gini,12.0,0.2532672159662914,0.5163554868230565,8,43,1337,PRUNED
582,1.0503688370053323,2026-02-26 11:32:05.443967,2026-02-26 11:32:11.381991,0 days 00:00:05.938024,,gini,26.0,0.23793132912429135,0.5322635758365443,10,51,1474,PRUNED
583,1.2101953569957071,2026-02-26 11:32:11.412052,2026-02-26 11:32:16.123578,0 days 00:00:04.711526,,log_loss,,0.2660469143027905,0.5993810183878722,8,47,1132,PRUNED
584,1.0678706095492068,2026-02-26 11:32:16.152905,2026-02-26 11:32:22.603750,0 days 00:00:06.450845,,gini,12.0,0.21464215216716856,0.5524084047377616,8,54,1589,PRUNED
585,1.203738514928138,2026-02-26 11:32:22.652651,2026-02-26 11:32:28.363671,0 days 00:00:05.711020,,gini,,0.297700979677936,0.5623797067087428,8,57,1406,PRUNED
586,1.0527489615224515,2026-02-26 11:32:28.393179,2026-02-26 11:32:32.656009,0 days 00:00:04.262830,,log_loss,12.0,0.2273660220878486,0.5123457004796635,9,51,1020,PRUNED
587,1.1992724168511792,2026-02-26 11:32:32.685717,2026-02-26 11:32:37.586323,0 days 00:00:04.900606,,gini,,0.249934126293008,0.5301212164848573,8,55,1218,PRUNED
588,1.2027505280080497,2026-02-26 11:32:37.635301,2026-02-26 11:32:42.331732,0 days 00:00:04.696431,,gini,26.0,0.2750582439453112,0.5407757847901012,9,53,1165,PRUNED
589,1.2039711471431955,2026-02-26 11:32:42.361337,2026-02-26 11:32:47.547054,0 days 00:00:05.185717,,gini,32.0,0.31561043656993165,0.5199241704334353,10,53,1289,PRUNED
590,1.0581552309754225,2026-02-26 11:32:47.575610,2026-02-26 11:32:49.482194,0 days 00:00:01.906584,,log_loss,12.0,0.23825807454925646,0.5705842940930868,8,59,405,PRUNED
591,1.212295509958095,2026-02-26 11:32:49.520862,2026-02-26 11:32:53.648818,0 days 00:00:04.127956,,gini,,0.10130383568653592,0.5082445941395355,8,24,1054,PRUNED
592,1.2770167393376308,2026-02-26 11:32:53.684670,2026-02-26 11:32:58.103274,0 days 00:00:04.418604,,gini,12.0,0.6774003812778103,0.5545969422885537,9,54,1093,PRUNED
593,1.2119143936791226,2026-02-26 11:32:58.140440,2026-02-26 11:33:03.663466,0 days 00:00:05.523026,,gini,,0.26160788016865877,0.628661786278567,8,52,1514,PRUNED
594,1.0506194807156948,2026-02-26 11:33:03.695700,2026-02-26 11:33:09.935442,0 days 00:00:06.239742,,log_loss,26.0,0.285437163918767,0.5326415401279293,9,50,1661,PRUNED
595,1.0656435878576138,2026-02-26 11:33:09.973395,2026-02-26 11:33:15.550124,0 days 00:00:05.576729,,gini,,0.2084567722576998,0.5449315236032574,8,56,1554,PRUNED
596,1.2094010117217866,2026-02-26 11:33:15.588643,2026-02-26 11:33:20.757295,0 days 00:00:05.168652,,gini,12.0,0.25089475306750575,0.6082911725486533,8,49,1424,PRUNED
597,1.2096123927778102,2026-02-26 11:33:20.786802,2026-02-26 11:33:25.244960,0 days 00:00:04.458158,,entropy,16.0,0.2265780167647783,0.7296096764002411,8,51,1207,PRUNED
598,1.199173204741504,2026-02-26 11:33:25.283113,2026-02-26 11:33:30.039800,0 days 00:00:04.756687,,gini,,0.26916949106227,0.5194459283044344,8,55,1316,PRUNED
599,1.2204379617070866,2026-02-26 11:33:30.078389,2026-02-26 11:33:34.786066,0 days 00:00:04.707677,,log_loss,12.0,0.19144381083490514,0.5933241127912988,7,4,1270,PRUNED
600,1.215876424479517,2026-02-26 11:33:34.840323,2026-02-26 11:33:43.590337,0 days 00:00:08.750014,balanced,gini,26.0,0.5190426398199147,0.5273841648753987,9,52,2389,PRUNED
601,1.2149610550418304,2026-02-26 11:33:43.628721,2026-02-26 11:33:48.734009,0 days 00:00:05.105288,,entropy,,0.23996453152428682,0.7548648955030461,8,54,1377,PRUNED
602,1.2072004878056193,2026-02-26 11:33:48.763494,2026-02-26 11:33:52.911149,0 days 00:00:04.147655,,gini,8.0,0.30321630710053005,0.559939837416904,8,47,1142,PRUNED
603,1.0747221886020482,2026-02-26 11:33:52.943593,2026-02-26 11:33:55.600154,0 days 00:00:02.656561,,gini,12.0,0.16704804802093576,0.5003942613139578,9,57,694,PRUNED
604,1.0508344236709275,2026-02-26 11:33:55.642377,2026-02-26 11:34:01.531609,0 days 00:00:05.889232,,entropy,,0.25862654462974954,0.5390221321473281,10,51,1616,PRUNED
605,1.0484612864345473,2026-02-26 11:34:01.561471,2026-02-26 11:34:07.089055,0 days 00:00:05.527584,,log_loss,16.0,0.2834476520743084,0.5117861252868775,8,53,1453,COMPLETE
606,1.201245364796118,2026-02-26 11:34:07.134406,2026-02-26 11:34:12.959948,0 days 00:00:05.825542,,log_loss,16.0,0.21590667783159728,0.525520761416829,7,49,1460,PRUNED
607,1.049808286600775,2026-02-26 11:34:12.998283,2026-02-26 11:34:19.214432,0 days 00:00:06.216149,,log_loss,16.0,0.23809739456177673,0.5477486128645654,9,50,1481,PRUNED
608,1.1999606763229889,2026-02-26 11:34:19.247668,2026-02-26 11:34:25.537380,0 days 00:00:06.289712,,log_loss,16.0,0.2536860729088288,0.5792952129283221,8,52,1453,PRUNED
609,1.2013765322708223,2026-02-26 11:34:25.569465,2026-02-26 11:34:31.739418,0 days 00:00:06.169953,,log_loss,16.0,0.2910856817085516,0.5355204787726789,8,53,1541,PRUNED
610,1.2488708387281309,2026-02-26 11:34:31.772458,2026-02-26 11:34:37.543581,0 days 00:00:05.771123,,log_loss,16.0,0.6125076056271413,0.5182501777471035,8,51,1371,PRUNED
611,1.0488803125479937,2026-02-26 11:34:37.573016,2026-02-26 11:34:43.400001,0 days 00:00:05.826985,,log_loss,16.0,0.27461191293663273,0.564869016901205,9,53,1412,COMPLETE
612,1.0503372716222175,2026-02-26 11:34:43.436045,2026-02-26 11:34:50.588382,0 days 00:00:07.152337,,log_loss,16.0,0.23235207093938248,0.5497593046654092,8,48,1513,PRUNED
613,1.2064811242585958,2026-02-26 11:34:50.621289,2026-02-26 11:34:57.609062,0 days 00:00:06.987773,,log_loss,16.0,0.25993013972452883,0.6150277706935292,8,50,1488,PRUNED
614,1.2560829229544295,2026-02-26 11:34:57.642753,2026-02-26 11:35:03.549065,0 days 00:00:05.906312,,log_loss,16.0,0.5802508507974632,0.5295801238963105,7,52,1437,PRUNED
615,1.0522713443702252,2026-02-26 11:35:03.588532,2026-02-26 11:35:09.843125,0 days 00:00:06.254593,,log_loss,16.0,0.19960632323865213,0.5994270292025468,9,58,1578,PRUNED
616,1.0499641680405614,2026-02-26 11:35:09.881285,2026-02-26 11:35:15.122787,0 days 00:00:05.241502,,log_loss,26.0,0.24684168744916937,0.54021080958621,8,56,1349,PRUNED
617,1.067530757558577,2026-02-26 11:35:15.153491,2026-02-26 11:35:20.848353,0 days 00:00:05.694862,,gini,12.0,0.22540789696527763,0.5121332008297302,8,55,1535,PRUNED
618,1.0916832026339285,2026-02-26 11:35:20.879958,2026-02-26 11:35:25.984744,0 days 00:00:05.104786,balanced,gini,12.0,0.26751552332649947,0.5727731827394922,9,52,1409,PRUNED
619,1.22031682786359,2026-02-26 11:35:26.017099,2026-02-26 11:35:29.639111,0 days 00:00:03.622012,,log_loss,20.0,0.40840758772607866,0.5881739237127265,8,54,938,PRUNED
620,1.2066765230541023,2026-02-26 11:35:29.673756,2026-02-26 11:35:35.776609,0 days 00:00:06.102853,,gini,16.0,0.2836549499321551,0.5572686010620941,9,51,1704,PRUNED
621,1.0679723481258991,2026-02-26 11:35:35.808651,2026-02-26 11:35:41.083316,0 days 00:00:05.274665,,gini,26.0,0.2136765030285127,0.5233609790889174,8,60,1467,PRUNED
622,1.231945175166802,2026-02-26 11:35:41.114299,2026-02-26 11:35:48.636800,0 days 00:00:07.522501,,log_loss,12.0,0.29959530740677487,0.8562920114840844,8,48,1977,PRUNED
623,1.20149703298238,2026-02-26 11:35:48.668296,2026-02-26 11:35:50.865150,0 days 00:00:02.196854,,gini,12.0,0.24577184087751947,0.5370628385826429,8,55,564,PRUNED
624,1.1999931052057404,2026-02-26 11:35:50.899044,2026-02-26 11:35:55.633822,0 days 00:00:04.734778,,gini,16.0,0.26912504057326575,0.5496843089834009,10,53,1318,PRUNED
625,1.0661653453260895,2026-02-26 11:35:55.673290,2026-02-26 11:36:01.132461,0 days 00:00:05.459171,,gini,26.0,0.22746916647393636,0.5107889560912658,9,57,1494,PRUNED
626,1.226498133530812,2026-02-26 11:36:01.491310,2026-02-26 11:36:04.783161,0 days 00:00:03.291851,,log_loss,12.0,0.2553899953108957,0.9388095789596012,8,50,863,PRUNED
627,1.2050649910337217,2026-02-26 11:36:04.813652,2026-02-26 11:36:09.865911,0 days 00:00:05.052259,,gini,32.0,0.2830114549892175,0.5288536632557314,8,53,1384,PRUNED
628,1.2433221907355247,2026-02-26 11:36:09.900088,2026-02-26 11:36:16.016020,0 days 00:00:06.115932,,gini,12.0,0.3126059116176532,0.5427241966499022,7,16,1604,PRUNED
629,1.0504119056635075,2026-02-26 11:36:16.048284,2026-02-26 11:36:20.750354,0 days 00:00:04.702070,,log_loss,16.0,0.24352994191386024,0.5212642002901119,8,56,1274,PRUNED
630,1.2091291340860868,2026-02-26 11:36:20.789319,2026-02-26 11:36:26.400821,0 days 00:00:05.611502,,gini,26.0,0.2645844421965292,0.5664486836316834,8,46,1559,PRUNED
631,1.06663329464663,2026-02-26 11:36:26.438297,2026-02-26 11:36:31.659990,0 days 00:00:05.221693,,gini,12.0,0.21194082277233894,0.5562641549371229,9,52,1455,PRUNED
632,1.2012422716237936,2026-02-26 11:36:31.690627,2026-02-26 11:36:37.035091,0 days 00:00:05.344464,,gini,8.0,0.17956854769526748,0.5193734038160577,8,49,1514,PRUNED
633,1.0479013135178177,2026-02-26 11:36:37.077287,2026-02-26 11:36:38.579128,0 days 00:00:01.501841,,log_loss,16.0,0.23042041276547,0.5308605899805758,8,54,339,COMPLETE
634,1.0663130813174793,2026-02-26 11:36:38.621655,2026-02-26 11:36:40.115564,0 days 00:00:01.493909,,gini,12.0,0.20538842273071112,0.5361093411575707,9,58,360,PRUNED
635,1.0615476193384588,2026-02-26 11:36:40.146140,2026-02-26 11:36:42.107177,0 days 00:00:01.961037,,gini,26.0,0.2292420756354966,0.5488408035881706,8,55,458,PRUNED
636,1.2207548277373172,2026-02-26 11:36:42.147502,2026-02-26 11:36:44.069230,0 days 00:00:01.921728,,gini,12.0,0.2187403578435862,0.6214597872240641,8,31,468,PRUNED
637,1.0958007704978963,2026-02-26 11:36:44.105593,2026-02-26 11:36:47.092582,0 days 00:00:02.986989,balanced,log_loss,26.0,0.23732308214199527,0.5405613752932553,9,56,738,PRUNED
638,1.2028508571527832,2026-02-26 11:36:47.123158,2026-02-26 11:36:48.497452,0 days 00:00:01.374294,,gini,16.0,0.20020363219812456,0.5765586893588707,10,54,317,PRUNED
639,1.0659758209302204,2026-02-26 11:36:48.533216,2026-02-26 11:36:52.139976,0 days 00:00:03.606760,,gini,,0.1874516447654828,0.5308464314467937,8,59,984,PRUNED
640,1.0619185528275632,2026-02-26 11:36:52.169830,2026-02-26 11:36:54.229820,0 days 00:00:02.059990,,log_loss,12.0,0.23160775862098132,0.5585504030304579,8,57,498,PRUNED
641,1.2004036898782189,2026-02-26 11:36:54.260520,2026-02-26 11:36:55.849019,0 days 00:00:01.588499,,gini,,0.2205949968003808,0.6074564971389895,9,54,390,PRUNED
642,1.2060900269261765,2026-02-26 11:36:55.879414,2026-02-26 11:36:57.449013,0 days 00:00:01.569599,,gini,12.0,0.2522560185449033,0.5450639088076142,7,51,391,PRUNED
643,1.230565185644487,2026-02-26 11:36:57.479725,2026-02-26 11:36:58.866848,0 days 00:00:01.387123,,log_loss,32.0,0.08281692381898112,0.5858455220962681,8,54,345,PRUNED
644,1.2017034853893116,2026-02-26 11:36:58.906449,2026-02-26 11:37:03.378162,0 days 00:00:04.471713,,gini,26.0,0.24158574254801032,0.5304923395413025,8,50,1227,PRUNED
645,1.0687580821394191,2026-02-26 11:37:03.418795,2026-02-26 11:37:04.834772,0 days 00:00:01.415977,,gini,20.0,0.21885716935972566,0.5531625127866819,9,55,339,PRUNED
646,1.2155525126623463,2026-02-26 11:37:04.863196,2026-02-26 11:37:06.537986,0 days 00:00:01.674790,,gini,,0.24779911971094792,0.5991016708182247,8,56,417,PRUNED
647,1.20524257191135,2026-02-26 11:37:06.574306,2026-02-26 11:37:08.951818,0 days 00:00:02.377512,,log_loss,16.0,0.3686047464636156,0.5686344536821862,10,51,605,PRUNED
648,1.2763939450442134,2026-02-26 11:37:08.981908,2026-02-26 11:37:10.724667,0 days 00:00:01.742759,,gini,12.0,0.23227862314654585,0.9986550023481243,2,38,424,PRUNED
649,1.219152989311049,2026-02-26 11:37:10.767004,2026-02-26 11:37:12.082114,0 days 00:00:01.315110,,gini,,0.25926489977794315,0.5386217315219259,3,48,300,PRUNED
650,1.0537281575589144,2026-02-26 11:37:12.125940,2026-02-26 11:37:18.272700,0 days 00:00:06.146760,,entropy,12.0,0.19524027754161552,0.5293562273451085,8,52,1639,PRUNED
651,1.065915023376169,2026-02-26 11:37:18.314017,2026-02-26 11:37:22.659558,0 days 00:00:04.345541,,log_loss,,0.15714342008704474,0.5453567792265924,8,53,1188,PRUNED
652,1.244423498651924,2026-02-26 11:37:22.698894,2026-02-26 11:37:30.269871,0 days 00:00:07.570977,,gini,26.0,0.24110673469326938,0.5231742181355741,5,12,2055,PRUNED
653,1.0665403162246456,2026-02-26 11:37:30.307621,2026-02-26 11:37:33.295223,0 days 00:00:02.987602,,gini,16.0,0.20762079554535984,0.5574744332348368,9,57,800,PRUNED
654,1.0623981459497323,2026-02-26 11:37:33.326256,2026-02-26 11:37:38.155470,0 days 00:00:04.829214,,entropy,12.0,0.2589101211227236,0.5357410273600748,8,55,1309,PRUNED
655,1.205382452608471,2026-02-26 11:37:38.193625,2026-02-26 11:37:42.767833,0 days 00:00:04.574208,,gini,,0.2270754155781282,0.5728725632771859,7,49,1257,PRUNED
656,1.2008108426260966,2026-02-26 11:37:42.805940,2026-02-26 11:37:46.685199,0 days 00:00:03.879259,balanced,log_loss,12.0,0.2700426814277201,0.5897367200299661,8,54,1048,PRUNED
657,1.0657175863214166,2026-02-26 11:37:46.728386,2026-02-26 11:37:51.335291,0 days 00:00:04.606905,,gini,,0.24653166097670126,0.5492322155502695,9,52,1214,PRUNED
658,1.0500996486550456,2026-02-26 11:37:51.372326,2026-02-26 11:37:55.436137,0 days 00:00:04.063811,,entropy,16.0,0.21863942502824799,0.5166738028680918,8,50,1094,PRUNED
659,1.2027268538947158,2026-02-26 11:37:55.476673,2026-02-26 11:37:58.967474,0 days 00:00:03.490801,,gini,26.0,0.12553155728376755,0.7669004921204597,10,58,970,PRUNED
660,1.0673206787525689,2026-02-26 11:37:58.997386,2026-02-26 11:38:02.316006,0 days 00:00:03.318620,,log_loss,8.0,0.23750350409440968,0.5657472540449212,8,53,897,PRUNED
661,1.2048784081063135,2026-02-26 11:38:02.345448,2026-02-26 11:38:07.151099,0 days 00:00:04.805651,,gini,,0.2638532764127284,0.5314777461051949,9,47,1334,PRUNED
662,1.0488600416046823,2026-02-26 11:38:07.195095,2026-02-26 11:38:12.827780,0 days 00:00:05.632685,,entropy,12.0,0.25131973770426025,0.5430024871003443,8,56,1552,COMPLETE
663,1.2101839779354948,2026-02-26 11:38:12.871410,2026-02-26 11:38:17.117865,0 days 00:00:04.246455,,gini,,0.27630919763737427,0.5264035891248819,7,53,1157,PRUNED
664,1.23317452710644,2026-02-26 11:38:17.155389,2026-02-26 11:38:21.995361,0 days 00:00:04.839972,,gini,16.0,0.43252752982419274,0.5089319650302396,8,51,1273,PRUNED
665,1.0499560693789505,2026-02-26 11:38:22.037649,2026-02-26 11:38:26.484574,0 days 00:00:04.446925,,log_loss,26.0,0.20578904561837535,0.6044447436934827,9,55,1183,PRUNED
666,1.2062986454056273,2026-02-26 11:38:26.515840,2026-02-26 11:38:28.692567,0 days 00:00:02.176727,,entropy,12.0,0.23529632823782623,0.583914068710467,4,50,554,PRUNED
667,1.2013106703882561,2026-02-26 11:38:28.725003,2026-02-26 11:38:37.348220,0 days 00:00:08.623217,,gini,,0.2570189783522735,0.5560527054306019,8,54,2428,PRUNED
668,1.22250924512761,2026-02-26 11:38:37.391132,2026-02-26 11:38:38.887576,0 days 00:00:01.496444,,gini,12.0,0.22635173968618544,0.8390682143074097,8,57,358,PRUNED
669,1.049835414578447,2026-02-26 11:38:38.918489,2026-02-26 11:38:44.822102,0 days 00:00:05.903613,,entropy,20.0,0.289558588959128,0.5232739313767957,9,52,1607,PRUNED
670,1.206050539650989,2026-02-26 11:38:44.857648,2026-02-26 11:38:48.861899,0 days 00:00:04.004251,,log_loss,16.0,0.2687803162918439,0.6516081701746766,8,55,1080,PRUNED
671,1.25846660019736,2026-02-26 11:38:48.899320,2026-02-26 11:38:52.902456,0 days 00:00:04.003136,,gini,26.0,0.3873781263168482,0.5370913352990204,8,25,1006,PRUNED
672,1.0699488449720131,2026-02-26 11:38:53.167158,2026-02-26 11:38:57.627647,0 days 00:00:04.460489,,gini,,0.1863912723622429,0.5474177570356215,9,59,1237,PRUNED
673,1.205339782333954,2026-02-26 11:38:57.655750,2026-02-26 11:39:03.698642,0 days 00:00:06.042892,,entropy,12.0,0.24693830282606127,0.61437762786659,8,49,1667,PRUNED
674,1.050613610177742,2026-02-26 11:39:03.745184,2026-02-26 11:39:09.171488,0 days 00:00:05.426304,,log_loss,32.0,0.21560537763619392,0.5143896829216645,8,51,1376,PRUNED
675,1.0907274593333707,2026-02-26 11:39:09.209016,2026-02-26 11:39:12.063075,0 days 00:00:02.854059,balanced,gini,,0.2324836788237085,0.5616858088052213,7,55,660,PRUNED
676,1.205275114024048,2026-02-26 11:39:12.092661,2026-02-26 11:39:17.852213,0 days 00:00:05.759552,,gini,12.0,0.25425231175313645,0.5952500517343303,9,48,1580,PRUNED
677,1.201174873300048,2026-02-26 11:39:17.891996,2026-02-26 11:39:22.816394,0 days 00:00:04.924398,,entropy,26.0,0.2775323018924808,0.5347133441499187,8,53,1307,PRUNED
678,1.2242462915515453,2026-02-26 11:39:22.855928,2026-02-26 11:39:28.337555,0 days 00:00:05.481627,,gini,16.0,0.2961795849025809,0.705673015974306,8,52,1505,PRUNED
679,1.0569718832664223,2026-02-26 11:39:28.374418,2026-02-26 11:39:32.585789,0 days 00:00:04.211371,,log_loss,,0.1713488546720233,0.5772240793838503,9,56,1125,PRUNED
680,1.2019482217221618,2026-02-26 11:39:32.616234,2026-02-26 11:39:36.962746,0 days 00:00:04.346512,,gini,12.0,0.2656040435345431,0.5186128993573603,8,50,1193,PRUNED
681,1.0487732368074223,2026-02-26 11:39:36.999858,2026-02-26 11:39:41.730204,0 days 00:00:04.730346,,entropy,,0.23993397743570818,0.5431088893120347,8,54,1252,COMPLETE
682,1.0679979060576081,2026-02-26 11:39:41.766216,2026-02-26 11:39:46.871623,0 days 00:00:05.105407,,gini,12.0,0.219464669704682,0.5086434454360929,10,51,1417,PRUNED
683,1.0614065380689537,2026-02-26 11:39:46.907988,2026-02-26 11:39:52.095037,0 days 00:00:05.187049,,log_loss,26.0,0.24937752175526684,0.552495891778388,7,56,1355,PRUNED
684,1.1996150391640465,2026-02-26 11:39:52.133138,2026-02-26 11:39:57.682537,0 days 00:00:05.549399,,gini,16.0,0.20219421664194914,0.5271751756247683,9,53,1573,PRUNED
685,1.2164534824679134,2026-02-26 11:39:57.718320,2026-02-26 11:40:01.898681,0 days 00:00:04.180361,,entropy,,0.2753259472292776,0.8189218246804373,8,54,1107,PRUNED
686,1.0658826394734597,2026-02-26 11:40:01.930044,2026-02-26 11:40:07.310610,0 days 00:00:05.380566,,gini,12.0,0.23151275921822356,0.565302226899593,8,58,1516,PRUNED
687,1.2109508961377162,2026-02-26 11:40:07.344381,2026-02-26 11:40:14.220870,0 days 00:00:06.876489,,gini,,0.2601048328225547,0.5001675579120455,9,9,1879,PRUNED
688,1.2121423902354436,2026-02-26 11:40:14.255616,2026-02-26 11:40:17.830702,0 days 00:00:03.575086,,log_loss,8.0,0.29871820800194043,0.6260749002270453,8,49,947,PRUNED
689,1.200427951019157,2026-02-26 11:40:17.871984,2026-02-26 11:40:21.135397,0 days 00:00:03.263413,,entropy,12.0,0.24423202421863907,0.5363883365430203,8,52,832,PRUNED
690,1.2094060893163399,2026-02-26 11:40:21.179725,2026-02-26 11:40:23.230909,0 days 00:00:02.051184,,gini,26.0,0.21193994773446953,0.5207688835824539,8,44,508,PRUNED
691,1.2093428246816778,2026-02-26 11:40:23.272230,2026-02-26 11:40:31.646571,0 days 00:00:08.374341,,gini,16.0,0.3267640486123496,0.5450014394446703,9,57,2353,PRUNED
692,1.2052689648868342,2026-02-26 11:40:31.690411,2026-02-26 11:40:36.050362,0 days 00:00:04.359951,,log_loss,,0.28430870447975065,0.5780589669119566,7,55,1175,PRUNED
693,1.0910110308327106,2026-02-26 11:40:36.082030,2026-02-26 11:40:39.997530,0 days 00:00:03.915500,balanced,entropy,12.0,0.2713891370750111,0.5560907094681854,8,53,1043,PRUNED
694,1.0647415467506887,2026-02-26 11:40:40.028572,2026-02-26 11:40:44.566847,0 days 00:00:04.538275,,gini,,0.22967322970505968,0.5311243740099129,8,51,1231,PRUNED
695,1.2000503158921827,2026-02-26 11:40:44.597901,2026-02-26 11:40:49.303055,0 days 00:00:04.705154,,gini,16.0,0.25579874930442753,0.5115180047214737,10,45,1295,PRUNED
696,1.0653712598323726,2026-02-26 11:40:49.362802,2026-02-26 11:40:55.084281,0 days 00:00:05.721479,,entropy,26.0,0.1951100480023653,0.5911734714427174,8,54,1539,PRUNED
697,1.2582973495911178,2026-02-26 11:40:55.115851,2026-02-26 11:41:01.193197,0 days 00:00:06.077346,,gini,,0.48997093263620384,0.6019665086576359,8,50,1628,PRUNED
698,1.0511157656833512,2026-02-26 11:41:01.244642,2026-02-26 11:41:06.534859,0 days 00:00:05.290217,,log_loss,12.0,0.24196675448251484,0.5223296784887924,5,56,1430,PRUNED
699,1.2298708089705088,2026-02-26 11:41:06.567598,2026-02-26 11:41:12.074080,0 days 00:00:05.506482,,gini,20.0,0.3104609094504569,0.5383965257355812,9,20,1491,PRUNED
700,1.2041379627747457,2026-02-26 11:41:12.105479,2026-02-26 11:41:16.323815,0 days 00:00:04.218336,,gini,,0.22035154906381985,0.5630367691729578,9,36,1141,PRUNED
701,1.1999681580053134,2026-02-26 11:41:16.360690,2026-02-26 11:41:21.727105,0 days 00:00:05.366415,,entropy,12.0,0.2637165646406128,0.5470973998685702,8,52,1387,PRUNED
702,1.1994740911595991,2026-02-26 11:41:21.757802,2026-02-26 11:41:26.609015,0 days 00:00:04.851213,,log_loss,32.0,0.2844434001656211,0.509138086398476,8,49,1335,PRUNED
703,1.2185298736643935,2026-02-26 11:41:26.642168,2026-02-26 11:41:29.561656,0 days 00:00:02.919488,,gini,16.0,0.24480634970029846,0.5304845760813821,9,29,762,PRUNED
704,1.2009731747563281,2026-02-26 11:41:29.592198,2026-02-26 11:41:33.500394,0 days 00:00:03.908196,,gini,26.0,0.25760601633136065,0.5550901967476766,8,58,1072,PRUNED
705,1.0620424695725044,2026-02-26 11:41:33.543708,2026-02-26 11:41:35.339405,0 days 00:00:01.795697,,entropy,,0.22890250227801462,0.5719785152853046,8,51,420,PRUNED
706,1.3751382020967025,2026-02-26 11:41:35.385559,2026-02-26 11:41:36.879153,0 days 00:00:01.493594,,log_loss,12.0,0.7532506700640981,0.7931787026372998,8,54,306,PRUNED
707,1.2059198099090138,2026-02-26 11:41:36.926408,2026-02-26 11:41:40.213991,0 days 00:00:03.287583,,gini,,0.2718479959829795,0.5191525678467628,9,47,881,PRUNED
708,1.2054414003787244,2026-02-26 11:41:40.267007,2026-02-26 11:41:45.571348,0 days 00:00:05.304341,,gini,12.0,0.2401176706140039,0.6361495433464087,8,53,1464,PRUNED
709,1.0519415453152248,2026-02-26 11:41:45.616216,2026-02-26 11:41:50.166480,0 days 00:00:04.550264,,entropy,16.0,0.2076260799434585,0.6130724155034027,8,56,1211,PRUNED
710,1.0660450559343426,2026-02-26 11:41:50.214575,2026-02-26 11:41:54.932865,0 days 00:00:04.718290,,gini,26.0,0.2900340054515742,0.5413187719162328,10,51,1297,PRUNED
711,1.2424333040449067,2026-02-26 11:41:54.972380,2026-02-26 11:42:00.939995,0 days 00:00:05.967615,,log_loss,,0.6346456084440355,0.5272809472656749,8,55,1545,PRUNED
712,1.1989412892454685,2026-02-26 11:42:01.004988,2026-02-26 11:42:07.169626,0 days 00:00:06.164638,,gini,12.0,0.1794665658995889,0.5862724824412482,9,53,1008,PRUNED
713,1.0487003633930876,2026-02-26 11:42:07.201998,2026-02-26 11:42:11.567301,0 days 00:00:04.365303,,entropy,,0.25683542977513585,0.5515093580860065,7,54,1158,COMPLETE
714,1.0655643438799782,2026-02-26 11:42:11.614473,2026-02-26 11:42:15.624795,0 days 00:00:04.010322,,gini,12.0,0.22206908486999782,0.5003510006158923,8,48,1102,PRUNED
715,1.0873058695472513,2026-02-26 11:42:15.669346,2026-02-26 11:42:21.462268,0 days 00:00:05.792922,balanced,log_loss,26.0,0.2723956477488432,0.5161740040309244,8,50,1597,PRUNED
716,1.0664154198389602,2026-02-26 11:42:21.491722,2026-02-26 11:42:25.986386,0 days 00:00:04.494664,,gini,16.0,0.24868769092166199,0.5322566292476584,9,57,1241,PRUNED
717,1.0507319411614047,2026-02-26 11:42:26.030471,2026-02-26 11:42:34.781792,0 days 00:00:08.751321,,entropy,,0.23420328440654634,0.5656237380479734,8,52,2381,PRUNED
718,1.0669069145354853,2026-02-26 11:42:34.823920,2026-02-26 11:42:39.893465,0 days 00:00:05.069545,,gini,12.0,0.1978566755629267,0.5425693398721598,8,55,1417,PRUNED
719,1.210465271515499,2026-02-26 11:42:39.926224,2026-02-26 11:42:45.309036,0 days 00:00:05.382812,,gini,8.0,0.2993848336018321,0.6009166313424331,8,60,1498,PRUNED
720,1.0491097274594765,2026-02-26 11:42:45.350336,2026-02-26 11:42:50.316220,0 days 00:00:04.965884,,log_loss,,0.2641209957772929,0.515868445720132,9,53,1346,COMPLETE
721,1.051574676018164,2026-02-26 11:42:50.366157,2026-02-26 11:42:55.935870,0 days 00:00:05.569713,,entropy,26.0,0.21717229614028855,0.5498107625070583,8,56,1532,PRUNED
722,1.2040706863064714,2026-02-26 11:42:55.970395,2026-02-26 11:43:04.837472,0 days 00:00:08.867077,,gini,16.0,0.27494617669429255,0.5792946099870346,10,51,2463,PRUNED
723,1.2273335008052415,2026-02-26 11:43:04.869426,2026-02-26 11:43:09.522056,0 days 00:00:04.652630,,gini,12.0,0.24903346647411467,0.5088170349262514,1,52,1282,PRUNED
724,1.0493836954505191,2026-02-26 11:43:09.554856,2026-02-26 11:43:14.033394,0 days 00:00:04.478538,,log_loss,,0.2327528969723068,0.5289206233160736,9,54,1193,COMPLETE
725,1.213041619591998,2026-02-26 11:43:14.090152,2026-02-26 11:43:19.409654,0 days 00:00:05.319502,,entropy,12.0,0.28803281617240406,0.5592106167039781,7,41,1448,PRUNED
726,1.2017382257811025,2026-02-26 11:43:19.456692,2026-02-26 11:43:23.589322,0 days 00:00:04.132630,,gini,,0.25053847051712413,0.5374231346802922,8,50,1139,PRUNED
727,1.2000114649911533,2026-02-26 11:43:23.620342,2026-02-26 11:43:28.785280,0 days 00:00:05.164938,,gini,26.0,0.21673148428651975,0.5239021444599015,9,48,1390,PRUNED
728,1.2046640260049948,2026-02-26 11:43:28.816164,2026-02-26 11:43:34.848651,0 days 00:00:06.032487,,entropy,16.0,0.2686578945518132,0.5708045296830773,6,57,1673,PRUNED
729,1.2057159183891983,2026-02-26 11:43:34.885679,2026-02-26 11:43:40.605220,0 days 00:00:05.719541,,log_loss,20.0,0.31301572449682746,0.5381051458848567,8,52,1574,PRUNED
730,1.0757723043221605,2026-02-26 11:43:40.645021,2026-02-26 11:43:44.155842,0 days 00:00:03.510821,,gini,,0.14190530972592563,0.6201028570911501,8,55,939,PRUNED
731,1.066686680012348,2026-02-26 11:43:44.200796,2026-02-26 11:43:48.031124,0 days 00:00:03.830328,,gini,12.0,0.23630474872171583,0.507486231203136,8,59,1052,PRUNED
732,1.0962943553255133,2026-02-26 11:43:48.068628,2026-02-26 11:43:54.377020,0 days 00:00:06.308392,balanced,entropy,32.0,0.2572904723291857,0.5493354818039746,9,58,1721,PRUNED
733,1.2090285549496516,2026-02-26 11:43:54.419001,2026-02-26 11:43:59.022315,0 days 00:00:04.603314,,gini,,0.20575669689496406,0.5925805883773622,8,49,1255,PRUNED
734,1.0499466254228478,2026-02-26 11:43:59.058070,2026-02-26 11:44:06.587055,0 days 00:00:07.528985,,log_loss,12.0,0.2805557549483486,0.521712403732909,8,54,2098,PRUNED
735,1.2074833432271745,2026-02-26 11:44:06.627754,2026-02-26 11:44:11.938327,0 days 00:00:05.310573,,gini,16.0,0.22803469939584878,0.608092521120265,8,50,1479,PRUNED
736,1.0661586905087521,2026-02-26 11:44:11.977009,2026-02-26 11:44:16.321789,0 days 00:00:04.344780,,entropy,26.0,0.18592813468074312,0.5612592491719641,10,46,1194,PRUNED
737,1.2027117762886566,2026-02-26 11:44:16.353339,2026-02-26 11:44:22.230030,0 days 00:00:05.876691,,gini,,0.24477333990573544,0.5361805926243562,7,52,1635,PRUNED
738,1.0659799250332351,2026-02-26 11:44:22.265471,2026-02-26 11:44:23.863881,0 days 00:00:01.598410,,log_loss,12.0,0.2629371558698653,0.5094019879064554,9,56,378,PRUNED
739,1.284070779855312,2026-02-26 11:44:23.893692,2026-02-26 11:44:28.233905,0 days 00:00:04.340213,,gini,,0.7766227345392134,0.5259228083638557,9,53,1098,PRUNED
740,1.0500361603140766,2026-02-26 11:44:28.266594,2026-02-26 11:44:33.869728,0 days 00:00:05.603134,,entropy,12.0,0.29238914312075676,0.5502072773747757,8,55,1526,PRUNED
741,1.2192991998395017,2026-02-26 11:44:33.900040,2026-02-26 11:44:38.821637,0 days 00:00:04.921597,,gini,16.0,0.24027509006082548,0.7424243493979514,8,52,1345,PRUNED
742,1.201974147693255,2026-02-26 11:44:38.861674,2026-02-26 11:44:40.674067,0 days 00:00:01.812393,,gini,26.0,0.27918649040907756,0.5162980124443571,8,54,443,PRUNED
743,1.0505483672745288,2026-02-26 11:44:40.704574,2026-02-26 11:44:44.978513,0 days 00:00:04.273939,,log_loss,,0.22078465776654294,0.5800951355946348,9,49,1141,PRUNED
744,1.2188590523127663,2026-02-26 11:44:45.014216,2026-02-26 11:44:49.763255,0 days 00:00:04.749039,,gini,12.0,0.3467418387275483,0.5398046299555365,8,51,1297,PRUNED
745,1.0489249448611497,2026-02-26 11:44:49.803983,2026-02-26 11:44:57.350256,0 days 00:00:07.546273,,entropy,,0.2642254487043611,0.530182679612583,8,53,2022,COMPLETE
746,1.0662135435773794,2026-02-26 11:44:57.397152,2026-02-26 11:45:01.059858,0 days 00:00:03.662706,,gini,8.0,0.25398878901333455,0.5589694533171171,8,56,998,PRUNED
747,1.0664012549742425,2026-02-26 11:45:01.096181,2026-02-26 11:45:06.272164,0 days 00:00:05.175983,,log_loss,12.0,0.20138157987355068,0.5004739607005263,9,57,1417,PRUNED
748,1.2099563098063368,2026-02-26 11:45:06.303595,2026-02-26 11:45:11.991697,0 days 00:00:05.688102,,gini,26.0,0.30735219785653123,0.5472590526659157,7,55,1578,PRUNED
749,1.0665615819362313,2026-02-26 11:45:12.031886,2026-02-26 11:45:14.770128,0 days 00:00:02.738242,,entropy,16.0,0.16265002955203722,0.5709653980961487,8,50,710,PRUNED
750,1.093159041211059,2026-02-26 11:45:14.810652,2026-02-26 11:45:19.356305,0 days 00:00:04.545653,balanced,gini,,0.23318489745494034,0.5182678751905976,8,51,1234,PRUNED
751,1.2112376875993918,2026-02-26 11:45:19.386581,2026-02-26 11:45:24.959667,0 days 00:00:05.573086,,gini,12.0,0.27739178342010234,0.5933312674035846,9,53,1494,PRUNED
752,1.1999826575347052,2026-02-26 11:45:24.998737,2026-02-26 11:45:30.314558,0 days 00:00:05.315821,,log_loss,,0.2465870639133596,0.5317666991874629,8,47,1458,PRUNED
753,1.0489458628844646,2026-02-26 11:45:30.355389,2026-02-26 11:45:34.758535,0 days 00:00:04.403146,,entropy,26.0,0.20930221806109262,0.5449926323469817,8,54,1195,COMPLETE
754,1.2037292152282546,2026-02-26 11:45:34.792798,2026-02-26 11:45:40.336125,0 days 00:00:05.543327,,gini,16.0,0.26227939881925016,0.523344695654521,8,52,1549,PRUNED
755,1.199735184289702,2026-02-26 11:45:40.375527,2026-02-26 11:45:44.333494,0 days 00:00:03.957967,,gini,12.0,0.22699825572365226,0.5091393921711387,8,57,1094,PRUNED
756,1.2058197652994447,2026-02-26 11:45:44.364243,2026-02-26 11:45:49.252423,0 days 00:00:04.888180,,entropy,,0.29731577769124024,0.5559460564709977,9,48,1334,PRUNED
757,1.0498849698303376,2026-02-26 11:45:49.292420,2026-02-26 11:45:54.607904,0 days 00:00:05.315484,,log_loss,12.0,0.24125323600414622,0.5839905259274344,8,53,1390,PRUNED
758,1.065429525018896,2026-02-26 11:45:54.651260,2026-02-26 11:45:56.114515,0 days 00:00:01.463255,,gini,,0.27373907568997674,0.5367375671603235,10,58,345,PRUNED
759,1.0671070407380794,2026-02-26 11:45:56.155018,2026-02-26 11:46:00.764754,0 days 00:00:04.609736,,gini,32.0,0.21880485218769147,0.5662074477257945,9,55,1268,PRUNED
760,1.2098775467100256,2026-02-26 11:46:00.804934,2026-02-26 11:46:03.983158,0 days 00:00:03.178224,,entropy,26.0,0.2561273468116963,0.6038585720788568,7,51,830,PRUNED
761,1.2177630368697698,2026-02-26 11:46:04.019822,2026-02-26 11:46:08.337324,0 days 00:00:04.317502,,log_loss,20.0,0.3246662945835338,0.5168183003416661,4,50,1164,PRUNED
762,1.202433342214374,2026-02-26 11:46:08.369437,2026-02-26 11:46:12.240838,0 days 00:00:03.871401,,gini,16.0,0.2845044544541741,0.542429408130834,8,54,1053,PRUNED
763,1.0475218118402476,2026-02-26 11:46:12.274109,2026-02-26 11:46:18.831628,0 days 00:00:06.557519,,gini,,0.24997362707771106,0.5283566655468698,8,52,1813,COMPLETE
764,1.2027252236372232,2026-02-26 11:46:18.866919,2026-02-26 11:46:25.643827,0 days 00:00:06.776908,,gini,,0.2330775605764376,0.5503795122372771,8,49,1901,PRUNED
765,1.0531823409887666,2026-02-26 11:46:25.678087,2026-02-26 11:46:32.802755,0 days 00:00:07.124668,,entropy,,0.21309266575396035,0.5315480357775307,9,50,1921,PRUNED
766,1.208561165746412,2026-02-26 11:46:32.832766,2026-02-26 11:46:38.742142,0 days 00:00:05.909376,,gini,,0.24405201786584024,0.6144207913084037,8,52,1638,PRUNED
767,1.268801320499137,2026-02-26 11:46:38.774425,2026-02-26 11:46:45.239156,0 days 00:00:06.464731,,log_loss,,0.7118372508336985,0.5617418136524944,8,51,1689,PRUNED
768,1.0694262697615804,2026-02-26 11:46:45.273077,2026-02-26 11:46:52.292429,0 days 00:00:07.019352,,gini,,0.1951072797111312,0.5411126349246719,9,51,1986,PRUNED
769,1.0503201207631585,2026-02-26 11:46:52.324741,2026-02-26 11:46:57.643240,0 days 00:00:05.318499,,entropy,,0.2284339708174468,0.5287947388951182,8,57,1451,PRUNED
770,1.0995627797470364,2026-02-26 11:46:57.687222,2026-02-26 11:47:04.017050,0 days 00:00:06.329828,balanced,gini,,0.2545581453152662,0.5738331302264141,10,59,1714,PRUNED
771,1.2004135183123679,2026-02-26 11:47:04.049891,2026-02-26 11:47:10.698715,0 days 00:00:06.648824,,log_loss,,0.24076608361181337,0.5556756813488575,8,49,1841,PRUNED
772,1.2020370420501232,2026-02-26 11:47:10.736487,2026-02-26 11:47:16.529088,0 days 00:00:05.792601,,gini,,0.22638828926527696,0.5971839320042689,7,55,1608,PRUNED
773,1.2139235239800776,2026-02-26 11:47:16.561654,2026-02-26 11:47:23.207573,0 days 00:00:06.645919,,entropy,,0.2530806742180679,0.6259246466486422,5,52,1827,PRUNED
774,1.2007852429497368,2026-02-26 11:47:23.255514,2026-02-26 11:47:28.698074,0 days 00:00:05.442560,,gini,,0.2109132127974852,0.5453242638812735,6,56,1513,PRUNED
775,1.0661370229923761,2026-02-26 11:47:28.730813,2026-02-26 11:47:37.377980,0 days 00:00:08.647167,,log_loss,,0.18883056649535682,0.5243258178865281,9,53,2401,PRUNED
776,1.2168624199299671,2026-02-26 11:47:37.409281,2026-02-26 11:47:42.433863,0 days 00:00:05.024582,,gini,,0.26591281733828953,0.5117841362501186,8,34,1372,PRUNED
777,1.2135867557256454,2026-02-26 11:47:42.465433,2026-02-26 11:47:50.882005,0 days 00:00:08.416572,,entropy,,0.24055730284815457,0.8093036973742989,8,54,2334,PRUNED
778,1.0671694252925916,2026-02-26 11:47:50.914254,2026-02-26 11:47:56.667378,0 days 00:00:05.753124,,gini,26.0,0.21890049412525459,0.5361060278489272,9,50,1603,PRUNED
779,1.2048551172680768,2026-02-26 11:47:56.699665,2026-02-26 11:48:02.304050,0 days 00:00:05.604385,,gini,16.0,0.25396700591074267,0.500420719985259,7,53,1529,PRUNED
780,1.0499941700514948,2026-02-26 11:48:02.335367,2026-02-26 11:48:08.895099,0 days 00:00:06.559732,,log_loss,,0.23382490077877865,0.5859970746205313,8,51,1804,PRUNED
781,1.1991338499571806,2026-02-26 11:48:08.927217,2026-02-26 11:48:13.711498,0 days 00:00:04.784281,,entropy,,0.26906236968933706,0.5500305072472155,8,56,1319,PRUNED
782,1.2042969499774636,2026-02-26 11:48:13.742516,2026-02-26 11:48:19.312991,0 days 00:00:05.570475,,gini,26.0,0.25283303607756846,0.5657755177861639,8,48,1556,PRUNED
783,1.0658494045616789,2026-02-26 11:48:19.345777,2026-02-26 11:48:24.577290,0 days 00:00:05.231513,,gini,16.0,0.20320504183378632,0.5199057484029392,9,52,1471,PRUNED
784,1.0670156996139548,2026-02-26 11:48:24.609195,2026-02-26 11:48:29.885822,0 days 00:00:05.276627,,entropy,8.0,0.223923978869892,0.531686920858208,8,58,1417,PRUNED
785,1.050536789956737,2026-02-26 11:48:29.917294,2026-02-26 11:48:36.344786,0 days 00:00:06.427492,,log_loss,,0.24443646699649724,0.5555354438108732,8,55,1762,PRUNED
786,1.0696696046764673,2026-02-26 11:48:36.377237,2026-02-26 11:48:40.890522,0 days 00:00:04.513285,,gini,,0.17466679352402759,0.5381090985731305,9,54,1257,PRUNED
787,1.230873731764791,2026-02-26 11:48:40.922764,2026-02-26 11:48:45.385042,0 days 00:00:04.462278,,gini,26.0,0.2805876832234215,0.7784031073485393,8,51,1211,PRUNED
788,1.0500497133010227,2026-02-26 11:48:45.418922,2026-02-26 11:48:51.440794,0 days 00:00:06.021872,,entropy,16.0,0.26692094569822433,0.510618181279495,10,47,1662,PRUNED
789,1.0885447619944868,2026-02-26 11:48:51.473296,2026-02-26 11:48:57.136161,0 days 00:00:05.662865,balanced,gini,,0.23258063599035156,0.5758850701802218,7,50,1572,PRUNED
790,1.0492009061032401,2026-02-26 11:48:57.168218,2026-02-26 11:49:01.671941,0 days 00:00:04.503723,,log_loss,,0.2933664304939902,0.5256126579506664,9,53,1150,COMPLETE
791,1.2800138813942619,2026-02-26 11:49:01.708698,2026-02-26 11:49:06.862785,0 days 00:00:05.154087,,gini,20.0,0.5457011637369958,0.6883888745123081,8,49,1371,PRUNED
792,1.0500468753789747,2026-02-26 11:49:06.895367,2026-02-26 11:49:12.364893,0 days 00:00:05.469526,,entropy,26.0,0.2565472660403259,0.5444845719310433,8,56,1501,PRUNED
793,1.200460233384469,2026-02-26 11:49:12.396692,2026-02-26 11:49:17.062966,0 days 00:00:04.666274,,gini,16.0,0.2139907404143641,0.6098993886869492,9,52,1305,PRUNED
794,1.0506014735020415,2026-02-26 11:49:17.097544,2026-02-26 11:49:22.432517,0 days 00:00:05.334973,,log_loss,,0.2440121772513197,0.5200687601596043,8,57,1451,PRUNED
795,1.066854998465341,2026-02-26 11:49:22.464080,2026-02-26 11:49:29.966940,0 days 00:00:07.502860,,gini,32.0,0.22823713690300873,0.5609702557751773,8,54,2063,PRUNED
796,1.2160056375594017,2026-02-26 11:49:29.999338,2026-02-26 11:49:37.656674,0 days 00:00:07.657336,,gini,,0.2686129332095092,0.6417490110304659,8,52,2134,PRUNED
797,1.0496350513785342,2026-02-26 11:49:37.689588,2026-02-26 11:49:42.312492,0 days 00:00:04.622904,,entropy,26.0,0.27927817278485156,0.5387769737326078,10,55,1220,PRUNED
798,1.2007259916902928,2026-02-26 11:49:42.343530,2026-02-26 11:49:46.391057,0 days 00:00:04.047527,,gini,16.0,0.2509742531213661,0.5076647678242199,8,50,1128,PRUNED
799,1.0516537686947323,2026-02-26 11:49:46.422266,2026-02-26 11:49:51.147947,0 days 00:00:04.725681,,log_loss,,0.2041059283782974,0.5977200692997635,9,53,1275,PRUNED
800,1.20023603349515,2026-02-26 11:49:51.179543,2026-02-26 11:49:57.532274,0 days 00:00:06.352731,,gini,,0.23743204964448061,0.5878411623137889,8,55,1768,PRUNED
801,1.0653288610842688,2026-02-26 11:49:57.588233,2026-02-26 11:50:02.098243,0 days 00:00:04.510010,,entropy,26.0,0.30169494055893387,0.5301079564175624,6,60,1174,PRUNED
802,1.2052691183579105,2026-02-26 11:50:02.130312,2026-02-26 11:50:07.215521,0 days 00:00:05.085209,,gini,16.0,0.2619739089294479,0.5537381294412043,8,49,1409,PRUNED
803,1.05197376197466,2026-02-26 11:50:07.249061,2026-02-26 11:50:13.131253,0 days 00:00:05.882192,,log_loss,,0.22004704035127226,0.518451058972189,9,54,1606,PRUNED
804,1.2073838894220805,2026-02-26 11:50:13.163713,2026-02-26 11:50:22.022575,0 days 00:00:08.858862,,gini,,0.28569344216468034,0.5351745804802156,8,51,2497,PRUNED
805,1.065525666233553,2026-02-26 11:50:22.056819,2026-02-26 11:50:27.673499,0 days 00:00:05.616680,,entropy,8.0,0.2459332628815706,0.5469666996024426,9,52,1512,PRUNED
