slice_col,slice_value,ablation_name,fold_id,threshold_used,PR_AUC,LogLoss,F1,Precision,Recall,TP,FP,FN,TN,n_rows,n_pos,pos_rate
slice_race_phase,early,stream_p_ann,0,0.5700000000000001,0.06650136753342989,0.41259362753507567,0.09720972097209721,0.05921052631578947,0.271356783919598,54,858,145,5316,6373,199,0.031225482504315078
slice_race_phase,late,stream_p_ann,0,0.5700000000000001,0.05052742765530119,0.2610919204687148,0.049217002237136466,0.031161473087818695,0.11702127659574468,11,342,83,6132,6568,94,0.014311814859926919
slice_race_phase,mid,stream_p_ann,0,0.5700000000000001,0.06049114981467903,0.32033025078099836,0.10015649452269171,0.07476635514018691,0.15165876777251186,32,396,179,5914,6521,211,0.03235700046005214
slice_race_phase,early,stream_p_ann,1,0.5700000000000001,0.08499274946897603,0.2878909628369229,0.10909090909090909,0.20833333333333334,0.07389162561576355,15,57,188,6150,6410,203,0.03166926677067083
slice_race_phase,late,stream_p_ann,1,0.5700000000000001,0.051622008290405454,0.21224097230650107,0.0821917808219178,0.12244897959183673,0.061855670103092786,6,43,91,6442,6582,97,0.01473716195685202
slice_race_phase,mid,stream_p_ann,1,0.5700000000000001,0.09047805331416098,0.26430400884025135,0.12158054711246201,0.24691358024691357,0.08064516129032258,20,61,228,6240,6549,248,0.0378683768514277
slice_race_phase,early,stream_p_ann,2,0.5,0.05134839546110732,0.6287272847753577,0.0869205298013245,0.047106325706594884,0.5614973262032086,105,2124,82,4017,6328,187,0.029551201011378002
slice_race_phase,late,stream_p_ann,2,0.5,0.03574049540856935,0.3657609365805022,0.06557377049180328,0.03669724770642202,0.3076923076923077,24,630,54,5744,6452,78,0.01208927464352139
slice_race_phase,mid,stream_p_ann,2,0.5,0.16204598994176267,0.4585632634270794,0.2141982864137087,0.12915129151291513,0.6272401433691757,175,1180,104,5021,6480,279,0.043055555555555555
slice_race_phase,early,stream_p_ann,3,0.5700000000000001,0.06664203495082417,0.2890539252466859,0.0782608695652174,0.07003891050583658,0.08866995073891626,18,239,185,5908,6350,203,0.031968503937007876
slice_race_phase,late,stream_p_ann,3,0.5700000000000001,0.06800167690532274,0.17444662144443862,0.09090909090909091,0.2222222222222222,0.05714285714285714,8,28,132,6381,6549,140,0.021377309512902735
slice_race_phase,mid,stream_p_ann,3,0.5700000000000001,0.10505492742141845,0.24471106588043337,0.1188118811881188,0.16551724137931034,0.09266409266409266,24,121,235,6120,6500,259,0.039846153846153844
slice_race_phase,early,stream_p_ann,4,0.5700000000000001,0.12461398783513139,0.2515225608029799,0.15280898876404495,0.14107883817427386,0.16666666666666666,34,207,170,5977,6388,204,0.031934877896055106
slice_race_phase,late,stream_p_ann,4,0.5700000000000001,0.08974501910266273,0.13787756548825642,0.09836065573770492,0.20689655172413793,0.06451612903225806,6,23,87,6460,6576,93,0.014142335766423358
slice_race_phase,mid,stream_p_ann,4,0.5700000000000001,0.06499942872675168,0.24408957285865981,0.06666666666666667,0.11016949152542373,0.04779411764705882,13,105,259,6121,6498,272,0.041859033548784244
slice_race_phase,early,stream_p_rf,0,0.13,0.26003787987642096,0.10249849758130863,0.29141716566866266,0.24172185430463577,0.36683417085427134,73,229,126,5945,6373,199,0.031225482504315078
slice_race_phase,late,stream_p_rf,0,0.13,0.21974249056734407,0.06133552013332427,0.2692307692307692,0.21084337349397592,0.3723404255319149,35,131,59,6343,6568,94,0.014311814859926919
slice_race_phase,mid,stream_p_rf,0,0.13,0.305146449357123,0.1120279239120753,0.28874172185430463,0.20036764705882354,0.5165876777251185,109,435,102,5875,6521,211,0.03235700046005214
slice_race_phase,early,stream_p_rf,1,0.17,0.4040355877729285,0.09891859229059347,0.35494880546075086,0.5777777777777777,0.2561576354679803,52,38,151,6169,6410,203,0.03166926677067083
slice_race_phase,late,stream_p_rf,1,0.17,0.13681206304639737,0.06494760814028645,0.1422924901185771,0.11538461538461539,0.18556701030927836,18,138,79,6347,6582,97,0.01473716195685202
slice_race_phase,mid,stream_p_rf,1,0.17,0.3474809287981234,0.1153387812929427,0.3392568659127625,0.2830188679245283,0.42338709677419356,105,266,143,6035,6549,248,0.0378683768514277
slice_race_phase,early,stream_p_rf,2,0.12,0.2387670932025492,0.12730768793496802,0.24057971014492754,0.16500994035785288,0.44385026737967914,83,420,104,5721,6328,187,0.029551201011378002
slice_race_phase,late,stream_p_rf,2,0.12,0.21915077739399477,0.052798075279104704,0.2247191011235955,0.2,0.2564102564102564,20,80,58,6294,6452,78,0.01208927464352139
slice_race_phase,mid,stream_p_rf,2,0.12,0.32780956888453106,0.12648285517445526,0.34460887949260044,0.24437781109445278,0.5842293906810035,163,504,116,5697,6480,279,0.043055555555555555
slice_race_phase,early,stream_p_rf,3,0.16,0.16525209350125297,0.11265320774328703,0.18731117824773413,0.2421875,0.15270935960591134,31,97,172,6050,6350,203,0.031968503937007876
slice_race_phase,late,stream_p_rf,3,0.16,0.12231817711314527,0.08584638450130264,0.14285714285714285,0.1111111111111111,0.2,28,224,112,6185,6549,140,0.021377309512902735
slice_race_phase,mid,stream_p_rf,3,0.16,0.26019371008090125,0.1285274089129782,0.2814614343707713,0.21666666666666667,0.4015444015444015,104,376,155,5865,6500,259,0.039846153846153844
slice_race_phase,early,stream_p_rf,4,0.17,0.2761627955413288,0.10502421651783177,0.29394812680115273,0.35664335664335667,0.25,51,92,153,6092,6388,204,0.031934877896055106
slice_race_phase,late,stream_p_rf,4,0.17,0.1777528418761519,0.07542930553268024,0.19689119170984457,0.19,0.20430107526881722,19,81,74,6402,6576,93,0.014142335766423358
slice_race_phase,mid,stream_p_rf,4,0.17,0.25133673562838693,0.15017136756997446,0.30514096185737977,0.27794561933534745,0.3382352941176471,92,239,180,5987,6498,272,0.041859033548784244
slice_race_phase,early,stream_p_svm,0,0.32,0.18471269787803332,0.19366466329754584,0.2824601366742597,0.25833333333333336,0.31155778894472363,62,178,137,5996,6373,199,0.031225482504315078
slice_race_phase,late,stream_p_svm,0,0.32,0.11659397422665473,0.12188719341231843,0.1901840490797546,0.1336206896551724,0.32978723404255317,31,201,63,6273,6568,94,0.014311814859926919
slice_race_phase,mid,stream_p_svm,0,0.32,0.35461501450755983,0.15372534782581065,0.3464285714285714,0.27793696275071633,0.4597156398104265,97,252,114,6058,6521,211,0.03235700046005214
slice_race_phase,early,stream_p_svm,1,0.32,0.2738940417348727,0.14268717677832077,0.2727272727272727,0.27979274611398963,0.2660098522167488,54,139,149,6068,6410,203,0.03166926677067083
slice_race_phase,late,stream_p_svm,1,0.32,0.3130041729063024,0.0858643257125636,0.31746031746031744,0.22935779816513763,0.5154639175257731,50,168,47,6317,6582,97,0.01473716195685202
slice_race_phase,mid,stream_p_svm,1,0.32,0.3753253444530176,0.24095116961173435,0.4205607476635514,0.3426395939086294,0.5443548387096774,135,259,113,6042,6549,248,0.0378683768514277
slice_race_phase,early,stream_p_svm,2,0.32,0.130320751330959,0.47843527736758296,0.24551724137931036,0.1654275092936803,0.47593582887700536,89,449,98,5692,6328,187,0.029551201011378002
slice_race_phase,late,stream_p_svm,2,0.32,0.152265631411344,0.10098807668513853,0.254071661237785,0.1703056768558952,0.5,39,190,39,6184,6452,78,0.01208927464352139
slice_race_phase,mid,stream_p_svm,2,0.32,0.3100721059961328,0.3636459845360038,0.40482573726541554,0.3233404710920771,0.5412186379928315,151,316,128,5885,6480,279,0.043055555555555555
slice_race_phase,early,stream_p_svm,3,0.34,0.22145336396389326,0.1384370277896457,0.3047091412742382,0.34810126582278483,0.270935960591133,55,103,148,6044,6350,203,0.031968503937007876
slice_race_phase,late,stream_p_svm,3,0.34,0.11349253176802175,0.17792067237385287,0.1646586345381526,0.11452513966480447,0.29285714285714287,41,317,99,6092,6549,140,0.021377309512902735
slice_race_phase,mid,stream_p_svm,3,0.34,0.26981995014920074,0.22378341696464213,0.33045977011494254,0.2631578947368421,0.444015444015444,115,322,144,5919,6500,259,0.039846153846153844
slice_race_phase,early,stream_p_svm,4,0.24000000000000002,0.23800635798585215,0.15791063297762803,0.3261390887290168,0.3192488262910798,0.3333333333333333,68,145,136,6039,6388,204,0.031934877896055106
slice_race_phase,late,stream_p_svm,4,0.24000000000000002,0.15103871670659727,0.1451734046981503,0.1873536299765808,0.11976047904191617,0.43010752688172044,40,294,53,6189,6576,93,0.014142335766423358
slice_race_phase,mid,stream_p_svm,4,0.24000000000000002,0.37127283733272065,0.2561667055207509,0.4241645244215938,0.32608695652173914,0.6066176470588235,165,341,107,5885,6498,272,0.041859033548784244
slice_race_phase,early,stream_p_xgb,0,0.29000000000000004,0.49358475733145935,0.07939574487908353,0.5295629820051414,0.5421052631578948,0.5175879396984925,103,87,96,6087,6373,199,0.031225482504315078
slice_race_phase,late,stream_p_xgb,0,0.29000000000000004,0.37630414652644945,0.04935687193090207,0.40789473684210525,0.5344827586206896,0.32978723404255317,31,27,63,6447,6568,94,0.014311814859926919
slice_race_phase,mid,stream_p_xgb,0,0.29000000000000004,0.5935744250265435,0.08051699577726841,0.5919661733615222,0.5343511450381679,0.6635071090047393,140,122,71,6188,6521,211,0.03235700046005214
slice_race_phase,early,stream_p_xgb,1,0.28,0.48110451419583156,0.08321626531463475,0.4196185286103542,0.4695121951219512,0.3793103448275862,77,87,126,6120,6410,203,0.03166926677067083
slice_race_phase,late,stream_p_xgb,1,0.28,0.19883444220496183,0.07231082205511961,0.23346303501945526,0.1875,0.30927835051546393,30,130,67,6355,6582,97,0.01473716195685202
slice_race_phase,mid,stream_p_xgb,1,0.28,0.40229088219574655,0.11488613700719415,0.48503937007874015,0.3979328165374677,0.6209677419354839,154,233,94,6068,6549,248,0.0378683768514277
slice_race_phase,early,stream_p_xgb,2,0.29000000000000004,0.3477486615038194,0.12632199306252972,0.35139573070607555,0.25355450236966826,0.5721925133689839,107,315,80,5826,6328,187,0.029551201011378002
slice_race_phase,late,stream_p_xgb,2,0.29000000000000004,0.4195127771311673,0.03766398439139612,0.4413145539906103,0.34814814814814815,0.6025641025641025,47,88,31,6286,6452,78,0.01208927464352139
slice_race_phase,mid,stream_p_xgb,2,0.29000000000000004,0.3968580504810825,0.13838035807421364,0.47029077117572693,0.36328125,0.6666666666666666,186,326,93,5875,6480,279,0.043055555555555555
slice_race_phase,early,stream_p_xgb,3,0.28,0.2603339847548991,0.112332533425949,0.335632183908046,0.3146551724137931,0.35960591133004927,73,159,130,5988,6350,203,0.031968503937007876
slice_race_phase,late,stream_p_xgb,3,0.28,0.23325749950893535,0.08817148107015582,0.26153846153846155,0.204,0.36428571428571427,51,199,89,6210,6549,140,0.021377309512902735
slice_race_phase,mid,stream_p_xgb,3,0.28,0.5053327625049568,0.10285898500721972,0.4740061162079511,0.3924050632911392,0.5984555984555985,155,240,104,6001,6500,259,0.039846153846153844
slice_race_phase,early,stream_p_xgb,4,0.33,0.3431528829889751,0.09892126272601597,0.3765432098765432,0.5083333333333333,0.29901960784313725,61,59,143,6125,6388,204,0.031934877896055106
slice_race_phase,late,stream_p_xgb,4,0.33,0.18692219809922123,0.07040748460520055,0.21256038647342995,0.19298245614035087,0.23655913978494625,22,92,71,6391,6576,93,0.014142335766423358
slice_race_phase,mid,stream_p_xgb,4,0.33,0.5615469815033501,0.08959844263747581,0.5265225933202358,0.5654008438818565,0.49264705882352944,134,103,138,6123,6498,272,0.041859033548784244
slice_race_phase,early,stream_tcn_proba,0,0.78,0.6798045667492251,0.11994245327303031,0.6337662337662338,0.6559139784946236,0.6130653266331658,122,64,77,6110,6373,199,0.031225482504315078
slice_race_phase,late,stream_tcn_proba,0,0.78,0.4770615983043853,0.06590285258217056,0.43312101910828027,0.5396825396825397,0.3617021276595745,34,29,60,6445,6568,94,0.014311814859926919
slice_race_phase,mid,stream_tcn_proba,0,0.78,0.7641678053134366,0.09835841383900172,0.7480519480519481,0.8275862068965517,0.6824644549763034,144,30,67,6280,6521,211,0.03235700046005214
slice_race_phase,early,stream_tcn_proba,1,0.77,0.6275058265162253,0.14606686983693506,0.6388059701492538,0.8106060606060606,0.5270935960591133,107,25,96,6182,6410,203,0.03166926677067083
slice_race_phase,late,stream_tcn_proba,1,0.77,0.33523700270062146,0.13456706749054267,0.39473684210526316,0.5454545454545454,0.30927835051546393,30,25,67,6460,6582,97,0.01473716195685202
slice_race_phase,mid,stream_tcn_proba,1,0.77,0.6178759521572136,0.16370384446789937,0.6666666666666666,0.65625,0.6774193548387096,168,88,80,6213,6549,248,0.0378683768514277
slice_race_phase,early,stream_tcn_proba,2,0.77,0.5752410987256326,0.15239357067208342,0.5831062670299727,0.5944444444444444,0.5721925133689839,107,73,80,6068,6328,187,0.029551201011378002
slice_race_phase,late,stream_tcn_proba,2,0.77,0.45988275568419257,0.05004240939999327,0.4666666666666667,0.6666666666666666,0.358974358974359,28,14,50,6360,6452,78,0.01208927464352139
slice_race_phase,mid,stream_tcn_proba,2,0.77,0.7043622098716442,0.12005563586310963,0.6608695652173913,0.8397790055248618,0.5448028673835126,152,29,127,6172,6480,279,0.043055555555555555
slice_race_phase,early,stream_tcn_proba,3,0.77,0.49739769968209235,0.1997566496947155,0.4890282131661442,0.6724137931034483,0.3842364532019704,78,38,125,6109,6350,203,0.031968503937007876
slice_race_phase,late,stream_tcn_proba,3,0.77,0.35447625395780114,0.13076802695888404,0.3781094527363184,0.6229508196721312,0.2714285714285714,38,23,102,6386,6549,140,0.021377309512902735
slice_race_phase,mid,stream_tcn_proba,3,0.77,0.7267846297901319,0.18176359981470974,0.7242105263157895,0.7962962962962963,0.6640926640926641,172,44,87,6197,6500,259,0.039846153846153844
slice_race_phase,early,stream_tcn_proba,4,0.77,0.5784057369232845,0.15907516560026114,0.574585635359116,0.6582278481012658,0.5098039215686274,104,54,100,6130,6388,204,0.031934877896055106
slice_race_phase,late,stream_tcn_proba,4,0.77,0.4789560554528419,0.1341725181156718,0.5357142857142857,0.6,0.4838709677419355,45,30,48,6453,6576,93,0.014142335766423358
slice_race_phase,mid,stream_tcn_proba,4,0.77,0.716536903805905,0.1978536452537767,0.7266313932980599,0.6983050847457627,0.7573529411764706,206,89,66,6137,6498,272,0.041859033548784244
slice_fcy,GREEN,stream_p_ann,0,0.5700000000000001,0.05646127276578854,0.33055104754200215,0.08830223031406463,0.05729474305965741,0.19246031746031747,97,1596,407,17362,19462,504,0.025896619052512587
slice_fcy,GREEN,stream_p_ann,1,0.5700000000000001,0.07315273542907369,0.2545047902052542,0.10933333333333334,0.20297029702970298,0.07481751824817519,41,161,507,18832,19541,548,0.028043600634563227
slice_fcy,GREEN,stream_p_ann,2,0.5,0.08106136576132514,0.4833834770448255,0.1271434546214973,0.07173194903256253,0.5588235294117647,304,3934,240,14782,19260,544,0.028245067497403947
slice_fcy,GREEN,stream_p_ann,3,0.5700000000000001,0.07273043080914107,0.23550519497803504,0.09615384615384616,0.1141552511415525,0.08305647840531562,50,388,552,18409,19399,602,0.03103252744986855
slice_fcy,GREEN,stream_p_ann,4,0.5700000000000001,0.08482298325583572,0.2106414054822619,0.11076280041797283,0.13659793814432988,0.09314586994727592,53,335,516,18558,19462,569,0.029236460795396157
slice_fcy,GREEN,stream_p_rf,0,0.13,0.26334838009972256,0.09179985166745436,0.2862796833773087,0.21442687747035574,0.4305555555555556,217,795,287,18163,19462,504,0.025896619052512587
slice_fcy,GREEN,stream_p_rf,1,0.17,0.29624822721160704,0.09297922378842186,0.30042918454935624,0.28363047001620745,0.3193430656934307,175,442,373,18551,19541,548,0.028043600634563227
slice_fcy,GREEN,stream_p_rf,2,0.12,0.26971224995613563,0.10206984073124255,0.2932745314222712,0.2094488188976378,0.4889705882352941,266,1004,278,17712,19260,544,0.028245067497403947
slice_fcy,GREEN,stream_p_rf,3,0.16,0.17965878002468794,0.10892231554220638,0.22298221614227087,0.18953488372093022,0.2707641196013289,163,697,439,18100,19399,602,0.03103252744986855
slice_fcy,GREEN,stream_p_rf,4,0.17,0.23325158955144382,0.11009820957602037,0.28346456692913385,0.28222996515679444,0.28471001757469244,162,412,407,18481,19462,569,0.029236460795396157
slice_fcy,GREEN,stream_p_svm,0,0.32,0.21368051619818754,0.15605913979547215,0.28679245283018867,0.23142509135200975,0.376984126984127,190,631,314,18327,19462,504,0.025896619052512587
slice_fcy,GREEN,stream_p_svm,1,0.32,0.31025763724633487,0.15647986309689257,0.3532889874353289,0.2968944099378882,0.43613138686131386,239,566,309,18427,19541,548,0.028043600634563227
slice_fcy,GREEN,stream_p_svm,2,0.32,0.20461187221723184,0.31337172823197734,0.3138357705286839,0.2260940032414911,0.5128676470588235,279,955,265,17761,19260,544,0.028245067497403947
slice_fcy,GREEN,stream_p_svm,3,0.34,0.19719164585882204,0.18036341152176846,0.27138263665594853,0.22140608604407136,0.3504983388704319,211,742,391,18055,19399,602,0.03103252744986855
slice_fcy,GREEN,stream_p_svm,4,0.24000000000000002,0.26018151546671886,0.18641273688366886,0.3366214549938348,0.25925925925925924,0.4797891036906854,273,780,296,18113,19462,569,0.029236460795396157
slice_fcy,GREEN,stream_p_xgb,0,0.29000000000000004,0.5114772525042767,0.06963397114480173,0.5404339250493096,0.5372549019607843,0.5436507936507936,274,236,230,18722,19462,504,0.025896619052512587
slice_fcy,GREEN,stream_p_xgb,1,0.28,0.3675909612083978,0.09015687030826061,0.414614773629865,0.3670886075949367,0.4762773722627737,261,450,287,18543,19541,548,0.028043600634563227
slice_fcy,GREEN,stream_p_xgb,2,0.29000000000000004,0.3734787411844242,0.10067904048358672,0.42157470551766896,0.31805425631431244,0.625,340,729,204,17987,19260,544,0.028245067497403947
slice_fcy,GREEN,stream_p_xgb,3,0.28,0.34032160515545895,0.10100159901696763,0.3772819472616633,0.3181299885974915,0.4634551495016611,279,598,323,18199,19399,602,0.03103252744986855
slice_fcy,GREEN,stream_p_xgb,4,0.33,0.38904940195587523,0.08617404816133525,0.4173076923076923,0.4607218683651805,0.38137082601054484,217,254,352,18639,19462,569,0.029236460795396157
slice_fcy,GREEN,stream_tcn_proba,0,0.78,0.6778362850252053,0.09447325080222221,0.6472491909385113,0.7092198581560284,0.5952380952380952,300,123,204,18835,19462,504,0.025896619052512587
slice_fcy,GREEN,stream_tcn_proba,1,0.77,0.554430373915967,0.14810427057457545,0.615539858728557,0.6884875846501128,0.5565693430656934,305,138,243,18855,19541,548,0.028043600634563227
slice_fcy,GREEN,stream_tcn_proba,2,0.77,0.6155435479364392,0.10722641023129029,0.6061246040126715,0.7121588089330024,0.5275735294117647,287,116,257,18600,19260,544,0.028245067497403947
slice_fcy,GREEN,stream_tcn_proba,3,0.77,0.5659112543137372,0.17043754486884832,0.578894472361809,0.732824427480916,0.47840531561461797,288,105,314,18692,19399,602,0.03103252744986855
slice_fcy,GREEN,stream_tcn_proba,4,0.77,0.6167618458635575,0.16360824292684034,0.6472196900638104,0.6723484848484849,0.6239015817223199,355,173,214,18720,19462,569,0.029236460795396157
slice_wetness,DRY,stream_p_ann,0,0.5700000000000001,0.056113356397834074,0.3533534253296443,0.08478038815117467,0.05327342747111682,0.2075,83,1475,317,13300,15175,400,0.026359143327841845
slice_wetness,POST_RAIN,stream_p_ann,0,0.5700000000000001,0.0835334641869764,0.27108749890175116,0.10891089108910891,0.09090909090909091,0.13580246913580246,11,110,70,2890,3081,81,0.02629016553067186
slice_wetness,WET,stream_p_ann,0,0.5700000000000001,0.08769222001600345,0.19554367642520618,0.16216216216216217,0.21428571428571427,0.13043478260869565,3,11,20,1172,1206,23,0.019071310116086235
slice_wetness,DRY,stream_p_ann,1,0.5700000000000001,0.07833190429733286,0.27813530227001043,0.12225705329153605,0.195,0.08904109589041095,39,161,399,14474,15073,438,0.029058581569694156
slice_wetness,POST_RAIN,stream_p_ann,1,0.5700000000000001,0.10257946102615689,0.16581804656644836,0.05,1.0,0.02564102564102564,2,0,76,3841,3919,78,0.01990303648890023
slice_wetness,WET,stream_p_ann,1,0.5700000000000001,0.09787959688687863,0.23880468085809392,0.0,0.0,0.0,0,0,32,517,549,32,0.058287795992714025
slice_wetness,DRY,stream_p_ann,2,0.5,0.0921763931794881,0.4713273482117681,0.13664290980584912,0.07784934192103052,0.5582329317269076,278,3293,220,13367,17158,498,0.029024361813731202
slice_wetness,POST_RAIN,stream_p_ann,2,0.5,0.21199884652582174,0.4155426034696122,0.17721518987341772,0.10714285714285714,0.5121951219512195,21,175,20,964,1180,41,0.03474576271186441
slice_wetness,WET,stream_p_ann,2,0.5,0.015170007427850725,0.7945670880386972,0.02100840336134454,0.010615711252653927,1.0,5,466,0,451,922,5,0.005422993492407809
slice_wetness,DRY,stream_p_ann,3,0.5700000000000001,0.07114898462104835,0.23329921558548924,0.09772727272727273,0.10565110565110565,0.09090909090909091,43,364,430,15870,16707,473,0.0283114862033878
slice_wetness,POST_RAIN,stream_p_ann,3,0.5700000000000001,0.3002933719279322,0.3072829847849216,0.3111111111111111,0.4666666666666667,0.23333333333333334,7,8,23,768,806,30,0.03722084367245657
slice_wetness,WET,stream_p_ann,3,0.5700000000000001,0.07847456675542377,0.22437179048541125,0.0,0.0,0.0,0,16,99,1771,1886,99,0.05249204665959703
slice_wetness,DRY,stream_p_ann,4,0.5700000000000001,0.09012846675445751,0.23085429071643246,0.11936936936936937,0.13659793814432988,0.106,53,335,447,15434,16269,500,0.03073329645337759
slice_wetness,POST_RAIN,stream_p_ann,4,0.5700000000000001,0.10412070178016157,0.1383809673600966,0.0,0.0,0.0,0,0,65,2168,2233,65,0.02910882221227049
slice_wetness,WET,stream_p_ann,4,0.5700000000000001,0.01198721457342147,0.03617695595317299,0.0,0.0,0.0,0,0,4,956,960,4,0.004166666666666667
slice_wetness,DRY,stream_p_rf,0,0.13,0.27663080588528943,0.09175472421553231,0.2852664576802508,0.20776255707762556,0.455,182,694,218,14081,15175,400,0.026359143327841845
slice_wetness,POST_RAIN,stream_p_rf,0,0.13,0.29153690230202856,0.09365172453673994,0.3111111111111111,0.2828282828282828,0.345679012345679,28,71,53,2929,3081,81,0.02629016553067186
slice_wetness,WET,stream_p_rf,0,0.13,0.2566762037257806,0.08763665827827401,0.23333333333333334,0.1891891891891892,0.30434782608695654,7,30,16,1153,1206,23,0.019071310116086235
slice_wetness,DRY,stream_p_rf,1,0.17,0.29706014474094844,0.09502459530060367,0.2938196555217832,0.2641165755919854,0.3310502283105023,145,404,293,14231,15073,438,0.029058581569694156
slice_wetness,POST_RAIN,stream_p_rf,1,0.17,0.3826622548459543,0.07062421759569873,0.39097744360902253,0.4727272727272727,0.3333333333333333,26,29,52,3812,3919,78,0.01990303648890023
slice_wetness,WET,stream_p_rf,1,0.17,0.24611149068256055,0.19640251061203778,0.17777777777777778,0.3076923076923077,0.125,4,9,28,508,549,32,0.058287795992714025
slice_wetness,DRY,stream_p_rf,2,0.12,0.32359883854617166,0.10214978795266932,0.3210208193418402,0.24117053481331988,0.4799196787148594,239,752,259,15908,17158,498,0.029024361813731202
slice_wetness,POST_RAIN,stream_p_rf,2,0.12,0.21912233423589667,0.11904657489596762,0.2967741935483871,0.20175438596491227,0.5609756097560976,23,91,18,1048,1180,41,0.03474576271186441
slice_wetness,WET,stream_p_rf,2,0.12,0.037080358907804305,0.07885478569912063,0.047058823529411764,0.024242424242424242,0.8,4,161,1,756,922,5,0.005422993492407809
slice_wetness,DRY,stream_p_rf,3,0.16,0.19343622168668514,0.09850147525534957,0.2348426707597851,0.18433734939759036,0.32346723044397463,153,677,320,15557,16707,473,0.0283114862033878
slice_wetness,POST_RAIN,stream_p_rf,3,0.16,0.2817682094692018,0.13768468099084927,0.3,0.6,0.2,6,4,24,772,806,30,0.03722084367245657
slice_wetness,WET,stream_p_rf,3,0.16,0.12442155216520258,0.1889427355426894,0.06722689075630252,0.2,0.04040404040404041,4,16,95,1771,1886,99,0.05249204665959703
slice_wetness,DRY,stream_p_rf,4,0.17,0.24224473499708457,0.11213924392418788,0.2866043613707165,0.2980561555075594,0.276,138,325,362,15444,16269,500,0.03073329645337759
slice_wetness,POST_RAIN,stream_p_rf,4,0.17,0.26138311769446493,0.12171751338788452,0.2732919254658385,0.22916666666666666,0.3384615384615385,22,74,43,2094,2233,65,0.02910882221227049
slice_wetness,WET,stream_p_rf,4,0.17,0.3493957047213286,0.04848207080286471,0.21052631578947367,0.13333333333333333,0.5,2,13,2,943,960,4,0.004166666666666667
slice_wetness,DRY,stream_p_svm,0,0.32,0.24497844914890965,0.14434419817671396,0.32657657657657657,0.29713114754098363,0.3625,145,343,255,14432,15175,400,0.026359143327841845
slice_wetness,POST_RAIN,stream_p_svm,0,0.32,0.3228187223149307,0.13235352422486485,0.3231441048034934,0.25,0.4567901234567901,37,111,44,2889,3081,81,0.02629016553067186
slice_wetness,WET,stream_p_svm,0,0.32,0.041999806822770505,0.3640286593955516,0.07692307692307693,0.043243243243243246,0.34782608695652173,8,177,15,1006,1206,23,0.019071310116086235
slice_wetness,DRY,stream_p_svm,1,0.32,0.3165918040740215,0.15882314052371632,0.3753501400560224,0.3175355450236967,0.4589041095890411,201,432,237,14203,15073,438,0.029058581569694156
slice_wetness,POST_RAIN,stream_p_svm,1,0.32,0.30751704155392745,0.14543034374606437,0.2597402597402597,0.19607843137254902,0.38461538461538464,30,123,48,3718,3919,78,0.01990303648890023
slice_wetness,WET,stream_p_svm,1,0.32,0.432218618207502,0.17102056561307008,0.3137254901960784,0.42105263157894735,0.25,8,11,24,506,549,32,0.058287795992714025
slice_wetness,DRY,stream_p_svm,2,0.32,0.21559277158245246,0.2494312005476271,0.34195402298850575,0.2662192393736018,0.4779116465863454,238,656,260,16004,17158,498,0.029024361813731202
slice_wetness,POST_RAIN,stream_p_svm,2,0.32,0.4274627758047003,0.5694492089536757,0.3645320197044335,0.22839506172839505,0.9024390243902439,37,125,4,1014,1180,41,0.03474576271186441
slice_wetness,WET,stream_p_svm,2,0.32,0.17612704300694995,1.175541084800825,0.04371584699453552,0.02247191011235955,0.8,4,174,1,743,922,5,0.005422993492407809
slice_wetness,DRY,stream_p_svm,3,0.34,0.22187245302295794,0.14483001849655736,0.27983539094650206,0.22911051212938005,0.3594080338266385,170,572,303,15662,16707,473,0.0283114862033878
slice_wetness,POST_RAIN,stream_p_svm,3,0.34,0.5858168734375704,0.09685555179189989,0.5833333333333334,0.7777777777777778,0.4666666666666667,14,4,16,772,806,30,0.03722084367245657
slice_wetness,WET,stream_p_svm,3,0.34,0.1089326748339528,0.5308213819430179,0.18493150684931506,0.13989637305699482,0.2727272727272727,27,166,72,1621,1886,99,0.05249204665959703
slice_wetness,DRY,stream_p_svm,4,0.24000000000000002,0.2685172768222876,0.17788455790404945,0.3544690603514133,0.2867737948084054,0.464,232,577,268,15192,16269,500,0.03073329645337759
slice_wetness,POST_RAIN,stream_p_svm,4,0.24000000000000002,0.27061668255893195,0.2956865003269187,0.2792452830188679,0.185,0.5692307692307692,37,163,28,2005,2233,65,0.02910882221227049
slice_wetness,WET,stream_p_svm,4,0.24000000000000002,0.5517857142857143,0.07676339318643112,0.16666666666666666,0.09090909090909091,1.0,4,40,0,916,960,4,0.004166666666666667
slice_wetness,DRY,stream_p_xgb,0,0.29000000000000004,0.5218881910231913,0.06850933862751252,0.546583850931677,0.5432098765432098,0.55,220,185,180,14590,15175,400,0.026359143327841845
slice_wetness,POST_RAIN,stream_p_xgb,0,0.29000000000000004,0.4899028136188573,0.0778048020675437,0.5,0.5522388059701493,0.4567901234567901,37,30,44,2970,3081,81,0.02629016553067186
slice_wetness,WET,stream_p_xgb,0,0.29000000000000004,0.4512484463819949,0.0629108935137037,0.5573770491803278,0.4473684210526316,0.7391304347826086,17,21,6,1162,1206,23,0.019071310116086235
slice_wetness,DRY,stream_p_xgb,1,0.28,0.3402224417692799,0.0993508290058702,0.3886861313868613,0.32370820668693007,0.4863013698630137,213,445,225,14190,15073,438,0.029058581569694156
slice_wetness,POST_RAIN,stream_p_xgb,1,0.28,0.7109387791844545,0.03989344666742661,0.7244094488188977,0.9387755102040817,0.5897435897435898,46,3,32,3838,3919,78,0.01990303648890023
slice_wetness,WET,stream_p_xgb,1,0.28,0.28013291175316135,0.19653540910490758,0.1111111111111111,0.5,0.0625,2,2,30,515,549,32,0.058287795992714025
slice_wetness,DRY,stream_p_xgb,2,0.29000000000000004,0.4459725951879999,0.08745856506335041,0.47058823529411764,0.3861003861003861,0.6024096385542169,300,477,198,16183,17158,498,0.029024361813731202
slice_wetness,POST_RAIN,stream_p_xgb,2,0.29000000000000004,0.47748251607509945,0.18942148982053772,0.38461538461538464,0.24822695035460993,0.8536585365853658,35,106,6,1033,1180,41,0.03474576271186441
slice_wetness,WET,stream_p_xgb,2,0.29000000000000004,0.19586080586080587,0.23313113055171317,0.0641025641025641,0.033112582781456956,1.0,5,146,0,771,922,5,0.005422993492407809
slice_wetness,DRY,stream_p_xgb,3,0.28,0.3872061689901646,0.08506792609505182,0.4333958724202627,0.38954468802698144,0.4883720930232558,231,362,242,15872,16707,473,0.0283114862033878
slice_wetness,POST_RAIN,stream_p_xgb,3,0.28,0.3704233745285058,0.22077583656046404,0.1696969696969697,0.1037037037037037,0.4666666666666667,14,121,16,655,806,30,0.03722084367245657
slice_wetness,WET,stream_p_xgb,3,0.28,0.2048376050126776,0.19096227666616655,0.27419354838709675,0.22818791946308725,0.3434343434343434,34,115,65,1672,1886,99,0.05249204665959703
slice_wetness,DRY,stream_p_xgb,4,0.33,0.45558636587711737,0.08286316719289664,0.4566744730679157,0.5508474576271186,0.39,195,159,305,15610,16269,500,0.03073329645337759
slice_wetness,POST_RAIN,stream_p_xgb,4,0.33,0.17190707712459458,0.1269851692838786,0.2692307692307692,0.23076923076923078,0.3230769230769231,21,70,44,2098,2233,65,0.02910882221227049
slice_wetness,WET,stream_p_xgb,4,0.33,0.04813390313390314,0.047354765878927535,0.06666666666666667,0.038461538461538464,0.25,1,25,3,931,960,4,0.004166666666666667
slice_wetness,DRY,stream_tcn_proba,0,0.78,0.7077804284528012,0.09040127893120697,0.672,0.72,0.63,252,98,148,14677,15175,400,0.026359143327841845
slice_wetness,POST_RAIN,stream_tcn_proba,0,0.78,0.621462288552082,0.10483649764763511,0.5753424657534246,0.6461538461538462,0.5185185185185185,42,23,39,2977,3081,81,0.02629016553067186
slice_wetness,WET,stream_tcn_proba,0,0.78,0.35212361202970166,0.1192352819895681,0.3870967741935484,0.75,0.2608695652173913,6,2,17,1181,1206,23,0.019071310116086235
slice_wetness,DRY,stream_tcn_proba,1,0.77,0.547368334863247,0.15741901436166142,0.6240786240786241,0.675531914893617,0.5799086757990868,254,122,184,14513,15073,438,0.029058581569694156
slice_wetness,POST_RAIN,stream_tcn_proba,1,0.77,0.6905846554842112,0.1112481700695888,0.6423357664233577,0.7457627118644068,0.5641025641025641,44,15,34,3826,3919,78,0.01990303648890023
slice_wetness,WET,stream_tcn_proba,1,0.77,0.5396856191695049,0.15545932481190897,0.35,0.875,0.21875,7,1,25,516,549,32,0.058287795992714025
slice_wetness,DRY,stream_tcn_proba,2,0.77,0.6146586683393434,0.10847741995506958,0.6096997690531177,0.717391304347826,0.5301204819277109,264,104,234,16556,17158,498,0.029024361813731202
slice_wetness,POST_RAIN,stream_tcn_proba,2,0.77,0.6153389059917999,0.11650320512247532,0.5588235294117647,0.7037037037037037,0.4634146341463415,19,8,22,1131,1180,41,0.03474576271186441
slice_wetness,WET,stream_tcn_proba,2,0.77,0.8909090909090909,0.07207300154126459,0.6153846153846154,0.5,0.8,4,4,1,913,922,5,0.005422993492407809
slice_wetness,DRY,stream_tcn_proba,3,0.77,0.651701510753961,0.15698674241443367,0.6452380952380953,0.7384196185286104,0.572938689217759,271,96,202,16138,16707,473,0.0283114862033878
slice_wetness,POST_RAIN,stream_tcn_proba,3,0.77,0.3942449529896588,0.39681710117504837,0.425531914893617,0.5882352941176471,0.3333333333333333,10,7,20,769,806,30,0.03722084367245657
slice_wetness,WET,stream_tcn_proba,3,0.77,0.24945521765850753,0.1928450921769653,0.12962962962962962,0.7777777777777778,0.0707070707070707,7,2,92,1785,1886,99,0.05249204665959703
slice_wetness,DRY,stream_tcn_proba,4,0.77,0.6585991385472649,0.15211221570034522,0.6743455497382199,0.7076923076923077,0.644,322,133,178,15636,16269,500,0.03073329645337759
slice_wetness,POST_RAIN,stream_tcn_proba,4,0.77,0.38083710498669443,0.22568323384168865,0.45454545454545453,0.44776119402985076,0.46153846153846156,30,37,35,2131,2233,65,0.02910882221227049
slice_wetness,WET,stream_tcn_proba,4,0.77,0.6511001100110011,0.21404096400495803,0.6,0.5,0.75,3,3,1,953,960,4,0.004166666666666667
slice_traffic,CLEAN_AIR,stream_p_ann,0,0.5700000000000001,0.06014508966899958,0.32990294325422304,0.08920704845814978,0.056802244039270686,0.2076923076923077,81,1345,309,13905,15640,390,0.024936061381074168
slice_traffic,IN_TRAFFIC,stream_p_ann,0,0.5700000000000001,0.04740816000988557,0.3332031540466765,0.08398950131233596,0.0599250936329588,0.14035087719298245,16,251,98,3457,3822,114,0.029827315541601257
slice_traffic,CLEAN_AIR,stream_p_ann,1,0.5700000000000001,0.07433580218395566,0.2531358710527055,0.10696920583468396,0.19186046511627908,0.07415730337078652,33,139,412,15092,15676,445,0.028387343710130134
slice_traffic,IN_TRAFFIC,stream_p_ann,1,0.5700000000000001,0.08410946515422184,0.26005697044726006,0.12030075187969924,0.26666666666666666,0.07766990291262135,8,22,95,3740,3865,103,0.026649417852522637
slice_traffic,CLEAN_AIR,stream_p_ann,2,0.5,0.08338207117065453,0.4821194204099019,0.13194444444444445,0.07484848484848484,0.5563063063063063,247,3053,197,11704,15201,444,0.029208604697059402
slice_traffic,IN_TRAFFIC,stream_p_ann,2,0.5,0.07571724626726577,0.48811738315654574,0.10982658959537572,0.060767590618336885,0.57,57,881,43,3078,4059,100,0.02463661000246366
slice_traffic,CLEAN_AIR,stream_p_ann,3,0.5700000000000001,0.0812922462288306,0.2268942617910477,0.10361445783132531,0.1264705882352941,0.08775510204081632,43,297,447,15047,15834,490,0.03094606542882405
slice_traffic,IN_TRAFFIC,stream_p_ann,3,0.5700000000000001,0.047772200822284235,0.2737507815370132,0.06666666666666667,0.07142857142857142,0.0625,7,91,105,3362,3565,112,0.03141654978962132
slice_traffic,CLEAN_AIR,stream_p_ann,4,0.5700000000000001,0.0985686769833041,0.2092148753676482,0.13248407643312102,0.15249266862170088,0.11711711711711711,52,289,392,14563,15296,444,0.029027196652719665
slice_traffic,IN_TRAFFIC,stream_p_ann,4,0.5700000000000001,0.04573885771458808,0.21587909262415603,0.011627906976744186,0.02127659574468085,0.008,1,46,124,3995,4166,125,0.0300048007681229
slice_traffic,CLEAN_AIR,stream_p_rf,0,0.13,0.2613193585395741,0.09001653459188586,0.2736156351791531,0.20047732696897375,0.4307692307692308,168,670,222,14580,15640,390,0.024936061381074168
slice_traffic,IN_TRAFFIC,stream_p_rf,0,0.13,0.2857260518429973,0.09909736057951386,0.3402777777777778,0.28160919540229884,0.4298245614035088,49,125,65,3583,3822,114,0.029827315541601257
slice_traffic,CLEAN_AIR,stream_p_rf,1,0.17,0.30183696301405827,0.09396444040778422,0.31670281995661603,0.3060796645702306,0.32808988764044944,146,331,299,14900,15676,445,0.028387343710130134
slice_traffic,IN_TRAFFIC,stream_p_rf,1,0.17,0.28058575021821097,0.08898329733948925,0.23868312757201646,0.20714285714285716,0.2815533980582524,29,111,74,3651,3865,103,0.026649417852522637
slice_traffic,CLEAN_AIR,stream_p_rf,2,0.12,0.26496282590685855,0.10496090933106479,0.29395604395604397,0.21146245059288538,0.481981981981982,214,798,230,13959,15201,444,0.029208604697059402
slice_traffic,IN_TRAFFIC,stream_p_rf,2,0.12,0.31381108252941153,0.09124275677314991,0.2905027932960894,0.20155038759689922,0.52,52,206,48,3753,4059,100,0.02463661000246366
slice_traffic,CLEAN_AIR,stream_p_rf,3,0.16,0.18767260554259912,0.10916112906424581,0.22310756972111553,0.1830065359477124,0.2857142857142857,140,625,350,14719,15834,490,0.03094606542882405
slice_traffic,IN_TRAFFIC,stream_p_rf,3,0.16,0.17750364533409163,0.10786162176717919,0.2222222222222222,0.24210526315789474,0.20535714285714285,23,72,89,3381,3565,112,0.03141654978962132
slice_traffic,CLEAN_AIR,stream_p_rf,4,0.17,0.22670686179992589,0.11215775340843008,0.28004410143329656,0.27429805615550756,0.28603603603603606,127,336,317,14516,15296,444,0.029027196652719665
slice_traffic,IN_TRAFFIC,stream_p_rf,4,0.17,0.264688992281286,0.10253633188506056,0.2966101694915254,0.3153153153153153,0.28,35,76,90,3965,4166,125,0.0300048007681229
slice_traffic,CLEAN_AIR,stream_p_svm,0,0.32,0.20449211250216923,0.16394544453006507,0.27803521779425394,0.21770682148040638,0.38461538461538464,150,539,240,14711,15640,390,0.024936061381074168
slice_traffic,IN_TRAFFIC,stream_p_svm,0,0.32,0.29526939083259507,0.12378760498410796,0.3252032520325203,0.30303030303030304,0.3508771929824561,40,92,74,3616,3822,114,0.029827315541601257
slice_traffic,CLEAN_AIR,stream_p_svm,1,0.32,0.3365767644402072,0.14947792361181292,0.38461538461538464,0.33613445378151263,0.449438202247191,200,395,245,14836,15676,445,0.028387343710130134
slice_traffic,IN_TRAFFIC,stream_p_svm,1,0.32,0.24248659780389556,0.18487893253236695,0.24920127795527156,0.18571428571428572,0.3786407766990291,39,171,64,3591,3865,103,0.026649417852522637
slice_traffic,CLEAN_AIR,stream_p_svm,2,0.32,0.20057456281060926,0.3379202908035174,0.3175053153791637,0.23164426059979318,0.5045045045045045,224,743,220,14014,15201,444,0.029208604697059402
slice_traffic,IN_TRAFFIC,stream_p_svm,2,0.32,0.23800875650497177,0.22143708924454697,0.2997275204359673,0.20599250936329588,0.55,55,212,45,3747,4059,100,0.02463661000246366
slice_traffic,CLEAN_AIR,stream_p_svm,3,0.34,0.19563028941954488,0.18546908887825825,0.2671814671814672,0.21490683229813665,0.35306122448979593,173,632,317,14712,15834,490,0.03094606542882405
slice_traffic,IN_TRAFFIC,stream_p_svm,3,0.34,0.21193564492522748,0.1576864703541222,0.2923076923076923,0.25675675675675674,0.3392857142857143,38,110,74,3343,3565,112,0.03141654978962132
slice_traffic,CLEAN_AIR,stream_p_svm,4,0.24000000000000002,0.25888255481999506,0.18703127468010367,0.3375594294770206,0.2603911980440098,0.4797297297297297,213,605,231,14247,15296,444,0.029027196652719665
slice_traffic,IN_TRAFFIC,stream_p_svm,4,0.24000000000000002,0.273890016188003,0.18414169652498738,0.3333333333333333,0.2553191489361702,0.48,60,175,65,3866,4166,125,0.0300048007681229
slice_traffic,CLEAN_AIR,stream_p_xgb,0,0.29000000000000004,0.4978386330571448,0.0690851364841584,0.5260482846251588,0.5214105793450882,0.5307692307692308,207,190,183,15060,15640,390,0.024936061381074168
slice_traffic,IN_TRAFFIC,stream_p_xgb,0,0.29000000000000004,0.5644658001338139,0.07187985656930773,0.5903083700440529,0.5929203539823009,0.5877192982456141,67,46,47,3662,3822,114,0.029827315541601257
slice_traffic,CLEAN_AIR,stream_p_xgb,1,0.28,0.36896448926792985,0.09144354629332765,0.41707080504364696,0.36689419795221845,0.48314606741573035,215,371,230,14860,15676,445,0.028387343710130134
slice_traffic,IN_TRAFFIC,stream_p_xgb,1,0.28,0.35915061412063726,0.08493825899081925,0.40350877192982454,0.368,0.44660194174757284,46,79,57,3683,3865,103,0.026649417852522637
slice_traffic,CLEAN_AIR,stream_p_xgb,2,0.29000000000000004,0.36442292160547757,0.10353164265787941,0.42229199372056514,0.3240963855421687,0.6058558558558559,269,561,175,14196,15201,444,0.029208604697059402
slice_traffic,IN_TRAFFIC,stream_p_xgb,2,0.29000000000000004,0.42464233337125756,0.08999601371555936,0.41887905604719766,0.29707112970711297,0.71,71,168,29,3791,4059,100,0.02463661000246366
slice_traffic,CLEAN_AIR,stream_p_xgb,3,0.28,0.3577604353295262,0.10015921938128186,0.3803169307756464,0.3215796897038082,0.46530612244897956,228,481,262,14863,15834,490,0.03094606542882405
slice_traffic,IN_TRAFFIC,stream_p_xgb,3,0.28,0.2729767342555919,0.10474304057417617,0.36428571428571427,0.30357142857142855,0.45535714285714285,51,117,61,3336,3565,112,0.03141654978962132
slice_traffic,CLEAN_AIR,stream_p_xgb,4,0.33,0.3867196521439687,0.08609682827445124,0.4014962593516209,0.44972067039106145,0.36261261261261263,161,197,283,14655,15296,444,0.029027196652719665
slice_traffic,IN_TRAFFIC,stream_p_xgb,4,0.33,0.41424211922316995,0.08645757081850718,0.47058823529411764,0.49557522123893805,0.448,56,57,69,3984,4166,125,0.0300048007681229
slice_traffic,CLEAN_AIR,stream_tcn_proba,0,0.78,0.6843311020106952,0.09371795596171104,0.6549391069012178,0.6934097421203438,0.6205128205128205,242,107,148,15143,15640,390,0.024936061381074168
slice_traffic,IN_TRAFFIC,stream_tcn_proba,0,0.78,0.6676633426054127,0.09756399159384828,0.6170212765957447,0.7837837837837838,0.5087719298245614,58,16,56,3692,3822,114,0.029827315541601257
slice_traffic,CLEAN_AIR,stream_tcn_proba,1,0.77,0.5615828490431577,0.14571746579175246,0.6159600997506235,0.6918767507002801,0.5550561797752809,247,110,198,15121,15676,445,0.028387343710130134
slice_traffic,IN_TRAFFIC,stream_tcn_proba,1,0.77,0.5290475179404205,0.15778487905466154,0.6137566137566137,0.6744186046511628,0.5631067961165048,58,28,45,3734,3865,103,0.026649417852522637
slice_traffic,CLEAN_AIR,stream_tcn_proba,2,0.77,0.6211208119048389,0.11306096279459515,0.6113989637305699,0.7195121951219512,0.5315315315315315,236,92,208,14665,15201,444,0.029208604697059402
slice_traffic,IN_TRAFFIC,stream_tcn_proba,2,0.77,0.5921005507399894,0.0853759461970954,0.5828571428571429,0.68,0.51,51,24,49,3935,4059,100,0.02463661000246366
slice_traffic,CLEAN_AIR,stream_tcn_proba,3,0.77,0.5697293720053459,0.16876760195057705,0.5930521091811415,0.7563291139240507,0.48775510204081635,239,77,251,15267,15834,490,0.03094606542882405
slice_traffic,IN_TRAFFIC,stream_tcn_proba,3,0.77,0.5541316439436303,0.17785462093277757,0.5185185185185185,0.6363636363636364,0.4375,49,28,63,3425,3565,112,0.03141654978962132
slice_traffic,CLEAN_AIR,stream_tcn_proba,4,0.77,0.6174762761085356,0.1662537847485267,0.6383981154299175,0.6691358024691358,0.6103603603603603,271,134,173,14718,15296,444,0.029027196652719665
slice_traffic,IN_TRAFFIC,stream_tcn_proba,4,0.77,0.6275347723609428,0.1538947989267169,0.6774193548387096,0.6829268292682927,0.672,84,39,41,4002,4166,125,0.0300048007681229
slice_tyre_age_bin,0_5,stream_p_ann,0,0.5700000000000001,0.012739753675364788,0.30744671445736216,0.015209125475285171,0.008849557522123894,0.05405405405405406,2,224,35,3127,3388,37,0.010920897284533649
slice_tyre_age_bin,16_plus,stream_p_ann,0,0.5700000000000001,0.07767502735873404,0.37066699098551414,0.10215482841181166,0.07087486157253599,0.18285714285714286,64,839,286,7221,8410,350,0.041617122473246136
slice_tyre_age_bin,6_15,stream_p_ann,0,0.5700000000000001,0.09020866222558667,0.3001961287015167,0.09131075110456553,0.0549645390070922,0.26956521739130435,31,533,84,6827,7475,115,0.015384615384615385
slice_tyre_age_bin,nan,stream_p_ann,0,0.5700000000000001,0.29,0.16020932512641586,0.0,0.0,0.0,0,0,2,187,189,2,0.010582010582010581
slice_tyre_age_bin,0_5,stream_p_ann,1,0.5700000000000001,0.07214954116659605,0.19978926496062846,0.031746031746031744,0.04,0.02631578947368421,1,24,37,3221,3283,38,0.011574779165397502
slice_tyre_age_bin,16_plus,stream_p_ann,1,0.5700000000000001,0.07717734841153391,0.3095653332782913,0.11673151750972763,0.2097902097902098,0.08086253369272237,30,113,341,8216,8700,371,0.04264367816091954
slice_tyre_age_bin,6_15,stream_p_ann,1,0.5700000000000001,0.06857081477182587,0.2146142663184208,0.07547169811320754,0.25,0.044444444444444446,6,18,129,7296,7449,135,0.018123238018525976
slice_tyre_age_bin,nan,stream_p_ann,1,0.5700000000000001,0.75,0.2338521028264068,0.5714285714285714,0.4,1.0,4,6,0,99,109,4,0.03669724770642202
slice_tyre_age_bin,0_5,stream_p_ann,2,0.5,0.016810862653608774,0.4980158010404328,0.020954598370197905,0.011180124223602485,0.16666666666666666,9,796,45,2647,3497,54,0.015441807263368601
slice_tyre_age_bin,16_plus,stream_p_ann,2,0.5,0.14336178948508765,0.5000778100742632,0.21388888888888888,0.13065610859728508,0.5892857142857143,231,1537,161,6109,8038,392,0.04876835033590445
slice_tyre_age_bin,6_15,stream_p_ann,2,0.5,0.05268948370986072,0.45681014568155565,0.07398843930635839,0.0392156862745098,0.6530612244897959,64,1568,34,6026,7692,98,0.012740509620384815
slice_tyre_age_bin,nan,stream_p_ann,2,0.5,,,0.0,0.0,0.0,0,33,0,0,33,0,0.0
slice_tyre_age_bin,0_5,stream_p_ann,3,0.5700000000000001,0.09855725019848528,0.22811141160529158,0.08040201005025126,0.08247422680412371,0.0784313725490196,8,89,94,3569,3760,102,0.027127659574468086
slice_tyre_age_bin,16_plus,stream_p_ann,3,0.5700000000000001,0.1139748435961292,0.26841815547811326,0.11524163568773234,0.17318435754189945,0.08635097493036212,31,148,328,7347,7854,359,0.0457091927680163
slice_tyre_age_bin,6_15,stream_p_ann,3,0.5700000000000001,0.04757304174046524,0.20761254915235777,0.07260726072607261,0.06790123456790123,0.07801418439716312,11,151,130,7222,7514,141,0.018764972052169284
slice_tyre_age_bin,nan,stream_p_ann,3,0.5700000000000001,,,0.0,0.0,0.0,0,0,0,271,271,0,0.0
slice_tyre_age_bin,0_5,stream_p_ann,4,0.5700000000000001,0.05619962292197427,0.18173690411468965,0.14925373134328357,0.11904761904761904,0.2,10,74,40,3245,3369,50,0.014841199168892847
slice_tyre_age_bin,16_plus,stream_p_ann,4,0.5700000000000001,0.0845752192029029,0.2568645663457332,0.09043478260869565,0.15204678362573099,0.06435643564356436,26,145,378,7977,8526,404,0.04738447102979123
slice_tyre_age_bin,6_15,stream_p_ann,4,0.5700000000000001,0.05544229155189061,0.16716301001163672,0.06451612903225806,0.05737704918032787,0.07368421052631578,7,115,88,7262,7472,95,0.012714132762312634
slice_tyre_age_bin,nan,stream_p_ann,4,0.5700000000000001,0.6451410190789375,0.5069694743444345,0.6451612903225806,0.9090909090909091,0.5,10,1,10,74,95,20,0.21052631578947367
slice_tyre_age_bin,0_5,stream_p_rf,0,0.13,0.22117788192253598,0.04445597968454568,0.18691588785046728,0.14285714285714285,0.2702702702702703,10,60,27,3291,3388,37,0.010920897284533649
slice_tyre_age_bin,16_plus,stream_p_rf,0,0.13,0.29748346781689816,0.135200364203726,0.30246389124893797,0.21523579201934703,0.5085714285714286,178,649,172,7411,8410,350,0.041617122473246136
slice_tyre_age_bin,6_15,stream_p_rf,0,0.13,0.2179642631122533,0.0654865930362323,0.25217391304347825,0.25217391304347825,0.25217391304347825,29,86,86,7274,7475,115,0.015384615384615385
slice_tyre_age_bin,nan,stream_p_rf,0,0.13,0.11149425287356322,0.049970942230601945,0.0,0.0,0.0,0,0,2,187,189,2,0.010582010582010581
slice_tyre_age_bin,0_5,stream_p_rf,1,0.17,0.12783105053022886,0.05176958219505485,0.05,0.5,0.02631578947368421,1,1,37,3244,3283,38,0.011574779165397502
slice_tyre_age_bin,16_plus,stream_p_rf,1,0.17,0.3565240447567066,0.12942758883200506,0.33613445378151263,0.27538726333907054,0.431266846361186,160,421,211,7908,8700,371,0.04264367816091954
slice_tyre_age_bin,6_15,stream_p_rf,1,0.17,0.2027333545912807,0.06863179867043899,0.12422360248447205,0.38461538461538464,0.07407407407407407,10,16,125,7298,7449,135,0.018123238018525976
slice_tyre_age_bin,nan,stream_p_rf,1,0.17,0.875,0.0888915831985522,0.6666666666666666,0.5,1.0,4,4,0,101,109,4,0.03669724770642202
slice_tyre_age_bin,0_5,stream_p_rf,2,0.12,0.042260169093069046,0.1161358221975985,0.023529411764705882,0.03225806451612903,0.018518518518518517,1,30,53,3413,3497,54,0.015441807263368601
slice_tyre_age_bin,16_plus,stream_p_rf,2,0.12,0.329659184779875,0.14141445835058533,0.33580980683506684,0.23689727463312368,0.576530612244898,226,728,166,6918,8038,392,0.04876835033590445
slice_tyre_age_bin,6_15,stream_p_rf,2,0.12,0.17117933292108428,0.054802002052725736,0.20418848167539266,0.13732394366197184,0.3979591836734694,39,245,59,7349,7692,98,0.012740509620384815
slice_tyre_age_bin,nan,stream_p_rf,2,0.12,,,0.0,0.0,0.0,0,1,0,32,33,0,0.0
slice_tyre_age_bin,0_5,stream_p_rf,3,0.16,0.1476529167714429,0.09692612022950894,0.12154696132596685,0.13924050632911392,0.10784313725490197,11,68,91,3590,3760,102,0.027127659574468086
slice_tyre_age_bin,16_plus,stream_p_rf,3,0.16,0.2195761823966,0.1486951637392317,0.27788649706457924,0.21417797888386123,0.3955431754874652,142,521,217,6974,7854,359,0.0457091927680163
slice_tyre_age_bin,6_15,stream_p_rf,3,0.16,0.09479123793929091,0.076221519811114,0.07722007722007722,0.0847457627118644,0.07092198581560284,10,108,131,7265,7514,141,0.018764972052169284
slice_tyre_age_bin,nan,stream_p_rf,3,0.16,,,0.0,0.0,0.0,0,0,0,271,271,0,0.0
slice_tyre_age_bin,0_5,stream_p_rf,4,0.17,0.06182746561708448,0.07355973702126917,0.06802721088435375,0.05154639175257732,0.1,5,92,45,3227,3369,50,0.014841199168892847
slice_tyre_age_bin,16_plus,stream_p_rf,4,0.17,0.3261508148422898,0.15032413661816554,0.3802083333333333,0.4010989010989011,0.3613861386138614,146,218,258,7904,8526,404,0.04738447102979123
slice_tyre_age_bin,6_15,stream_p_rf,4,0.17,0.09873641636659423,0.06908806440813416,0.09803921568627451,0.09174311926605505,0.10526315789473684,10,99,85,7278,7472,95,0.012714132762312634
slice_tyre_age_bin,nan,stream_p_rf,4,0.17,0.37967586890670557,1.0212525755767896,0.08333333333333333,0.25,0.05,1,3,19,72,95,20,0.21052631578947367
slice_tyre_age_bin,0_5,stream_p_svm,0,0.32,0.1724792450900588,0.17562955012200432,0.39436619718309857,0.26666666666666666,0.7567567567567568,28,77,9,3274,3388,37,0.010920897284533649
slice_tyre_age_bin,16_plus,stream_p_svm,0,0.32,0.2769435851957256,0.2213259113800428,0.30416666666666664,0.23934426229508196,0.41714285714285715,146,464,204,7596,8410,350,0.041617122473246136
slice_tyre_age_bin,6_15,stream_p_svm,0,0.32,0.10779654095607424,0.07609957743092233,0.14814814814814814,0.15841584158415842,0.1391304347826087,16,85,99,7275,7475,115,0.015384615384615385
slice_tyre_age_bin,nan,stream_p_svm,0,0.32,0.09109311740890688,0.06346458668689557,0.0,0.0,0.0,0,5,2,182,189,2,0.010582010582010581
slice_tyre_age_bin,0_5,stream_p_svm,1,0.32,0.03207797514546039,0.08694372560298916,0.04081632653061224,0.03333333333333333,0.05263157894736842,2,58,36,3187,3283,38,0.011574779165397502
slice_tyre_age_bin,16_plus,stream_p_svm,1,0.32,0.3812840382873228,0.24139162518003307,0.4146100691016782,0.32710280373831774,0.5660377358490566,210,432,161,7897,8700,371,0.04264367816091954
slice_tyre_age_bin,6_15,stream_p_svm,1,0.32,0.1880977303216601,0.08520741417476625,0.2100456621004566,0.27380952380952384,0.17037037037037037,23,61,112,7253,7449,135,0.018123238018525976
slice_tyre_age_bin,nan,stream_p_svm,1,0.32,0.8125,0.3442163886939691,0.34782608695652173,0.21052631578947367,1.0,4,15,0,90,109,4,0.03669724770642202
slice_tyre_age_bin,0_5,stream_p_svm,2,0.32,0.03681082799703123,0.12334492144285272,0.0425531914893617,0.05,0.037037037037037035,2,38,52,3405,3497,54,0.015441807263368601
slice_tyre_age_bin,16_plus,stream_p_svm,2,0.32,0.2895430185356457,0.47220940547423434,0.40560593569661996,0.29963459196102316,0.6275510204081632,246,575,146,7071,8038,392,0.04876835033590445
slice_tyre_age_bin,6_15,stream_p_svm,2,0.32,0.07082266539856842,0.23495480921229733,0.13191489361702127,0.08333333333333333,0.3163265306122449,31,341,67,7253,7692,98,0.012740509620384815
slice_tyre_age_bin,nan,stream_p_svm,2,0.32,,,0.0,0.0,0.0,0,1,0,32,33,0,0.0
slice_tyre_age_bin,0_5,stream_p_svm,3,0.34,0.1470734004915954,0.2324563971711201,0.2935153583617747,0.225130890052356,0.4215686274509804,43,148,59,3510,3760,102,0.027127659574468086
slice_tyre_age_bin,16_plus,stream_p_svm,3,0.34,0.2901303915675052,0.20929272201109395,0.32860520094562645,0.28542094455852157,0.3871866295264624,139,348,220,7147,7854,359,0.0457091927680163
slice_tyre_age_bin,6_15,stream_p_svm,3,0.34,0.09602459672486215,0.13033454308350703,0.13942307692307693,0.10545454545454545,0.20567375886524822,29,246,112,7127,7514,141,0.018764972052169284
slice_tyre_age_bin,nan,stream_p_svm,3,0.34,,,0.0,0.0,0.0,0,0,0,271,271,0,0.0
slice_tyre_age_bin,0_5,stream_p_svm,4,0.24000000000000002,0.05138497433485919,0.16521711408361822,0.0821917808219178,0.05325443786982249,0.18,9,160,41,3159,3369,50,0.014841199168892847
slice_tyre_age_bin,16_plus,stream_p_svm,4,0.24000000000000002,0.38564169240302226,0.25975333255822736,0.462729912875121,0.3799682034976153,0.5915841584158416,239,390,165,7732,8526,404,0.04738447102979123
slice_tyre_age_bin,6_15,stream_p_svm,4,0.24000000000000002,0.07196775178955295,0.1007105986247157,0.10843373493975904,0.0759493670886076,0.18947368421052632,18,219,77,7158,7472,95,0.012714132762312634
slice_tyre_age_bin,nan,stream_p_svm,4,0.24000000000000002,0.25567422055474337,1.0966497007045417,0.3684210526315789,0.3888888888888889,0.35,7,11,13,64,95,20,0.21052631578947367
slice_tyre_age_bin,0_5,stream_p_xgb,0,0.29000000000000004,0.255827011778498,0.04245286557691696,0.35,0.32558139534883723,0.3783783783783784,14,29,23,3322,3388,37,0.010920897284533649
slice_tyre_age_bin,16_plus,stream_p_xgb,0,0.29000000000000004,0.5668761165764069,0.10358948662683463,0.5733333333333334,0.5375,0.6142857142857143,215,185,135,7875,8410,350,0.041617122473246136
slice_tyre_age_bin,6_15,stream_p_xgb,0,0.29000000000000004,0.5180469279357026,0.04410851674807263,0.4945054945054945,0.6716417910447762,0.391304347826087,45,22,70,7338,7475,115,0.015384615384615385
slice_tyre_age_bin,nan,stream_p_xgb,0,0.29000000000000004,0.07738095238095238,0.055488320751399645,0.0,0.0,0.0,0,0,2,187,189,2,0.010582010582010581
slice_tyre_age_bin,0_5,stream_p_xgb,1,0.28,0.14060880654504987,0.051664386357601844,0.0,0.0,0.0,0,2,38,3243,3283,38,0.011574779165397502
slice_tyre_age_bin,16_plus,stream_p_xgb,1,0.28,0.4210496315632114,0.12910596897290008,0.4657258064516129,0.3719806763285024,0.6226415094339622,231,390,140,7939,8700,371,0.04264367816091954
slice_tyre_age_bin,6_15,stream_p_xgb,1,0.28,0.26497279189134426,0.062181548479607524,0.24545454545454545,0.3176470588235294,0.2,27,58,108,7256,7449,135,0.018123238018525976
slice_tyre_age_bin,nan,stream_p_xgb,1,0.28,0.8269230769230769,0.05255906048519817,0.8571428571428571,1.0,0.75,3,0,1,105,109,4,0.03669724770642202
slice_tyre_age_bin,0_5,stream_p_xgb,2,0.29000000000000004,0.053191234978176835,0.0933634095113025,0.03125,0.1,0.018518518518518517,1,9,53,3434,3497,54,0.015441807263368601
slice_tyre_age_bin,16_plus,stream_p_xgb,2,0.29000000000000004,0.4476723646865544,0.14216970763978484,0.4872665534804754,0.3651399491094148,0.7321428571428571,287,499,105,7147,8038,392,0.04876835033590445
slice_tyre_age_bin,6_15,stream_p_xgb,2,0.29000000000000004,0.2562604534634634,0.060644120069343416,0.28184281842818426,0.1918819188191882,0.5306122448979592,52,219,46,7375,7692,98,0.012740509620384815
slice_tyre_age_bin,nan,stream_p_xgb,2,0.29000000000000004,,,0.0,0.0,0.0,0,2,0,31,33,0,0.0
slice_tyre_age_bin,0_5,stream_p_xgb,3,0.28,0.14300999989108765,0.11435560528295499,0.18487394957983194,0.16176470588235295,0.21568627450980393,22,114,80,3544,3760,102,0.027127659574468086
slice_tyre_age_bin,16_plus,stream_p_xgb,3,0.28,0.5090962258965779,0.11037968012018315,0.5138055222088835,0.45147679324894513,0.596100278551532,214,260,145,7235,7854,359,0.0457091927680163
slice_tyre_age_bin,6_15,stream_p_xgb,3,0.28,0.12830332145035656,0.0879842435805472,0.2107843137254902,0.16104868913857678,0.3049645390070922,43,224,98,7149,7514,141,0.018764972052169284
slice_tyre_age_bin,nan,stream_p_xgb,3,0.28,,,0.0,0.0,0.0,0,0,0,271,271,0,0.0
slice_tyre_age_bin,0_5,stream_p_xgb,4,0.33,0.17037064568928711,0.06056527484213754,0.11594202898550725,0.21052631578947367,0.08,4,15,46,3304,3369,50,0.014841199168892847
slice_tyre_age_bin,16_plus,stream_p_xgb,4,0.33,0.4630286178076173,0.12195628726897131,0.5025380710659898,0.515625,0.4900990099009901,198,186,206,7936,8526,404,0.04738447102979123
slice_tyre_age_bin,6_15,stream_p_xgb,4,0.33,0.1911545896889051,0.05000554806371498,0.17834394904458598,0.22580645161290322,0.14736842105263157,14,48,81,7329,7472,95,0.012714132762312634
slice_tyre_age_bin,nan,stream_p_xgb,4,0.33,0.4564724981846287,0.6277279366886042,0.07692307692307693,0.16666666666666666,0.05,1,5,19,70,95,20,0.21052631578947367
slice_tyre_age_bin,0_5,stream_tcn_proba,0,0.78,0.10763552319114361,0.113974628147748,0.175,0.16279069767441862,0.1891891891891892,7,36,30,3315,3388,37,0.010920897284533649
slice_tyre_age_bin,16_plus,stream_tcn_proba,0,0.78,0.7638716514568695,0.10958797565189975,0.7214611872146118,0.7719869706840391,0.6771428571428572,237,70,113,7990,8410,350,0.041617122473246136
slice_tyre_age_bin,6_15,stream_tcn_proba,0,0.78,0.6187064753292918,0.06873402199615236,0.5989304812834224,0.7777777777777778,0.48695652173913045,56,16,59,7344,7475,115,0.015384615384615385
slice_tyre_age_bin,nan,stream_tcn_proba,0,0.78,0.1736111111111111,0.09032104388657533,0.0,0.0,0.0,0,1,2,186,189,2,0.010582010582010581
slice_tyre_age_bin,0_5,stream_tcn_proba,1,0.77,0.053668857172420883,0.16172670273470038,0.0,0.0,0.0,0,15,38,3230,3283,38,0.011574779165397502
slice_tyre_age_bin,16_plus,stream_tcn_proba,1,0.77,0.6480390858985063,0.1846092337823891,0.7060439560439561,0.7198879551820728,0.692722371967655,257,100,114,8229,8700,371,0.04264367816091954
slice_tyre_age_bin,6_15,stream_tcn_proba,1,0.77,0.47318443479265265,0.09583695041918448,0.46601941747572817,0.676056338028169,0.35555555555555557,48,23,87,7291,7449,135,0.018123238018525976
slice_tyre_age_bin,nan,stream_tcn_proba,1,0.77,0.6659663865546218,0.3960276022061209,0.0,0.0,0.0,0,0,4,105,109,4,0.03669724770642202
slice_tyre_age_bin,0_5,stream_tcn_proba,2,0.77,0.03973110584945657,0.15592165078082226,0.03508771929824561,0.3333333333333333,0.018518518518518517,1,2,53,3441,3497,54,0.015441807263368601
slice_tyre_age_bin,16_plus,stream_tcn_proba,2,0.77,0.7482435899932806,0.11105546595247917,0.6870451237263464,0.8,0.6020408163265306,236,59,156,7587,8038,392,0.04876835033590445
slice_tyre_age_bin,6_15,stream_tcn_proba,2,0.77,0.4186191735128978,0.07971048737463404,0.4975124378109453,0.4854368932038835,0.5102040816326531,50,53,48,7541,7692,98,0.012740509620384815
slice_tyre_age_bin,nan,stream_tcn_proba,2,0.77,,,0.0,0.0,0.0,0,2,0,31,33,0,0.0
slice_tyre_age_bin,0_5,stream_tcn_proba,3,0.77,0.13472041564729192,0.22123654176476154,0.1076923076923077,0.25,0.06862745098039216,7,21,95,3637,3760,102,0.027127659574468086
slice_tyre_age_bin,16_plus,stream_tcn_proba,3,0.77,0.7304371642273159,0.1983129391937427,0.7327327327327328,0.7947882736156352,0.6796657381615598,244,63,115,7432,7854,359,0.0457091927680163
slice_tyre_age_bin,6_15,stream_tcn_proba,3,0.77,0.3858246284814155,0.11689665012602883,0.37185929648241206,0.6379310344827587,0.2624113475177305,37,21,104,7352,7514,141,0.018764972052169284
slice_tyre_age_bin,nan,stream_tcn_proba,3,0.77,,,0.0,0.0,0.0,0,0,0,271,271,0,0.0
slice_tyre_age_bin,0_5,stream_tcn_proba,4,0.77,0.14392957530737846,0.16251302884523677,0.0,0.0,0.0,0,8,50,3311,3369,50,0.014841199168892847
slice_tyre_age_bin,16_plus,stream_tcn_proba,4,0.77,0.7187005923082701,0.20183256863572224,0.7535211267605634,0.7165178571428571,0.7945544554455446,321,127,83,7995,8526,404,0.04738447102979123
slice_tyre_age_bin,6_15,stream_tcn_proba,4,0.77,0.30472924559115383,0.11591568457901351,0.36809815950920244,0.4411764705882353,0.3157894736842105,30,38,65,7339,7472,95,0.012714132762312634
slice_tyre_age_bin,nan,stream_tcn_proba,4,0.77,0.6987840314271363,0.523060571579023,0.3333333333333333,1.0,0.2,4,0,16,75,95,20,0.21052631578947367
slice_pitstops,0,stream_p_ann,0,0.5700000000000001,0.1049627411464955,0.44209266652890766,0.12482468443197756,0.08010801080108011,0.28253968253968254,89,1022,226,5142,6479,315,0.04861861398363945
slice_pitstops,1_plus,stream_p_ann,0,0.5700000000000001,0.02009523913227044,0.27488763004094996,0.020752269779507133,0.013745704467353952,0.042328042328042326,8,574,181,12220,12983,189,0.014557498266964492
slice_pitstops,0,stream_p_ann,1,0.5700000000000001,0.1095352041625492,0.3353054061111495,0.13615023474178403,0.26605504587155965,0.0914826498422713,29,80,288,5444,5841,317,0.05427152884780003
slice_pitstops,1_plus,stream_p_ann,1,0.5700000000000001,0.054923290573904035,0.22005541812449989,0.07407407407407407,0.12903225806451613,0.05194805194805195,12,81,219,13388,13700,231,0.01686131386861314
slice_pitstops,0,stream_p_ann,2,0.5,0.10864784356416023,0.6616971767884231,0.15528882220555137,0.08816013628620102,0.6509433962264151,207,2141,111,3669,6128,318,0.05189295039164491
slice_pitstops,1_plus,stream_p_ann,2,0.5,0.04613358676684614,0.40017403811482494,0.09168241965973535,0.051322751322751325,0.42920353982300885,97,1793,129,11113,13132,226,0.01720986902223576
slice_pitstops,0,stream_p_ann,3,0.5700000000000001,0.08037989788596567,0.305910023590941,0.08538587848932677,0.08754208754208755,0.08333333333333333,26,271,286,5696,6279,312,0.049689440993788817
slice_pitstops,1_plus,stream_p_ann,3,0.5700000000000001,0.07229560495951035,0.201810688967331,0.11136890951276102,0.1702127659574468,0.08275862068965517,24,117,266,12713,13120,290,0.022103658536585365
slice_pitstops,0,stream_p_ann,4,0.5700000000000001,0.0747968946279976,0.29339200471170845,0.09025270758122744,0.09505703422053231,0.0859106529209622,25,238,266,5245,5774,291,0.05039833737443713
slice_pitstops,1_plus,stream_p_ann,4,0.5700000000000001,0.11989287852982997,0.17573477486048927,0.13895781637717122,0.224,0.10071942446043165,28,97,250,13313,13688,278,0.020309760374050263
slice_pitstops,0,stream_p_rf,0,0.13,0.32635683148340716,0.14712587352450507,0.3097872340425532,0.2116279069767442,0.5777777777777777,182,678,133,5486,6479,315,0.04861861398363945
slice_pitstops,1_plus,stream_p_rf,0,0.13,0.16014344310924,0.06419010849470297,0.20527859237536658,0.23026315789473684,0.18518518518518517,35,117,154,12677,12983,189,0.014557498266964492
slice_pitstops,0,stream_p_rf,1,0.17,0.4396054894367469,0.15083134734781062,0.4086687306501548,0.4012158054711246,0.416403785488959,132,197,185,5327,5841,317,0.05427152884780003
slice_pitstops,1_plus,stream_p_rf,1,0.17,0.12817610508392988,0.06831394979496275,0.16570327552986513,0.14930555555555555,0.18614718614718614,43,245,188,13224,13700,231,0.01686131386861314
slice_pitstops,0,stream_p_rf,2,0.12,0.3426280756957083,0.15860560382607325,0.3111111111111111,0.20348837209302326,0.660377358490566,210,822,108,4988,6128,318,0.05189295039164491
slice_pitstops,1_plus,stream_p_rf,2,0.12,0.16774361040047234,0.07568763267115096,0.2413793103448276,0.23529411764705882,0.24778761061946902,56,182,170,12724,13132,226,0.01720986902223576
slice_pitstops,0,stream_p_rf,3,0.16,0.2260482006029232,0.1576230593977657,0.284434490481523,0.21858864027538727,0.40705128205128205,127,454,185,5513,6279,312,0.049689440993788817
slice_pitstops,1_plus,stream_p_rf,3,0.16,0.12625968981948132,0.08561500070462583,0.1265377855887522,0.12903225806451613,0.12413793103448276,36,243,254,12587,13120,290,0.022103658536585365
slice_pitstops,0,stream_p_rf,4,0.17,0.3806646307257248,0.1429818204224735,0.4229607250755287,0.37735849056603776,0.48109965635738833,140,231,151,5252,5774,291,0.05039833737443713
slice_pitstops,1_plus,stream_p_rf,4,0.17,0.09028051836194255,0.09622693773006623,0.09147609147609148,0.10837438423645321,0.07913669064748201,22,181,256,13229,13688,278,0.020309760374050263
slice_pitstops,0,stream_p_svm,0,0.32,0.3262538770431178,0.23813800344408537,0.33451957295373663,0.26704545454545453,0.44761904761904764,141,387,174,5777,6479,315,0.04861861398363945
slice_pitstops,1_plus,stream_p_svm,0,0.32,0.0903057435578307,0.11509873329625273,0.2033195020746888,0.16723549488054607,0.25925925925925924,49,244,140,12550,12983,189,0.014557498266964492
slice_pitstops,0,stream_p_svm,1,0.32,0.39066057818235894,0.24568508820267557,0.3806734992679356,0.3551912568306011,0.41009463722397477,130,236,187,5288,5841,317,0.05427152884780003
slice_pitstops,1_plus,stream_p_svm,1,0.32,0.22404071141845613,0.11844718281639048,0.3253731343283582,0.24829157175398633,0.47186147186147187,109,330,122,13139,13700,231,0.01686131386861314
slice_pitstops,0,stream_p_svm,2,0.32,0.2711284376546036,0.6770371955831735,0.3444639718804921,0.23902439024390243,0.6163522012578616,196,624,122,5186,6128,318,0.05189295039164491
slice_pitstops,1_plus,stream_p_svm,2,0.32,0.12857835900074496,0.1436685616215501,0.259375,0.20048309178743962,0.3672566371681416,83,331,143,12575,13132,226,0.01720986902223576
slice_pitstops,0,stream_p_svm,3,0.34,0.28704636142578377,0.23259253853913087,0.35014005602240894,0.31094527363184077,0.40064102564102566,125,277,187,5690,6279,312,0.049689440993788817
slice_pitstops,1_plus,stream_p_svm,3,0.34,0.13305769915469554,0.15536747489509023,0.20451843043995244,0.1560798548094374,0.296551724137931,86,465,204,12365,13120,290,0.022103658536585365
slice_pitstops,0,stream_p_svm,4,0.24000000000000002,0.4103681053057934,0.29697389910593736,0.5,0.41647597254004576,0.6254295532646048,182,255,109,5228,5774,291,0.05039833737443713
slice_pitstops,1_plus,stream_p_svm,4,0.24000000000000002,0.1384727405822097,0.13977479484163366,0.203579418344519,0.14772727272727273,0.3273381294964029,91,525,187,12885,13688,278,0.020309760374050263
slice_pitstops,0,stream_p_xgb,0,0.29000000000000004,0.5800648877521413,0.11164379593197835,0.5982658959537572,0.5490716180371353,0.6571428571428571,207,170,108,5994,6479,315,0.04861861398363945
slice_pitstops,1_plus,stream_p_xgb,0,0.29000000000000004,0.38747177308113634,0.04866950570568001,0.4161490683229814,0.5037593984962406,0.3544973544973545,67,66,122,12728,12983,189,0.014557498266964492
slice_pitstops,0,stream_p_xgb,1,0.28,0.5449993121566402,0.12795553208086935,0.5235772357723577,0.540268456375839,0.5078864353312302,161,137,156,5387,5841,317,0.05427152884780003
slice_pitstops,1_plus,stream_p_xgb,1,0.28,0.21839705419531144,0.07404139706637683,0.3105590062111801,0.24213075060532688,0.4329004329004329,100,313,131,13156,13700,231,0.01686131386861314
slice_pitstops,0,stream_p_xgb,2,0.29000000000000004,0.40913885795469546,0.18574312482685984,0.4319695528068506,0.3096862210095498,0.7138364779874213,227,506,91,5304,6128,318,0.05189295039164491
slice_pitstops,1_plus,stream_p_xgb,2,0.29000000000000004,0.3404851870458914,0.06098419515495607,0.40213523131672596,0.33630952380952384,0.5,113,223,113,12683,13132,226,0.01720986902223576
slice_pitstops,0,stream_p_xgb,3,0.28,0.45226272710467125,0.13280862231436047,0.4853168469860896,0.46865671641791046,0.5032051282051282,157,178,155,5789,6279,312,0.049689440993788817
slice_pitstops,1_plus,stream_p_xgb,3,0.28,0.2527488154339837,0.08577932010810103,0.2932692307692308,0.22509225092250923,0.4206896551724138,122,420,168,12410,13120,290,0.022103658536585365
slice_pitstops,0,stream_p_xgb,4,0.33,0.5358710183529812,0.11267785393254964,0.5867620751341681,0.6119402985074627,0.563573883161512,164,104,127,5379,5774,291,0.05039833737443713
slice_pitstops,1_plus,stream_p_xgb,4,0.33,0.24713018363140266,0.07499396527683848,0.2203742203742204,0.26108374384236455,0.1906474820143885,53,150,225,13260,13688,278,0.020309760374050263
slice_pitstops,0,stream_tcn_proba,0,0.78,0.7853168805294437,0.14303355051691147,0.7433333333333333,0.7824561403508772,0.707936507936508,223,62,92,6102,6479,315,0.04861861398363945
slice_pitstops,1_plus,stream_tcn_proba,0,0.78,0.46570546534339446,0.0702398546802572,0.4709480122324159,0.5579710144927537,0.4074074074074074,77,61,112,12733,12983,189,0.014557498266964492
slice_pitstops,0,stream_tcn_proba,1,0.77,0.7593182012990484,0.17687908711931516,0.7205623901581723,0.8134920634920635,0.6466876971608833,205,47,112,5477,5841,317,0.05427152884780003
slice_pitstops,1_plus,stream_tcn_proba,1,0.77,0.35637273773104944,0.1358361170389678,0.47393364928909953,0.5235602094240838,0.4329004329004329,100,91,131,13378,13700,231,0.01686131386861314
slice_pitstops,0,stream_tcn_proba,2,0.77,0.7559460469877164,0.15561661127174217,0.7029702970297029,0.7395833333333334,0.6698113207547169,213,75,105,5735,6128,318,0.05189295039164491
slice_pitstops,1_plus,stream_tcn_proba,2,0.77,0.41077008993578035,0.08464529905432647,0.4340175953079179,0.6434782608695652,0.3274336283185841,74,41,152,12865,13132,226,0.01720986902223576
slice_pitstops,0,stream_tcn_proba,3,0.77,0.6836405722903532,0.2312195644374824,0.6736111111111112,0.7348484848484849,0.6217948717948718,194,70,118,5897,6279,312,0.049689440993788817
slice_pitstops,1_plus,stream_tcn_proba,3,0.77,0.4405687997786289,0.14134834510730462,0.4486873508353222,0.7286821705426356,0.32413793103448274,94,35,196,12795,13120,290,0.022103658536585365
slice_pitstops,0,stream_tcn_proba,4,0.77,0.7019383924130114,0.2062815103090035,0.7252032520325203,0.6882716049382716,0.7663230240549829,223,101,68,5382,5774,291,0.05039833737443713
slice_pitstops,1_plus,stream_tcn_proba,4,0.77,0.544401816338438,0.14560740672983494,0.5477178423236515,0.6470588235294118,0.4748201438848921,132,72,146,13338,13688,278,0.020309760374050263
slice_undercut_pressure,NO_PRESSURE,stream_p_ann,0,0.5700000000000001,0.05358847189776602,0.3299250083798007,0.08306112925804947,0.05351773902585689,0.18541666666666667,89,1574,391,17132,19186,480,0.02501824246846659
slice_undercut_pressure,PRESSURE,stream_p_ann,0,0.5700000000000001,0.27873020493649886,0.37406984234633783,0.2962962962962963,0.26666666666666666,0.3333333333333333,8,22,16,230,276,24,0.08695652173913043
slice_undercut_pressure,NO_PRESSURE,stream_p_ann,1,0.5700000000000001,0.07356439737932385,0.25289829137908393,0.11126564673157163,0.20512820512820512,0.07633587786259542,40,155,484,18613,19292,524,0.027161517727555463
slice_undercut_pressure,PRESSURE,stream_p_ann,1,0.5700000000000001,0.14647279114732592,0.378972964319619,0.06451612903225806,0.14285714285714285,0.041666666666666664,1,6,23,219,249,24,0.0963855421686747
slice_undercut_pressure,NO_PRESSURE,stream_p_ann,2,0.5,0.07784498353311084,0.48230460097033157,0.12307032590051457,0.06918997107039537,0.5562015503875969,287,3861,229,14616,18993,516,0.027167903964618545
slice_undercut_pressure,PRESSURE,stream_p_ann,2,0.5,0.23652700864053444,0.5601291447709021,0.288135593220339,0.18888888888888888,0.6071428571428571,17,73,11,166,267,28,0.10486891385767791
slice_undercut_pressure,NO_PRESSURE,stream_p_ann,3,0.5700000000000001,0.07068388500128935,0.23314943630921636,0.092,0.10772833723653395,0.08027923211169284,46,381,527,18167,19121,573,0.02996705193243031
slice_undercut_pressure,PRESSURE,stream_p_ann,3,0.5700000000000001,0.24563263083738285,0.3975356320517099,0.2,0.36363636363636365,0.13793103448275862,4,7,25,242,278,29,0.10431654676258993
slice_undercut_pressure,NO_PRESSURE,stream_p_ann,4,0.5700000000000001,0.08350840294445366,0.20921094545563435,0.1121898597626753,0.13577023498694518,0.09558823529411764,52,331,492,18315,19190,544,0.028348097967691506
slice_undercut_pressure,PRESSURE,stream_p_ann,4,0.5700000000000001,0.24717999266071872,0.3115624639785253,0.06666666666666667,0.2,0.04,1,4,24,243,272,25,0.09191176470588236
slice_undercut_pressure,NO_PRESSURE,stream_p_rf,0,0.13,0.2534549432509101,0.09005291334265211,0.2756232686980609,0.20643153526970953,0.41458333333333336,199,765,281,17941,19186,480,0.02501824246846659
slice_undercut_pressure,PRESSURE,stream_p_rf,0,0.13,0.5036778341699967,0.21323738318794702,0.5,0.375,0.75,18,30,6,222,276,24,0.08695652173913043
slice_undercut_pressure,NO_PRESSURE,stream_p_rf,1,0.17,0.28749386418025147,0.09111366793591186,0.29233511586452765,0.27424749163879597,0.31297709923664124,164,434,360,18334,19292,524,0.027161517727555463
slice_undercut_pressure,PRESSURE,stream_p_rf,1,0.17,0.5421298219961226,0.2375185953009616,0.5116279069767442,0.5789473684210527,0.4583333333333333,11,8,13,217,249,24,0.0963855421686747
slice_undercut_pressure,NO_PRESSURE,stream_p_rf,2,0.12,0.2620911797768952,0.09982272704026805,0.2867012089810017,0.20393120393120392,0.48255813953488375,249,972,267,17505,18993,516,0.027167903964618545
slice_undercut_pressure,PRESSURE,stream_p_rf,2,0.12,0.4801584271753826,0.2619178944116856,0.44155844155844154,0.3469387755102041,0.6071428571428571,17,32,11,207,267,28,0.10486891385767791
slice_undercut_pressure,NO_PRESSURE,stream_p_rf,3,0.16,0.1718462189713263,0.10648526435088106,0.21760916249105225,0.18446601941747573,0.26527050610820246,152,672,421,17876,19121,573,0.02996705193243031
slice_undercut_pressure,PRESSURE,stream_p_rf,3,0.16,0.35899342020074376,0.27654409910095407,0.3384615384615385,0.3055555555555556,0.3793103448275862,11,25,18,224,278,29,0.10431654676258993
slice_undercut_pressure,NO_PRESSURE,stream_p_rf,4,0.17,0.22168188783021847,0.10845500089637296,0.26912442396313363,0.2698706099815157,0.26838235294117646,146,395,398,18251,19190,544,0.028348097967691506
slice_undercut_pressure,PRESSURE,stream_p_rf,4,0.17,0.5039122499239593,0.22602899840849874,0.5517241379310345,0.48484848484848486,0.64,16,17,9,230,272,25,0.09191176470588236
slice_undercut_pressure,NO_PRESSURE,stream_p_svm,0,0.32,0.19964331941051827,0.1542847720448692,0.27602523659305994,0.22208121827411167,0.3645833333333333,175,613,305,18093,19186,480,0.02501824246846659
slice_undercut_pressure,PRESSURE,stream_p_svm,0,0.32,0.5424993172230278,0.27940341393702256,0.5263157894736842,0.45454545454545453,0.625,15,18,9,234,276,24,0.08695652173913043
slice_undercut_pressure,NO_PRESSURE,stream_p_svm,1,0.32,0.2981843423953857,0.1538105878016267,0.3474250576479631,0.2908622908622909,0.4312977099236641,226,551,298,18217,19292,524,0.027161517727555463
slice_undercut_pressure,PRESSURE,stream_p_svm,1,0.32,0.5990054509711712,0.36328973858391783,0.5,0.4642857142857143,0.5416666666666666,13,15,11,210,249,24,0.0963855421686747
slice_undercut_pressure,NO_PRESSURE,stream_p_svm,2,0.32,0.1951248112352988,0.31167548045255006,0.3058139534883721,0.21843853820598005,0.5096899224806202,263,941,253,17536,18993,516,0.027167903964618545
slice_undercut_pressure,PRESSURE,stream_p_svm,2,0.32,0.5219579952878225,0.43403402813707914,0.5517241379310345,0.5333333333333333,0.5714285714285714,16,14,12,225,267,28,0.10486891385767791
slice_undercut_pressure,NO_PRESSURE,stream_p_svm,3,0.34,0.18940755807469165,0.1772662715589745,0.26344086021505375,0.21420765027322405,0.34205933682373474,196,719,377,17829,19121,573,0.02996705193243031
slice_undercut_pressure,PRESSURE,stream_p_svm,3,0.34,0.4300066264489009,0.39338648068933324,0.44776119402985076,0.39473684210526316,0.5172413793103449,15,23,14,226,278,29,0.10431654676258993
slice_undercut_pressure,NO_PRESSURE,stream_p_svm,4,0.24000000000000002,0.2448373653740199,0.18221162214709832,0.3262135922330097,0.2517482517482518,0.4632352941176471,252,749,292,17897,19190,544,0.028348097967691506
slice_undercut_pressure,PRESSURE,stream_p_svm,4,0.24000000000000002,0.595579985483865,0.482807559658626,0.5454545454545454,0.40384615384615385,0.84,21,31,4,216,272,25,0.09191176470588236
slice_undercut_pressure,NO_PRESSURE,stream_p_xgb,0,0.29000000000000004,0.5025772543741808,0.06823507160167587,0.5336091003102379,0.5297741273100616,0.5375,258,229,222,18477,19186,480,0.02501824246846659
slice_undercut_pressure,PRESSURE,stream_p_xgb,0,0.29000000000000004,0.7318493510504038,0.16687776329847118,0.6808510638297872,0.6956521739130435,0.6666666666666666,16,7,8,245,276,24,0.08695652173913043
slice_undercut_pressure,NO_PRESSURE,stream_p_xgb,1,0.28,0.3601653195238866,0.08812873748289324,0.4108463434675431,0.36075036075036077,0.4770992366412214,250,443,274,18325,19292,524,0.027161517727555463
slice_undercut_pressure,PRESSURE,stream_p_xgb,1,0.28,0.586336722847109,0.24729236615961425,0.5238095238095238,0.6111111111111112,0.4583333333333333,11,7,13,218,249,24,0.0963855421686747
slice_undercut_pressure,NO_PRESSURE,stream_p_xgb,2,0.29000000000000004,0.3583872284870989,0.09905443367615067,0.4144609425435765,0.3107454017424976,0.622093023255814,321,712,195,17765,18993,516,0.027167903964618545
slice_undercut_pressure,PRESSURE,stream_p_xgb,2,0.29000000000000004,0.6628150373748092,0.2162451719204135,0.59375,0.5277777777777778,0.6785714285714286,19,17,9,222,267,28,0.10486891385767791
slice_undercut_pressure,NO_PRESSURE,stream_p_xgb,3,0.28,0.3337648997473181,0.09871137170319773,0.3734087694483734,0.31391200951248516,0.4607329842931937,264,577,309,17971,19121,573,0.02996705193243031
slice_undercut_pressure,PRESSURE,stream_p_xgb,3,0.28,0.4991978158054918,0.2585247517745005,0.46153846153846156,0.4166666666666667,0.5172413793103449,15,21,14,228,278,29,0.10431654676258993
slice_undercut_pressure,NO_PRESSURE,stream_p_xgb,4,0.33,0.37497484564514066,0.08539018054706494,0.4032258064516129,0.44642857142857145,0.36764705882352944,200,248,344,18398,19190,544,0.028348097967691506
slice_undercut_pressure,PRESSURE,stream_p_xgb,4,0.33,0.7223888476430272,0.14147706109459723,0.7083333333333334,0.7391304347826086,0.68,17,6,8,241,272,25,0.09191176470588236
slice_undercut_pressure,NO_PRESSURE,stream_tcn_proba,0,0.78,0.6693249350553655,0.0933566063666807,0.6410835214446953,0.6995073891625616,0.5916666666666667,284,122,196,18584,19186,480,0.02501824246846659
slice_undercut_pressure,PRESSURE,stream_tcn_proba,0,0.78,0.8543063659701079,0.17209622232504646,0.7804878048780488,0.9411764705882353,0.6666666666666666,16,1,8,251,276,24,0.08695652173913043
slice_undercut_pressure,NO_PRESSURE,stream_tcn_proba,1,0.77,0.5489013572781813,0.14642326043687284,0.61198738170347,0.6814988290398126,0.5553435114503816,291,136,233,18632,19292,524,0.027161517727555463
slice_undercut_pressure,PRESSURE,stream_tcn_proba,1,0.77,0.7030236235408579,0.27834542550051294,0.7,0.875,0.5833333333333334,14,2,10,223,249,24,0.0963855421686747
slice_undercut_pressure,NO_PRESSURE,stream_tcn_proba,2,0.77,0.6148806067752369,0.10558688077001063,0.6061946902654868,0.7061855670103093,0.5310077519379846,274,114,242,18363,18993,516,0.027167903964618545
slice_undercut_pressure,PRESSURE,stream_tcn_proba,2,0.77,0.673331273855282,0.2238540621342285,0.6046511627906976,0.8666666666666667,0.4642857142857143,13,2,15,237,267,28,0.10486891385767791
slice_undercut_pressure,NO_PRESSURE,stream_tcn_proba,3,0.77,0.5679933267991348,0.16858128954378168,0.5836820083682008,0.7284595300261096,0.4869109947643979,279,104,294,18444,19121,573,0.02996705193243031
slice_undercut_pressure,PRESSURE,stream_tcn_proba,3,0.77,0.57245955186083,0.2981118544753192,0.46153846153846156,0.9,0.3103448275862069,9,1,20,248,278,29,0.10431654676258993
slice_undercut_pressure,NO_PRESSURE,stream_tcn_proba,4,0.77,0.6050212093347875,0.16279052013064504,0.6404602109300096,0.6693386773547094,0.6139705882352942,334,165,210,18481,19190,544,0.028348097967691506
slice_undercut_pressure,PRESSURE,stream_tcn_proba,4,0.77,0.878540410577293,0.22129978873194228,0.7777777777777778,0.7241379310344828,0.84,21,8,4,239,272,25,0.09191176470588236
slice_track_cat,1,stream_p_ann,0,0.5700000000000001,0.06951164817541658,0.42921564458012607,0.07186858316221766,0.04156769596199525,0.26515151515151514,35,807,97,5004,5943,132,0.02221100454316002
slice_track_cat,2,stream_p_ann,0,0.5700000000000001,0.07489538994226619,0.2991363558308791,0.10376398779247202,0.07063711911357341,0.19540229885057472,51,671,210,8824,9756,261,0.026752767527675275
slice_track_cat,3,stream_p_ann,0,0.5700000000000001,0.05645464681965443,0.25617369759146963,0.09166666666666666,0.08527131782945736,0.0990990990990991,11,118,100,3534,3763,111,0.029497741163964922
slice_track_cat,1,stream_p_ann,1,0.5700000000000001,0.1166437506285008,0.21465603098926628,0.11188811188811189,0.21621621621621623,0.07547169811320754,16,58,196,6924,7194,212,0.029469001946066165
slice_track_cat,2,stream_p_ann,1,0.5700000000000001,0.05215698665212861,0.28923623537534204,0.13680781758957655,0.1794871794871795,0.11052631578947368,21,96,169,7413,7699,190,0.024678529679179113
slice_track_cat,3,stream_p_ann,1,0.5700000000000001,0.11447008600924374,0.2586516442145723,0.050955414012738856,0.36363636363636365,0.0273972602739726,4,7,142,4495,4648,146,0.03141135972461274
slice_track_cat,1,stream_p_ann,2,0.5,0.07420712974334115,0.4876417674671531,0.09341199606686332,0.051490514905149054,0.5026455026455027,95,1750,94,5804,7743,189,0.024409143742735374
slice_track_cat,2,stream_p_ann,2,0.5,0.0990837398637539,0.4542789681321189,0.16131237183868763,0.09394904458598727,0.5700483091787439,118,1138,89,6350,7695,207,0.026900584795321637
slice_track_cat,3,stream_p_ann,2,0.5,0.083813292331668,0.5333539776579059,0.14163424124513618,0.08003518029903255,0.6148648648648649,91,1046,57,2628,3822,148,0.03872318158032444
slice_track_cat,1,stream_p_ann,3,0.5700000000000001,0.09264037464258512,0.25122224317390274,0.09699769053117784,0.09051724137931035,0.1044776119402985,21,211,180,6841,7253,201,0.027712670619054185
slice_track_cat,2,stream_p_ann,3,0.5700000000000001,0.0688424389781525,0.20447234898533206,0.10256410256410256,0.16216216216216217,0.075,18,93,222,8071,8404,240,0.028557829604950024
slice_track_cat,3,stream_p_ann,3,0.5700000000000001,0.07638180710161692,0.27473669876158585,0.0859375,0.11578947368421053,0.06832298136645963,11,84,150,3497,3742,161,0.043025120256547304
slice_track_cat,1,stream_p_ann,4,0.5700000000000001,0.05984392298408163,0.19971053476206632,0.08071748878923767,0.0759493670886076,0.0861244019138756,18,219,191,8371,8799,209,0.02375269917036027
slice_track_cat,2,stream_p_ann,4,0.5700000000000001,0.13077083788648766,0.2456684711501537,0.14521452145214522,0.17054263565891473,0.12643678160919541,22,107,152,5170,5451,174,0.031920748486516236
slice_track_cat,3,stream_p_ann,4,0.5700000000000001,0.12841614443539381,0.19246185761413512,0.125,0.5909090909090909,0.06989247311827956,13,9,173,5017,5212,186,0.03568687643898695
slice_track_cat,1,stream_p_rf,0,0.13,0.28190023807138986,0.07500137310250787,0.30144927536231886,0.24413145539906103,0.3939393939393939,52,161,80,5650,5943,132,0.02221100454316002
slice_track_cat,2,stream_p_rf,0,0.13,0.27939221631528643,0.0937774032232698,0.3105175292153589,0.27514792899408286,0.3563218390804598,93,245,168,9250,9756,261,0.026752767527675275
slice_track_cat,3,stream_p_rf,0,0.13,0.3063768053036291,0.11320308449576734,0.2517482517482518,0.1561822125813449,0.6486486486486487,72,389,39,3263,3763,111,0.029497741163964922
slice_track_cat,1,stream_p_rf,1,0.17,0.36516700636551147,0.094269503369485,0.3236994219653179,0.417910447761194,0.2641509433962264,56,78,156,6904,7194,212,0.029469001946066165
slice_track_cat,2,stream_p_rf,1,0.17,0.23625919989436528,0.09078834581333346,0.23925233644859814,0.1855072463768116,0.3368421052631579,64,281,126,7228,7699,190,0.024678529679179113
slice_track_cat,3,stream_p_rf,1,0.17,0.3881842733727757,0.09461117263180333,0.3873239436619718,0.39855072463768115,0.3767123287671233,55,83,91,4419,4648,146,0.03141135972461274
slice_track_cat,1,stream_p_rf,2,0.12,0.21166567572122696,0.08655851782440198,0.26256983240223464,0.17836812144212524,0.4973544973544973,94,433,95,7121,7743,189,0.024409143742735374
slice_track_cat,2,stream_p_rf,2,0.12,0.35879864899906966,0.10134758352863617,0.34210526315789475,0.28,0.4396135265700483,91,234,116,7254,7695,207,0.026900584795321637
slice_track_cat,3,stream_p_rf,2,0.12,0.31018522075181953,0.1349484232643986,0.2862190812720848,0.1937799043062201,0.5472972972972973,81,337,67,3337,3822,148,0.03872318158032444
slice_track_cat,1,stream_p_rf,3,0.16,0.34131339306113484,0.08767711757540755,0.3615819209039548,0.41830065359477125,0.31840796019900497,64,89,137,6963,7253,201,0.027712670619054185
slice_track_cat,2,stream_p_rf,3,0.16,0.1396480379682644,0.1115129666088568,0.17006802721088435,0.11682242990654206,0.3125,75,567,165,7597,8404,240,0.028557829604950024
slice_track_cat,3,stream_p_rf,3,0.16,0.2257226880559407,0.14428297542704385,0.21238938053097345,0.36923076923076925,0.14906832298136646,24,41,137,3540,3742,161,0.043025120256547304
slice_track_cat,1,stream_p_rf,4,0.17,0.35314125104965477,0.09495930345723111,0.4146981627296588,0.45930232558139533,0.37799043062200954,79,93,130,8497,8799,209,0.02375269917036027
slice_track_cat,2,stream_p_rf,4,0.17,0.23540871054899576,0.1138275694501092,0.2724458204334365,0.2953020134228188,0.25287356321839083,44,105,130,5172,5451,174,0.031920748486516236
slice_track_cat,3,stream_p_rf,4,0.17,0.15356245162004173,0.1317556336484626,0.1776765375854214,0.1541501976284585,0.20967741935483872,39,214,147,4812,5212,186,0.03568687643898695
slice_track_cat,1,stream_p_svm,0,0.32,0.22523893512863868,0.08758221818872143,0.21645021645021645,0.25252525252525254,0.1893939393939394,25,74,107,5737,5943,132,0.02221100454316002
slice_track_cat,2,stream_p_svm,0,0.32,0.3011593582079783,0.13391287864222626,0.34415584415584416,0.29859154929577464,0.4061302681992337,106,249,155,9246,9756,261,0.026752767527675275
slice_track_cat,3,stream_p_svm,0,0.32,0.1381427506942004,0.32162312303224766,0.24686192468619247,0.16076294277929154,0.5315315315315315,59,308,52,3344,3763,111,0.029497741163964922
slice_track_cat,1,stream_p_svm,1,0.32,0.44817446341088296,0.12591291075541888,0.40407470288624786,0.3156498673740053,0.5613207547169812,119,258,93,6724,7194,212,0.029469001946066165
slice_track_cat,2,stream_p_svm,1,0.32,0.1842097944857744,0.2256618754987999,0.2345679012345679,0.19256756756756757,0.3,57,239,133,7270,7699,190,0.024678529679179113
slice_track_cat,3,stream_p_svm,1,0.32,0.4740886861250792,0.08919637378154777,0.45323741007194246,0.4772727272727273,0.4315068493150685,63,69,83,4433,4648,146,0.03141135972461274
slice_track_cat,1,stream_p_svm,2,0.32,0.2214086786851582,0.34332509279678775,0.2860824742268041,0.1890971039182283,0.5873015873015873,111,476,78,7078,7743,189,0.024409143742735374
slice_track_cat,2,stream_p_svm,2,0.32,0.1908592302477875,0.3559921774270268,0.3083969465648855,0.22544642857142858,0.48792270531400966,101,347,106,7141,7695,207,0.026900584795321637
slice_track_cat,3,stream_p_svm,2,0.32,0.2828910980460003,0.16687950992186926,0.3861671469740634,0.33668341708542715,0.4527027027027027,67,132,81,3542,3822,148,0.03872318158032444
slice_track_cat,1,stream_p_svm,3,0.34,0.28456796831717474,0.16651929198470194,0.33488372093023255,0.24324324324324326,0.5373134328358209,108,336,93,6716,7253,201,0.027712670619054185
slice_track_cat,2,stream_p_svm,3,0.34,0.15607684620535012,0.1987212986258884,0.24,0.1826086956521739,0.35,84,376,156,7788,8404,240,0.028557829604950024
slice_track_cat,3,stream_p_svm,3,0.34,0.2599710768893288,0.16596782514531722,0.18095238095238095,0.3877551020408163,0.11801242236024845,19,30,142,3551,3742,161,0.043025120256547304
slice_track_cat,1,stream_p_svm,4,0.24000000000000002,0.3425585169287575,0.16922753072875282,0.4482758620689655,0.3504043126684636,0.6220095693779905,130,241,79,8349,8799,209,0.02375269917036027
slice_track_cat,2,stream_p_svm,4,0.24000000000000002,0.18844755372750266,0.23467916199607358,0.31466666666666665,0.2935323383084577,0.3390804597701149,59,142,115,5135,5451,174,0.031920748486516236
slice_track_cat,3,stream_p_svm,4,0.24000000000000002,0.2700523939614194,0.16494542024310638,0.2518740629685157,0.17463617463617465,0.45161290322580644,84,397,102,4629,5212,186,0.03568687643898695
slice_track_cat,1,stream_p_xgb,0,0.29000000000000004,0.6717248235366434,0.04521608647062828,0.6224066390041494,0.6880733944954128,0.5681818181818182,75,34,57,5777,5943,132,0.02221100454316002
slice_track_cat,2,stream_p_xgb,0,0.29000000000000004,0.525401367713004,0.07350710946232476,0.5518763796909493,0.6510416666666666,0.4789272030651341,125,67,136,9428,9756,261,0.026752767527675275
slice_track_cat,3,stream_p_xgb,0,0.29000000000000004,0.4544853503137772,0.09815620106583763,0.4625,0.35406698564593303,0.6666666666666666,74,135,37,3517,3763,111,0.029497741163964922
slice_track_cat,1,stream_p_xgb,1,0.28,0.42481984583835203,0.087984530407263,0.4020100502512563,0.43010752688172044,0.37735849056603776,80,106,132,6876,7194,212,0.029469001946066165
slice_track_cat,2,stream_p_xgb,1,0.28,0.31056755141192216,0.09217116929115356,0.3466666666666667,0.3,0.4105263157894737,78,182,112,7327,7699,190,0.024678529679179113
slice_track_cat,3,stream_p_xgb,1,0.28,0.42895242269151584,0.09018262878039571,0.5012165450121655,0.3886792452830189,0.7054794520547946,103,162,43,4340,4648,146,0.03141135972461274
slice_track_cat,1,stream_p_xgb,2,0.29000000000000004,0.3602865074999346,0.10233384443762845,0.39941690962099125,0.27565392354124746,0.7248677248677249,137,360,52,7194,7743,189,0.024409143742735374
slice_track_cat,2,stream_p_xgb,2,0.29000000000000004,0.40701341796114493,0.08030089983339825,0.47695390781563124,0.4075342465753425,0.5748792270531401,119,173,88,7315,7695,207,0.026900584795321637
slice_track_cat,3,stream_p_xgb,2,0.29000000000000004,0.4211263027834487,0.13835477185120976,0.3925233644859813,0.3,0.5675675675675675,84,196,64,3478,3822,148,0.03872318158032444
slice_track_cat,1,stream_p_xgb,3,0.28,0.40616336912926115,0.09643625518009186,0.35294117647058826,0.24798387096774194,0.6119402985074627,123,373,78,6679,7253,201,0.027712670619054185
slice_track_cat,2,stream_p_xgb,3,0.28,0.34870850800966313,0.08861800996912222,0.4280701754385965,0.3696969696969697,0.5083333333333333,122,208,118,7956,8404,240,0.028557829604950024
slice_track_cat,3,stream_p_xgb,3,0.28,0.410668023655239,0.13766224070776203,0.32075471698113206,0.6666666666666666,0.2111801242236025,34,17,127,3564,3742,161,0.043025120256547304
slice_track_cat,1,stream_p_xgb,4,0.33,0.39217962944178697,0.07650029134293565,0.45454545454545453,0.3872053872053872,0.5502392344497608,115,182,94,8408,8799,209,0.02375269917036027
slice_track_cat,2,stream_p_xgb,4,0.33,0.45650181817147606,0.08791479215782681,0.46689895470383275,0.5929203539823009,0.3850574712643678,67,46,107,5231,5451,174,0.031920748486516236
slice_track_cat,3,stream_p_xgb,4,0.33,0.4515865726883032,0.10068490593574482,0.2834008097165992,0.5737704918032787,0.1881720430107527,35,26,151,5000,5212,186,0.03568687643898695
slice_track_cat,1,stream_tcn_proba,0,0.78,0.8785505052787737,0.06824599715479962,0.8045977011494253,0.813953488372093,0.7954545454545454,105,24,27,5787,5943,132,0.02221100454316002
slice_track_cat,2,stream_tcn_proba,0,0.78,0.6131883379950076,0.08669599781341367,0.6130434782608696,0.7085427135678392,0.5402298850574713,141,58,120,9437,9756,261,0.026752767527675275
slice_track_cat,3,stream_tcn_proba,0,0.78,0.5909909615390984,0.15605800992671026,0.5242718446601942,0.5684210526315789,0.4864864864864865,54,41,57,3611,3763,111,0.029497741163964922
slice_track_cat,1,stream_tcn_proba,1,0.77,0.6240270880473007,0.12379626985706253,0.631578947368421,0.7651006711409396,0.5377358490566038,114,35,98,6947,7194,212,0.029469001946066165
slice_track_cat,2,stream_tcn_proba,1,0.77,0.40001337343842586,0.15458058452575896,0.533724340175953,0.6026490066225165,0.4789473684210526,91,60,99,7449,7699,190,0.024678529679179113
slice_track_cat,3,stream_tcn_proba,1,0.77,0.7074564754754831,0.174999842014254,0.6920415224913494,0.6993006993006993,0.684931506849315,100,43,46,4459,4648,146,0.03141135972461274
slice_track_cat,1,stream_tcn_proba,2,0.77,0.691904389384929,0.09520698028588923,0.6648501362397821,0.6853932584269663,0.6455026455026455,122,56,67,7498,7743,189,0.024409143742735374
slice_track_cat,2,stream_tcn_proba,2,0.77,0.5549230585095669,0.10948520061968799,0.5460122699386503,0.7478991596638656,0.42995169082125606,89,30,118,7458,7695,207,0.026900584795321637
slice_track_cat,3,stream_tcn_proba,2,0.77,0.6144899809701917,0.1270288838127974,0.5984251968503937,0.7169811320754716,0.5135135135135135,76,30,72,3644,3822,148,0.03872318158032444
slice_track_cat,1,stream_tcn_proba,3,0.77,0.6588026260238321,0.1358063929208225,0.6972972972972973,0.7633136094674556,0.6417910447761194,129,40,72,7012,7253,201,0.027712670619054185
slice_track_cat,2,stream_tcn_proba,3,0.77,0.4811201997107627,0.20262731234816347,0.4779220779220779,0.6344827586206897,0.38333333333333336,92,53,148,8111,8404,240,0.028557829604950024
slice_track_cat,3,stream_tcn_proba,3,0.77,0.6087279133197967,0.1652683677397373,0.5583333333333333,0.8481012658227848,0.4161490683229814,67,12,94,3569,3742,161,0.043025120256547304
slice_track_cat,1,stream_tcn_proba,4,0.77,0.6101826914403558,0.1714506932316935,0.6766595289079229,0.6124031007751938,0.7559808612440191,158,100,51,8490,8799,209,0.02375269917036027
slice_track_cat,2,stream_tcn_proba,4,0.77,0.5897848379411786,0.1639611616386253,0.5342465753424658,0.6610169491525424,0.4482758620689655,78,40,96,5237,5451,174,0.031920748486516236
slice_track_cat,3,stream_tcn_proba,4,0.77,0.7158438349278884,0.14999936339300635,0.7041420118343196,0.7828947368421053,0.6397849462365591,119,33,67,4993,5212,186,0.03568687643898695
slice_wetness_x_fcy,DRY×GREEN,stream_p_ann,0,0.5700000000000001,0.056113356397834074,0.3533534253296443,0.08478038815117467,0.05327342747111682,0.2075,83,1475,317,13300,15175,400,0.026359143327841845
slice_wetness_x_fcy,POST_RAIN×GREEN,stream_p_ann,0,0.5700000000000001,0.0835334641869764,0.27108749890175116,0.10891089108910891,0.09090909090909091,0.13580246913580246,11,110,70,2890,3081,81,0.02629016553067186
slice_wetness_x_fcy,WET×GREEN,stream_p_ann,0,0.5700000000000001,0.08769222001600345,0.19554367642520618,0.16216216216216217,0.21428571428571427,0.13043478260869565,3,11,20,1172,1206,23,0.019071310116086235
slice_wetness_x_fcy,DRY×GREEN,stream_p_ann,1,0.5700000000000001,0.07833190429733286,0.27813530227001043,0.12225705329153605,0.195,0.08904109589041095,39,161,399,14474,15073,438,0.029058581569694156
slice_wetness_x_fcy,POST_RAIN×GREEN,stream_p_ann,1,0.5700000000000001,0.10257946102615689,0.16581804656644836,0.05,1.0,0.02564102564102564,2,0,76,3841,3919,78,0.01990303648890023
slice_wetness_x_fcy,WET×GREEN,stream_p_ann,1,0.5700000000000001,0.09787959688687863,0.23880468085809392,0.0,0.0,0.0,0,0,32,517,549,32,0.058287795992714025
slice_wetness_x_fcy,DRY×GREEN,stream_p_ann,2,0.5,0.0921763931794881,0.4713273482117681,0.13664290980584912,0.07784934192103052,0.5582329317269076,278,3293,220,13367,17158,498,0.029024361813731202
slice_wetness_x_fcy,POST_RAIN×GREEN,stream_p_ann,2,0.5,0.21199884652582174,0.4155426034696122,0.17721518987341772,0.10714285714285714,0.5121951219512195,21,175,20,964,1180,41,0.03474576271186441
slice_wetness_x_fcy,WET×GREEN,stream_p_ann,2,0.5,0.015170007427850725,0.7945670880386972,0.02100840336134454,0.010615711252653927,1.0,5,466,0,451,922,5,0.005422993492407809
slice_wetness_x_fcy,DRY×GREEN,stream_p_ann,3,0.5700000000000001,0.07114898462104835,0.23329921558548924,0.09772727272727273,0.10565110565110565,0.09090909090909091,43,364,430,15870,16707,473,0.0283114862033878
slice_wetness_x_fcy,POST_RAIN×GREEN,stream_p_ann,3,0.5700000000000001,0.3002933719279322,0.3072829847849216,0.3111111111111111,0.4666666666666667,0.23333333333333334,7,8,23,768,806,30,0.03722084367245657
slice_wetness_x_fcy,WET×GREEN,stream_p_ann,3,0.5700000000000001,0.07847456675542377,0.22437179048541125,0.0,0.0,0.0,0,16,99,1771,1886,99,0.05249204665959703
slice_wetness_x_fcy,DRY×GREEN,stream_p_ann,4,0.5700000000000001,0.09012846675445751,0.23085429071643246,0.11936936936936937,0.13659793814432988,0.106,53,335,447,15434,16269,500,0.03073329645337759
slice_wetness_x_fcy,POST_RAIN×GREEN,stream_p_ann,4,0.5700000000000001,0.10412070178016157,0.1383809673600966,0.0,0.0,0.0,0,0,65,2168,2233,65,0.02910882221227049
slice_wetness_x_fcy,WET×GREEN,stream_p_ann,4,0.5700000000000001,0.01198721457342147,0.03617695595317299,0.0,0.0,0.0,0,0,4,956,960,4,0.004166666666666667
slice_wetness_x_fcy,DRY×GREEN,stream_p_rf,0,0.13,0.27663080588528943,0.09175472421553231,0.2852664576802508,0.20776255707762556,0.455,182,694,218,14081,15175,400,0.026359143327841845
slice_wetness_x_fcy,POST_RAIN×GREEN,stream_p_rf,0,0.13,0.29153690230202856,0.09365172453673994,0.3111111111111111,0.2828282828282828,0.345679012345679,28,71,53,2929,3081,81,0.02629016553067186
slice_wetness_x_fcy,WET×GREEN,stream_p_rf,0,0.13,0.2566762037257806,0.08763665827827401,0.23333333333333334,0.1891891891891892,0.30434782608695654,7,30,16,1153,1206,23,0.019071310116086235
slice_wetness_x_fcy,DRY×GREEN,stream_p_rf,1,0.17,0.29706014474094844,0.09502459530060367,0.2938196555217832,0.2641165755919854,0.3310502283105023,145,404,293,14231,15073,438,0.029058581569694156
slice_wetness_x_fcy,POST_RAIN×GREEN,stream_p_rf,1,0.17,0.3826622548459543,0.07062421759569873,0.39097744360902253,0.4727272727272727,0.3333333333333333,26,29,52,3812,3919,78,0.01990303648890023
slice_wetness_x_fcy,WET×GREEN,stream_p_rf,1,0.17,0.24611149068256055,0.19640251061203778,0.17777777777777778,0.3076923076923077,0.125,4,9,28,508,549,32,0.058287795992714025
slice_wetness_x_fcy,DRY×GREEN,stream_p_rf,2,0.12,0.32359883854617166,0.10214978795266932,0.3210208193418402,0.24117053481331988,0.4799196787148594,239,752,259,15908,17158,498,0.029024361813731202
slice_wetness_x_fcy,POST_RAIN×GREEN,stream_p_rf,2,0.12,0.21912233423589667,0.11904657489596762,0.2967741935483871,0.20175438596491227,0.5609756097560976,23,91,18,1048,1180,41,0.03474576271186441
slice_wetness_x_fcy,WET×GREEN,stream_p_rf,2,0.12,0.037080358907804305,0.07885478569912063,0.047058823529411764,0.024242424242424242,0.8,4,161,1,756,922,5,0.005422993492407809
slice_wetness_x_fcy,DRY×GREEN,stream_p_rf,3,0.16,0.19343622168668514,0.09850147525534957,0.2348426707597851,0.18433734939759036,0.32346723044397463,153,677,320,15557,16707,473,0.0283114862033878
slice_wetness_x_fcy,POST_RAIN×GREEN,stream_p_rf,3,0.16,0.2817682094692018,0.13768468099084927,0.3,0.6,0.2,6,4,24,772,806,30,0.03722084367245657
slice_wetness_x_fcy,WET×GREEN,stream_p_rf,3,0.16,0.12442155216520258,0.1889427355426894,0.06722689075630252,0.2,0.04040404040404041,4,16,95,1771,1886,99,0.05249204665959703
slice_wetness_x_fcy,DRY×GREEN,stream_p_rf,4,0.17,0.24224473499708457,0.11213924392418788,0.2866043613707165,0.2980561555075594,0.276,138,325,362,15444,16269,500,0.03073329645337759
slice_wetness_x_fcy,POST_RAIN×GREEN,stream_p_rf,4,0.17,0.26138311769446493,0.12171751338788452,0.2732919254658385,0.22916666666666666,0.3384615384615385,22,74,43,2094,2233,65,0.02910882221227049
slice_wetness_x_fcy,WET×GREEN,stream_p_rf,4,0.17,0.3493957047213286,0.04848207080286471,0.21052631578947367,0.13333333333333333,0.5,2,13,2,943,960,4,0.004166666666666667
slice_wetness_x_fcy,DRY×GREEN,stream_p_svm,0,0.32,0.24497844914890965,0.14434419817671396,0.32657657657657657,0.29713114754098363,0.3625,145,343,255,14432,15175,400,0.026359143327841845
slice_wetness_x_fcy,POST_RAIN×GREEN,stream_p_svm,0,0.32,0.3228187223149307,0.13235352422486485,0.3231441048034934,0.25,0.4567901234567901,37,111,44,2889,3081,81,0.02629016553067186
slice_wetness_x_fcy,WET×GREEN,stream_p_svm,0,0.32,0.041999806822770505,0.3640286593955516,0.07692307692307693,0.043243243243243246,0.34782608695652173,8,177,15,1006,1206,23,0.019071310116086235
slice_wetness_x_fcy,DRY×GREEN,stream_p_svm,1,0.32,0.3165918040740215,0.15882314052371632,0.3753501400560224,0.3175355450236967,0.4589041095890411,201,432,237,14203,15073,438,0.029058581569694156
slice_wetness_x_fcy,POST_RAIN×GREEN,stream_p_svm,1,0.32,0.30751704155392745,0.14543034374606437,0.2597402597402597,0.19607843137254902,0.38461538461538464,30,123,48,3718,3919,78,0.01990303648890023
slice_wetness_x_fcy,WET×GREEN,stream_p_svm,1,0.32,0.432218618207502,0.17102056561307008,0.3137254901960784,0.42105263157894735,0.25,8,11,24,506,549,32,0.058287795992714025
slice_wetness_x_fcy,DRY×GREEN,stream_p_svm,2,0.32,0.21559277158245246,0.2494312005476271,0.34195402298850575,0.2662192393736018,0.4779116465863454,238,656,260,16004,17158,498,0.029024361813731202
slice_wetness_x_fcy,POST_RAIN×GREEN,stream_p_svm,2,0.32,0.4274627758047003,0.5694492089536757,0.3645320197044335,0.22839506172839505,0.9024390243902439,37,125,4,1014,1180,41,0.03474576271186441
slice_wetness_x_fcy,WET×GREEN,stream_p_svm,2,0.32,0.17612704300694995,1.175541084800825,0.04371584699453552,0.02247191011235955,0.8,4,174,1,743,922,5,0.005422993492407809
slice_wetness_x_fcy,DRY×GREEN,stream_p_svm,3,0.34,0.22187245302295794,0.14483001849655736,0.27983539094650206,0.22911051212938005,0.3594080338266385,170,572,303,15662,16707,473,0.0283114862033878
slice_wetness_x_fcy,POST_RAIN×GREEN,stream_p_svm,3,0.34,0.5858168734375704,0.09685555179189989,0.5833333333333334,0.7777777777777778,0.4666666666666667,14,4,16,772,806,30,0.03722084367245657
slice_wetness_x_fcy,WET×GREEN,stream_p_svm,3,0.34,0.1089326748339528,0.5308213819430179,0.18493150684931506,0.13989637305699482,0.2727272727272727,27,166,72,1621,1886,99,0.05249204665959703
slice_wetness_x_fcy,DRY×GREEN,stream_p_svm,4,0.24000000000000002,0.2685172768222876,0.17788455790404945,0.3544690603514133,0.2867737948084054,0.464,232,577,268,15192,16269,500,0.03073329645337759
slice_wetness_x_fcy,POST_RAIN×GREEN,stream_p_svm,4,0.24000000000000002,0.27061668255893195,0.2956865003269187,0.2792452830188679,0.185,0.5692307692307692,37,163,28,2005,2233,65,0.02910882221227049
slice_wetness_x_fcy,WET×GREEN,stream_p_svm,4,0.24000000000000002,0.5517857142857143,0.07676339318643112,0.16666666666666666,0.09090909090909091,1.0,4,40,0,916,960,4,0.004166666666666667
slice_wetness_x_fcy,DRY×GREEN,stream_p_xgb,0,0.29000000000000004,0.5218881910231913,0.06850933862751252,0.546583850931677,0.5432098765432098,0.55,220,185,180,14590,15175,400,0.026359143327841845
slice_wetness_x_fcy,POST_RAIN×GREEN,stream_p_xgb,0,0.29000000000000004,0.4899028136188573,0.0778048020675437,0.5,0.5522388059701493,0.4567901234567901,37,30,44,2970,3081,81,0.02629016553067186
slice_wetness_x_fcy,WET×GREEN,stream_p_xgb,0,0.29000000000000004,0.4512484463819949,0.0629108935137037,0.5573770491803278,0.4473684210526316,0.7391304347826086,17,21,6,1162,1206,23,0.019071310116086235
slice_wetness_x_fcy,DRY×GREEN,stream_p_xgb,1,0.28,0.3402224417692799,0.0993508290058702,0.3886861313868613,0.32370820668693007,0.4863013698630137,213,445,225,14190,15073,438,0.029058581569694156
slice_wetness_x_fcy,POST_RAIN×GREEN,stream_p_xgb,1,0.28,0.7109387791844545,0.03989344666742661,0.7244094488188977,0.9387755102040817,0.5897435897435898,46,3,32,3838,3919,78,0.01990303648890023
slice_wetness_x_fcy,WET×GREEN,stream_p_xgb,1,0.28,0.28013291175316135,0.19653540910490758,0.1111111111111111,0.5,0.0625,2,2,30,515,549,32,0.058287795992714025
slice_wetness_x_fcy,DRY×GREEN,stream_p_xgb,2,0.29000000000000004,0.4459725951879999,0.08745856506335041,0.47058823529411764,0.3861003861003861,0.6024096385542169,300,477,198,16183,17158,498,0.029024361813731202
slice_wetness_x_fcy,POST_RAIN×GREEN,stream_p_xgb,2,0.29000000000000004,0.47748251607509945,0.18942148982053772,0.38461538461538464,0.24822695035460993,0.8536585365853658,35,106,6,1033,1180,41,0.03474576271186441
slice_wetness_x_fcy,WET×GREEN,stream_p_xgb,2,0.29000000000000004,0.19586080586080587,0.23313113055171317,0.0641025641025641,0.033112582781456956,1.0,5,146,0,771,922,5,0.005422993492407809
slice_wetness_x_fcy,DRY×GREEN,stream_p_xgb,3,0.28,0.3872061689901646,0.08506792609505182,0.4333958724202627,0.38954468802698144,0.4883720930232558,231,362,242,15872,16707,473,0.0283114862033878
slice_wetness_x_fcy,POST_RAIN×GREEN,stream_p_xgb,3,0.28,0.3704233745285058,0.22077583656046404,0.1696969696969697,0.1037037037037037,0.4666666666666667,14,121,16,655,806,30,0.03722084367245657
slice_wetness_x_fcy,WET×GREEN,stream_p_xgb,3,0.28,0.2048376050126776,0.19096227666616655,0.27419354838709675,0.22818791946308725,0.3434343434343434,34,115,65,1672,1886,99,0.05249204665959703
slice_wetness_x_fcy,DRY×GREEN,stream_p_xgb,4,0.33,0.45558636587711737,0.08286316719289664,0.4566744730679157,0.5508474576271186,0.39,195,159,305,15610,16269,500,0.03073329645337759
slice_wetness_x_fcy,POST_RAIN×GREEN,stream_p_xgb,4,0.33,0.17190707712459458,0.1269851692838786,0.2692307692307692,0.23076923076923078,0.3230769230769231,21,70,44,2098,2233,65,0.02910882221227049
slice_wetness_x_fcy,WET×GREEN,stream_p_xgb,4,0.33,0.04813390313390314,0.047354765878927535,0.06666666666666667,0.038461538461538464,0.25,1,25,3,931,960,4,0.004166666666666667
slice_wetness_x_fcy,DRY×GREEN,stream_tcn_proba,0,0.78,0.7077804284528012,0.09040127893120697,0.672,0.72,0.63,252,98,148,14677,15175,400,0.026359143327841845
slice_wetness_x_fcy,POST_RAIN×GREEN,stream_tcn_proba,0,0.78,0.621462288552082,0.10483649764763511,0.5753424657534246,0.6461538461538462,0.5185185185185185,42,23,39,2977,3081,81,0.02629016553067186
slice_wetness_x_fcy,WET×GREEN,stream_tcn_proba,0,0.78,0.35212361202970166,0.1192352819895681,0.3870967741935484,0.75,0.2608695652173913,6,2,17,1181,1206,23,0.019071310116086235
slice_wetness_x_fcy,DRY×GREEN,stream_tcn_proba,1,0.77,0.547368334863247,0.15741901436166142,0.6240786240786241,0.675531914893617,0.5799086757990868,254,122,184,14513,15073,438,0.029058581569694156
slice_wetness_x_fcy,POST_RAIN×GREEN,stream_tcn_proba,1,0.77,0.6905846554842112,0.1112481700695888,0.6423357664233577,0.7457627118644068,0.5641025641025641,44,15,34,3826,3919,78,0.01990303648890023
slice_wetness_x_fcy,WET×GREEN,stream_tcn_proba,1,0.77,0.5396856191695049,0.15545932481190897,0.35,0.875,0.21875,7,1,25,516,549,32,0.058287795992714025
slice_wetness_x_fcy,DRY×GREEN,stream_tcn_proba,2,0.77,0.6146586683393434,0.10847741995506958,0.6096997690531177,0.717391304347826,0.5301204819277109,264,104,234,16556,17158,498,0.029024361813731202
slice_wetness_x_fcy,POST_RAIN×GREEN,stream_tcn_proba,2,0.77,0.6153389059917999,0.11650320512247532,0.5588235294117647,0.7037037037037037,0.4634146341463415,19,8,22,1131,1180,41,0.03474576271186441
slice_wetness_x_fcy,WET×GREEN,stream_tcn_proba,2,0.77,0.8909090909090909,0.07207300154126459,0.6153846153846154,0.5,0.8,4,4,1,913,922,5,0.005422993492407809
slice_wetness_x_fcy,DRY×GREEN,stream_tcn_proba,3,0.77,0.651701510753961,0.15698674241443367,0.6452380952380953,0.7384196185286104,0.572938689217759,271,96,202,16138,16707,473,0.0283114862033878
slice_wetness_x_fcy,POST_RAIN×GREEN,stream_tcn_proba,3,0.77,0.3942449529896588,0.39681710117504837,0.425531914893617,0.5882352941176471,0.3333333333333333,10,7,20,769,806,30,0.03722084367245657
slice_wetness_x_fcy,WET×GREEN,stream_tcn_proba,3,0.77,0.24945521765850753,0.1928450921769653,0.12962962962962962,0.7777777777777778,0.0707070707070707,7,2,92,1785,1886,99,0.05249204665959703
slice_wetness_x_fcy,DRY×GREEN,stream_tcn_proba,4,0.77,0.6585991385472649,0.15211221570034522,0.6743455497382199,0.7076923076923077,0.644,322,133,178,15636,16269,500,0.03073329645337759
slice_wetness_x_fcy,POST_RAIN×GREEN,stream_tcn_proba,4,0.77,0.38083710498669443,0.22568323384168865,0.45454545454545453,0.44776119402985076,0.46153846153846156,30,37,35,2131,2233,65,0.02910882221227049
slice_wetness_x_fcy,WET×GREEN,stream_tcn_proba,4,0.77,0.6511001100110011,0.21404096400495803,0.6,0.5,0.75,3,3,1,953,960,4,0.004166666666666667
slice_phase_x_tyre,early×0_5,stream_p_ann,0,0.5700000000000001,0.018818194943678552,0.41576961993430545,0.016129032258064516,0.009345794392523364,0.058823529411764705,2,212,32,1559,1805,34,0.018836565096952907
slice_phase_x_tyre,early×16_plus,stream_p_ann,0,0.5700000000000001,0.1376423883295742,0.429114810946206,0.175,0.1337579617834395,0.25301204819277107,21,136,62,1081,1300,83,0.06384615384615384
slice_phase_x_tyre,early×6_15,stream_p_ann,0,0.5700000000000001,0.12001360965350763,0.4050200000115025,0.09951845906902086,0.05730129390018484,0.3780487804878049,31,510,51,2666,3258,82,0.025168815224063844
slice_phase_x_tyre,early×nan,stream_p_ann,0,0.5700000000000001,,,0.0,0.0,0.0,0,0,0,10,10,0,0.0
slice_phase_x_tyre,late×0_5,stream_p_ann,0,0.5700000000000001,0.00589720577235075,0.20124362680871816,0.0,0.0,0.0,0,9,3,475,487,3,0.006160164271047228
slice_phase_x_tyre,late×16_plus,stream_p_ann,0,0.5700000000000001,0.06751685942881394,0.30040928455870264,0.05459057071960298,0.03313253012048193,0.15492957746478872,11,321,60,3731,4123,71,0.017220470531166626
slice_phase_x_tyre,late×6_15,stream_p_ann,0,0.5700000000000001,0.026874225757621755,0.19635239640044,0.0,0.0,0.0,0,12,18,1769,1799,18,0.010005558643690939
slice_phase_x_tyre,late×nan,stream_p_ann,0,0.5700000000000001,0.3,0.15736255360220192,0.0,0.0,0.0,0,0,2,157,159,2,0.012578616352201259
slice_phase_x_tyre,mid×0_5,stream_p_ann,0,0.5700000000000001,,,0.0,0.0,0.0,0,3,0,1093,1096,0,0.0
slice_phase_x_tyre,mid×16_plus,stream_p_ann,0,0.5700000000000001,0.08509759921552934,0.44220711741632895,0.10491803278688525,0.07729468599033816,0.16326530612244897,32,382,164,2409,2987,196,0.06561767659859391
slice_phase_x_tyre,mid×6_15,stream_p_ann,0,0.5700000000000001,0.01233817853480803,0.23621709713894543,0.0,0.0,0.0,0,11,15,2392,2418,15,0.00620347394540943
slice_phase_x_tyre,mid×nan,stream_p_ann,0,0.5700000000000001,,,0.0,0.0,0.0,0,0,0,20,20,0,0.0
slice_phase_x_tyre,early×0_5,stream_p_ann,1,0.5700000000000001,0.0617750824678457,0.24774008497748823,0.0,0.0,0.0,0,24,23,1769,1816,23,0.012665198237885462
slice_phase_x_tyre,early×16_plus,stream_p_ann,1,0.5700000000000001,0.11454964356972014,0.36943248343071006,0.10526315789473684,0.3125,0.06329113924050633,5,11,74,1084,1174,79,0.06729131175468483
slice_phase_x_tyre,early×6_15,stream_p_ann,1,0.5700000000000001,0.09360917198093312,0.28052060408732915,0.10084033613445378,0.2727272727272727,0.061855670103092786,6,16,91,3243,3356,97,0.028903456495828365
slice_phase_x_tyre,early×nan,stream_p_ann,1,0.5700000000000001,0.75,0.3178780406379236,0.5714285714285714,0.4,1.0,4,6,0,54,64,4,0.0625
slice_phase_x_tyre,late×0_5,stream_p_ann,1,0.5700000000000001,0.017365581687999208,0.12625083689766392,0.0,0.0,0.0,0,0,3,421,424,3,0.007075471698113208
slice_phase_x_tyre,late×16_plus,stream_p_ann,1,0.5700000000000001,0.061644813663524686,0.2483892992698138,0.0967741935483871,0.125,0.07894736842105263,6,42,70,4305,4423,76,0.017182907528826587
slice_phase_x_tyre,late×6_15,stream_p_ann,1,0.5700000000000001,0.018283115085505692,0.1411367845772542,0.0,0.0,0.0,0,1,18,1682,1701,18,0.010582010582010581
slice_phase_x_tyre,late×nan,stream_p_ann,1,0.5700000000000001,,,0.0,0.0,0.0,0,0,0,34,34,0,0.0
slice_phase_x_tyre,mid×0_5,stream_p_ann,1,0.5700000000000001,0.10212527243559832,0.14619540527518227,0.15384615384615385,1.0,0.08333333333333333,1,0,11,1031,1043,12,0.011505273250239693
slice_phase_x_tyre,mid×16_plus,stream_p_ann,1,0.5700000000000001,0.10839273643214704,0.37411498333970156,0.1288135593220339,0.24050632911392406,0.08796296296296297,19,60,197,2827,3103,216,0.06961005478569127
slice_phase_x_tyre,mid×6_15,stream_p_ann,1,0.5700000000000001,0.034080426379222435,0.17439834946610813,0.0,0.0,0.0,0,1,20,2371,2392,20,0.008361204013377926
slice_phase_x_tyre,mid×nan,stream_p_ann,1,0.5700000000000001,,,0.0,0.0,0.0,0,0,0,11,11,0,0.0
slice_phase_x_tyre,early×0_5,stream_p_ann,2,0.5,0.016030871410080683,0.6455878316892371,0.012698412698412698,0.006666666666666667,0.13333333333333333,4,596,26,1090,1716,30,0.017482517482517484
slice_phase_x_tyre,early×16_plus,stream_p_ann,2,0.5,0.15732019300270905,0.6238794407931453,0.24032586558044808,0.14898989898989898,0.6210526315789474,59,337,36,879,1311,95,0.07246376811594203
slice_phase_x_tyre,early×6_15,stream_p_ann,2,0.5,0.05149274465833813,0.6174590447718569,0.06656101426307448,0.035,0.6774193548387096,42,1158,20,2048,3268,62,0.018971848225214197
slice_phase_x_tyre,early×nan,stream_p_ann,2,0.5,,,0.0,0.0,0.0,0,33,0,0,33,0,0.0
slice_phase_x_tyre,late×0_5,stream_p_ann,2,0.5,0.025397141109312914,0.315078112353881,0.0,0.0,0.0,0,31,6,454,491,6,0.012219959266802444
slice_phase_x_tyre,late×16_plus,stream_p_ann,2,0.5,0.038070567939705674,0.39976119883400496,0.06605504587155964,0.037037037037037035,0.3050847457627119,18,468,41,3573,4100,59,0.014390243902439025
slice_phase_x_tyre,late×6_15,stream_p_ann,2,0.5,0.04791068732816919,0.304226380672877,0.08,0.043795620437956206,0.46153846153846156,6,131,7,1717,1861,13,0.006985491671144546
slice_phase_x_tyre,mid×0_5,stream_p_ann,2,0.5,0.02631319831731649,0.3713404526309358,0.052083333333333336,0.028735632183908046,0.2777777777777778,5,169,13,1103,1290,18,0.013953488372093023
slice_phase_x_tyre,mid×16_plus,stream_p_ann,2,0.5,0.19894625034432603,0.5948605159031953,0.27402135231316727,0.17381489841986456,0.6470588235294118,154,732,84,1657,2627,238,0.09059763989341454
slice_phase_x_tyre,mid×6_15,stream_p_ann,2,0.5,0.12899596946496641,0.36276324144981414,0.10062893081761007,0.05423728813559322,0.6956521739130435,16,279,7,2261,2563,23,0.008973858759266484
slice_phase_x_tyre,early×0_5,stream_p_ann,3,0.5700000000000001,0.12846204769725458,0.3080414411098625,0.09937888198757763,0.09523809523809523,0.1038961038961039,8,76,69,1741,1894,77,0.04065469904963041
slice_phase_x_tyre,early×16_plus,stream_p_ann,3,0.5700000000000001,0.14176036757431182,0.3011130720042159,0.12244897959183673,0.14634146341463414,0.10526315789473684,6,35,51,1062,1154,57,0.049393414211438474
slice_phase_x_tyre,early×6_15,stream_p_ann,3,0.5700000000000001,0.039947276892096144,0.28101032561683637,0.03980099502487562,0.030303030303030304,0.057971014492753624,4,128,65,2883,3080,69,0.022402597402597403
slice_phase_x_tyre,early×nan,stream_p_ann,3,0.5700000000000001,,,0.0,0.0,0.0,0,0,0,222,222,0,0.0
slice_phase_x_tyre,late×0_5,stream_p_ann,3,0.5700000000000001,0.021553820745214777,0.14595536532457745,0.0,0.0,0.0,0,1,11,596,608,11,0.018092105263157895
slice_phase_x_tyre,late×16_plus,stream_p_ann,3,0.5700000000000001,0.08214050491258483,0.19821882522049497,0.1206896551724138,0.22580645161290322,0.08235294117647059,7,24,78,3648,3757,85,0.02262443438914027
slice_phase_x_tyre,late×6_15,stream_p_ann,3,0.5700000000000001,0.04887199670965269,0.14148440264143128,0.041666666666666664,0.25,0.022727272727272728,1,3,43,2137,2184,44,0.020146520146520148
slice_phase_x_tyre,mid×0_5,stream_p_ann,3,0.5700000000000001,0.016735264857341444,0.14747818446460545,0.0,0.0,0.0,0,12,14,1232,1258,14,0.011128775834658187
slice_phase_x_tyre,mid×16_plus,stream_p_ann,3,0.5700000000000001,0.13164718014980295,0.3452135853478889,0.1111111111111111,0.16822429906542055,0.08294930875576037,18,89,199,2637,2943,217,0.07373428474345906
slice_phase_x_tyre,mid×6_15,stream_p_ann,3,0.5700000000000001,0.14860079904698031,0.17132753602758863,0.2222222222222222,0.23076923076923078,0.21428571428571427,6,20,22,2202,2250,28,0.012444444444444444
slice_phase_x_tyre,mid×nan,stream_p_ann,3,0.5700000000000001,,,0.0,0.0,0.0,0,0,0,49,49,0,0.0
slice_phase_x_tyre,early×0_5,stream_p_ann,4,0.5700000000000001,0.0773081902920379,0.24789592992127127,0.1834862385321101,0.13513513513513514,0.2857142857142857,10,64,25,1605,1704,35,0.020539906103286387
slice_phase_x_tyre,early×16_plus,stream_p_ann,4,0.5700000000000001,0.1181717945476305,0.28722367693482015,0.128,0.20512820512820512,0.09302325581395349,8,31,78,1224,1341,86,0.06413124533929904
slice_phase_x_tyre,early×6_15,stream_p_ann,4,0.5700000000000001,0.05737322088990969,0.23786730044894955,0.06382978723404255,0.05128205128205128,0.08450704225352113,6,111,65,3106,3288,71,0.02159367396593674
slice_phase_x_tyre,early×nan,stream_p_ann,4,0.5700000000000001,0.8905228758169935,0.3097603486881688,0.8695652173913043,0.9090909090909091,0.8333333333333334,10,1,2,42,55,12,0.21818181818181817
slice_phase_x_tyre,late×0_5,stream_p_ann,4,0.5700000000000001,0.34181255026780977,0.10061820358227476,0.0,0.0,0.0,0,0,3,487,490,3,0.006122448979591836
slice_phase_x_tyre,late×16_plus,stream_p_ann,4,0.5700000000000001,0.08351946251018888,0.164592353312966,0.09009009009009009,0.17857142857142858,0.060240963855421686,5,23,78,4172,4278,83,0.019401589527816735
slice_phase_x_tyre,late×6_15,stream_p_ann,4,0.5700000000000001,0.15316779144366555,0.08476430499037113,0.25,1.0,0.14285714285714285,1,0,6,1801,1808,7,0.0038716814159292035
slice_phase_x_tyre,mid×0_5,stream_p_ann,4,0.5700000000000001,0.010584928181823237,0.1196204643584923,0.0,0.0,0.0,0,10,12,1153,1175,12,0.010212765957446808
slice_phase_x_tyre,mid×16_plus,stream_p_ann,4,0.5700000000000001,0.10195472620798324,0.37864955432447844,0.07669616519174041,0.125,0.05531914893617021,13,91,222,2581,2907,235,0.08083935328517372
slice_phase_x_tyre,mid×6_15,stream_p_ann,4,0.5700000000000001,0.006350297982060732,0.13202039709941601,0.0,0.0,0.0,0,4,17,2355,2376,17,0.007154882154882155
slice_phase_x_tyre,mid×nan,stream_p_ann,4,0.5700000000000001,0.26149549424005947,0.7781320221217998,0.0,0.0,0.0,0,0,8,32,40,8,0.2
slice_phase_x_tyre,early×0_5,stream_p_rf,0,0.13,0.24439248395272817,0.06346033611044438,0.19607843137254902,0.14705882352941177,0.29411764705882354,10,58,24,1713,1805,34,0.018836565096952907
slice_phase_x_tyre,early×16_plus,stream_p_rf,0,0.13,0.29376082455324526,0.1946313725639004,0.3253588516746411,0.2698412698412698,0.40963855421686746,34,92,49,1125,1300,83,0.06384615384615384
slice_phase_x_tyre,early×6_15,stream_p_rf,0,0.13,0.296674139640887,0.08757327784901335,0.30526315789473685,0.26851851851851855,0.35365853658536583,29,79,53,3097,3258,82,0.025168815224063844
slice_phase_x_tyre,early×nan,stream_p_rf,0,0.13,,,0.0,0.0,0.0,0,0,0,10,10,0,0.0
slice_phase_x_tyre,late×0_5,stream_p_rf,0,0.13,0.04769585253456221,0.04106141964494248,0.0,0.0,0.0,0,2,3,482,487,3,0.006160164271047228
slice_phase_x_tyre,late×16_plus,stream_p_rf,0,0.13,0.27410036171254876,0.0701753576562616,0.2978723404255319,0.21341463414634146,0.49295774647887325,35,129,36,3923,4123,71,0.017220470531166626
slice_phase_x_tyre,late×6_15,stream_p_rf,0,0.13,0.14812403510291122,0.04699021200463474,0.0,0.0,0.0,0,0,18,1781,1799,18,0.010005558643690939
slice_phase_x_tyre,late×nan,stream_p_rf,0,0.13,0.5147058823529411,0.0565182003489457,0.0,0.0,0.0,0,0,2,157,159,2,0.012578616352201259
slice_phase_x_tyre,mid×0_5,stream_p_rf,0,0.13,,,0.0,0.0,0.0,0,0,0,1096,1096,0,0.0
slice_phase_x_tyre,mid×16_plus,stream_p_rf,0,0.13,0.32638051967301085,0.19908981553515198,0.29740791268758526,0.20297951582867785,0.5561224489795918,109,428,87,2363,2987,196,0.06561767659859391
slice_phase_x_tyre,mid×6_15,stream_p_rf,0,0.13,0.03632736704442531,0.049488483175108816,0.0,0.0,0.0,0,7,15,2396,2418,15,0.00620347394540943
slice_phase_x_tyre,mid×nan,stream_p_rf,0,0.13,,,0.0,0.0,0.0,0,0,0,20,20,0,0.0
slice_phase_x_tyre,early×0_5,stream_p_rf,1,0.17,0.08716915489318973,0.056775140435487086,0.0,0.0,0.0,0,1,23,1792,1816,23,0.012665198237885462
slice_phase_x_tyre,early×16_plus,stream_p_rf,1,0.17,0.6500755943881976,0.1634527200341507,0.5777777777777777,0.6964285714285714,0.4936708860759494,39,17,40,1078,1174,79,0.06729131175468483
slice_phase_x_tyre,early×6_15,stream_p_rf,1,0.17,0.23783522252513042,0.0982364710081887,0.14754098360655737,0.36,0.09278350515463918,9,16,88,3243,3356,97,0.028903456495828365
slice_phase_x_tyre,early×nan,stream_p_rf,1,0.17,0.875,0.14670986762945887,0.6666666666666666,0.5,1.0,4,4,0,56,64,4,0.0625
slice_phase_x_tyre,late×0_5,stream_p_rf,1,0.17,0.06621088938162109,0.040199518796755464,0.0,0.0,0.0,0,0,3,421,424,3,0.007075471698113208
slice_phase_x_tyre,late×16_plus,stream_p_rf,1,0.17,0.15733076740116575,0.07256399574600032,0.15517241379310345,0.11538461538461539,0.23684210526315788,18,138,58,4209,4423,76,0.017182907528826587
slice_phase_x_tyre,late×6_15,stream_p_rf,1,0.17,0.05716789569272221,0.05246351120724746,0.0,0.0,0.0,0,0,18,1683,1701,18,0.010582010582010581
slice_phase_x_tyre,late×nan,stream_p_rf,1,0.17,,,0.0,0.0,0.0,0,0,0,34,34,0,0.0
slice_phase_x_tyre,mid×0_5,stream_p_rf,1,0.17,0.3100139601789422,0.04775770598820347,0.15384615384615385,1.0,0.08333333333333333,1,0,11,1031,1043,12,0.011505273250239693
slice_phase_x_tyre,mid×16_plus,stream_p_rf,1,0.17,0.37514750508574907,0.1976074690086341,0.35213675213675216,0.2791327913279133,0.47685185185185186,103,266,113,2621,3103,216,0.06961005478569127
slice_phase_x_tyre,mid×6_15,stream_p_rf,1,0.17,0.2723882058955334,0.03859374541349951,0.09523809523809523,1.0,0.05,1,0,19,2372,2392,20,0.008361204013377926
slice_phase_x_tyre,mid×nan,stream_p_rf,1,0.17,,,0.0,0.0,0.0,0,0,0,11,11,0,0.0
slice_phase_x_tyre,early×0_5,stream_p_rf,2,0.12,0.05228946606206257,0.16787948731994817,0.03389830508474576,0.034482758620689655,0.03333333333333333,1,28,29,1658,1716,30,0.017482517482517484
slice_phase_x_tyre,early×16_plus,stream_p_rf,2,0.12,0.34330500090283056,0.20521300401608403,0.3223684210526316,0.23444976076555024,0.5157894736842106,49,160,46,1056,1311,95,0.07246376811594203
slice_phase_x_tyre,early×6_15,stream_p_rf,2,0.12,0.21938738717738301,0.07557400688470085,0.20245398773006135,0.125,0.532258064516129,33,231,29,2975,3268,62,0.018971848225214197
slice_phase_x_tyre,early×nan,stream_p_rf,2,0.12,,,0.0,0.0,0.0,0,1,0,32,33,0,0.0
slice_phase_x_tyre,late×0_5,stream_p_rf,2,0.12,0.036176008817254385,0.06255420924826748,0.0,0.0,0.0,0,1,6,484,491,6,0.012219959266802444
slice_phase_x_tyre,late×16_plus,stream_p_rf,2,0.12,0.2745925343299432,0.05771952888573202,0.24836601307189543,0.20212765957446807,0.3220338983050847,19,75,40,3966,4100,59,0.014390243902439025
slice_phase_x_tyre,late×6_15,stream_p_rf,2,0.12,0.061122701091944585,0.03938151344888928,0.1111111111111111,0.2,0.07692307692307693,1,4,12,1844,1861,13,0.006985491671144546
slice_phase_x_tyre,mid×0_5,stream_p_rf,2,0.12,0.04853599858102796,0.06769895600238109,0.0,0.0,0.0,0,1,18,1271,1290,18,0.013953488372093023
slice_phase_x_tyre,mid×16_plus,stream_p_rf,2,0.12,0.3606999285140501,0.24019988562063854,0.35545556805399325,0.24270353302611367,0.6638655462184874,158,493,80,1896,2627,238,0.09059763989341454
slice_phase_x_tyre,mid×6_15,stream_p_rf,2,0.12,0.16080132474389802,0.03951312866249748,0.2631578947368421,0.3333333333333333,0.21739130434782608,5,10,18,2530,2563,23,0.008973858759266484
slice_phase_x_tyre,early×0_5,stream_p_rf,3,0.16,0.2054913579409982,0.13280277933446982,0.10638297872340426,0.29411764705882354,0.06493506493506493,5,12,72,1805,1894,77,0.04065469904963041
slice_phase_x_tyre,early×16_plus,stream_p_rf,3,0.16,0.20490769321580377,0.17106879813016523,0.2753623188405797,0.2345679012345679,0.3333333333333333,19,62,38,1035,1154,57,0.049393414211438474
slice_phase_x_tyre,early×6_15,stream_p_rf,3,0.16,0.14481026648718323,0.08444107579738386,0.1414141414141414,0.23333333333333334,0.10144927536231885,7,23,62,2988,3080,69,0.022402597402597403
slice_phase_x_tyre,early×nan,stream_p_rf,3,0.16,,,0.0,0.0,0.0,0,0,0,222,222,0,0.0
slice_phase_x_tyre,late×0_5,stream_p_rf,3,0.16,0.06593371111028767,0.08429728890972313,0.0392156862745098,0.025,0.09090909090909091,1,39,10,558,608,11,0.018092105263157895
slice_phase_x_tyre,late×16_plus,stream_p_rf,3,0.16,0.16743916231532063,0.08517951789867469,0.22707423580786026,0.18055555555555555,0.3058823529411765,26,118,59,3554,3757,85,0.02262443438914027
slice_phase_x_tyre,late×6_15,stream_p_rf,3,0.16,0.08843163891511574,0.0874248038903839,0.017857142857142856,0.014705882352941176,0.022727272727272728,1,67,43,2073,2184,44,0.020146520146520148
slice_phase_x_tyre,mid×0_5,stream_p_rf,3,0.16,0.3552858291261301,0.04901510043430535,0.2777777777777778,0.22727272727272727,0.35714285714285715,5,17,9,1227,1258,14,0.011128775834658187
slice_phase_x_tyre,mid×16_plus,stream_p_rf,3,0.16,0.27643246299375546,0.2210054278696548,0.2961832061068702,0.22146118721461186,0.4470046082949309,97,341,120,2385,2943,217,0.07373428474345906
slice_phase_x_tyre,mid×6_15,stream_p_rf,3,0.16,0.11017361368519508,0.054095206536964424,0.08333333333333333,0.1,0.07142857142857142,2,18,26,2204,2250,28,0.012444444444444444
slice_phase_x_tyre,mid×nan,stream_p_rf,3,0.16,,,0.0,0.0,0.0,0,0,0,49,49,0,0.0
slice_phase_x_tyre,early×0_5,stream_p_rf,4,0.17,0.226933724649007,0.07621807448379612,0.16393442622950818,0.19230769230769232,0.14285714285714285,5,21,30,1648,1704,35,0.020539906103286387
slice_phase_x_tyre,early×16_plus,stream_p_rf,4,0.17,0.3725689533725159,0.17961675539259642,0.43209876543209874,0.4605263157894737,0.4069767441860465,35,41,51,1214,1341,86,0.06413124533929904
slice_phase_x_tyre,early×6_15,stream_p_rf,4,0.17,0.2150211890156798,0.08110336659037164,0.18018018018018017,0.25,0.14084507042253522,10,30,61,3187,3288,71,0.02159367396593674
slice_phase_x_tyre,early×nan,stream_p_rf,4,0.17,0.7445443332638456,0.6088210520892189,0.15384615384615385,1.0,0.08333333333333333,1,0,11,43,55,12,0.21818181818181817
slice_phase_x_tyre,late×0_5,stream_p_rf,4,0.17,0.013834115805946793,0.05019751898713309,0.0,0.0,0.0,0,5,3,482,490,3,0.006122448979591836
slice_phase_x_tyre,late×16_plus,stream_p_rf,4,0.17,0.2377477333393106,0.09162059894161166,0.2602739726027397,0.30158730158730157,0.2289156626506024,19,44,64,4151,4278,83,0.019401589527816735
slice_phase_x_tyre,late×6_15,stream_p_rf,4,0.17,0.007653966931259763,0.04395653020298417,0.0,0.0,0.0,0,32,7,1769,1808,7,0.0038716814159292035
slice_phase_x_tyre,mid×0_5,stream_p_rf,4,0.17,0.012624916594577559,0.0794471240855932,0.0,0.0,0.0,0,66,12,1097,1175,12,0.010212765957446808
slice_phase_x_tyre,mid×16_plus,stream_p_rf,4,0.17,0.35462137934433124,0.22320075595211317,0.4,0.4088888888888889,0.39148936170212767,92,133,143,2539,2907,235,0.08083935328517372
slice_phase_x_tyre,mid×6_15,stream_p_rf,4,0.17,0.024957414828206653,0.0715844870797311,0.0,0.0,0.0,0,37,17,2322,2376,17,0.007154882154882155
slice_phase_x_tyre,mid×nan,stream_p_rf,4,0.17,0.19929877186188547,1.5883459203722001,0.0,0.0,0.0,0,3,8,29,40,8,0.2
slice_phase_x_tyre,early×0_5,stream_p_svm,0,0.32,0.19203940198164968,0.30471852819516154,0.42105263157894735,0.2828282828282828,0.8235294117647058,28,71,6,1700,1805,34,0.018836565096952907
slice_phase_x_tyre,early×16_plus,stream_p_svm,0,0.32,0.32599479754464394,0.24522881743285962,0.2684563758389262,0.30303030303030304,0.24096385542168675,20,46,63,1171,1300,83,0.06384615384615384
slice_phase_x_tyre,early×6_15,stream_p_svm,0,0.32,0.1539809605205194,0.11215358152575881,0.17834394904458598,0.18666666666666668,0.17073170731707318,14,61,68,3115,3258,82,0.025168815224063844
slice_phase_x_tyre,early×nan,stream_p_svm,0,0.32,,,0.0,0.0,0.0,0,0,0,10,10,0,0.0
slice_phase_x_tyre,late×0_5,stream_p_svm,0,0.32,0.008053763736821859,0.06119040654727753,0.0,0.0,0.0,0,2,3,482,487,3,0.006160164271047228
slice_phase_x_tyre,late×16_plus,stream_p_svm,0,0.32,0.14317386616028732,0.15919061589169706,0.21379310344827587,0.1415525114155251,0.43661971830985913,31,188,40,3864,4123,71,0.017220470531166626
slice_phase_x_tyre,late×6_15,stream_p_svm,0,0.32,0.04857301478093466,0.05812146750642976,0.0,0.0,0.0,0,8,18,1773,1799,18,0.010005558643690939
slice_phase_x_tyre,late×nan,stream_p_svm,0,0.32,0.13392857142857142,0.06196181747200778,0.0,0.0,0.0,0,3,2,154,159,2,0.012578616352201259
slice_phase_x_tyre,mid×0_5,stream_p_svm,0,0.32,,,0.0,0.0,0.0,0,4,0,1092,1096,0,0.0
slice_phase_x_tyre,mid×16_plus,stream_p_svm,0,0.32,0.38703028305854054,0.29668916729895395,0.3646833013435701,0.2923076923076923,0.4846938775510204,95,230,101,2561,2987,196,0.06561767659859391
slice_phase_x_tyre,mid×6_15,stream_p_svm,0,0.32,0.05625268938006487,0.040896382399154295,0.12121212121212122,0.1111111111111111,0.13333333333333333,2,16,13,2387,2418,15,0.00620347394540943
slice_phase_x_tyre,mid×nan,stream_p_svm,0,0.32,,,0.0,0.0,0.0,0,2,0,18,20,0,0.0
slice_phase_x_tyre,early×0_5,stream_p_svm,1,0.32,0.016256662622852098,0.1233135875847821,0.0,0.0,0.0,0,56,23,1737,1816,23,0.012665198237885462
slice_phase_x_tyre,early×16_plus,stream_p_svm,1,0.32,0.6144492364148108,0.15042176424951273,0.5271317829457365,0.68,0.43037974683544306,34,16,45,1079,1174,79,0.06729131175468483
slice_phase_x_tyre,early×6_15,stream_p_svm,1,0.32,0.1873614980949276,0.14218864241790696,0.1927710843373494,0.2318840579710145,0.16494845360824742,16,53,81,3206,3356,97,0.028903456495828365
slice_phase_x_tyre,early×nan,stream_p_svm,1,0.32,0.8125,0.5766733267445037,0.36363636363636365,0.2222222222222222,1.0,4,14,0,46,64,4,0.0625
slice_phase_x_tyre,late×0_5,stream_p_svm,1,0.32,0.1525729269092101,0.03569245440118565,0.0,0.0,0.0,0,0,3,421,424,3,0.007075471698113208
slice_phase_x_tyre,late×16_plus,stream_p_svm,1,0.32,0.3648860813455421,0.10759274038448313,0.33098591549295775,0.22596153846153846,0.618421052631579,47,161,29,4186,4423,76,0.017182907528826587
slice_phase_x_tyre,late×6_15,stream_p_svm,1,0.32,0.1953870011961726,0.0435613330955627,0.21428571428571427,0.3,0.16666666666666666,3,7,15,1676,1701,18,0.010582010582010581
slice_phase_x_tyre,late×nan,stream_p_svm,1,0.32,,,0.0,0.0,0.0,0,0,0,34,34,0,0.0
slice_phase_x_tyre,mid×0_5,stream_p_svm,1,0.32,0.37275832031874834,0.04445366772247972,0.25,0.5,0.16666666666666666,2,2,10,1029,1043,12,0.011505273250239693
slice_phase_x_tyre,mid×16_plus,stream_p_svm,1,0.32,0.3989907610474669,0.46652571611884985,0.43,0.3359375,0.5972222222222222,129,255,87,2632,3103,216,0.06961005478569127
slice_phase_x_tyre,mid×6_15,stream_p_svm,1,0.32,0.3048281405317951,0.03487755712282024,0.32,0.8,0.2,4,1,16,2371,2392,20,0.008361204013377926
slice_phase_x_tyre,mid×nan,stream_p_svm,1,0.32,,,0.0,0.0,0.0,0,1,0,10,11,0,0.0
slice_phase_x_tyre,early×0_5,stream_p_svm,2,0.32,0.04960771085939574,0.1693302951979429,0.05970149253731343,0.05405405405405406,0.06666666666666667,2,35,28,1651,1716,30,0.017482517482517484
slice_phase_x_tyre,early×16_plus,stream_p_svm,2,0.32,0.2585253870587517,0.8802241269437071,0.43205574912891986,0.3229166666666667,0.6526315789473685,62,130,33,1086,1311,95,0.07246376811594203
slice_phase_x_tyre,early×6_15,stream_p_svm,2,0.32,0.0766452066861336,0.4839911616890619,0.13513513513513514,0.08116883116883117,0.4032258064516129,25,283,37,2923,3268,62,0.018971848225214197
slice_phase_x_tyre,early×nan,stream_p_svm,2,0.32,,,0.0,0.0,0.0,0,1,0,32,33,0,0.0
slice_phase_x_tyre,late×0_5,stream_p_svm,2,0.32,0.020278673916207447,0.08080577978327622,0.0,0.0,0.0,0,1,6,484,491,6,0.012219959266802444
slice_phase_x_tyre,late×16_plus,stream_p_svm,2,0.32,0.19412459895713785,0.12315249517897456,0.31020408163265306,0.20430107526881722,0.6440677966101694,38,148,21,3893,4100,59,0.014390243902439025
slice_phase_x_tyre,late×6_15,stream_p_svm,2,0.32,0.041170291788453925,0.05748210782650695,0.03636363636363636,0.023809523809523808,0.07692307692307693,1,41,12,1807,1861,13,0.006985491671144546
slice_phase_x_tyre,mid×0_5,stream_p_svm,2,0.32,0.04216641359459674,0.0783649347693003,0.0,0.0,0.0,0,2,18,1270,1290,18,0.013953488372093023
slice_phase_x_tyre,mid×16_plus,stream_p_svm,2,0.32,0.3451081921828716,0.8133689153197184,0.4287812041116006,0.3295711060948081,0.6134453781512605,146,297,92,2092,2627,238,0.09059763989341454
slice_phase_x_tyre,mid×6_15,stream_p_svm,2,0.32,0.12186248642002366,0.04627977892938256,0.2222222222222222,0.22727272727272727,0.21739130434782608,5,17,18,2523,2563,23,0.008973858759266484
slice_phase_x_tyre,early×0_5,stream_p_svm,3,0.34,0.2881742084308362,0.1515729770063976,0.4025974025974026,0.4025974025974026,0.4025974025974026,31,46,46,1771,1894,77,0.04065469904963041
slice_phase_x_tyre,early×16_plus,stream_p_svm,3,0.34,0.22875762603437,0.23133990699683632,0.2857142857142857,0.34146341463414637,0.24561403508771928,14,27,43,1070,1154,57,0.049393414211438474
slice_phase_x_tyre,early×6_15,stream_p_svm,3,0.34,0.13714532407018207,0.1050251894529559,0.1834862385321101,0.25,0.14492753623188406,10,30,59,2981,3080,69,0.022402597402597403
slice_phase_x_tyre,early×nan,stream_p_svm,3,0.34,,,0.0,0.0,0.0,0,0,0,222,222,0,0.0
slice_phase_x_tyre,late×0_5,stream_p_svm,3,0.34,0.05968219903946255,0.19743012767853943,0.11428571428571428,0.06779661016949153,0.36363636363636365,4,55,7,542,608,11,0.018092105263157895
slice_phase_x_tyre,late×16_plus,stream_p_svm,3,0.34,0.1725350060909866,0.17448273201329467,0.23387096774193547,0.17791411042944785,0.3411764705882353,29,134,56,3538,3757,85,0.02262443438914027
slice_phase_x_tyre,late×6_15,stream_p_svm,3,0.34,0.0599565449423083,0.1784035446766769,0.08888888888888889,0.058823529411764705,0.18181818181818182,8,128,36,2012,2184,44,0.020146520146520148
slice_phase_x_tyre,mid×0_5,stream_p_svm,3,0.34,0.07634296890193755,0.37116002963811023,0.2318840579710145,0.14545454545454545,0.5714285714285714,8,47,6,1197,1258,14,0.011128775834658187
slice_phase_x_tyre,mid×16_plus,stream_p_svm,3,0.34,0.4029511683414948,0.24508568189834684,0.384,0.3392226148409894,0.4423963133640553,96,187,121,2539,2943,217,0.07373428474345906
slice_phase_x_tyre,mid×6_15,stream_p_svm,3,0.34,0.14782359165361306,0.11832125850689128,0.1732283464566929,0.1111111111111111,0.39285714285714285,11,88,17,2134,2250,28,0.012444444444444444
slice_phase_x_tyre,mid×nan,stream_p_svm,3,0.34,,,0.0,0.0,0.0,0,0,0,49,49,0,0.0
slice_phase_x_tyre,early×0_5,stream_p_svm,4,0.24000000000000002,0.10568213208521862,0.17023406030252025,0.11363636363636363,0.09433962264150944,0.14285714285714285,5,48,30,1621,1704,35,0.020539906103286387
slice_phase_x_tyre,early×16_plus,stream_p_svm,4,0.24000000000000002,0.4429351432490653,0.2503373718820692,0.5111111111111111,0.48936170212765956,0.5348837209302325,46,48,40,1207,1341,86,0.06413124533929904
slice_phase_x_tyre,early×6_15,stream_p_svm,4,0.24000000000000002,0.15579552619636605,0.09895853241960845,0.208955223880597,0.2222222222222222,0.19718309859154928,14,49,57,3168,3288,71,0.02159367396593674
slice_phase_x_tyre,early×nan,stream_p_svm,4,0.24000000000000002,0.40121341396177046,1.0468402621102881,0.4,1.0,0.25,3,0,9,43,55,12,0.21818181818181817
slice_phase_x_tyre,late×0_5,stream_p_svm,4,0.24000000000000002,0.015821812596006145,0.31181466389064555,0.03571428571428571,0.018867924528301886,0.3333333333333333,1,52,2,435,490,3,0.006122448979591836
slice_phase_x_tyre,late×16_plus,stream_p_svm,4,0.24000000000000002,0.26400546389006974,0.1211975140602985,0.3183673469387755,0.24074074074074073,0.46987951807228917,39,123,44,4072,4278,83,0.019401589527816735
slice_phase_x_tyre,late×6_15,stream_p_svm,4,0.24000000000000002,0.0045641375224038435,0.15674123829572073,0.0,0.0,0.0,0,119,7,1682,1808,7,0.0038716814159292035
slice_phase_x_tyre,mid×0_5,stream_p_svm,4,0.24000000000000002,0.10908025753132675,0.09680717726450976,0.08,0.047619047619047616,0.25,3,60,9,1103,1175,12,0.010212765957446808
slice_phase_x_tyre,mid×16_plus,stream_p_svm,4,0.24000000000000002,0.4383201960373695,0.4679984632086806,0.506578947368421,0.4128686327077748,0.6553191489361702,154,219,81,2453,2907,235,0.08083935328517372
slice_phase_x_tyre,mid×6_15,stream_p_svm,4,0.24000000000000002,0.2442934731661669,0.06049906544172556,0.1111111111111111,0.07272727272727272,0.23529411764705882,4,51,13,2308,2376,17,0.007154882154882155
slice_phase_x_tyre,mid×nan,stream_p_svm,4,0.24000000000000002,0.28493200639939764,1.1651376787716405,0.34782608695652173,0.26666666666666666,0.5,4,11,4,21,40,8,0.2
slice_phase_x_tyre,early×0_5,stream_p_xgb,0,0.29000000000000004,0.2952092414741393,0.06478012160857288,0.36363636363636365,0.32558139534883723,0.4117647058823529,14,29,20,1742,1805,34,0.018836565096952907
slice_phase_x_tyre,early×16_plus,stream_p_xgb,0,0.29000000000000004,0.548890994324384,0.15891279927090873,0.5562130177514792,0.5465116279069767,0.5662650602409639,47,39,36,1178,1300,83,0.06384615384615384
slice_phase_x_tyre,early×6_15,stream_p_xgb,0,0.29000000000000004,0.6402637842621445,0.05600648059996792,0.5874125874125874,0.6885245901639344,0.5121951219512195,42,19,40,3157,3258,82,0.025168815224063844
slice_phase_x_tyre,early×nan,stream_p_xgb,0,0.29000000000000004,,,0.0,0.0,0.0,0,0,0,10,10,0,0.0
slice_phase_x_tyre,late×0_5,stream_p_xgb,0,0.29000000000000004,0.008274461481435565,0.049644726348440735,0.0,0.0,0.0,0,0,3,484,487,3,0.006160164271047228
slice_phase_x_tyre,late×16_plus,stream_p_xgb,0,0.29000000000000004,0.4713349438976985,0.048347537288537426,0.4806201550387597,0.5344827586206896,0.43661971830985913,31,27,40,4025,4123,71,0.017220470531166626
slice_phase_x_tyre,late×6_15,stream_p_xgb,0,0.29000000000000004,0.12533029021934458,0.05019519443277047,0.0,0.0,0.0,0,0,18,1781,1799,18,0.010005558643690939
slice_phase_x_tyre,late×nan,stream_p_xgb,0,0.29000000000000004,0.10597826086956522,0.06516290619673135,0.0,0.0,0.0,0,0,2,157,159,2,0.012578616352201259
slice_phase_x_tyre,mid×0_5,stream_p_xgb,0,0.29000000000000004,,,0.0,0.0,0.0,0,0,0,1096,1096,0,0.0
slice_phase_x_tyre,mid×16_plus,stream_p_xgb,0,0.29000000000000004,0.6191562425889902,0.15576298869730767,0.6061946902654868,0.53515625,0.6989795918367347,137,119,59,2672,2987,196,0.06561767659859391
slice_phase_x_tyre,mid×6_15,stream_p_xgb,0,0.29000000000000004,0.41639122882520657,0.023548756870386014,0.2857142857142857,0.5,0.2,3,3,12,2400,2418,15,0.00620347394540943
slice_phase_x_tyre,mid×nan,stream_p_xgb,0,0.29000000000000004,,,0.0,0.0,0.0,0,0,0,20,20,0,0.0
slice_phase_x_tyre,early×0_5,stream_p_xgb,1,0.28,0.1352951551845038,0.05774475055648283,0.0,0.0,0.0,0,1,23,1792,1816,23,0.012665198237885462
slice_phase_x_tyre,early×16_plus,stream_p_xgb,1,0.28,0.6743623047947603,0.11952612177546273,0.5795454545454546,0.5257731958762887,0.6455696202531646,51,46,28,1049,1174,79,0.06729131175468483
slice_phase_x_tyre,early×6_15,stream_p_xgb,1,0.28,0.35855323206882117,0.08422076264768022,0.2875,0.36507936507936506,0.23711340206185566,23,40,74,3219,3356,97,0.028903456495828365
slice_phase_x_tyre,early×nan,stream_p_xgb,1,0.28,0.8333333333333333,0.087238238222311,0.8571428571428571,1.0,0.75,3,0,1,60,64,4,0.0625
slice_phase_x_tyre,late×0_5,stream_p_xgb,1,0.28,0.09785896834089605,0.04080305501880658,0.0,0.0,0.0,0,1,3,420,424,3,0.007075471698113208
slice_phase_x_tyre,late×16_plus,stream_p_xgb,1,0.28,0.23154531819665566,0.08195884805409642,0.25225225225225223,0.1917808219178082,0.3684210526315789,28,118,48,4229,4423,76,0.017182907528826587
slice_phase_x_tyre,late×6_15,stream_p_xgb,1,0.28,0.08592531070196302,0.05645263580063935,0.12903225806451613,0.15384615384615385,0.1111111111111111,2,11,16,1672,1701,18,0.010582010582010581
slice_phase_x_tyre,late×nan,stream_p_xgb,1,0.28,,,0.0,0.0,0.0,0,0,0,34,34,0,0.0
slice_phase_x_tyre,mid×0_5,stream_p_xgb,1,0.28,0.29402660754148235,0.045493018287114134,0.0,0.0,0.0,0,0,12,1031,1043,12,0.011505273250239693
slice_phase_x_tyre,mid×16_plus,stream_p_xgb,1,0.28,0.43325266882594016,0.19993370227411184,0.5117845117845118,0.4021164021164021,0.7037037037037037,152,226,64,2661,3103,216,0.06961005478569127
slice_phase_x_tyre,mid×6_15,stream_p_xgb,1,0.28,0.15313129508014076,0.03533425655605939,0.13793103448275862,0.2222222222222222,0.1,2,7,18,2365,2392,20,0.008361204013377926
slice_phase_x_tyre,mid×nan,stream_p_xgb,1,0.28,,,0.0,0.0,0.0,0,0,0,11,11,0,0.0
slice_phase_x_tyre,early×0_5,stream_p_xgb,2,0.29000000000000004,0.05813623969707956,0.1176879989074313,0.05,0.1,0.03333333333333333,1,9,29,1677,1716,30,0.017482517482517484
slice_phase_x_tyre,early×16_plus,stream_p_xgb,2,0.29000000000000004,0.5106019460915698,0.19546818698026608,0.4857142857142857,0.3675675675675676,0.7157894736842105,68,117,27,1099,1311,95,0.07246376811594203
slice_phase_x_tyre,early×6_15,stream_p_xgb,2,0.29000000000000004,0.29131294755450854,0.10336670066478945,0.26480836236933797,0.1688888888888889,0.6129032258064516,38,187,24,3019,3268,62,0.018971848225214197
slice_phase_x_tyre,early×nan,stream_p_xgb,2,0.29000000000000004,,,0.0,0.0,0.0,0,2,0,31,33,0,0.0
slice_phase_x_tyre,late×0_5,stream_p_xgb,2,0.29000000000000004,0.030957082433999823,0.07134452783202397,0.0,0.0,0.0,0,0,6,485,491,6,0.012219959266802444
slice_phase_x_tyre,late×16_plus,stream_p_xgb,2,0.29000000000000004,0.4800673855656034,0.040081865957412054,0.47513812154696133,0.3524590163934426,0.7288135593220338,43,79,16,3962,4100,59,0.014390243902439025
slice_phase_x_tyre,late×6_15,stream_p_xgb,2,0.29000000000000004,0.41149390107208483,0.02345094771755756,0.3076923076923077,0.3076923076923077,0.3076923076923077,4,9,9,1839,1861,13,0.006985491671144546
slice_phase_x_tyre,mid×0_5,stream_p_xgb,2,0.29000000000000004,0.15252362442981718,0.06938687889174339,0.0,0.0,0.0,0,0,18,1272,1290,18,0.013953488372093023
slice_phase_x_tyre,mid×16_plus,stream_p_xgb,2,0.29000000000000004,0.4289182133795638,0.27490128148156545,0.4909344490934449,0.3674321503131524,0.7394957983193278,176,303,62,2086,2627,238,0.09059763989341454
slice_phase_x_tyre,mid×6_15,stream_p_xgb,2,0.29000000000000004,0.3138911527371766,0.03317595790030548,0.35714285714285715,0.30303030303030304,0.43478260869565216,10,23,13,2517,2563,23,0.008973858759266484
slice_phase_x_tyre,early×0_5,stream_p_xgb,3,0.28,0.3886681631337927,0.13034834648990737,0.3238095238095238,0.6071428571428571,0.22077922077922077,17,11,60,1806,1894,77,0.04065469904963041
slice_phase_x_tyre,early×16_plus,stream_p_xgb,3,0.28,0.4281947834664367,0.14098370713316324,0.445859872611465,0.35,0.6140350877192983,35,65,22,1032,1154,57,0.049393414211438474
slice_phase_x_tyre,early×6_15,stream_p_xgb,3,0.28,0.14588145289142554,0.09824046664502063,0.24277456647398843,0.20192307692307693,0.30434782608695654,21,83,48,2928,3080,69,0.022402597402597403
slice_phase_x_tyre,early×nan,stream_p_xgb,3,0.28,,,0.0,0.0,0.0,0,0,0,222,222,0,0.0
slice_phase_x_tyre,late×0_5,stream_p_xgb,3,0.28,0.1380150589902776,0.11310707838473383,0.14285714285714285,0.08888888888888889,0.36363636363636365,4,41,7,556,608,11,0.018092105263157895
slice_phase_x_tyre,late×16_plus,stream_p_xgb,3,0.28,0.368973040194723,0.07022242188852175,0.41975308641975306,0.44155844155844154,0.4,34,43,51,3629,3757,85,0.02262443438914027
slice_phase_x_tyre,late×6_15,stream_p_xgb,3,0.28,0.1472001478611718,0.11210635844109713,0.1511627906976744,0.1015625,0.29545454545454547,13,115,31,2025,2184,44,0.020146520146520148
slice_phase_x_tyre,mid×0_5,stream_p_xgb,3,0.28,0.05576410132651694,0.09088092524173927,0.025974025974025976,0.015873015873015872,0.07142857142857142,1,62,13,1182,1258,14,0.011128775834658187
slice_phase_x_tyre,mid×16_plus,stream_p_xgb,3,0.28,0.6374703884809361,0.14964361895924969,0.5642023346303502,0.4882154882154882,0.6682027649769585,145,152,72,2574,2943,217,0.07373428474345906
slice_phase_x_tyre,mid×6_15,stream_p_xgb,3,0.28,0.17279785493806177,0.050530080960983076,0.2857142857142857,0.2571428571428571,0.32142857142857145,9,26,19,2196,2250,28,0.012444444444444444
slice_phase_x_tyre,mid×nan,stream_p_xgb,3,0.28,,,0.0,0.0,0.0,0,0,0,49,49,0,0.0
slice_phase_x_tyre,early×0_5,stream_p_xgb,4,0.33,0.16415185105541208,0.08522318584327893,0.11538461538461539,0.17647058823529413,0.08571428571428572,3,14,32,1655,1704,35,0.020539906103286387
slice_phase_x_tyre,early×16_plus,stream_p_xgb,4,0.33,0.4704615089130019,0.16260577897040354,0.5521472392638037,0.5844155844155844,0.5232558139534884,45,32,41,1223,1341,86,0.06413124533929904
slice_phase_x_tyre,early×6_15,stream_p_xgb,4,0.33,0.3366129636320997,0.07144182947434556,0.25,0.48,0.16901408450704225,12,13,59,3204,3288,71,0.02159367396593674
slice_phase_x_tyre,early×nan,stream_p_xgb,4,0.33,0.8025748038679074,0.6133387764706073,0.15384615384615385,1.0,0.08333333333333333,1,0,11,43,55,12,0.21818181818181817
slice_phase_x_tyre,late×0_5,stream_p_xgb,4,0.33,0.031339156890011814,0.036182982332289254,0.0,0.0,0.0,0,0,3,487,490,3,0.006122448979591836
slice_phase_x_tyre,late×16_plus,stream_p_xgb,4,0.33,0.22147660929073967,0.08977133676648308,0.24043715846994534,0.22,0.26506024096385544,22,78,61,4117,4278,83,0.019401589527816735
slice_phase_x_tyre,late×6_15,stream_p_xgb,4,0.33,0.013286176906579432,0.033865143105067746,0.0,0.0,0.0,0,14,7,1787,1808,7,0.0038716814159292035
slice_phase_x_tyre,mid×0_5,stream_p_xgb,4,0.33,0.4079437720586746,0.03497399227522755,0.14285714285714285,0.5,0.08333333333333333,1,1,11,1162,1175,12,0.010212765957446808
slice_phase_x_tyre,mid×16_plus,stream_p_xgb,4,0.33,0.6196910629623053,0.15056868832780315,0.5927601809954751,0.6328502415458938,0.5574468085106383,131,76,104,2596,2907,235,0.08083935328517372
slice_phase_x_tyre,mid×6_15,stream_p_xgb,4,0.33,0.10087005387177386,0.032623123352890436,0.1,0.08695652173913043,0.11764705882352941,2,21,15,2338,2376,17,0.007154882154882155
slice_phase_x_tyre,mid×nan,stream_p_xgb,4,0.33,0.31806336025086024,0.6475130319883501,0.0,0.0,0.0,0,5,8,27,40,8,0.2
slice_phase_x_tyre,early×0_5,stream_tcn_proba,0,0.78,0.13234603374573226,0.152647195275071,0.18181818181818182,0.16279069767441862,0.20588235294117646,7,36,27,1735,1805,34,0.018836565096952907
slice_phase_x_tyre,early×16_plus,stream_tcn_proba,0,0.78,0.8658265749456321,0.10531729206124209,0.8170731707317073,0.8271604938271605,0.8072289156626506,67,14,16,1203,1300,83,0.06384615384615384
slice_phase_x_tyre,early×6_15,stream_tcn_proba,0,0.78,0.7257837152421072,0.1075342007222972,0.6666666666666666,0.7741935483870968,0.5853658536585366,48,14,34,3162,3258,82,0.025168815224063844
slice_phase_x_tyre,early×nan,stream_tcn_proba,0,0.78,,,0.0,0.0,0.0,0,0,0,10,10,0,0.0
slice_phase_x_tyre,late×0_5,stream_tcn_proba,0,0.78,0.007457547981488738,0.08924204939034296,0.0,0.0,0.0,0,0,3,484,487,3,0.006160164271047228
slice_phase_x_tyre,late×16_plus,stream_tcn_proba,0,0.78,0.5941450374369189,0.07167785017286749,0.5112781954887218,0.5483870967741935,0.4788732394366197,34,28,37,4024,4123,71,0.017220470531166626
slice_phase_x_tyre,late×6_15,stream_tcn_proba,0,0.78,0.12991114836038586,0.04541084837385248,0.0,0.0,0.0,0,0,18,1781,1799,18,0.010005558643690939
slice_phase_x_tyre,late×nan,stream_tcn_proba,0,0.78,0.22619047619047616,0.07652305169374857,0.0,0.0,0.0,0,1,2,156,159,2,0.012578616352201259
slice_phase_x_tyre,mid×0_5,stream_tcn_proba,0,0.78,,,0.0,0.0,0.0,0,0,0,1096,1096,0,0.0
slice_phase_x_tyre,mid×16_plus,stream_tcn_proba,0,0.78,0.7867647430408826,0.16377456286914277,0.7555555555555555,0.8292682926829268,0.6938775510204082,136,28,60,2763,2987,196,0.06561767659859391
slice_phase_x_tyre,mid×6_15,stream_tcn_proba,0,0.78,0.5661527448407552,0.033807391333099256,0.64,0.8,0.5333333333333333,8,2,7,2401,2418,15,0.00620347394540943
slice_phase_x_tyre,mid×nan,stream_tcn_proba,0,0.78,,,0.0,0.0,0.0,0,0,0,20,20,0,0.0
slice_phase_x_tyre,early×0_5,stream_tcn_proba,1,0.77,0.1029289461890183,0.15797980659509517,0.0,0.0,0.0,0,1,23,1792,1816,23,0.012665198237885462
slice_phase_x_tyre,early×16_plus,stream_tcn_proba,1,0.77,0.8073311881295201,0.14083717338968693,0.8435374149659864,0.9117647058823529,0.7848101265822784,62,6,17,1089,1174,79,0.06729131175468483
slice_phase_x_tyre,early×6_15,stream_tcn_proba,1,0.77,0.5599842678493092,0.13311756404086147,0.5625,0.7142857142857143,0.4639175257731959,45,18,52,3241,3356,97,0.028903456495828365
slice_phase_x_tyre,early×nan,stream_tcn_proba,1,0.77,0.6659663865546218,0.582998756209961,0.0,0.0,0.0,0,0,4,60,64,4,0.0625
slice_phase_x_tyre,late×0_5,stream_tcn_proba,1,0.77,0.0221789955976112,0.15967931717966685,0.0,0.0,0.0,0,2,3,419,424,3,0.007075471698113208
slice_phase_x_tyre,late×16_plus,stream_tcn_proba,1,0.77,0.4004759593053276,0.15846464138058788,0.46875,0.5769230769230769,0.39473684210526316,30,22,46,4325,4423,76,0.017182907528826587
slice_phase_x_tyre,late×6_15,stream_tcn_proba,1,0.77,0.242806252019315,0.06613419393242322,0.0,0.0,0.0,0,1,18,1682,1701,18,0.010582010582010581
slice_phase_x_tyre,late×nan,stream_tcn_proba,1,0.77,,,0.0,0.0,0.0,0,0,0,34,34,0,0.0
slice_phase_x_tyre,mid×0_5,stream_tcn_proba,1,0.77,0.04219545695937768,0.16908284354472655,0.0,0.0,0.0,0,12,12,1019,1043,12,0.011505273250239693
slice_phase_x_tyre,mid×16_plus,stream_tcn_proba,1,0.77,0.69443419752784,0.23843647551432562,0.7284768211920529,0.6962025316455697,0.7638888888888888,165,72,51,2815,3103,216,0.06961005478569127
slice_phase_x_tyre,mid×6_15,stream_tcn_proba,1,0.77,0.23942759471580682,0.0646541115686966,0.2222222222222222,0.42857142857142855,0.15,3,4,17,2368,2392,20,0.008361204013377926
slice_phase_x_tyre,mid×nan,stream_tcn_proba,1,0.77,,,0.0,0.0,0.0,0,0,0,11,11,0,0.0
slice_phase_x_tyre,early×0_5,stream_tcn_proba,2,0.77,0.05351381609752441,0.2023420936652966,0.06060606060606061,0.3333333333333333,0.03333333333333333,1,2,29,1684,1716,30,0.017482517482517484
slice_phase_x_tyre,early×16_plus,stream_tcn_proba,2,0.77,0.8048044701685131,0.14674779779831848,0.7351351351351352,0.7555555555555555,0.7157894736842105,68,22,27,1194,1311,95,0.07246376811594203
slice_phase_x_tyre,early×6_15,stream_tcn_proba,2,0.77,0.46802847302198025,0.12564729972683492,0.5170068027210885,0.4470588235294118,0.6129032258064516,38,47,24,3159,3268,62,0.018971848225214197
slice_phase_x_tyre,early×nan,stream_tcn_proba,2,0.77,,,0.0,0.0,0.0,0,2,0,31,33,0,0.0
slice_phase_x_tyre,late×0_5,stream_tcn_proba,2,0.77,0.015005682247368597,0.12405809073098646,0.0,0.0,0.0,0,0,6,485,491,6,0.012219959266802444
slice_phase_x_tyre,late×16_plus,stream_tcn_proba,2,0.77,0.5512196795246842,0.04746287991159247,0.5274725274725275,0.75,0.4067796610169492,24,8,35,4033,4100,59,0.014390243902439025
slice_phase_x_tyre,late×6_15,stream_tcn_proba,2,0.77,0.2458298633087688,0.036197364461210677,0.34782608695652173,0.4,0.3076923076923077,4,6,9,1842,1861,13,0.006985491671144546
slice_phase_x_tyre,mid×0_5,stream_tcn_proba,2,0.77,0.03921801857134023,0.10629957945889308,0.0,0.0,0.0,0,0,18,1272,1290,18,0.013953488372093023
slice_phase_x_tyre,mid×16_plus,stream_tcn_proba,2,0.77,0.7742079325418931,0.19249321080125728,0.7007299270072993,0.8323699421965318,0.6050420168067226,144,29,94,2360,2627,238,0.09059763989341454
slice_phase_x_tyre,mid×6_15,stream_tcn_proba,2,0.77,0.4296873562488573,0.05273289040814493,0.5161290322580645,1.0,0.34782608695652173,8,0,15,2540,2563,23,0.008973858759266484
slice_phase_x_tyre,early×0_5,stream_tcn_proba,3,0.77,0.13365666011450753,0.2855912429922364,0.0625,0.15789473684210525,0.03896103896103896,3,16,74,1801,1894,77,0.04065469904963041
slice_phase_x_tyre,early×16_plus,stream_tcn_proba,3,0.77,0.8633831891445666,0.18202356834328604,0.8545454545454545,0.8867924528301887,0.8245614035087719,47,6,10,1091,1154,57,0.049393414211438474
slice_phase_x_tyre,early×6_15,stream_tcn_proba,3,0.77,0.5168565459119732,0.1565276981715274,0.49557522123893805,0.6363636363636364,0.4057971014492754,28,16,41,2995,3080,69,0.022402597402597403
slice_phase_x_tyre,early×nan,stream_tcn_proba,3,0.77,,,0.0,0.0,0.0,0,0,0,222,222,0,0.0
slice_phase_x_tyre,late×0_5,stream_tcn_proba,3,0.77,0.04196159578109067,0.18496258906004864,0.0,0.0,0.0,0,2,11,595,608,11,0.018092105263157895
slice_phase_x_tyre,late×16_plus,stream_tcn_proba,3,0.77,0.49025589363461375,0.14095615522538152,0.5352112676056338,0.6666666666666666,0.4470588235294118,38,19,47,3653,3757,85,0.02262443438914027
slice_phase_x_tyre,late×6_15,stream_tcn_proba,3,0.77,0.1603939079333615,0.09815488975433319,0.0,0.0,0.0,0,2,44,2138,2184,44,0.020146520146520148
slice_phase_x_tyre,mid×0_5,stream_tcn_proba,3,0.77,0.3714622577994668,0.14187784472154066,0.38095238095238093,0.5714285714285714,0.2857142857142857,4,3,10,1241,1258,14,0.011128775834658187
slice_phase_x_tyre,mid×16_plus,stream_tcn_proba,3,0.77,0.7876927687146839,0.277921288269706,0.7681159420289855,0.8071065989847716,0.7327188940092166,159,38,58,2688,2943,217,0.07373428474345906
slice_phase_x_tyre,mid×6_15,stream_tcn_proba,3,0.77,0.39945025052950944,0.08083815086898337,0.45,0.75,0.32142857142857145,9,3,19,2219,2250,28,0.012444444444444444
slice_phase_x_tyre,mid×nan,stream_tcn_proba,3,0.77,,,0.0,0.0,0.0,0,0,0,49,49,0,0.0
slice_phase_x_tyre,early×0_5,stream_tcn_proba,4,0.77,0.3764539454204451,0.16197237428054154,0.0,0.0,0.0,0,2,35,1667,1704,35,0.020539906103286387
slice_phase_x_tyre,early×16_plus,stream_tcn_proba,4,0.77,0.7066675620809377,0.19486778690011108,0.8167539267015707,0.7428571428571429,0.9069767441860465,78,27,8,1228,1341,86,0.06413124533929904
slice_phase_x_tyre,early×6_15,stream_tcn_proba,4,0.77,0.4142771424559434,0.13895303558113897,0.4132231404958678,0.5,0.352112676056338,25,25,46,3192,3288,71,0.02159367396593674
slice_phase_x_tyre,early×nan,stream_tcn_proba,4,0.77,1.0,0.3995627064834793,0.15384615384615385,1.0,0.08333333333333333,1,0,11,43,55,12,0.21818181818181817
slice_phase_x_tyre,late×0_5,stream_tcn_proba,4,0.77,0.03178731009830205,0.16922439137775994,0.0,0.0,0.0,0,1,3,486,490,3,0.006122448979591836
slice_phase_x_tyre,late×16_plus,stream_tcn_proba,4,0.77,0.5359891188417499,0.15143373520772044,0.5751633986928104,0.6285714285714286,0.5301204819277109,44,26,39,4169,4278,83,0.019401589527816735
slice_phase_x_tyre,late×6_15,stream_tcn_proba,4,0.77,0.038919968555178146,0.08383020361445105,0.18181818181818182,0.25,0.14285714285714285,1,3,6,1798,1808,7,0.0038716814159292035
slice_phase_x_tyre,mid×0_5,stream_tcn_proba,4,0.77,0.02332346897914416,0.16049831202592138,0.0,0.0,0.0,0,5,12,1158,1175,12,0.010212765957446808
slice_phase_x_tyre,mid×16_plus,stream_tcn_proba,4,0.77,0.8006115424691375,0.2792133672984145,0.7834645669291339,0.7289377289377289,0.8468085106382979,199,74,36,2598,2907,235,0.08083935328517372
slice_phase_x_tyre,mid×6_15,stream_tcn_proba,4,0.77,0.12765554621141423,0.10845092847166522,0.25806451612903225,0.2857142857142857,0.23529411764705882,4,10,13,2349,2376,17,0.007154882154882155
slice_phase_x_tyre,mid×nan,stream_tcn_proba,4,0.77,0.5414198912713344,0.6928701360853953,0.5454545454545454,1.0,0.375,3,0,5,32,40,8,0.2
slice_traffic_x_undercut,CLEAN_AIR×NO_PRESSURE,stream_p_ann,0,0.5700000000000001,0.05640915750292864,0.3291682154197987,0.08276643990929705,0.052254831782390834,0.1989100817438692,73,1324,294,13704,15395,367,0.02383890873660279
slice_traffic_x_undercut,CLEAN_AIR×PRESSURE,stream_p_ann,0,0.5700000000000001,0.29951029320258316,0.3760708412581528,0.3076923076923077,0.27586206896551724,0.34782608695652173,8,21,15,201,245,23,0.09387755102040816
slice_traffic_x_undercut,IN_TRAFFIC×NO_PRESSURE,stream_p_ann,0,0.5700000000000001,0.0473810738966481,0.33299829448352825,0.08443271767810026,0.06015037593984962,0.1415929203539823,16,250,97,3428,3791,113,0.02980743867053548
slice_traffic_x_undercut,IN_TRAFFIC×PRESSURE,stream_p_ann,0,0.5700000000000001,0.3333333333333333,0.35825549610780066,0.0,0.0,0.0,0,1,1,29,31,1,0.03225806451612903
slice_traffic_x_undercut,CLEAN_AIR×NO_PRESSURE,stream_p_ann,1,0.5700000000000001,0.07428896262870557,0.2514985812137801,0.10847457627118644,0.19161676646706588,0.07565011820330969,32,135,391,14903,15461,423,0.027359161761852404
slice_traffic_x_undercut,CLEAN_AIR×PRESSURE,stream_p_ann,1,0.5700000000000001,0.1990992294341724,0.370876048725386,0.07407407407407407,0.2,0.045454545454545456,1,4,21,189,215,22,0.10232558139534884
slice_traffic_x_undercut,IN_TRAFFIC×NO_PRESSURE,stream_p_ann,1,0.5700000000000001,0.08671360518118253,0.2585471869326633,0.12403100775193798,0.2857142857142857,0.07920792079207921,8,20,93,3710,3831,101,0.026363873662229184
slice_traffic_x_undercut,IN_TRAFFIC×PRESSURE,stream_p_ann,1,0.5700000000000001,0.05952380952380952,0.43017404822432836,0.0,0.0,0.0,0,2,2,30,34,2,0.058823529411764705
slice_traffic_x_undercut,CLEAN_AIR×NO_PRESSURE,stream_p_ann,2,0.5,0.08049471813498738,0.48109543867841636,0.12825431625102768,0.07258064516129033,0.5505882352941176,234,2990,191,11555,14970,425,0.02839011356045424
slice_traffic_x_undercut,CLEAN_AIR×PRESSURE,stream_p_ann,2,0.5,0.2199539903869771,0.5484787559957831,0.2736842105263158,0.17105263157894737,0.6842105263157895,13,63,6,149,231,19,0.08225108225108226
slice_traffic_x_undercut,IN_TRAFFIC×NO_PRESSURE,stream_p_ann,2,0.5,0.07129468892263975,0.4868040191930435,0.10443349753694581,0.05735930735930736,0.5824175824175825,53,871,38,3061,4023,91,0.022619935371613224
slice_traffic_x_undercut,IN_TRAFFIC×PRESSURE,stream_p_ann,2,0.5,0.4201875906731876,0.6348858060779156,0.34782608695652173,0.2857142857142857,0.4444444444444444,4,10,5,17,36,9,0.25
slice_traffic_x_undercut,CLEAN_AIR×NO_PRESSURE,stream_p_ann,3,0.5700000000000001,0.07855723156365081,0.22438743651715704,0.0982367758186398,0.11854103343465046,0.08387096774193549,39,290,426,14833,15588,465,0.029830638953040802
slice_traffic_x_undercut,CLEAN_AIR×PRESSURE,stream_p_ann,3,0.5700000000000001,0.2697413952075738,0.38574138524392215,0.2222222222222222,0.36363636363636365,0.16,4,7,21,214,246,25,0.1016260162601626
slice_traffic_x_undercut,IN_TRAFFIC×NO_PRESSURE,stream_p_ann,3,0.5700000000000001,0.04785684735437438,0.2718083813300543,0.06796116504854369,0.07142857142857142,0.06481481481481481,7,91,101,3334,3533,108,0.030568921596377016
slice_traffic_x_undercut,IN_TRAFFIC×PRESSURE,stream_p_ann,3,0.5700000000000001,0.12780573998714928,0.4882039043865777,0.0,0.0,0.0,0,0,4,28,32,4,0.125
slice_traffic_x_undercut,CLEAN_AIR×NO_PRESSURE,stream_p_ann,4,0.5700000000000001,0.09747967179776083,0.20776750386411716,0.13438735177865613,0.15178571428571427,0.12056737588652482,51,285,372,14349,15057,423,0.028093245666467422
slice_traffic_x_undercut,CLEAN_AIR×PRESSURE,stream_p_ann,4,0.5700000000000001,0.2569807322400734,0.30039928009010675,0.07692307692307693,0.2,0.047619047619047616,1,4,20,214,239,21,0.08786610878661087
slice_traffic_x_undercut,IN_TRAFFIC×NO_PRESSURE,stream_p_ann,4,0.5700000000000001,0.04451547093753599,0.2144695711617737,0.011904761904761904,0.02127659574468085,0.008264462809917356,1,46,120,3966,4133,121,0.02927655456085168
slice_traffic_x_undercut,IN_TRAFFIC×PRESSURE,stream_p_ann,4,0.5700000000000001,0.2848484848484848,0.3924109775946477,0.0,0.0,0.0,0,0,4,29,33,4,0.12121212121212122
slice_traffic_x_undercut,CLEAN_AIR×NO_PRESSURE,stream_p_rf,0,0.13,0.24839629231497512,0.08789778484709006,0.25945017182130586,0.18946047678795483,0.4114441416893733,151,646,216,14382,15395,367,0.02383890873660279
slice_traffic_x_undercut,CLEAN_AIR×PRESSURE,stream_p_rf,0,0.13,0.5411973695702552,0.2231518501883405,0.53125,0.4146341463414634,0.7391304347826086,17,24,6,198,245,23,0.09387755102040816
slice_traffic_x_undercut,IN_TRAFFIC×NO_PRESSURE,stream_p_rf,0,0.13,0.28985311164496697,0.09880474747327145,0.34285714285714286,0.2874251497005988,0.4247787610619469,48,119,65,3559,3791,113,0.02980743867053548
slice_traffic_x_undercut,IN_TRAFFIC×PRESSURE,stream_p_rf,0,0.13,0.2,0.1348811117332245,0.25,0.14285714285714285,1.0,1,6,0,24,31,1,0.03225806451612903
slice_traffic_x_undercut,CLEAN_AIR×NO_PRESSURE,stream_p_rf,1,0.17,0.2884325023681207,0.09202773233673753,0.3050847457627119,0.2922077922077922,0.3191489361702128,135,327,288,14711,15461,423,0.027359161761852404
slice_traffic_x_undercut,CLEAN_AIR×PRESSURE,stream_p_rf,1,0.17,0.6578345984537849,0.23323627057733168,0.5945945945945946,0.7333333333333333,0.5,11,4,11,189,215,22,0.10232558139534884
slice_traffic_x_undercut,IN_TRAFFIC×NO_PRESSURE,stream_p_rf,1,0.17,0.2885519288771714,0.08742472256886265,0.24472573839662448,0.21323529411764705,0.2871287128712871,29,107,72,3623,3831,101,0.026363873662229184
slice_traffic_x_undercut,IN_TRAFFIC×PRESSURE,stream_p_rf,1,0.17,0.11458333333333333,0.2645980016415624,0.0,0.0,0.0,0,4,2,28,34,2,0.058823529411764705
slice_traffic_x_undercut,CLEAN_AIR×NO_PRESSURE,stream_p_rf,2,0.12,0.25864107296504885,0.10315213623966846,0.290414878397711,0.20863309352517986,0.4776470588235294,203,770,222,13775,14970,425,0.02839011356045424
slice_traffic_x_undercut,CLEAN_AIR×PRESSURE,stream_p_rf,2,0.12,0.43886209725569975,0.2221788018773985,0.3793103448275862,0.28205128205128205,0.5789473684210527,11,28,8,184,231,19,0.08225108225108226
slice_traffic_x_undercut,IN_TRAFFIC×NO_PRESSURE,stream_p_rf,2,0.12,0.3007397879418908,0.0874336503027528,0.2713864306784661,0.18548387096774194,0.5054945054945055,46,202,45,3730,4023,91,0.022619935371613224
slice_traffic_x_undercut,IN_TRAFFIC×PRESSURE,stream_p_rf,2,0.12,0.6566757316757317,0.5169104048400279,0.631578947368421,0.6,0.6666666666666666,6,4,3,23,36,9,0.25
slice_traffic_x_undercut,CLEAN_AIR×NO_PRESSURE,stream_p_rf,3,0.16,0.17837358376993326,0.10671172541803192,0.21666666666666667,0.17687074829931973,0.27956989247311825,130,605,335,14518,15588,465,0.029830638953040802
slice_traffic_x_undercut,CLEAN_AIR×PRESSURE,stream_p_rf,3,0.16,0.39025570747174376,0.26436968206092126,0.36363636363636365,0.3333333333333333,0.4,10,20,15,201,246,25,0.1016260162601626
slice_traffic_x_undercut,IN_TRAFFIC×NO_PRESSURE,stream_p_rf,3,0.16,0.17829958193083506,0.1054860922266955,0.2233502538071066,0.24719101123595505,0.2037037037037037,22,67,86,3358,3533,108,0.030568921596377016
slice_traffic_x_undercut,IN_TRAFFIC×PRESSURE,stream_p_rf,3,0.16,0.18057359307359305,0.3701349300962058,0.2,0.16666666666666666,0.25,1,5,3,23,32,4,0.125
slice_traffic_x_undercut,CLEAN_AIR×NO_PRESSURE,stream_p_rf,4,0.17,0.21426300419279026,0.11045440016986602,0.26432748538011697,0.26157407407407407,0.26713947990543735,113,319,310,14315,15057,423,0.028093245666467422
slice_traffic_x_undercut,CLEAN_AIR×PRESSURE,stream_p_rf,4,0.17,0.4905064016591138,0.21946900743796552,0.5384615384615384,0.45161290322580644,0.6666666666666666,14,17,7,201,239,21,0.08786610878661087
slice_traffic_x_undercut,IN_TRAFFIC×NO_PRESSURE,stream_p_rf,4,0.17,0.2555643621314644,0.101170956652244,0.28695652173913044,0.30275229357798167,0.2727272727272727,33,76,88,3936,4133,121,0.02927655456085168
slice_traffic_x_undercut,IN_TRAFFIC×PRESSURE,stream_p_rf,4,0.17,0.8269230769230769,0.2735392360435729,0.6666666666666666,1.0,0.5,2,0,2,29,33,4,0.12121212121212122
slice_traffic_x_undercut,CLEAN_AIR×NO_PRESSURE,stream_p_svm,0,0.32,0.18746838815439135,0.1619465059661543,0.2651072124756335,0.20637329286798178,0.37057220708446864,136,523,231,14505,15395,367,0.02383890873660279
slice_traffic_x_undercut,CLEAN_AIR×PRESSURE,stream_p_svm,0,0.32,0.5610663989860027,0.2895522167398867,0.5283018867924528,0.4666666666666667,0.6086956521739131,14,16,9,206,245,23,0.09387755102040816
slice_traffic_x_undercut,IN_TRAFFIC×NO_PRESSURE,stream_p_svm,0,0.32,0.29551517637732655,0.12317097786966885,0.32231404958677684,0.3023255813953488,0.34513274336283184,39,90,74,3588,3791,113,0.02980743867053548
slice_traffic_x_undercut,IN_TRAFFIC×PRESSURE,stream_p_svm,0,0.32,0.5,0.19919513372083816,0.5,0.3333333333333333,1.0,1,2,0,28,31,1,0.03225806451612903
slice_traffic_x_undercut,CLEAN_AIR×NO_PRESSURE,stream_p_svm,1,0.32,0.3191030702530864,0.1476661423083194,0.3762575452716298,0.3274956217162872,0.44208037825059104,187,384,236,14654,15461,423,0.027359161761852404
slice_traffic_x_undercut,CLEAN_AIR×PRESSURE,stream_p_svm,1,0.32,0.6895978896934831,0.2797660665574582,0.5652173913043478,0.5416666666666666,0.5909090909090909,13,11,9,182,215,22,0.10232558139534884
slice_traffic_x_undercut,IN_TRAFFIC×NO_PRESSURE,stream_p_svm,1,0.32,0.2502086352086149,0.17860810066302693,0.254071661237785,0.18932038834951456,0.38613861386138615,39,167,62,3563,3831,101,0.026363873662229184
slice_traffic_x_undercut,IN_TRAFFIC×PRESSURE,stream_p_svm,1,0.32,0.11688311688311688,0.8914541352218242,0.0,0.0,0.0,0,4,2,28,34,2,0.058823529411764705
slice_traffic_x_undercut,CLEAN_AIR×NO_PRESSURE,stream_p_svm,2,0.32,0.1932041408821763,0.3363133251993889,0.31386861313868614,0.2275132275132275,0.5058823529411764,215,730,210,13815,14970,425,0.02839011356045424
slice_traffic_x_undercut,CLEAN_AIR×PRESSURE,stream_p_svm,2,0.32,0.43965096883558524,0.44206000982430727,0.43902439024390244,0.4090909090909091,0.47368421052631576,9,13,10,199,231,19,0.08225108225108226
slice_traffic_x_undercut,IN_TRAFFIC×NO_PRESSURE,stream_p_svm,2,0.32,0.22265454797159842,0.21999550633866047,0.2742857142857143,0.18532818532818532,0.5274725274725275,48,211,43,3721,4023,91,0.022619935371613224
slice_traffic_x_undercut,IN_TRAFFIC×PRESSURE,stream_p_svm,2,0.32,0.8939043209876545,0.38253397897736524,0.8235294117647058,0.875,0.7777777777777778,7,1,2,26,36,9,0.25
slice_traffic_x_undercut,CLEAN_AIR×NO_PRESSURE,stream_p_svm,3,0.34,0.18677087252650743,0.18228592668772103,0.2566585956416465,0.2054263565891473,0.3419354838709677,159,615,306,14508,15588,465,0.029830638953040802
slice_traffic_x_undercut,CLEAN_AIR×PRESSURE,stream_p_svm,3,0.34,0.4622276858638325,0.3871728784152251,0.5,0.45161290322580644,0.56,14,17,11,204,246,25,0.1016260162601626
slice_traffic_x_undercut,IN_TRAFFIC×NO_PRESSURE,stream_p_svm,3,0.34,0.21045966131169735,0.1551189791313208,0.2971887550200803,0.2624113475177305,0.3425925925925926,37,104,71,3321,3533,108,0.030568921596377016
slice_traffic_x_undercut,IN_TRAFFIC×PRESSURE,stream_p_svm,3,0.34,0.40491452991453,0.4411535481715404,0.18181818181818182,0.14285714285714285,0.25,1,6,3,22,32,4,0.125
slice_traffic_x_undercut,CLEAN_AIR×NO_PRESSURE,stream_p_svm,4,0.24000000000000002,0.2410607779997251,0.1818850494884529,0.32468619246861924,0.25129533678756477,0.458628841607565,194,578,229,14056,15057,423,0.028093245666467422
slice_traffic_x_undercut,CLEAN_AIR×PRESSURE,stream_p_svm,4,0.24000000000000002,0.6073305516145487,0.5112434617541048,0.5671641791044776,0.41304347826086957,0.9047619047619048,19,27,2,191,239,21,0.08786610878661087
slice_traffic_x_undercut,IN_TRAFFIC×NO_PRESSURE,stream_p_svm,4,0.24000000000000002,0.26789854790387646,0.18340136434918514,0.3314285714285714,0.25327510917030566,0.4793388429752066,58,171,63,3841,4133,121,0.02927655456085168
slice_traffic_x_undercut,IN_TRAFFIC×PRESSURE,stream_p_svm,4,0.24000000000000002,0.5932539682539683,0.27686269296712684,0.4,0.3333333333333333,0.5,2,4,2,25,33,4,0.12121212121212122
slice_traffic_x_undercut,CLEAN_AIR×NO_PRESSURE,stream_p_xgb,0,0.29000000000000004,0.4861396823736228,0.06731633708985237,0.5168236877523553,0.5106382978723404,0.5231607629427792,192,184,175,14844,15395,367,0.02383890873660279
slice_traffic_x_undercut,CLEAN_AIR×PRESSURE,stream_p_xgb,0,0.29000000000000004,0.7370873077312003,0.18023071475085642,0.6818181818181818,0.7142857142857143,0.6521739130434783,15,6,8,216,245,23,0.09387755102040816
slice_traffic_x_undercut,IN_TRAFFIC×NO_PRESSURE,stream_p_xgb,0,0.29000000000000004,0.5642409314821174,0.07196599162529041,0.5892857142857143,0.5945945945945946,0.584070796460177,66,45,47,3633,3791,113,0.02980743867053548
slice_traffic_x_undercut,IN_TRAFFIC×PRESSURE,stream_p_xgb,0,0.29000000000000004,1.0,0.06134637278768488,0.6666666666666666,0.5,1.0,1,1,0,29,31,1,0.03225806451612903
slice_traffic_x_undercut,CLEAN_AIR×NO_PRESSURE,stream_p_xgb,1,0.28,0.3581837727052282,0.08948591157404898,0.4108761329305136,0.35789473684210527,0.48226950354609927,204,366,219,14672,15461,423,0.027359161761852404
slice_traffic_x_undercut,CLEAN_AIR×PRESSURE,stream_p_xgb,1,0.28,0.6488356187504148,0.23222024580387335,0.5789473684210527,0.6875,0.5,11,5,11,188,215,22,0.10232558139534884
slice_traffic_x_undercut,IN_TRAFFIC×NO_PRESSURE,stream_p_xgb,1,0.28,0.36758949170300337,0.08265150735411256,0.4107142857142857,0.37398373983739835,0.45544554455445546,46,77,55,3653,3831,101,0.026363873662229184
slice_traffic_x_undercut,IN_TRAFFIC×PRESSURE,stream_p_xgb,1,0.28,0.22619047619047616,0.3426013625267994,0.0,0.0,0.0,0,2,2,30,34,2,0.058823529411764705
slice_traffic_x_undercut,CLEAN_AIR×NO_PRESSURE,stream_p_xgb,2,0.29000000000000004,0.3575284194096239,0.10180249648065393,0.41985353946297804,0.3208955223880597,0.6070588235294118,258,546,167,13999,14970,425,0.02839011356045424
slice_traffic_x_undercut,CLEAN_AIR×PRESSURE,stream_p_xgb,2,0.29000000000000004,0.5169338478358319,0.21558929751963435,0.4888888888888889,0.4230769230769231,0.5789473684210527,11,15,8,197,231,19,0.08225108225108226
slice_traffic_x_undercut,IN_TRAFFIC×NO_PRESSURE,stream_p_xgb,2,0.29000000000000004,0.37777139197819837,0.08882860713292084,0.39375,0.27510917030567683,0.6923076923076923,63,166,28,3766,4023,91,0.022619935371613224
slice_traffic_x_undercut,IN_TRAFFIC×PRESSURE,stream_p_xgb,2,0.29000000000000004,0.9459876543209877,0.22045369932541314,0.8421052631578947,0.8,0.8888888888888888,8,2,1,25,36,9,0.25
slice_traffic_x_undercut,CLEAN_AIR×NO_PRESSURE,stream_p_xgb,3,0.28,0.35129220155238405,0.09777365380486928,0.37653239929947463,0.3175775480059084,0.46236559139784944,215,462,250,14661,15588,465,0.029830638953040802
slice_traffic_x_undercut,CLEAN_AIR×PRESSURE,stream_p_xgb,3,0.28,0.5037261185400792,0.25132261858908345,0.45614035087719296,0.40625,0.52,13,19,12,202,246,25,0.1016260162601626
slice_traffic_x_undercut,IN_TRAFFIC×NO_PRESSURE,stream_p_xgb,3,0.28,0.26856665074638886,0.10284869029904939,0.3602941176470588,0.29878048780487804,0.4537037037037037,49,115,59,3310,3533,108,0.030568921596377016
slice_traffic_x_undercut,IN_TRAFFIC×PRESSURE,stream_p_xgb,3,0.28,0.55,0.31389115063739353,0.5,0.5,0.5,2,2,2,26,32,4,0.125
slice_traffic_x_undercut,CLEAN_AIR×NO_PRESSURE,stream_p_xgb,4,0.33,0.37250989940986107,0.08511221779152388,0.38633377135348224,0.4349112426035503,0.3475177304964539,147,191,276,14443,15057,423,0.028093245666467422
slice_traffic_x_undercut,CLEAN_AIR×PRESSURE,stream_p_xgb,4,0.33,0.685270290529769,0.14812728869887296,0.6829268292682927,0.7,0.6666666666666666,14,6,7,212,239,21,0.08786610878661087
slice_traffic_x_undercut,IN_TRAFFIC×NO_PRESSURE,stream_p_xgb,4,0.33,0.4008958527416667,0.08640283121490469,0.4588744588744589,0.4818181818181818,0.4380165289256198,53,57,68,3955,4133,121,0.02927655456085168
slice_traffic_x_undercut,IN_TRAFFIC×PRESSURE,stream_p_xgb,4,0.33,1.0,0.09331329147575172,0.8571428571428571,1.0,0.75,3,0,1,29,33,4,0.12121212121212122
slice_traffic_x_undercut,CLEAN_AIR×NO_PRESSURE,stream_tcn_proba,0,0.78,0.674215667688984,0.09239837311790303,0.6485714285714286,0.6816816816816816,0.6185286103542235,227,106,140,14922,15395,367,0.02383890873660279
slice_traffic_x_undercut,CLEAN_AIR×PRESSURE,stream_tcn_proba,0,0.78,0.8501826159319932,0.17663623302466633,0.7692307692307693,0.9375,0.6521739130434783,15,1,8,221,245,23,0.09387755102040816
slice_traffic_x_undercut,IN_TRAFFIC×NO_PRESSURE,stream_tcn_proba,0,0.78,0.6663312082222839,0.09724792814587668,0.6129032258064516,0.7808219178082192,0.504424778761062,57,16,56,3662,3791,113,0.02980743867053548
slice_traffic_x_undercut,IN_TRAFFIC×PRESSURE,stream_tcn_proba,0,0.78,1.0,0.13621549260224433,1.0,1.0,1.0,1,0,0,30,31,1,0.03225806451612903
slice_traffic_x_undercut,CLEAN_AIR×NO_PRESSURE,stream_tcn_proba,1,0.77,0.5530724042986453,0.14425408709133294,0.6099476439790575,0.6832844574780058,0.5508274231678487,233,108,190,14930,15461,423,0.027359161761852404
slice_traffic_x_undercut,CLEAN_AIR×PRESSURE,stream_tcn_proba,1,0.77,0.7615995525672944,0.25095141038331703,0.7368421052631579,0.875,0.6363636363636364,14,2,8,191,215,22,0.10232558139534884
slice_traffic_x_undercut,IN_TRAFFIC×NO_PRESSURE,stream_tcn_proba,1,0.77,0.5378339147326046,0.15517752540565188,0.6203208556149733,0.6744186046511628,0.5742574257425742,58,28,43,3702,3831,101,0.026363873662229184
slice_traffic_x_undercut,IN_TRAFFIC×PRESSURE,stream_tcn_proba,1,0.77,0.09166666666666667,0.45157228580042785,0.0,0.0,0.0,0,0,2,32,34,2,0.058823529411764705
slice_traffic_x_undercut,CLEAN_AIR×NO_PRESSURE,stream_tcn_proba,2,0.77,0.6231805087439798,0.11145619993594445,0.6137281292059219,0.7169811320754716,0.5364705882352941,228,90,197,14455,14970,425,0.02839011356045424
slice_traffic_x_undercut,CLEAN_AIR×PRESSURE,stream_tcn_proba,2,0.77,0.6066161463503257,0.21705793246559318,0.5517241379310345,0.8,0.42105263157894735,8,2,11,210,231,19,0.08225108225108226
slice_traffic_x_undercut,IN_TRAFFIC×NO_PRESSURE,stream_tcn_proba,2,0.77,0.5772377089619535,0.08374653577522329,0.5714285714285714,0.6571428571428571,0.5054945054945055,46,24,45,3908,4023,91,0.022619935371613224
slice_traffic_x_undercut,IN_TRAFFIC×PRESSURE,stream_tcn_proba,2,0.77,0.8675324675324676,0.26746256084130504,0.7142857142857143,1.0,0.5555555555555556,5,0,4,27,36,9,0.25
slice_traffic_x_undercut,CLEAN_AIR×NO_PRESSURE,stream_tcn_proba,3,0.77,0.5691958824155682,0.1670762604222322,0.5958549222797928,0.749185667752443,0.4946236559139785,230,77,235,15046,15588,465,0.029830638953040802
slice_traffic_x_undercut,CLEAN_AIR×PRESSURE,stream_tcn_proba,3,0.77,0.6342431634060006,0.27594090172228125,0.5294117647058824,1.0,0.36,9,0,16,221,246,25,0.1016260162601626
slice_traffic_x_undercut,IN_TRAFFIC×NO_PRESSURE,stream_tcn_proba,3,0.77,0.5678427291616802,0.17522165012875585,0.532608695652174,0.6447368421052632,0.4537037037037037,49,27,59,3398,3533,108,0.030568921596377016
slice_traffic_x_undercut,IN_TRAFFIC×PRESSURE,stream_tcn_proba,3,0.77,0.22837944219523165,0.4685510537642982,0.0,0.0,0.0,0,1,4,27,32,4,0.125
slice_traffic_x_undercut,CLEAN_AIR×NO_PRESSURE,stream_tcn_proba,4,0.77,0.6063065219610877,0.16538171824677306,0.6326276463262764,0.6684210526315789,0.6004728132387707,254,126,169,14508,15057,423,0.028093245666467422
slice_traffic_x_undercut,CLEAN_AIR×PRESSURE,stream_tcn_proba,4,0.77,0.8497895955635005,0.22119397435900498,0.7391304347826086,0.68,0.8095238095238095,17,8,4,210,239,21,0.08786610878661087
slice_traffic_x_undercut,IN_TRAFFIC×NO_PRESSURE,stream_tcn_proba,4,0.77,0.6160369179843324,0.15335048382903857,0.6666666666666666,0.6722689075630253,0.6611570247933884,80,39,41,3973,4133,121,0.02927655456085168
slice_traffic_x_undercut,IN_TRAFFIC×PRESSURE,stream_tcn_proba,4,0.77,1.0,0.22206614131170027,1.0,1.0,1.0,4,0,0,29,33,4,0.12121212121212122
slice_phase_x_traffic,early×CLEAN_AIR,stream_p_ann,0,0.5700000000000001,0.07605651866434446,0.4299162590557548,0.1067853170189099,0.06442953020134229,0.3116883116883117,48,697,106,3823,4674,154,0.0329482242190843
slice_phase_x_traffic,early×IN_TRAFFIC,stream_p_ann,0,0.5700000000000001,0.039464022669248866,0.36493854823686844,0.05660377358490566,0.03592814371257485,0.13333333333333333,6,161,39,1493,1699,45,0.026486168334314303
slice_phase_x_traffic,late×CLEAN_AIR,stream_p_ann,0,0.5700000000000001,0.049828398684054954,0.26104602473567845,0.03931203931203931,0.024024024024024024,0.10810810810810811,8,325,66,5067,5466,74,0.01353823637028906
slice_phase_x_traffic,late×IN_TRAFFIC,stream_p_ann,0,0.5700000000000001,0.09590459413825701,0.2613195666363886,0.15,0.15,0.15,3,17,17,1065,1102,20,0.018148820326678767
slice_phase_x_traffic,mid×CLEAN_AIR,stream_p_ann,0,0.5700000000000001,0.06362186788785232,0.31334106662986044,0.09803921568627451,0.07183908045977011,0.15432098765432098,25,323,137,5015,5500,162,0.029454545454545455
slice_phase_x_traffic,mid×IN_TRAFFIC,stream_p_ann,0,0.5700000000000001,0.0775595703847703,0.3579801164335532,0.10852713178294573,0.0875,0.14285714285714285,7,73,42,899,1021,49,0.047992164544564155
slice_phase_x_traffic,early×CLEAN_AIR,stream_p_ann,1,0.5700000000000001,0.08734454316891525,0.291414872299516,0.09954751131221719,0.18032786885245902,0.06875,11,50,149,4500,4710,160,0.03397027600849257
slice_phase_x_traffic,early×IN_TRAFFIC,stream_p_ann,1,0.5700000000000001,0.10830111767729778,0.278127660737621,0.14814814814814814,0.36363636363636365,0.09302325581395349,4,7,39,1650,1700,43,0.025294117647058825
slice_phase_x_traffic,late×CLEAN_AIR,stream_p_ann,1,0.5700000000000001,0.05927747367665404,0.20852411966780957,0.08064516129032258,0.11627906976744186,0.06172839506172839,5,38,76,5256,5375,81,0.015069767441860464
slice_phase_x_traffic,late×IN_TRAFFIC,stream_p_ann,1,0.5700000000000001,0.030304715040811624,0.2287928222923891,0.09090909090909091,0.16666666666666666,0.0625,1,5,15,1186,1207,16,0.013256006628003313
slice_phase_x_traffic,mid×CLEAN_AIR,stream_p_ann,1,0.5700000000000001,0.08718430939817534,0.263776913410305,0.125,0.25,0.08333333333333333,17,51,187,5336,5591,204,0.03648721159005545
slice_phase_x_traffic,mid×IN_TRAFFIC,stream_p_ann,1,0.5700000000000001,0.12765270493720332,0.267380199392266,0.10526315789473684,0.23076923076923078,0.06818181818181818,3,10,41,904,958,44,0.04592901878914405
slice_phase_x_traffic,early×CLEAN_AIR,stream_p_ann,2,0.5,0.05694915074064591,0.6339727623918844,0.0990845449649973,0.054245283018867926,0.5714285714285714,92,1604,69,3068,4833,161,0.03331264225118974
slice_phase_x_traffic,early×IN_TRAFFIC,stream_p_ann,2,0.5,0.0343975294273533,0.6117698310491546,0.046511627906976744,0.024390243902439025,0.5,13,520,13,949,1495,26,0.017391304347826087
slice_phase_x_traffic,late×CLEAN_AIR,stream_p_ann,2,0.5,0.027816709888485888,0.36080124868308133,0.052930056710775046,0.029661016949152543,0.24561403508771928,14,458,43,4482,4997,57,0.011406844106463879
slice_phase_x_traffic,late×IN_TRAFFIC,stream_p_ann,2,0.5,0.07337824795447699,0.3827943114419538,0.09852216748768473,0.054945054945054944,0.47619047619047616,10,172,11,1262,1455,21,0.01443298969072165
slice_phase_x_traffic,mid×CLEAN_AIR,stream_p_ann,2,0.5,0.16096409607010087,0.45834725550951116,0.20765832106038293,0.12455830388692579,0.6238938053097345,141,991,85,4154,5371,226,0.042077825358406255
slice_phase_x_traffic,mid×IN_TRAFFIC,stream_p_ann,2,0.5,0.20910537870708332,0.4596094117816864,0.2463768115942029,0.15246636771300448,0.6415094339622641,34,189,19,867,1109,53,0.047790802524797116
slice_phase_x_traffic,early×CLEAN_AIR,stream_p_ann,3,0.5700000000000001,0.08151722284086978,0.27586716402795186,0.09714285714285714,0.08994708994708994,0.10559006211180125,17,172,144,4483,4816,161,0.03343023255813953
slice_phase_x_traffic,early×IN_TRAFFIC,stream_p_ann,3,0.5700000000000001,0.034950538449848745,0.33045382226717035,0.01818181818181818,0.014705882352941176,0.023809523809523808,1,67,41,1425,1534,42,0.027379400260756193
slice_phase_x_traffic,late×CLEAN_AIR,stream_p_ann,3,0.5700000000000001,0.07166633104124115,0.17026910235062015,0.08450704225352113,0.20689655172413793,0.05309734513274336,6,23,107,5266,5402,113,0.020918178452425027
slice_phase_x_traffic,late×IN_TRAFFIC,stream_p_ann,3,0.5700000000000001,0.08392449872060583,0.19412138878951926,0.11764705882352941,0.2857142857142857,0.07407407407407407,2,5,25,1115,1147,27,0.023539668700959023
slice_phase_x_traffic,mid×CLEAN_AIR,stream_p_ann,3,0.5700000000000001,0.10855167599581243,0.23936499080177748,0.11834319526627218,0.16393442622950818,0.09259259259259259,20,102,196,5298,5616,216,0.038461538461538464
slice_phase_x_traffic,mid×IN_TRAFFIC,stream_p_ann,3,0.5700000000000001,0.08954191597762558,0.2786743663801293,0.12121212121212122,0.17391304347826086,0.09302325581395349,4,19,39,822,884,43,0.048642533936651584
slice_phase_x_traffic,early×CLEAN_AIR,stream_p_ann,4,0.5700000000000001,0.15391063173287034,0.2646929200094247,0.1783783783783784,0.15714285714285714,0.20625,33,177,127,4173,4510,160,0.03547671840354767
slice_phase_x_traffic,early×IN_TRAFFIC,stream_p_ann,4,0.5700000000000001,0.03450385974279915,0.21989406238920672,0.02666666666666667,0.03225806451612903,0.022727272727272728,1,30,43,1804,1878,44,0.023429179978700747
slice_phase_x_traffic,late×CLEAN_AIR,stream_p_ann,4,0.5700000000000001,0.101621147877093,0.13673730465840434,0.12903225806451613,0.3157894736842105,0.08108108108108109,6,13,68,5274,5361,74,0.013803394889013243
slice_phase_x_traffic,late×IN_TRAFFIC,stream_p_ann,4,0.5700000000000001,0.06387486203060455,0.14290879043380122,0.0,0.0,0.0,0,10,19,1186,1215,19,0.015637860082304528
slice_phase_x_traffic,mid×CLEAN_AIR,stream_p_ann,4,0.5700000000000001,0.0679448747858003,0.2347164929230113,0.08074534161490683,0.11607142857142858,0.06190476190476191,13,99,197,5116,5425,210,0.03870967741935484
slice_phase_x_traffic,mid×IN_TRAFFIC,stream_p_ann,4,0.5700000000000001,0.08506955008548667,0.2914790962984486,0.0,0.0,0.0,0,6,62,1005,1073,62,0.05778191985088537
slice_phase_x_traffic,early×CLEAN_AIR,stream_p_rf,0,0.13,0.2604323569562819,0.10713314570475235,0.28078817733990147,0.2261904761904762,0.37012987012987014,57,195,97,4325,4674,154,0.0329482242190843
slice_phase_x_traffic,early×IN_TRAFFIC,stream_p_rf,0,0.13,0.34368716696949414,0.08974844147243524,0.3368421052631579,0.32,0.35555555555555557,16,34,29,1620,1699,45,0.026486168334314303
slice_phase_x_traffic,late×CLEAN_AIR,stream_p_rf,0,0.13,0.23186926592914256,0.06009293860619743,0.22857142857142856,0.17647058823529413,0.32432432432432434,24,112,50,5280,5466,74,0.01353823637028906
slice_phase_x_traffic,late×IN_TRAFFIC,stream_p_rf,0,0.13,0.2678892544374644,0.06749881471342889,0.44,0.36666666666666664,0.55,11,19,9,1063,1102,20,0.018148820326678767
slice_phase_x_traffic,mid×CLEAN_AIR,stream_p_rf,0,0.13,0.30901409040354644,0.10520914101301951,0.28431372549019607,0.19333333333333333,0.5370370370370371,87,363,75,4975,5500,162,0.029454545454545455
slice_phase_x_traffic,mid×IN_TRAFFIC,stream_p_rf,0,0.13,0.321125561833772,0.14875985921551013,0.3076923076923077,0.23404255319148937,0.4489795918367347,22,72,27,900,1021,49,0.047992164544564155
slice_phase_x_traffic,early×CLEAN_AIR,stream_p_rf,1,0.17,0.4266742921559246,0.10535357081843594,0.38596491228070173,0.6470588235294118,0.275,44,24,116,4526,4710,160,0.03397027600849257
slice_phase_x_traffic,early×IN_TRAFFIC,stream_p_rf,1,0.17,0.32619084446341945,0.08108991648698287,0.24615384615384617,0.36363636363636365,0.18604651162790697,8,14,35,1643,1700,43,0.025294117647058825
slice_phase_x_traffic,late×CLEAN_AIR,stream_p_rf,1,0.17,0.16763671590743384,0.06409680055651895,0.18888888888888888,0.1717171717171717,0.20987654320987653,17,82,64,5212,5375,81,0.015069767441860464
slice_phase_x_traffic,late×IN_TRAFFIC,stream_p_rf,1,0.17,0.05533749895177477,0.06873641573162895,0.0273972602739726,0.017543859649122806,0.0625,1,56,15,1135,1207,16,0.013256006628003313
slice_phase_x_traffic,mid×CLEAN_AIR,stream_p_rf,1,0.17,0.3290534004337351,0.11308369634882899,0.33073929961089493,0.27419354838709675,0.4166666666666667,85,225,119,5162,5591,204,0.03648721159005545
slice_phase_x_traffic,mid×IN_TRAFFIC,stream_p_rf,1,0.17,0.42810586501712883,0.12849972066928908,0.38095238095238093,0.32786885245901637,0.45454545454545453,20,41,24,873,958,44,0.04592901878914405
slice_phase_x_traffic,early×CLEAN_AIR,stream_p_rf,2,0.12,0.25707230274314896,0.1364580733578193,0.2608695652173913,0.18115942028985507,0.4658385093167702,75,339,86,4333,4833,161,0.03331264225118974
slice_phase_x_traffic,early×IN_TRAFFIC,stream_p_rf,2,0.12,0.15246277632463134,0.0977265422837037,0.1391304347826087,0.0898876404494382,0.3076923076923077,8,81,18,1388,1495,26,0.017391304347826087
slice_phase_x_traffic,late×CLEAN_AIR,stream_p_rf,2,0.12,0.22140232802724644,0.050380355236911485,0.23076923076923078,0.2054794520547945,0.2631578947368421,15,58,42,4882,4997,57,0.011406844106463879
slice_phase_x_traffic,late×IN_TRAFFIC,stream_p_rf,2,0.12,0.2517584922279058,0.061101406585523634,0.20833333333333334,0.18518518518518517,0.23809523809523808,5,22,16,1412,1455,21,0.01443298969072165
slice_phase_x_traffic,mid×CLEAN_AIR,stream_p_rf,2,0.12,0.30359155271359484,0.1273986741918318,0.33022636484687085,0.2361904761904762,0.5486725663716814,124,401,102,4744,5371,226,0.042077825358406255
slice_phase_x_traffic,mid×IN_TRAFFIC,stream_p_rf,2,0.12,0.4879203188555938,0.12204745035720611,0.4,0.2746478873239437,0.7358490566037735,39,103,14,953,1109,53,0.047790802524797116
slice_phase_x_traffic,early×CLEAN_AIR,stream_p_rf,3,0.16,0.17385125459686357,0.11745916083733891,0.2014388489208633,0.23931623931623933,0.17391304347826086,28,89,133,4566,4816,161,0.03343023255813953
slice_phase_x_traffic,early×IN_TRAFFIC,stream_p_rf,3,0.16,0.1690983081220665,0.09756489607382558,0.11320754716981132,0.2727272727272727,0.07142857142857142,3,8,39,1484,1534,42,0.027379400260756193
slice_phase_x_traffic,late×CLEAN_AIR,stream_p_rf,3,0.16,0.12137583693395239,0.08540704351888057,0.1377245508982036,0.10407239819004525,0.20353982300884957,23,198,90,5091,5402,113,0.020918178452425027
slice_phase_x_traffic,late×IN_TRAFFIC,stream_p_rf,3,0.16,0.16082192793450922,0.08791553880561301,0.1724137931034483,0.16129032258064516,0.18518518518518517,5,26,22,1094,1147,27,0.023539668700959023
slice_phase_x_traffic,mid×CLEAN_AIR,stream_p_rf,3,0.16,0.2691464499809315,0.1248940794020034,0.27682737169517885,0.20843091334894615,0.41203703703703703,89,338,127,5062,5616,216,0.038461538461538464
slice_phase_x_traffic,mid×IN_TRAFFIC,stream_p_rf,3,0.16,0.24516161580903148,0.1516097375709358,0.3125,0.2830188679245283,0.3488372093023256,15,38,28,803,884,43,0.048642533936651584
slice_phase_x_traffic,early×CLEAN_AIR,stream_p_rf,4,0.17,0.2773148774117268,0.11385676661675768,0.3049645390070922,0.3524590163934426,0.26875,43,79,117,4271,4510,160,0.03547671840354767
slice_phase_x_traffic,early×IN_TRAFFIC,stream_p_rf,4,0.17,0.2900214853190361,0.08381292740912262,0.24615384615384617,0.38095238095238093,0.18181818181818182,8,13,36,1821,1878,44,0.023429179978700747
slice_phase_x_traffic,late×CLEAN_AIR,stream_p_rf,4,0.17,0.13978142985735248,0.07709128919014706,0.1610738255033557,0.16,0.16216216216216217,12,63,62,5224,5361,74,0.013803394889013243
slice_phase_x_traffic,late×IN_TRAFFIC,stream_p_rf,4,0.17,0.34013968968997305,0.06809605912306739,0.3181818181818182,0.28,0.3684210526315789,7,18,12,1178,1215,19,0.015637860082304528
slice_phase_x_traffic,mid×CLEAN_AIR,stream_p_rf,4,0.17,0.24965415662983842,0.14539807877334396,0.3025210084033613,0.2706766917293233,0.34285714285714286,72,194,138,5021,5425,210,0.03870967741935484
slice_phase_x_traffic,mid×IN_TRAFFIC,stream_p_rf,4,0.17,0.2686463396656161,0.1743047242537774,0.31496062992125984,0.3076923076923077,0.3225806451612903,20,45,42,966,1073,62,0.05778191985088537
slice_phase_x_traffic,early×CLEAN_AIR,stream_p_svm,0,0.32,0.1824153220427132,0.22269672746005875,0.2857142857142857,0.24761904761904763,0.33766233766233766,52,158,102,4362,4674,154,0.0329482242190843
slice_phase_x_traffic,early×IN_TRAFFIC,stream_p_svm,0,0.32,0.23624089867050088,0.11379658331191585,0.26666666666666666,0.3333333333333333,0.2222222222222222,10,20,35,1634,1699,45,0.026486168334314303
slice_phase_x_traffic,late×CLEAN_AIR,stream_p_svm,0,0.32,0.09593875861480393,0.12557774953857312,0.17424242424242425,0.12105263157894737,0.3108108108108108,23,167,51,5225,5466,74,0.01353823637028906
slice_phase_x_traffic,late×IN_TRAFFIC,stream_p_svm,0,0.32,0.2671208785248858,0.10358176710913512,0.25806451612903225,0.19047619047619047,0.4,8,34,12,1048,1102,20,0.018148820326678767
slice_phase_x_traffic,mid×CLEAN_AIR,stream_p_svm,0,0.32,0.3506026276363765,0.15214804896801137,0.3325942350332594,0.25951557093425603,0.46296296296296297,75,214,87,5124,5500,162,0.029454545454545455
slice_phase_x_traffic,mid×IN_TRAFFIC,stream_p_svm,0,0.32,0.40857472425633184,0.16222206057595367,0.4036697247706422,0.36666666666666664,0.4489795918367347,22,38,27,934,1021,49,0.047992164544564155
slice_phase_x_traffic,early×CLEAN_AIR,stream_p_svm,1,0.32,0.29889179358635637,0.1469352380276543,0.3055555555555556,0.34375,0.275,44,84,116,4466,4710,160,0.03397027600849257
slice_phase_x_traffic,early×IN_TRAFFIC,stream_p_svm,1,0.32,0.23868814084492318,0.13091754825810847,0.18518518518518517,0.15384615384615385,0.23255813953488372,10,55,33,1602,1700,43,0.025294117647058825
slice_phase_x_traffic,late×CLEAN_AIR,stream_p_svm,1,0.32,0.3921261552611027,0.0722998675946558,0.39823008849557523,0.3103448275862069,0.5555555555555556,45,100,36,5194,5375,81,0.015069767441860464
slice_phase_x_traffic,late×IN_TRAFFIC,stream_p_svm,1,0.32,0.09566900820389469,0.14626943125005684,0.11235955056179775,0.0684931506849315,0.3125,5,68,11,1123,1207,16,0.013256006628003313
slice_phase_x_traffic,mid×CLEAN_AIR,stream_p_svm,1,0.32,0.3839546701374104,0.225816342533939,0.4220532319391635,0.3447204968944099,0.5441176470588235,111,211,93,5176,5591,204,0.03648721159005545
slice_phase_x_traffic,mid×IN_TRAFFIC,stream_p_svm,1,0.32,0.36071508293253085,0.3292797898538571,0.41379310344827586,0.3333333333333333,0.5454545454545454,24,48,20,866,958,44,0.04592901878914405
slice_phase_x_traffic,early×CLEAN_AIR,stream_p_svm,2,0.32,0.1466174296413585,0.5307307823893876,0.2664359861591695,0.18465227817745802,0.4782608695652174,77,340,84,4332,4833,161,0.03331264225118974
slice_phase_x_traffic,early×IN_TRAFFIC,stream_p_svm,2,0.32,0.07203681207855381,0.3093756280228455,0.16326530612244897,0.09917355371900827,0.46153846153846156,12,109,14,1360,1495,26,0.017391304347826087
slice_phase_x_traffic,late×CLEAN_AIR,stream_p_svm,2,0.32,0.14563789118353482,0.09759652831336502,0.2767857142857143,0.18562874251497005,0.543859649122807,31,136,26,4804,4997,57,0.011406844106463879
slice_phase_x_traffic,late×IN_TRAFFIC,stream_p_svm,2,0.32,0.1862141033902133,0.11263588920318125,0.1927710843373494,0.12903225806451613,0.38095238095238093,8,54,13,1380,1455,21,0.01443298969072165
slice_phase_x_traffic,mid×CLEAN_AIR,stream_p_svm,2,0.32,0.286123408485083,0.38801240313432733,0.38095238095238093,0.3028720626631854,0.5132743362831859,116,267,110,4878,5371,226,0.042077825358406255
slice_phase_x_traffic,mid×IN_TRAFFIC,stream_p_svm,2,0.32,0.4547461301775674,0.24563693648226645,0.5109489051094891,0.4166666666666667,0.660377358490566,35,49,18,1007,1109,53,0.047790802524797116
slice_phase_x_traffic,early×CLEAN_AIR,stream_p_svm,3,0.34,0.24681704859852488,0.14193943585127605,0.3288590604026846,0.35766423357664234,0.30434782608695654,49,88,112,4567,4816,161,0.03343023255813953
slice_phase_x_traffic,early×IN_TRAFFIC,stream_p_svm,3,0.34,0.15635586538392116,0.1274412016978518,0.19047619047619047,0.2857142857142857,0.14285714285714285,6,15,36,1477,1534,42,0.027379400260756193
slice_phase_x_traffic,late×CLEAN_AIR,stream_p_svm,3,0.34,0.10639339454231593,0.1872703661574,0.15421686746987953,0.10596026490066225,0.2831858407079646,32,270,81,5019,5402,113,0.020918178452425027
slice_phase_x_traffic,late×IN_TRAFFIC,stream_p_svm,3,0.34,0.1923046998085972,0.13388663068359855,0.21686746987951808,0.16071428571428573,0.3333333333333333,9,47,18,1073,1147,27,0.023539668700959023
slice_phase_x_traffic,mid×CLEAN_AIR,stream_p_svm,3,0.34,0.2578927194555089,0.22106529776643877,0.3161512027491409,0.25136612021857924,0.42592592592592593,92,274,124,5126,5616,216,0.038461538461538464
slice_phase_x_traffic,mid×IN_TRAFFIC,stream_p_svm,3,0.34,0.3469939086032557,0.24105146834146324,0.40350877192982454,0.323943661971831,0.5348837209302325,23,48,20,793,884,43,0.048642533936651584
slice_phase_x_traffic,early×CLEAN_AIR,stream_p_svm,4,0.24000000000000002,0.24217827225532249,0.1863963881453288,0.3303834808259587,0.3128491620111732,0.35,56,123,104,4227,4510,160,0.03547671840354767
slice_phase_x_traffic,early×IN_TRAFFIC,stream_p_svm,4,0.24000000000000002,0.2562211880400692,0.08950234980066828,0.3076923076923077,0.35294117647058826,0.2727272727272727,12,22,32,1812,1878,44,0.023429179978700747
slice_phase_x_traffic,late×CLEAN_AIR,stream_p_svm,4,0.24000000000000002,0.1389731239120364,0.14682867221412155,0.1901840490797546,0.12301587301587301,0.4189189189189189,31,221,43,5066,5361,74,0.013803394889013243
slice_phase_x_traffic,late×IN_TRAFFIC,stream_p_svm,4,0.24000000000000002,0.20828780567584843,0.13786979222644516,0.1782178217821782,0.10975609756097561,0.47368421052631576,9,73,10,1123,1215,19,0.015637860082304528
slice_phase_x_traffic,mid×CLEAN_AIR,stream_p_svm,4,0.24000000000000002,0.3739051523782253,0.2272874018859959,0.4221105527638191,0.32558139534883723,0.6,126,261,84,4954,5425,210,0.03870967741935484
slice_phase_x_traffic,mid×IN_TRAFFIC,stream_p_svm,4,0.24000000000000002,0.37019768159331795,0.4021780962183704,0.430939226519337,0.3277310924369748,0.6290322580645161,39,80,23,931,1073,62,0.05778191985088537
slice_phase_x_traffic,early×CLEAN_AIR,stream_p_xgb,0,0.29000000000000004,0.4627642408831892,0.08543528451081124,0.5098039215686274,0.5131578947368421,0.5064935064935064,78,74,76,4446,4674,154,0.0329482242190843
slice_phase_x_traffic,early×IN_TRAFFIC,stream_p_xgb,0,0.29000000000000004,0.6388902421100842,0.06278079005936871,0.6024096385542169,0.6578947368421053,0.5555555555555556,25,13,20,1641,1699,45,0.026486168334314303
slice_phase_x_traffic,late×CLEAN_AIR,stream_p_xgb,0,0.29000000000000004,0.34607098698737077,0.049185342718643804,0.3652173913043478,0.5121951219512195,0.28378378378378377,21,20,53,5372,5466,74,0.01353823637028906
slice_phase_x_traffic,late×IN_TRAFFIC,stream_p_xgb,0,0.29000000000000004,0.49717205947508647,0.050207669275914475,0.5405405405405406,0.5882352941176471,0.5,10,7,10,1075,1102,20,0.018148820326678767
slice_phase_x_traffic,mid×CLEAN_AIR,stream_p_xgb,0,0.29000000000000004,0.5971552145429245,0.07496726027429058,0.5901639344262295,0.5294117647058824,0.6666666666666666,108,96,54,5242,5500,162,0.029454545454545455
slice_phase_x_traffic,mid×IN_TRAFFIC,stream_p_xgb,0,0.29000000000000004,0.5871764713070659,0.11041273061211455,0.5981308411214953,0.5517241379310345,0.6530612244897959,32,26,17,946,1021,49,0.047992164544564155
slice_phase_x_traffic,early×CLEAN_AIR,stream_p_xgb,1,0.28,0.5005412822726468,0.0881109098851873,0.43205574912891986,0.4881889763779528,0.3875,62,65,98,4485,4710,160,0.03397027600849257
slice_phase_x_traffic,early×IN_TRAFFIC,stream_p_xgb,1,0.28,0.4234342723743698,0.06965522065151568,0.375,0.40540540540540543,0.3488372093023256,15,22,28,1635,1700,43,0.025294117647058825
slice_phase_x_traffic,late×CLEAN_AIR,stream_p_xgb,1,0.28,0.21915600481745798,0.07119291040488127,0.27184466019417475,0.224,0.345679012345679,28,97,53,5197,5375,81,0.015069767441860464
slice_phase_x_traffic,late×IN_TRAFFIC,stream_p_xgb,1,0.28,0.1368893238865147,0.07728909473120173,0.0784313725490196,0.05714285714285714,0.125,2,33,14,1158,1207,16,0.013256006628003313
slice_phase_x_traffic,mid×CLEAN_AIR,stream_p_xgb,1,0.28,0.3926133913312893,0.11371932618650246,0.4646840148698885,0.37425149700598803,0.6127450980392157,125,209,79,5178,5591,204,0.03648721159005545
slice_phase_x_traffic,mid×IN_TRAFFIC,stream_p_xgb,1,0.28,0.4554586435611476,0.1216957813688719,0.5979381443298969,0.5471698113207547,0.6590909090909091,29,24,15,890,958,44,0.04592901878914405
slice_phase_x_traffic,early×CLEAN_AIR,stream_p_xgb,2,0.29000000000000004,0.3715851578042541,0.13510007106160388,0.3668639053254438,0.26878612716763006,0.577639751552795,93,253,68,4419,4833,161,0.03331264225118974
slice_phase_x_traffic,early×IN_TRAFFIC,stream_p_xgb,2,0.29000000000000004,0.24720757825294676,0.09794443388558964,0.27450980392156865,0.18421052631578946,0.5384615384615384,14,62,12,1407,1495,26,0.017391304347826087
slice_phase_x_traffic,late×CLEAN_AIR,stream_p_xgb,2,0.29000000000000004,0.45567725888500277,0.03391154482383946,0.4503311258278146,0.3617021276595745,0.5964912280701754,34,60,23,4880,4997,57,0.011406844106463879
slice_phase_x_traffic,late×IN_TRAFFIC,stream_p_xgb,2,0.29000000000000004,0.3696593966064497,0.050551228734406914,0.41935483870967744,0.3170731707317073,0.6190476190476191,13,28,8,1406,1455,21,0.01443298969072165
slice_phase_x_traffic,mid×CLEAN_AIR,stream_p_xgb,2,0.29000000000000004,0.36201233299305996,0.13989757347178694,0.461038961038961,0.3641025641025641,0.6283185840707964,142,248,84,4897,5371,226,0.042077825358406255
slice_phase_x_traffic,mid×IN_TRAFFIC,stream_p_xgb,2,0.29000000000000004,0.5570839888079815,0.1310323293092307,0.5028571428571429,0.36065573770491804,0.8301886792452831,44,78,9,978,1109,53,0.047790802524797116
slice_phase_x_traffic,early×CLEAN_AIR,stream_p_xgb,3,0.28,0.2850026336978179,0.11779946333189834,0.3372093023255814,0.31693989071038253,0.36024844720496896,58,125,103,4530,4816,161,0.03343023255813953
slice_phase_x_traffic,early×IN_TRAFFIC,stream_p_xgb,3,0.28,0.22551503830907474,0.095169082039344,0.32967032967032966,0.30612244897959184,0.35714285714285715,15,34,27,1458,1534,42,0.027379400260756193
slice_phase_x_traffic,late×CLEAN_AIR,stream_p_xgb,3,0.28,0.24716415273774245,0.08644520046032808,0.25573770491803277,0.203125,0.34513274336283184,39,153,74,5136,5402,113,0.020918178452425027
slice_phase_x_traffic,late×IN_TRAFFIC,stream_p_xgb,3,0.28,0.19469093287100356,0.0963017058777317,0.2823529411764706,0.20689655172413793,0.4444444444444444,12,46,15,1074,1147,27,0.023539668700959023
slice_phase_x_traffic,mid×CLEAN_AIR,stream_p_xgb,3,0.28,0.5214432585853619,0.09822327125892133,0.4763636363636364,0.39221556886227543,0.6064814814814815,131,203,85,5197,5616,216,0.038461538461538464
slice_phase_x_traffic,mid×IN_TRAFFIC,stream_p_xgb,3,0.28,0.425508084552579,0.13230940176111552,0.46153846153846156,0.39344262295081966,0.5581395348837209,24,37,19,804,884,43,0.048642533936651584
slice_phase_x_traffic,early×CLEAN_AIR,stream_p_xgb,4,0.33,0.3386571588427152,0.10802303546856616,0.35294117647058826,0.47368421052631576,0.28125,45,50,115,4300,4510,160,0.03547671840354767
slice_phase_x_traffic,early×IN_TRAFFIC,stream_p_xgb,4,0.33,0.38660612711781867,0.07706343787569579,0.463768115942029,0.64,0.36363636363636365,16,9,28,1825,1878,44,0.023429179978700747
slice_phase_x_traffic,late×CLEAN_AIR,stream_p_xgb,4,0.33,0.17050021029863244,0.07154058625789798,0.1910828025477707,0.18072289156626506,0.20270270270270271,15,68,59,5219,5361,74,0.013803394889013243
slice_phase_x_traffic,late×IN_TRAFFIC,stream_p_xgb,4,0.33,0.26706748311025874,0.06540784842403925,0.28,0.22580645161290322,0.3684210526315789,7,24,12,1172,1215,19,0.015637860082304528
slice_phase_x_traffic,mid×CLEAN_AIR,stream_p_xgb,4,0.33,0.580088095447144,0.08225329260722238,0.517948717948718,0.5611111111111111,0.48095238095238096,101,79,109,5136,5425,210,0.03870967741935484
slice_phase_x_traffic,mid×IN_TRAFFIC,stream_p_xgb,4,0.33,0.5331241539868234,0.12673491879229867,0.5546218487394958,0.5789473684210527,0.532258064516129,33,24,29,987,1073,62,0.05778191985088537
slice_phase_x_traffic,early×CLEAN_AIR,stream_tcn_proba,0,0.78,0.66905602454933,0.12700783504667007,0.6209150326797386,0.625,0.6168831168831169,95,57,59,4463,4674,154,0.0329482242190843
slice_phase_x_traffic,early×IN_TRAFFIC,stream_tcn_proba,0,0.78,0.7155212974268438,0.1005053759275375,0.6835443037974683,0.7941176470588235,0.6,27,7,18,1647,1699,45,0.026486168334314303
slice_phase_x_traffic,late×CLEAN_AIR,stream_tcn_proba,0,0.78,0.47667833341323224,0.06640624142004922,0.4409448818897638,0.5283018867924528,0.3783783783783784,28,25,46,5367,5466,74,0.01353823637028906
slice_phase_x_traffic,late×IN_TRAFFIC,stream_tcn_proba,0,0.78,0.5117373628292053,0.06340600740263817,0.4,0.6,0.3,6,4,14,1078,1102,20,0.018148820326678767
slice_phase_x_traffic,mid×CLEAN_AIR,stream_tcn_proba,0,0.78,0.7866534954591081,0.09257048993291556,0.7777777777777778,0.8263888888888888,0.7345679012345679,119,25,43,5313,5500,162,0.029454545454545455
slice_phase_x_traffic,mid×IN_TRAFFIC,stream_tcn_proba,0,0.78,0.7123361822098495,0.129537239973648,0.6329113924050633,0.8333333333333334,0.5102040816326531,25,5,24,967,1021,49,0.047992164544564155
slice_phase_x_traffic,early×CLEAN_AIR,stream_tcn_proba,1,0.77,0.6529556718610269,0.14478305995138305,0.6332046332046332,0.8282828282828283,0.5125,82,17,78,4533,4710,160,0.03397027600849257
slice_phase_x_traffic,early×IN_TRAFFIC,stream_tcn_proba,1,0.77,0.5662963859358716,0.14962377840219976,0.6578947368421053,0.7575757575757576,0.5813953488372093,25,8,18,1649,1700,43,0.025294117647058825
slice_phase_x_traffic,late×CLEAN_AIR,stream_tcn_proba,1,0.77,0.36557376935341457,0.1265859552092199,0.4251968503937008,0.5869565217391305,0.3333333333333333,27,19,54,5275,5375,81,0.015069767441860464
slice_phase_x_traffic,late×IN_TRAFFIC,stream_tcn_proba,1,0.77,0.22437471032867795,0.17010847470852938,0.24,0.3333333333333333,0.1875,3,6,13,1185,1207,16,0.013256006628003313
slice_phase_x_traffic,mid×CLEAN_AIR,stream_tcn_proba,1,0.77,0.6126767712874192,0.16489702595795755,0.6634615384615384,0.6509433962264151,0.6764705882352942,138,74,66,5313,5591,204,0.03648721159005545
slice_phase_x_traffic,mid×IN_TRAFFIC,stream_tcn_proba,1,0.77,0.6544048051244657,0.1567402977967978,0.6818181818181818,0.6818181818181818,0.6818181818181818,30,14,14,900,958,44,0.04592901878914405
slice_phase_x_traffic,early×CLEAN_AIR,stream_tcn_proba,2,0.77,0.5958333267038963,0.1658776042229124,0.5954692556634305,0.6216216216216216,0.5714285714285714,92,56,69,4616,4833,161,0.03331264225118974
slice_phase_x_traffic,early×IN_TRAFFIC,stream_tcn_proba,2,0.77,0.46253378444984056,0.10880271170809928,0.5172413793103449,0.46875,0.5769230769230769,15,17,11,1452,1495,26,0.017391304347826087
slice_phase_x_traffic,late×CLEAN_AIR,stream_tcn_proba,2,0.77,0.5119527467710095,0.048585332627847554,0.4835164835164835,0.6470588235294118,0.38596491228070173,22,12,35,4928,4997,57,0.011406844106463879
slice_phase_x_traffic,late×IN_TRAFFIC,stream_tcn_proba,2,0.77,0.3962359226099626,0.055046541792029106,0.41379310344827586,0.75,0.2857142857142857,6,2,15,1432,1455,21,0.01443298969072165
slice_phase_x_traffic,mid×CLEAN_AIR,stream_tcn_proba,2,0.77,0.6793175748493475,0.125520820534342,0.6559139784946236,0.8356164383561644,0.5398230088495575,122,24,104,5121,5371,226,0.042077825358406255
slice_phase_x_traffic,mid×IN_TRAFFIC,stream_tcn_proba,2,0.77,0.8240714732779606,0.09358718963300226,0.6818181818181818,0.8571428571428571,0.5660377358490566,30,5,23,1051,1109,53,0.047790802524797116
slice_phase_x_traffic,early×CLEAN_AIR,stream_tcn_proba,3,0.77,0.4936251336010469,0.20813878320393217,0.4939271255060729,0.7093023255813954,0.37888198757763975,61,25,100,4630,4816,161,0.03343023255813953
slice_phase_x_traffic,early×IN_TRAFFIC,stream_tcn_proba,3,0.77,0.50938275696479,0.17344090329289835,0.4722222222222222,0.5666666666666667,0.40476190476190477,17,13,25,1479,1534,42,0.027379400260756193
slice_phase_x_traffic,late×CLEAN_AIR,stream_tcn_proba,3,0.77,0.35906233366298984,0.12791202310611602,0.39759036144578314,0.6226415094339622,0.2920353982300885,33,20,80,5269,5402,113,0.020918178452425027
slice_phase_x_traffic,late×IN_TRAFFIC,stream_tcn_proba,3,0.77,0.3713036411636011,0.14421888381385622,0.2857142857142857,0.625,0.18518518518518517,5,3,22,1117,1147,27,0.023539668700959023
slice_phase_x_traffic,mid×CLEAN_AIR,stream_tcn_proba,3,0.77,0.7333069399062989,0.17430361121012475,0.7379134860050891,0.8192090395480226,0.6712962962962963,145,32,71,5368,5616,216,0.038461538461538464
slice_phase_x_traffic,mid×IN_TRAFFIC,stream_tcn_proba,3,0.77,0.71644568571882,0.22915646859677916,0.6585365853658537,0.6923076923076923,0.627906976744186,27,12,16,829,884,43,0.048642533936651584
slice_phase_x_traffic,early×CLEAN_AIR,stream_tcn_proba,4,0.77,0.569125417984188,0.17561429191305092,0.5519713261648745,0.6470588235294118,0.48125,77,42,83,4308,4510,160,0.03547671840354767
slice_phase_x_traffic,early×IN_TRAFFIC,stream_tcn_proba,4,0.77,0.6268100402166309,0.11935660347529735,0.6506024096385542,0.6923076923076923,0.6136363636363636,27,12,17,1822,1878,44,0.023429179978700747
slice_phase_x_traffic,late×CLEAN_AIR,stream_tcn_proba,4,0.77,0.4855092565560315,0.13263052463301284,0.5,0.5689655172413793,0.44594594594594594,33,25,41,5262,5361,74,0.013803394889013243
slice_phase_x_traffic,late×IN_TRAFFIC,stream_tcn_proba,4,0.77,0.5366836446634753,0.14097632639594723,0.6666666666666666,0.7058823529411765,0.631578947368421,12,5,7,1191,1215,19,0.015637860082304528
slice_phase_x_traffic,mid×CLEAN_AIR,stream_tcn_proba,4,0.77,0.7290927376591295,0.19169865298212405,0.7351598173515982,0.706140350877193,0.7666666666666667,161,67,49,5148,5425,210,0.03870967741935484
slice_phase_x_traffic,mid×IN_TRAFFIC,stream_tcn_proba,4,0.77,0.693776008455709,0.22897278138957897,0.6976744186046512,0.6716417910447762,0.7258064516129032,45,22,17,989,1073,62,0.05778191985088537
