race_id,driver_id,lapno,row_id,y_true,proba,cohort,rank,feature,shap_signed,shap_abs,feature_value,group,direction
2,20,24,1093,1,0.972676694393158,TP,1,race_track,3.314877510070801,6.680431842803955,Australian Grand Prix,G_track,push_PIT
2,20,24,1093,1,0.972676694393158,TP,2,tcn_proba,4.203758716583252,4.203758716583252,0.9020242094993591,BASE_SIGNALS,push_PIT
2,20,24,1093,1,0.972676694393158,TP,3,p_xgb,1.3444017171859741,1.3444017171859741,0.9937228560447693,BASE_SIGNALS,push_PIT
2,20,24,1093,1,0.972676694393158,TP,4,interval,0.6291478872299194,0.6291478872299194,0.0740000000000691,G_traffic,push_PIT
2,20,24,1093,1,0.972676694393158,TP,5,current_compound,0.1768939048051834,0.5087544322013855,SOFT,G_tyre,push_PIT
2,20,24,1093,1,0.972676694393158,TP,6,p_ann,0.31590479612350464,0.31590479612350464,0.5929920673370361,BASE_SIGNALS,push_PIT
2,20,24,1093,1,0.972676694393158,TP,7,tyre_age,0.2560981810092926,0.2560981810092926,26.0,G_tyre,push_PIT
2,20,24,1093,1,0.972676694393158,TP,8,pit_stops_so_far_0,0.23356422781944275,0.23356422781944275,,OTHER,push_PIT
2,20,24,1093,1,0.972676694393158,TP,9,lap_time,-0.22845304012298584,0.22845304012298584,108.142,G_pace,push_NO_PIT
2,20,24,1093,1,0.972676694393158,TP,10,pit_stops_so_far_4,0.21478614211082458,0.21478614211082458,,OTHER,push_PIT
2,20,24,1093,1,0.972676694393158,TP,11,fcy_status_4,0.20156864821910858,0.20156864821910858,,OTHER,push_PIT
2,20,24,1093,1,0.972676694393158,TP,12,position_16,0.11742983758449554,0.11742983758449554,,OTHER,push_PIT
2,14,25,978,1,0.9503827095031738,TP,1,race_track,3.3298470973968506,6.564988613128662,Australian Grand Prix,G_track,push_PIT
2,14,25,978,1,0.9503827095031738,TP,2,tcn_proba,4.177618503570557,4.177618503570557,0.8991879224777222,BASE_SIGNALS,push_PIT
2,14,25,978,1,0.9503827095031738,TP,3,p_xgb,1.2124518156051636,1.2124518156051636,0.9282317757606506,BASE_SIGNALS,push_PIT
2,14,25,978,1,0.9503827095031738,TP,4,current_compound,0.15761181712150574,0.491316556930542,SOFT,G_tyre,push_PIT
2,14,25,978,1,0.9503827095031738,TP,5,lap_time,-0.30113375186920166,0.30113375186920166,108.016,G_pace,push_NO_PIT
2,14,25,978,1,0.9503827095031738,TP,6,p_ann,0.2586956322193146,0.2586956322193146,0.6082634329795837,BASE_SIGNALS,push_PIT
2,14,25,978,1,0.9503827095031738,TP,7,pit_stops_so_far_0,0.23356422781944275,0.23356422781944275,,OTHER,push_PIT
2,14,25,978,1,0.9503827095031738,TP,8,pit_stops_so_far_4,0.21478614211082458,0.21478614211082458,,OTHER,push_PIT
2,14,25,978,1,0.9503827095031738,TP,9,fcy_status_4,0.1985073834657669,0.1985073834657669,,OTHER,push_PIT
2,14,25,978,1,0.9503827095031738,TP,10,position_18,0.19564764201641083,0.19564764201641083,,OTHER,push_PIT
2,14,25,978,1,0.9503827095031738,TP,11,tyre_age,0.18082170188426971,0.18082170188426971,24.0,G_tyre,push_PIT
2,14,25,978,1,0.9503827095031738,TP,12,position_16,0.11742983758449554,0.11742983758449554,,OTHER,push_PIT
2,1,19,566,1,0.9432934522628784,TP,1,race_track,3.4271183013916016,6.386146068572998,Australian Grand Prix,G_track,push_PIT
2,1,19,566,1,0.9432934522628784,TP,2,tcn_proba,4.19359016418457,4.19359016418457,0.8886468410491943,BASE_SIGNALS,push_PIT
2,1,19,566,1,0.9432934522628784,TP,3,p_xgb,1.2063825130462646,1.2063825130462646,0.9399029016494751,BASE_SIGNALS,push_PIT
2,1,19,566,1,0.9432934522628784,TP,4,current_compound,0.16433939337730408,0.49804413318634033,SOFT,G_tyre,push_PIT
2,1,19,566,1,0.9432934522628784,TP,5,tyre_age,0.31345340609550476,0.31345340609550476,20.0,G_tyre,push_PIT
2,1,19,566,1,0.9432934522628784,TP,6,p_ann,0.2939760982990265,0.2939760982990265,0.6525540351867676,BASE_SIGNALS,push_PIT
2,1,19,566,1,0.9432934522628784,TP,7,lap_time,-0.27963852882385254,0.27963852882385254,105.05,G_pace,push_NO_PIT
2,1,19,566,1,0.9432934522628784,TP,8,pit_stops_so_far_4,0.21478614211082458,0.21478614211082458,,OTHER,push_PIT
2,1,19,566,1,0.9432934522628784,TP,9,fcy_status_4,0.1985073834657669,0.1985073834657669,,OTHER,push_PIT
2,1,19,566,1,0.9432934522628784,TP,10,position_18,0.19564764201641083,0.19564764201641083,,OTHER,push_PIT
2,1,19,566,1,0.9432934522628784,TP,11,pit_stops_so_far_0,0.16583409905433655,0.16583409905433655,,OTHER,push_PIT
2,1,19,566,1,0.9432934522628784,TP,12,position_16,0.11742983758449554,0.11742983758449554,,OTHER,push_PIT
2,5,25,804,1,0.9346075057983398,TP,1,race_track,3.323195457458496,6.742219924926758,Australian Grand Prix,G_track,push_PIT
2,5,25,804,1,0.9346075057983398,TP,2,tcn_proba,4.223881721496582,4.223881721496582,0.8916631937026978,BASE_SIGNALS,push_PIT
2,5,25,804,1,0.9346075057983398,TP,3,p_xgb,1.2493610382080078,1.2493610382080078,0.9331989884376526,BASE_SIGNALS,push_PIT
2,5,25,804,1,0.9346075057983398,TP,4,current_compound,0.15853393077850342,0.4903944432735443,SOFT,G_tyre,push_PIT
2,5,25,804,1,0.9346075057983398,TP,5,p_ann,0.3936576545238495,0.3936576545238495,0.5733126401901245,BASE_SIGNALS,push_PIT
2,5,25,804,1,0.9346075057983398,TP,6,pit_stops_so_far_0,0.23356422781944275,0.23356422781944275,,OTHER,push_PIT
2,5,25,804,1,0.9346075057983398,TP,7,pit_stops_so_far_4,0.21478614211082458,0.21478614211082458,,OTHER,push_PIT
2,5,25,804,1,0.9346075057983398,TP,8,lap_time,-0.20277175307273865,0.20277175307273865,106.549,G_pace,push_NO_PIT
2,5,25,804,1,0.9346075057983398,TP,9,fcy_status_4,0.20156864821910858,0.20156864821910858,,OTHER,push_PIT
2,5,25,804,1,0.9346075057983398,TP,10,tyre_age,0.19550518691539764,0.19550518691539764,27.0,G_tyre,push_PIT
2,5,25,804,1,0.9346075057983398,TP,11,position_18,0.18695028126239777,0.18695028126239777,,OTHER,push_PIT
2,5,25,804,1,0.9346075057983398,TP,12,position_16,0.11742983758449554,0.11742983758449554,,OTHER,push_PIT
2,3,21,684,1,0.9328677654266357,TP,1,race_track,3.406996250152588,6.447970867156982,Australian Grand Prix,G_track,push_PIT
2,3,21,684,1,0.9328677654266357,TP,2,tcn_proba,4.211041450500488,4.211041450500488,0.8854540586471558,BASE_SIGNALS,push_PIT
2,3,21,684,1,0.9328677654266357,TP,3,p_xgb,1.2060937881469727,1.2060937881469727,0.9052830338478088,BASE_SIGNALS,push_PIT
2,3,21,684,1,0.9328677654266357,TP,4,current_compound,0.16433939337730408,0.49804413318634033,MEDIUM,G_tyre,push_PIT
2,3,21,684,1,0.9328677654266357,TP,5,p_ann,0.28041213750839233,0.28041213750839233,0.5879836082458496,BASE_SIGNALS,push_PIT
2,3,21,684,1,0.9328677654266357,TP,6,lap_time,-0.26141178607940674,0.26141178607940674,106.361,G_pace,push_NO_PIT
2,3,21,684,1,0.9328677654266357,TP,7,pit_stops_so_far_4,0.21478614211082458,0.21478614211082458,,OTHER,push_PIT
2,3,21,684,1,0.9328677654266357,TP,8,pit_stops_so_far_0,0.2021239846944809,0.2021239846944809,,OTHER,push_PIT
2,3,21,684,1,0.9328677654266357,TP,9,fcy_status_4,0.1985073834657669,0.1985073834657669,,OTHER,push_PIT
2,3,21,684,1,0.9328677654266357,TP,10,position_18,0.19564764201641083,0.19564764201641083,,OTHER,push_PIT
2,3,21,684,1,0.9328677654266357,TP,11,tyre_age,0.16188864409923553,0.16188864409923553,23.0,G_tyre,push_PIT
2,3,21,684,1,0.9328677654266357,TP,12,position_16,0.11742983758449554,0.11742983758449554,,OTHER,push_PIT
2,19,18,1029,1,0.9297755360603333,TP,1,race_track,3.440992832183838,6.459291934967041,Australian Grand Prix,G_track,push_PIT
2,19,18,1029,1,0.9297755360603333,TP,2,tcn_proba,4.18813419342041,4.18813419342041,0.895195722579956,BASE_SIGNALS,push_PIT
2,19,18,1029,1,0.9297755360603333,TP,3,p_xgb,1.199244737625122,1.199244737625122,0.924074113368988,BASE_SIGNALS,push_PIT
2,19,18,1029,1,0.9297755360603333,TP,4,current_compound,0.16433939337730408,0.49804413318634033,SOFT,G_tyre,push_PIT
2,19,18,1029,1,0.9297755360603333,TP,5,tyre_age,0.31454941630363464,0.31454941630363464,20.0,G_tyre,push_PIT
2,19,18,1029,1,0.9297755360603333,TP,6,p_ann,0.2540259063243866,0.2540259063243866,0.6341155767440796,BASE_SIGNALS,push_PIT
2,19,18,1029,1,0.9297755360603333,TP,7,lap_time,-0.2461043894290924,0.2461043894290924,105.858,G_pace,push_NO_PIT
2,19,18,1029,1,0.9297755360603333,TP,8,interval,0.22528702020645142,0.22528702020645142,13.183999999999967,G_traffic,push_PIT
2,19,18,1029,1,0.9297755360603333,TP,9,pit_stops_so_far_4,0.21478614211082458,0.21478614211082458,,OTHER,push_PIT
2,19,18,1029,1,0.9297755360603333,TP,10,fcy_status_4,0.1985073834657669,0.1985073834657669,,OTHER,push_PIT
2,19,18,1029,1,0.9297755360603333,TP,11,position_18,0.19305993616580963,0.19305993616580963,,OTHER,push_PIT
2,19,18,1029,1,0.9297755360603333,TP,12,pit_stops_so_far_0,0.16583409905433655,0.16583409905433655,,OTHER,push_PIT
2,6,22,859,1,0.9204635620117188,TP,1,race_track,2.8272528648376465,7.527602195739746,Australian Grand Prix,G_track,push_PIT
2,6,22,859,1,0.9204635620117188,TP,2,tcn_proba,4.042481899261475,4.042481899261475,0.9010909199714661,BASE_SIGNALS,push_PIT
2,6,22,859,1,0.9204635620117188,TP,3,p_xgb,1.0266591310501099,1.0266591310501099,0.9515637159347534,BASE_SIGNALS,push_PIT
2,6,22,859,1,0.9204635620117188,TP,4,lap_time,-0.6716280579566956,0.6716280579566956,115.942,G_pace,push_NO_PIT
2,6,22,859,1,0.9204635620117188,TP,5,current_compound,0.15697328746318817,0.49195510149002075,SOFT,G_tyre,push_PIT
2,6,22,859,1,0.9204635620117188,TP,6,p_rf,-0.3478325307369232,0.3478325307369232,0.6581403015122221,BASE_SIGNALS,push_NO_PIT
2,6,22,859,1,0.9204635620117188,TP,7,p_ann,0.29404160380363464,0.29404160380363464,0.6061797142028809,BASE_SIGNALS,push_PIT
2,6,22,859,1,0.9204635620117188,TP,8,pit_stops_so_far_0,0.23929502069950104,0.23929502069950104,,OTHER,push_PIT
2,6,22,859,1,0.9204635620117188,TP,9,tyre_age,0.2359434962272644,0.2359434962272644,24.0,G_tyre,push_PIT
2,6,22,859,1,0.9204635620117188,TP,10,fcy_status_4,0.22685478627681732,0.22685478627681732,,OTHER,push_PIT
2,6,22,859,1,0.9204635620117188,TP,11,pit_stops_so_far_4,0.21478614211082458,0.21478614211082458,,OTHER,push_PIT
2,6,22,859,1,0.9204635620117188,TP,12,position_18,0.186308816075325,0.186308816075325,,OTHER,push_PIT
2,11,26,921,1,0.8905361294746399,TP,1,race_track,2.8521478176116943,7.317912578582764,Australian Grand Prix,G_track,push_PIT
2,11,26,921,1,0.8905361294746399,TP,2,tcn_proba,3.621910333633423,3.621910333633423,0.9034045934677124,BASE_SIGNALS,push_PIT
2,11,26,921,1,0.8905361294746399,TP,3,p_xgb,1.0124436616897583,1.0124436616897583,0.950869619846344,BASE_SIGNALS,push_PIT
2,11,26,921,1,0.8905361294746399,TP,4,lap_time,-0.7942904233932495,0.7942904233932495,140.53,G_pace,push_NO_PIT
2,11,26,921,1,0.8905361294746399,TP,5,current_compound,0.13865311443805695,0.5102752447128296,SOFT,G_tyre,push_PIT
2,11,26,921,1,0.8905361294746399,TP,6,p_rf,-0.3443177044391632,0.3443177044391632,0.6886691995334226,BASE_SIGNALS,push_NO_PIT
2,11,26,921,1,0.8905361294746399,TP,7,interval,0.299103319644928,0.299103319644928,11.5300000000002,G_traffic,push_PIT
2,11,26,921,1,0.8905361294746399,TP,8,p_ann,0.29759809374809265,0.29759809374809265,0.7862808108329773,BASE_SIGNALS,push_PIT
2,11,26,921,1,0.8905361294746399,TP,9,pit_stops_so_far_0,0.23929502069950104,0.23929502069950104,,OTHER,push_PIT
2,11,26,921,1,0.8905361294746399,TP,10,tyre_age,0.22917205095291138,0.22917205095291138,25.0,G_tyre,push_PIT
2,11,26,921,1,0.8905361294746399,TP,11,pit_stops_so_far_3,0.22465573251247406,0.22465573251247406,,OTHER,push_PIT
2,11,26,921,1,0.8905361294746399,TP,12,fcy_status_4,0.22379350662231445,0.22379350662231445,,OTHER,push_PIT
2,4,26,747,1,0.8648366928100586,TP,1,race_track,2.6450653076171875,7.537085056304932,Australian Grand Prix,G_track,push_PIT
2,4,26,747,1,0.8648366928100586,TP,2,tcn_proba,3.5429065227508545,3.5429065227508545,0.8986918926239014,BASE_SIGNALS,push_PIT
2,4,26,747,1,0.8648366928100586,TP,3,p_xgb,1.0155999660491943,1.0155999660491943,0.9518674612045288,BASE_SIGNALS,push_PIT
2,4,26,747,1,0.8648366928100586,TP,4,lap_time,-0.9065045714378357,0.9065045714378357,137.173,G_pace,push_NO_PIT
2,4,26,747,1,0.8648366928100586,TP,5,p_rf,-0.5483314394950867,0.5483314394950867,0.7808006534519875,BASE_SIGNALS,push_NO_PIT
2,4,26,747,1,0.8648366928100586,TP,6,current_compound,0.15891259908676147,0.4909331798553467,MEDIUM,G_tyre,push_PIT
2,4,26,747,1,0.8648366928100586,TP,7,interval,0.3415640890598297,0.3415640890598297,27.952999999999975,G_traffic,push_PIT
2,4,26,747,1,0.8648366928100586,TP,8,p_ann,0.297611266374588,0.297611266374588,0.8237407207489014,BASE_SIGNALS,push_PIT
2,4,26,747,1,0.8648366928100586,TP,9,pit_stops_so_far_0,0.23929502069950104,0.23929502069950104,,OTHER,push_PIT
2,4,26,747,1,0.8648366928100586,TP,10,pit_stops_so_far_3,0.22465573251247406,0.22465573251247406,,OTHER,push_PIT
2,4,26,747,1,0.8648366928100586,TP,11,fcy_status_4,0.22379350662231445,0.22379350662231445,,OTHER,push_PIT
2,4,26,747,1,0.8648366928100586,TP,12,pit_stops_so_far_4,0.21478614211082458,0.21478614211082458,,OTHER,push_PIT
2,2,26,631,1,0.8579926490783691,TP,1,race_track,2.618807554244995,7.561617851257324,Australian Grand Prix,G_track,push_PIT
2,2,26,631,1,0.8579926490783691,TP,2,tcn_proba,3.91190505027771,3.91190505027771,0.904487133026123,BASE_SIGNALS,push_PIT
2,2,26,631,1,0.8579926490783691,TP,3,p_xgb,1.0793724060058594,1.0793724060058594,0.9539653062820435,BASE_SIGNALS,push_PIT
2,2,26,631,1,0.8579926490783691,TP,4,p_rf,-0.6242204904556274,0.6242204904556274,0.7317508527985995,BASE_SIGNALS,push_NO_PIT
2,2,26,631,1,0.8579926490783691,TP,5,lap_time,-0.6231818795204163,0.6231818795204163,125.108,G_pace,push_NO_PIT
2,2,26,631,1,0.8579926490783691,TP,6,interval,0.5282655954360962,0.5282655954360962,0.0,G_traffic,push_PIT
2,2,26,631,1,0.8579926490783691,TP,7,current_compound,0.19041131436824799,0.49615442752838135,SOFT,G_tyre,push_PIT
2,2,26,631,1,0.8579926490783691,TP,8,p_ann,0.28196293115615845,0.28196293115615845,0.7802872061729431,BASE_SIGNALS,push_PIT
2,2,26,631,1,0.8579926490783691,TP,9,pit_stops_so_far_0,0.23929502069950104,0.23929502069950104,,OTHER,push_PIT
2,2,26,631,1,0.8579926490783691,TP,10,fcy_status_4,0.22685478627681732,0.22685478627681732,,OTHER,push_PIT
2,2,26,631,1,0.8579926490783691,TP,11,pit_stops_so_far_3,0.22465573251247406,0.22465573251247406,,OTHER,push_PIT
2,2,26,631,1,0.8579926490783691,TP,12,pit_stops_so_far_4,0.21478614211082458,0.21478614211082458,,OTHER,push_PIT
2,3,10,673,0,0.8155433535575867,FP,1,race_track,2.8677587509155273,7.659421443939209,Australian Grand Prix,G_track,push_PIT
2,3,10,673,0,0.8155433535575867,FP,2,tcn_proba,2.6995630264282227,2.6995630264282227,0.8135421872138977,BASE_SIGNALS,push_PIT
2,3,10,673,0,0.8155433535575867,FP,3,p_xgb,1.073119044303894,1.073119044303894,0.33167633414268494,BASE_SIGNALS,push_PIT
2,3,10,673,0,0.8155433535575867,FP,4,lap_time,-0.8730371594429016,0.8730371594429016,96.502,G_pace,push_NO_PIT
2,3,10,673,0,0.8155433535575867,FP,5,lapno,0.66204434633255,0.66204434633255,10,G_race_phase,push_PIT
2,3,10,673,0,0.8155433535575867,FP,6,current_compound,0.16554921865463257,0.48592427372932434,MEDIUM,G_tyre,push_PIT
2,3,10,673,0,0.8155433535575867,FP,7,p_ann,0.3437676429748535,0.3437676429748535,0.5204669833183289,BASE_SIGNALS,push_PIT
2,3,10,673,0,0.8155433535575867,FP,8,p_svm,0.30474698543548584,0.30474698543548584,0.7775638192325963,BASE_SIGNALS,push_PIT
2,3,10,673,0,0.8155433535575867,FP,9,tyre_age,0.2562881410121918,0.2562881410121918,12.0,G_tyre,push_PIT
2,3,10,673,0,0.8155433535575867,FP,10,pit_stops_so_far_4,0.21478614211082458,0.21478614211082458,,OTHER,push_PIT
2,3,10,673,0,0.8155433535575867,FP,11,fcy_status_4,0.20156864821910858,0.20156864821910858,,OTHER,push_PIT
2,3,10,673,0,0.8155433535575867,FP,12,position_18,0.19046564400196075,0.19046564400196075,,OTHER,push_PIT
24,6,41,13947,1,0.9954833984375,TP,1,race_track,3.6437606811523438,8.965460777282715,Austrian Grand Prix,G_track,push_PIT
24,6,41,13947,1,0.9954833984375,TP,2,tcn_proba,4.438358306884766,4.438358306884766,0.8752835988998413,BASE_SIGNALS,push_PIT
24,6,41,13947,1,0.9954833984375,TP,3,p_xgb,1.4805997610092163,1.4805997610092163,0.7523348927497864,BASE_SIGNALS,push_PIT
24,6,41,13947,1,0.9954833984375,TP,4,lap_time,1.2636616230010986,1.2636616230010986,74.323,G_pace,push_PIT
24,6,41,13947,1,0.9954833984375,TP,5,current_compound,0.025040388107299805,0.6727497577667236,MEDIUM,G_tyre,push_PIT
24,6,41,13947,1,0.9954833984375,TP,6,p_ann,0.4816541075706482,0.4816541075706482,0.5217911005020142,BASE_SIGNALS,push_PIT
24,6,41,13947,1,0.9954833984375,TP,7,track_category_1,-0.24372637271881104,0.24372637271881104,,OTHER,push_NO_PIT
24,6,41,13947,1,0.9954833984375,TP,8,pit_stops_so_far_0,0.23522058129310608,0.23522058129310608,,OTHER,push_PIT
24,6,41,13947,1,0.9954833984375,TP,9,interval,0.22786879539489746,0.22786879539489746,26.686999999999895,G_traffic,push_PIT
24,6,41,13947,1,0.9954833984375,TP,10,pit_stops_so_far_4,0.21478614211082458,0.21478614211082458,,OTHER,push_PIT
24,6,41,13947,1,0.9954833984375,TP,11,fcy_status_4,0.1985073834657669,0.1985073834657669,,OTHER,push_PIT
24,6,41,13947,1,0.9954833984375,TP,12,position_18,0.18711335957050323,0.18711335957050323,,OTHER,push_PIT
24,1,30,13652,1,0.9933063387870789,TP,1,race_track,3.574157476425171,8.652134895324707,Austrian Grand Prix,G_track,push_PIT
24,1,30,13652,1,0.9933063387870789,TP,2,tcn_proba,4.605311870574951,4.605311870574951,0.8780893087387085,BASE_SIGNALS,push_PIT
24,1,30,13652,1,0.9933063387870789,TP,3,p_xgb,1.4862864017486572,1.4862864017486572,0.5874401926994324,BASE_SIGNALS,push_PIT
24,1,30,13652,1,0.9933063387870789,TP,4,lap_time,1.2498210668563843,1.2498210668563843,73.641,G_pace,push_PIT
24,1,30,13652,1,0.9933063387870789,TP,5,current_compound,0.018586963415145874,0.7541593313217163,MEDIUM,G_tyre,push_PIT
24,1,30,13652,1,0.9933063387870789,TP,6,interval,0.5645144581794739,0.5645144581794739,0.0,G_traffic,push_PIT
24,1,30,13652,1,0.9933063387870789,TP,7,p_ann,0.5212138295173645,0.5212138295173645,0.5127038955688477,BASE_SIGNALS,push_PIT
24,1,30,13652,1,0.9933063387870789,TP,8,track_category_1,-0.340909868478775,0.340909868478775,,OTHER,push_NO_PIT
24,1,30,13652,1,0.9933063387870789,TP,9,pit_stops_so_far_0,0.23522058129310608,0.23522058129310608,,OTHER,push_PIT
24,1,30,13652,1,0.9933063387870789,TP,10,pit_stops_so_far_4,0.21478614211082458,0.21478614211082458,,OTHER,push_PIT
24,1,30,13652,1,0.9933063387870789,TP,11,fcy_status_4,0.17873910069465637,0.17873910069465637,,OTHER,push_PIT
24,1,30,13652,1,0.9933063387870789,TP,12,race_progress,0.1209084689617157,0.1209084689617157,0.4225352112676056,G_race_phase,push_PIT
24,24,24,14281,1,0.9899010062217712,TP,1,race_track,3.7120237350463867,8.583694458007812,Austrian Grand Prix,G_track,push_PIT
24,24,24,14281,1,0.9899010062217712,TP,2,tcn_proba,3.7562313079833984,3.7562313079833984,0.8341901302337646,BASE_SIGNALS,push_PIT
24,24,24,14281,1,0.9899010062217712,TP,3,lap_time,1.362038254737854,1.362038254737854,74.245,G_pace,push_PIT
24,24,24,14281,1,0.9899010062217712,TP,4,p_xgb,1.314538598060608,1.314538598060608,0.34045225381851196,BASE_SIGNALS,push_PIT
24,24,24,14281,1,0.9899010062217712,TP,5,current_compound,-0.009454339742660522,0.6671088933944702,SOFT,G_tyre,push_NO_PIT
24,24,24,14281,1,0.9899010062217712,TP,6,interval,0.44618645310401917,0.44618645310401917,0.2729999999996835,G_traffic,push_PIT
24,24,24,14281,1,0.9899010062217712,TP,7,p_ann,0.32309484481811523,0.32309484481811523,0.45362427830696106,BASE_SIGNALS,push_PIT
24,24,24,14281,1,0.9899010062217712,TP,8,track_category_1,-0.2815360128879547,0.2815360128879547,,OTHER,push_NO_PIT
24,24,24,14281,1,0.9899010062217712,TP,9,pit_stops_so_far_0,0.23522058129310608,0.23522058129310608,,OTHER,push_PIT
24,24,24,14281,1,0.9899010062217712,TP,10,pit_stops_so_far_4,0.21478614211082458,0.21478614211082458,,OTHER,push_PIT
24,24,24,14281,1,0.9899010062217712,TP,11,fcy_status_4,0.17873910069465637,0.17873910069465637,,OTHER,push_PIT
24,24,24,14281,1,0.9899010062217712,TP,12,tyre_age,0.1680615395307541,0.1680615395307541,27.0,G_tyre,push_PIT
24,19,23,14140,1,0.9880240559577942,TP,1,race_track,3.764740228652954,8.51726245880127,Austrian Grand Prix,G_track,push_PIT
24,19,23,14140,1,0.9880240559577942,TP,2,tcn_proba,4.570403099060059,4.570403099060059,0.8691258430480957,BASE_SIGNALS,push_PIT
24,19,23,14140,1,0.9880240559577942,TP,3,p_xgb,1.266232967376709,1.266232967376709,0.3934096693992615,BASE_SIGNALS,push_PIT
24,19,23,14140,1,0.9880240559577942,TP,4,lap_time,1.260357141494751,1.260357141494751,73.87,G_pace,push_PIT
24,19,23,14140,1,0.9880240559577942,TP,5,current_compound,-0.030082285404205322,0.7054901123046875,SOFT,G_tyre,push_NO_PIT
24,19,23,14140,1,0.9880240559577942,TP,6,track_category_1,-0.340909868478775,0.340909868478775,,OTHER,push_NO_PIT
24,19,23,14140,1,0.9880240559577942,TP,7,p_ann,0.28458237648010254,0.28458237648010254,0.4291977882385254,BASE_SIGNALS,push_PIT
24,19,23,14140,1,0.9880240559577942,TP,8,pit_stops_so_far_0,0.23522058129310608,0.23522058129310608,,OTHER,push_PIT
24,19,23,14140,1,0.9880240559577942,TP,9,pit_stops_so_far_4,0.21478614211082458,0.21478614211082458,,OTHER,push_PIT
24,19,23,14140,1,0.9880240559577942,TP,10,position_18,0.19905169308185577,0.19905169308185577,,OTHER,push_PIT
24,19,23,14140,1,0.9880240559577942,TP,11,fcy_status_4,0.17873910069465637,0.17873910069465637,,OTHER,push_PIT
24,19,23,14140,1,0.9880240559577942,TP,12,interval,-0.13636663556098938,0.13636663556098938,1.7730000000001382,G_traffic,push_NO_PIT
24,22,25,14212,1,0.9826048612594604,TP,1,race_track,3.7409749031066895,8.590300559997559,Austrian Grand Prix,G_track,push_PIT
24,22,25,14212,1,0.9826048612594604,TP,2,tcn_proba,4.5157952308654785,4.5157952308654785,0.8614193797111511,BASE_SIGNALS,push_PIT
24,22,25,14212,1,0.9826048612594604,TP,3,p_xgb,1.216080904006958,1.216080904006958,0.4176531732082367,BASE_SIGNALS,push_PIT
24,22,25,14212,1,0.9826048612594604,TP,4,lap_time,0.9561334252357483,0.9561334252357483,74.828,G_pace,push_PIT
24,22,25,14212,1,0.9826048612594604,TP,5,current_compound,-0.01020902395248413,0.6709070205688477,SOFT,G_tyre,push_NO_PIT
24,22,25,14212,1,0.9826048612594604,TP,6,p_ann,0.36069002747535706,0.36069002747535706,0.45982226729393005,BASE_SIGNALS,push_PIT
24,22,25,14212,1,0.9826048612594604,TP,7,track_category_1,-0.2815360128879547,0.2815360128879547,,OTHER,push_NO_PIT
24,22,25,14212,1,0.9826048612594604,TP,8,pit_stops_so_far_0,0.23522058129310608,0.23522058129310608,,OTHER,push_PIT
24,22,25,14212,1,0.9826048612594604,TP,9,pit_stops_so_far_4,0.21478614211082458,0.21478614211082458,,OTHER,push_PIT
24,22,25,14212,1,0.9826048612594604,TP,10,position_18,0.20021744072437286,0.20021744072437286,,OTHER,push_PIT
24,22,25,14212,1,0.9826048612594604,TP,11,fcy_status_4,0.17873910069465637,0.17873910069465637,,OTHER,push_PIT
24,22,25,14212,1,0.9826048612594604,TP,12,position_16,0.12031178176403046,0.12031178176403046,,OTHER,push_PIT
24,16,25,14072,1,0.9790508151054382,TP,1,race_track,3.8303043842315674,8.476187705993652,Austrian Grand Prix,G_track,push_PIT
24,16,25,14072,1,0.9790508151054382,TP,2,tcn_proba,4.528305530548096,4.528305530548096,0.8536845445632935,BASE_SIGNALS,push_PIT
24,16,25,14072,1,0.9790508151054382,TP,3,lap_time,1.1629507541656494,1.1629507541656494,73.558,G_pace,push_PIT
24,16,25,14072,1,0.9790508151054382,TP,4,p_xgb,1.0443480014801025,1.0443480014801025,0.19296208024024963,BASE_SIGNALS,push_PIT
24,16,25,14072,1,0.9790508151054382,TP,5,current_compound,0.0037269890308380127,0.7317991256713867,SOFT,G_tyre,push_PIT
24,16,25,14072,1,0.9790508151054382,TP,6,pit_stops_so_far_4,0.34479475021362305,0.34479475021362305,,OTHER,push_PIT
24,16,25,14072,1,0.9790508151054382,TP,7,track_category_1,-0.340909868478775,0.340909868478775,,OTHER,push_NO_PIT
24,16,25,14072,1,0.9790508151054382,TP,8,p_ann,0.33029136061668396,0.33029136061668396,0.4575440287590027,BASE_SIGNALS,push_PIT
24,16,25,14072,1,0.9790508151054382,TP,9,pit_stops_so_far_0,0.23522058129310608,0.23522058129310608,,OTHER,push_PIT
24,16,25,14072,1,0.9790508151054382,TP,10,position_18,0.20774908363819122,0.20774908363819122,,OTHER,push_PIT
24,16,25,14072,1,0.9790508151054382,TP,11,fcy_status_4,0.1756778359413147,0.1756778359413147,,OTHER,push_PIT
24,16,25,14072,1,0.9790508151054382,TP,12,position_16,0.12031178176403046,0.12031178176403046,,OTHER,push_PIT
24,3,31,13795,1,0.974656343460083,TP,1,race_track,3.6654720306396484,8.4242582321167,Austrian Grand Prix,G_track,push_PIT
24,3,31,13795,1,0.974656343460083,TP,2,tcn_proba,4.725764751434326,4.725764751434326,0.874916136264801,BASE_SIGNALS,push_PIT
24,3,31,13795,1,0.974656343460083,TP,3,lap_time,1.0727427005767822,1.0727427005767822,72.701,G_pace,push_PIT
24,3,31,13795,1,0.974656343460083,TP,4,p_xgb,0.9991029500961304,0.9991029500961304,0.11306928843259811,BASE_SIGNALS,push_PIT
24,3,31,13795,1,0.974656343460083,TP,5,current_compound,0.026123613119125366,0.8147855997085571,MEDIUM,G_tyre,push_PIT
24,3,31,13795,1,0.974656343460083,TP,6,interval,0.5390796661376953,0.5390796661376953,0.0,G_traffic,push_PIT
24,3,31,13795,1,0.974656343460083,TP,7,p_ann,0.4543150067329407,0.4543150067329407,0.5028135776519775,BASE_SIGNALS,push_PIT
24,3,31,13795,1,0.974656343460083,TP,8,track_category_1,-0.3574039041996002,0.3574039041996002,,OTHER,push_NO_PIT
24,3,31,13795,1,0.974656343460083,TP,9,pit_stops_so_far_4,0.34479475021362305,0.34479475021362305,,OTHER,push_PIT
24,3,31,13795,1,0.974656343460083,TP,10,pit_stops_so_far_0,0.2294897884130478,0.2294897884130478,,OTHER,push_PIT
24,3,31,13795,1,0.974656343460083,TP,11,fcy_status_4,0.17873910069465637,0.17873910069465637,,OTHER,push_PIT
24,3,31,13795,1,0.974656343460083,TP,12,p_svm,-0.16713379323482513,0.16713379323482513,0.032729086566841654,BASE_SIGNALS,push_NO_PIT
24,2,50,13743,1,0.9339885711669922,TP,1,race_track,3.6777822971343994,9.060903549194336,Austrian Grand Prix,G_track,push_PIT
24,2,50,13743,1,0.9339885711669922,TP,2,tcn_proba,3.118403434753418,3.118403434753418,0.8095842003822327,BASE_SIGNALS,push_PIT
24,2,50,13743,1,0.9339885711669922,TP,3,lap_time,1.2458144426345825,1.2458144426345825,73.012,G_pace,push_PIT
24,2,50,13743,1,0.9339885711669922,TP,4,p_xgb,1.0606937408447266,1.0606937408447266,0.15027214586734772,BASE_SIGNALS,push_PIT
24,2,50,13743,1,0.9339885711669922,TP,5,current_compound,-0.005969136953353882,0.7844575643539429,HARD,G_tyre,push_NO_PIT
24,2,50,13743,1,0.9339885711669922,TP,6,pit_stops_so_far_4,0.34479475021362305,0.34479475021362305,,OTHER,push_PIT
24,2,50,13743,1,0.9339885711669922,TP,7,track_category_1,-0.340909868478775,0.340909868478775,,OTHER,push_NO_PIT
24,2,50,13743,1,0.9339885711669922,TP,8,position_18,0.2343173772096634,0.2343173772096634,,OTHER,push_PIT
24,2,50,13743,1,0.9339885711669922,TP,9,pit_stops_so_far_0,0.23172251880168915,0.23172251880168915,,OTHER,push_PIT
24,2,50,13743,1,0.9339885711669922,TP,10,position_12,0.18860048055648804,0.18860048055648804,,OTHER,push_PIT
24,2,50,13743,1,0.9339885711669922,TP,11,fcy_status_4,0.1756778359413147,0.1756778359413147,,OTHER,push_PIT
24,2,50,13743,1,0.9339885711669922,TP,12,p_rf,0.12386204302310944,0.12386204302310944,0.42720871449275544,BASE_SIGNALS,push_PIT
24,7,22,13998,1,0.9279109239578247,TP,1,race_track,3.7965879440307617,8.206721305847168,Austrian Grand Prix,G_track,push_PIT
24,7,22,13998,1,0.9279109239578247,TP,2,tcn_proba,4.298491954803467,4.298491954803467,0.8507314324378967,BASE_SIGNALS,push_PIT
24,7,22,13998,1,0.9279109239578247,TP,3,lap_time,1.0641119480133057,1.0641119480133057,72.619,G_pace,push_PIT
24,7,22,13998,1,0.9279109239578247,TP,4,current_compound,-0.00565725564956665,0.7830047011375427,SOFT,G_tyre,push_NO_PIT
24,7,22,13998,1,0.9279109239578247,TP,5,p_xgb,0.5439974069595337,0.5439974069595337,0.04857928678393364,BASE_SIGNALS,push_PIT
24,7,22,13998,1,0.9279109239578247,TP,6,interval,0.4875088632106781,0.4875088632106781,0.0,G_traffic,push_PIT
24,7,22,13998,1,0.9279109239578247,TP,7,track_category_1,-0.3574039041996002,0.3574039041996002,,OTHER,push_NO_PIT
24,7,22,13998,1,0.9279109239578247,TP,8,pit_stops_so_far_4,0.34479475021362305,0.34479475021362305,,OTHER,push_PIT
24,7,22,13998,1,0.9279109239578247,TP,9,p_ann,0.2798469066619873,0.2798469066619873,0.459552526473999,BASE_SIGNALS,push_PIT
24,7,22,13998,1,0.9279109239578247,TP,10,pit_stops_so_far_0,0.21078570187091827,0.21078570187091827,,OTHER,push_PIT
24,7,22,13998,1,0.9279109239578247,TP,11,fcy_status_4,0.17873910069465637,0.17873910069465637,,OTHER,push_PIT
24,7,22,13998,1,0.9279109239578247,TP,12,p_svm,-0.17175740003585815,0.17175740003585815,0.03094911349252363,BASE_SIGNALS,push_NO_PIT
24,2,21,13714,1,0.927137553691864,TP,1,race_track,3.7992942333221436,8.316239356994629,Austrian Grand Prix,G_track,push_PIT
24,2,21,13714,1,0.927137553691864,TP,2,tcn_proba,4.020295143127441,4.020295143127441,0.8433794975280762,BASE_SIGNALS,push_PIT
24,2,21,13714,1,0.927137553691864,TP,3,lap_time,1.132016897201538,1.132016897201538,72.785,G_pace,push_PIT
24,2,21,13714,1,0.927137553691864,TP,4,current_compound,-0.018233686685562134,0.7961412668228149,SOFT,G_tyre,push_NO_PIT
24,2,21,13714,1,0.927137553691864,TP,5,p_xgb,0.5236659049987793,0.5236659049987793,0.050653617829084396,BASE_SIGNALS,push_PIT
24,2,21,13714,1,0.927137553691864,TP,6,track_category_1,-0.3574039041996002,0.3574039041996002,,OTHER,push_NO_PIT
24,2,21,13714,1,0.927137553691864,TP,7,pit_stops_so_far_4,0.34479475021362305,0.34479475021362305,,OTHER,push_PIT
24,2,21,13714,1,0.927137553691864,TP,8,p_ann,0.3053608238697052,0.3053608238697052,0.4477898180484772,BASE_SIGNALS,push_PIT
24,2,21,13714,1,0.927137553691864,TP,9,position_18,0.23454998433589935,0.23454998433589935,,OTHER,push_PIT
24,2,21,13714,1,0.927137553691864,TP,10,pit_stops_so_far_0,0.21078570187091827,0.21078570187091827,,OTHER,push_PIT
24,2,21,13714,1,0.927137553691864,TP,11,fcy_status_4,0.1756778359413147,0.1756778359413147,,OTHER,push_PIT
24,2,21,13714,1,0.927137553691864,TP,12,p_svm,-0.17273351550102234,0.17273351550102234,0.03988343385107582,BASE_SIGNALS,push_NO_PIT
24,5,21,13856,1,0.9029300808906555,TP,1,race_track,3.998009443283081,8.430233001708984,Austrian Grand Prix,G_track,push_PIT
24,5,21,13856,1,0.9029300808906555,TP,2,tcn_proba,4.392477512359619,4.392477512359619,0.8483453392982483,BASE_SIGNALS,push_PIT
24,5,21,13856,1,0.9029300808906555,TP,3,lap_time,1.0600708723068237,1.0600708723068237,72.674,G_pace,push_PIT
24,5,21,13856,1,0.9029300808906555,TP,4,current_compound,0.13755442202091217,0.6567326784133911,MEDIUM,G_tyre,push_PIT
24,5,21,13856,1,0.9029300808906555,TP,5,track_category_1,-0.3574039041996002,0.3574039041996002,,OTHER,push_NO_PIT
24,5,21,13856,1,0.9029300808906555,TP,6,pit_stops_so_far_4,0.3403867483139038,0.3403867483139038,,OTHER,push_PIT
24,5,21,13856,1,0.9029300808906555,TP,7,p_ann,0.29432323575019836,0.29432323575019836,0.4413917362689972,BASE_SIGNALS,push_PIT
24,5,21,13856,1,0.9029300808906555,TP,8,pit_stops_so_far_0,0.21078570187091827,0.21078570187091827,,OTHER,push_PIT
24,5,21,13856,1,0.9029300808906555,TP,9,p_xgb,0.20509307086467743,0.20509307086467743,0.02010386995971203,BASE_SIGNALS,push_PIT
24,5,21,13856,1,0.9029300808906555,TP,10,position_18,0.19905169308185577,0.19905169308185577,,OTHER,push_PIT
24,5,21,13856,1,0.9029300808906555,TP,11,p_svm,-0.182959645986557,0.182959645986557,0.014583176698221649,BASE_SIGNALS,push_NO_PIT
24,5,21,13856,1,0.9029300808906555,TP,12,interval,-0.17140451073646545,0.17140451073646545,1.4460000000003674,G_traffic,push_NO_PIT
53,5,41,30979,1,0.9859263896942139,TP,1,race_track,2.5443496704101562,8.393692016601562,Portuguese Grand Prix,G_track,push_PIT
53,5,41,30979,1,0.9859263896942139,TP,2,tcn_proba,4.245905876159668,4.245905876159668,0.9164307713508606,BASE_SIGNALS,push_PIT
53,5,41,30979,1,0.9859263896942139,TP,3,p_xgb,1.4364351034164429,1.4364351034164429,0.8892349004745483,BASE_SIGNALS,push_PIT
53,5,41,30979,1,0.9859263896942139,TP,4,current_compound,0.04402393102645874,0.6537485718727112,MEDIUM,G_tyre,push_PIT
53,5,41,30979,1,0.9859263896942139,TP,5,interval,0.5288211703300476,0.5288211703300476,0.0,G_traffic,push_PIT
53,5,41,30979,1,0.9859263896942139,TP,6,p_svm,0.2854924499988556,0.2854924499988556,0.8712526192623897,BASE_SIGNALS,push_PIT
53,5,41,30979,1,0.9859263896942139,TP,7,p_ann,0.25894784927368164,0.25894784927368164,0.7046785950660706,BASE_SIGNALS,push_PIT
53,5,41,30979,1,0.9859263896942139,TP,8,pit_stops_so_far_0,0.2294897884130478,0.2294897884130478,,OTHER,push_PIT
53,5,41,30979,1,0.9859263896942139,TP,9,pit_stops_so_far_4,0.21478614211082458,0.21478614211082458,,OTHER,push_PIT
53,5,41,30979,1,0.9859263896942139,TP,10,fcy_status_4,0.20156864821910858,0.20156864821910858,,OTHER,push_PIT
53,5,41,30979,1,0.9859263896942139,TP,11,track_category_1,-0.15964587032794952,0.15964587032794952,,OTHER,push_NO_PIT
53,5,41,30979,1,0.9859263896942139,TP,12,position_16,0.11757387220859528,0.11757387220859528,,OTHER,push_PIT
53,2,27,30769,1,0.9722806215286255,TP,1,race_track,2.9882619380950928,8.287511825561523,Portuguese Grand Prix,G_track,push_PIT
53,2,27,30769,1,0.9722806215286255,TP,2,tcn_proba,4.593780517578125,4.593780517578125,0.9075846076011658,BASE_SIGNALS,push_PIT
53,2,27,30769,1,0.9722806215286255,TP,3,p_xgb,1.0985277891159058,1.0985277891159058,0.5110891461372375,BASE_SIGNALS,push_PIT
53,2,27,30769,1,0.9722806215286255,TP,4,current_compound,-0.019046396017074585,0.6810824871063232,MEDIUM,G_tyre,push_NO_PIT
53,2,27,30769,1,0.9722806215286255,TP,5,p_ann,0.44688817858695984,0.44688817858695984,0.5947471857070923,BASE_SIGNALS,push_PIT
53,2,27,30769,1,0.9722806215286255,TP,6,track_category_1,-0.24258753657341003,0.24258753657341003,,OTHER,push_NO_PIT
53,2,27,30769,1,0.9722806215286255,TP,7,pit_stops_so_far_0,0.2294897884130478,0.2294897884130478,,OTHER,push_PIT
53,2,27,30769,1,0.9722806215286255,TP,8,pit_stops_so_far_4,0.21478614211082458,0.21478614211082458,,OTHER,push_PIT
53,2,27,30769,1,0.9722806215286255,TP,9,fcy_status_4,0.17873910069465637,0.17873910069465637,,OTHER,push_PIT
53,2,27,30769,1,0.9722806215286255,TP,10,position_16,0.12031178176403046,0.12031178176403046,,OTHER,push_PIT
53,2,27,30769,1,0.9722806215286255,TP,11,position_18,0.10640687495470047,0.10640687495470047,,OTHER,push_PIT
53,2,27,30769,1,0.9722806215286255,TP,12,position_12,0.10446810722351074,0.10446810722351074,,OTHER,push_PIT
53,1,40,30716,1,0.9697507619857788,TP,1,race_track,2.575052261352539,8.35832405090332,Portuguese Grand Prix,G_track,push_PIT
53,1,40,30716,1,0.9697507619857788,TP,2,tcn_proba,4.387182235717773,4.387182235717773,0.9184389710426331,BASE_SIGNALS,push_PIT
53,1,40,30716,1,0.9697507619857788,TP,3,p_xgb,1.3155834674835205,1.3155834674835205,0.7449864149093628,BASE_SIGNALS,push_PIT
53,1,40,30716,1,0.9697507619857788,TP,4,current_compound,0.04392516613006592,0.6541063189506531,MEDIUM,G_tyre,push_PIT
53,1,40,30716,1,0.9697507619857788,TP,5,interval,0.5701635479927063,0.5701635479927063,0.0,G_traffic,push_PIT
53,1,40,30716,1,0.9697507619857788,TP,6,p_ann,0.25974732637405396,0.25974732637405396,0.7000818848609924,BASE_SIGNALS,push_PIT
53,1,40,30716,1,0.9697507619857788,TP,7,pit_stops_so_far_0,0.2294897884130478,0.2294897884130478,,OTHER,push_PIT
53,1,40,30716,1,0.9697507619857788,TP,8,pit_stops_so_far_4,0.21478614211082458,0.21478614211082458,,OTHER,push_PIT
53,1,40,30716,1,0.9697507619857788,TP,9,fcy_status_4,0.20156864821910858,0.20156864821910858,,OTHER,push_PIT
53,1,40,30716,1,0.9697507619857788,TP,10,track_category_1,-0.19369608163833618,0.19369608163833618,,OTHER,push_NO_PIT
53,1,40,30716,1,0.9697507619857788,TP,11,lap_time,-0.18132321536540985,0.18132321536540985,84.688,G_pace,push_NO_PIT
53,1,40,30716,1,0.9697507619857788,TP,12,position_16,0.11757387220859528,0.11757387220859528,,OTHER,push_PIT
53,8,45,31180,1,0.968913733959198,TP,1,race_track,2.934154987335205,8.177925109863281,Portuguese Grand Prix,G_track,push_PIT
53,8,45,31180,1,0.968913733959198,TP,2,tcn_proba,4.408068656921387,4.408068656921387,0.8845866918563843,BASE_SIGNALS,push_PIT
53,8,45,31180,1,0.968913733959198,TP,3,p_xgb,1.213736653327942,1.213736653327942,0.632592499256134,BASE_SIGNALS,push_PIT
53,8,45,31180,1,0.968913733959198,TP,4,current_compound,-0.0046592652797698975,0.6666158437728882,MEDIUM,G_tyre,push_NO_PIT
53,8,45,31180,1,0.968913733959198,TP,5,p_ann,0.4471052885055542,0.4471052885055542,0.643316924571991,BASE_SIGNALS,push_PIT
53,8,45,31180,1,0.968913733959198,TP,6,track_category_1,-0.24372637271881104,0.24372637271881104,,OTHER,push_NO_PIT
53,8,45,31180,1,0.968913733959198,TP,7,pit_stops_so_far_0,0.2294897884130478,0.2294897884130478,,OTHER,push_PIT
53,8,45,31180,1,0.968913733959198,TP,8,lap_time,-0.21583342552185059,0.21583342552185059,85.536,G_pace,push_NO_PIT
53,8,45,31180,1,0.968913733959198,TP,9,pit_stops_so_far_4,0.21478614211082458,0.21478614211082458,,OTHER,push_PIT
53,8,45,31180,1,0.968913733959198,TP,10,position_18,0.20021744072437286,0.20021744072437286,,OTHER,push_PIT
53,8,45,31180,1,0.968913733959198,TP,11,position_12,0.18947400152683258,0.18947400152683258,,OTHER,push_PIT
53,8,45,31180,1,0.968913733959198,TP,12,fcy_status_4,0.1756778359413147,0.1756778359413147,,OTHER,push_PIT
53,7,34,31103,1,0.9665586352348328,TP,1,race_track,2.737863302230835,8.153007507324219,Portuguese Grand Prix,G_track,push_PIT
53,7,34,31103,1,0.9665586352348328,TP,2,tcn_proba,4.554380893707275,4.554380893707275,0.9124735593795776,BASE_SIGNALS,push_PIT
53,7,34,31103,1,0.9665586352348328,TP,3,p_xgb,1.0241624116897583,1.0241624116897583,0.29367345571517944,BASE_SIGNALS,push_PIT
53,7,34,31103,1,0.9665586352348328,TP,4,current_compound,-0.03431200981140137,0.6962685585021973,MEDIUM,G_tyre,push_NO_PIT
53,7,34,31103,1,0.9665586352348328,TP,5,track_category_1,-0.30211779475212097,0.30211779475212097,,OTHER,push_NO_PIT
53,7,34,31103,1,0.9665586352348328,TP,6,p_ann,0.28138911724090576,0.28138911724090576,0.6893414258956909,BASE_SIGNALS,push_PIT
53,7,34,31103,1,0.9665586352348328,TP,7,interval,0.2596268057823181,0.2596268057823181,24.46900000000005,G_traffic,push_PIT
53,7,34,31103,1,0.9665586352348328,TP,8,lap_time,-0.2363438606262207,0.2363438606262207,85.161,G_pace,push_NO_PIT
53,7,34,31103,1,0.9665586352348328,TP,9,pit_stops_so_far_0,0.2294897884130478,0.2294897884130478,,OTHER,push_PIT
53,7,34,31103,1,0.9665586352348328,TP,10,pit_stops_so_far_4,0.21478614211082458,0.21478614211082458,,OTHER,push_PIT
53,7,34,31103,1,0.9665586352348328,TP,11,position_18,0.19762970507144928,0.19762970507144928,,OTHER,push_PIT
53,7,34,31103,1,0.9665586352348328,TP,12,fcy_status_4,0.1756778359413147,0.1756778359413147,,OTHER,push_PIT
53,17,53,31318,1,0.9606577754020691,TP,1,race_track,2.652067184448242,8.556059837341309,Portuguese Grand Prix,G_track,push_PIT
53,17,53,31318,1,0.9606577754020691,TP,2,tcn_proba,3.898725748062134,3.898725748062134,0.8984493613243103,BASE_SIGNALS,push_PIT
53,17,53,31318,1,0.9606577754020691,TP,3,p_xgb,1.1240609884262085,1.1240609884262085,0.6115177869796753,BASE_SIGNALS,push_PIT
53,17,53,31318,1,0.9606577754020691,TP,4,p_ann,0.8437144756317139,0.8437144756317139,0.6869496703147888,BASE_SIGNALS,push_PIT
53,17,53,31318,1,0.9606577754020691,TP,5,current_compound,0.06616641581058502,0.5950655937194824,MEDIUM,G_tyre,push_PIT
53,17,53,31318,1,0.9606577754020691,TP,6,lapno,-0.3386441767215729,0.3386441767215729,53,G_race_phase,push_NO_PIT
53,17,53,31318,1,0.9606577754020691,TP,7,interval,0.2895418405532837,0.2895418405532837,17.1279999999997,G_traffic,push_PIT
53,17,53,31318,1,0.9606577754020691,TP,8,pit_stops_so_far_0,0.2294897884130478,0.2294897884130478,,OTHER,push_PIT
53,17,53,31318,1,0.9606577754020691,TP,9,pit_stops_so_far_4,0.21478614211082458,0.21478614211082458,,OTHER,push_PIT
53,17,53,31318,1,0.9606577754020691,TP,10,lap_time,-0.2018822580575943,0.2018822580575943,85.497,G_pace,push_NO_PIT
53,17,53,31318,1,0.9606577754020691,TP,11,position_18,0.19762970507144928,0.19762970507144928,,OTHER,push_PIT
53,17,53,31318,1,0.9606577754020691,TP,12,position_12,0.18947400152683258,0.18947400152683258,,OTHER,push_PIT
53,6,26,31030,1,0.9432114958763123,TP,1,race_track,3.013895273208618,8.481508255004883,Portuguese Grand Prix,G_track,push_PIT
53,6,26,31030,1,0.9432114958763123,TP,2,tcn_proba,4.448525428771973,4.448525428771973,0.9116904139518738,BASE_SIGNALS,push_PIT
53,6,26,31030,1,0.9432114958763123,TP,3,p_xgb,0.9369980096817017,0.9369980096817017,0.2592977285385132,BASE_SIGNALS,push_PIT
53,6,26,31030,1,0.9432114958763123,TP,4,current_compound,0.019840598106384277,0.6414709091186523,SOFT,G_tyre,push_PIT
53,6,26,31030,1,0.9432114958763123,TP,5,p_ann,0.4125799834728241,0.4125799834728241,0.6242775917053223,BASE_SIGNALS,push_PIT
53,6,26,31030,1,0.9432114958763123,TP,6,pit_stops_so_far_4,0.25760698318481445,0.25760698318481445,,OTHER,push_PIT
53,6,26,31030,1,0.9432114958763123,TP,7,pit_stops_so_far_0,0.2294897884130478,0.2294897884130478,,OTHER,push_PIT
53,6,26,31030,1,0.9432114958763123,TP,8,position_18,0.20021744072437286,0.20021744072437286,,OTHER,push_PIT
53,6,26,31030,1,0.9432114958763123,TP,9,fcy_status_4,0.1985073834657669,0.1985073834657669,,OTHER,push_PIT
53,6,26,31030,1,0.9432114958763123,TP,10,track_category_1,-0.1745070219039917,0.1745070219039917,,OTHER,push_NO_PIT
53,6,26,31030,1,0.9432114958763123,TP,11,position_16,0.12031178176403046,0.12031178176403046,,OTHER,push_PIT
53,6,26,31030,1,0.9432114958763123,TP,12,position_12,0.10446810722351074,0.10446810722351074,,OTHER,push_PIT
53,16,28,31228,1,0.9258771538734436,TP,1,race_track,3.358490467071533,8.096686363220215,Portuguese Grand Prix,G_track,push_PIT
53,16,28,31228,1,0.9258771538734436,TP,2,tcn_proba,4.685766220092773,4.685766220092773,0.9122079014778137,BASE_SIGNALS,push_PIT
53,16,28,31228,1,0.9258771538734436,TP,3,p_xgb,0.9865059852600098,0.9865059852600098,0.1531846672296524,BASE_SIGNALS,push_PIT
53,16,28,31228,1,0.9258771538734436,TP,4,current_compound,-0.024043112993240356,0.7079943418502808,SOFT,G_tyre,push_NO_PIT
53,16,28,31228,1,0.9258771538734436,TP,5,p_ann,0.44010987877845764,0.44010987877845764,0.6608104109764099,BASE_SIGNALS,push_PIT
53,16,28,31228,1,0.9258771538734436,TP,6,pit_stops_so_far_4,0.34479475021362305,0.34479475021362305,,OTHER,push_PIT
53,16,28,31228,1,0.9258771538734436,TP,7,track_category_1,-0.3400140702724457,0.3400140702724457,,OTHER,push_NO_PIT
53,16,28,31228,1,0.9258771538734436,TP,8,lap_time,-0.27709925174713135,0.27709925174713135,86.273,G_pace,push_NO_PIT
53,16,28,31228,1,0.9258771538734436,TP,9,interval,0.23500868678092957,0.23500868678092957,21.961000000000237,G_traffic,push_PIT
53,16,28,31228,1,0.9258771538734436,TP,10,pit_stops_so_far_0,0.2294897884130478,0.2294897884130478,,OTHER,push_PIT
53,16,28,31228,1,0.9258771538734436,TP,11,position_18,0.21567772328853607,0.21567772328853607,,OTHER,push_PIT
53,16,28,31228,1,0.9258771538734436,TP,12,fcy_status_4,0.1756778359413147,0.1756778359413147,,OTHER,push_PIT
53,4,14,30887,1,0.9110966324806213,TP,1,race_track,3.3140854835510254,7.522436141967773,Portuguese Grand Prix,G_track,push_PIT
53,4,14,30887,1,0.9110966324806213,TP,2,tcn_proba,4.741239070892334,4.741239070892334,0.883927047252655,BASE_SIGNALS,push_PIT
53,4,14,30887,1,0.9110966324806213,TP,3,p_xgb,0.9101048707962036,0.9101048707962036,0.08874614536762238,BASE_SIGNALS,push_PIT
53,4,14,30887,1,0.9110966324806213,TP,4,current_compound,-0.04851922392845154,0.7422598600387573,SOFT,G_tyre,push_NO_PIT
53,4,14,30887,1,0.9110966324806213,TP,5,p_ann,0.44841644167900085,0.44841644167900085,0.5595437288284302,BASE_SIGNALS,push_PIT
53,4,14,30887,1,0.9110966324806213,TP,6,pit_stops_so_far_4,0.34479475021362305,0.34479475021362305,,OTHER,push_PIT
53,4,14,30887,1,0.9110966324806213,TP,7,track_category_1,-0.31947436928749084,0.31947436928749084,,OTHER,push_NO_PIT
53,4,14,30887,1,0.9110966324806213,TP,8,tyre_age,0.2519722580909729,0.2519722580909729,19.0,G_tyre,push_PIT
53,4,14,30887,1,0.9110966324806213,TP,9,position_18,0.2095680683851242,0.2095680683851242,,OTHER,push_PIT
53,4,14,30887,1,0.9110966324806213,TP,10,lap_time,-0.20916537940502167,0.20916537940502167,86.865,G_pace,push_NO_PIT
53,4,14,30887,1,0.9110966324806213,TP,11,fcy_status_4,0.17873910069465637,0.17873910069465637,,OTHER,push_PIT
53,4,14,30887,1,0.9110966324806213,TP,12,pit_stops_so_far_0,0.1617596596479416,0.1617596596479416,,OTHER,push_PIT
53,3,23,30830,1,0.9068111777305603,TP,1,race_track,3.357804775238037,7.798275947570801,Portuguese Grand Prix,G_track,push_PIT
53,3,23,30830,1,0.9068111777305603,TP,2,tcn_proba,4.727398872375488,4.727398872375488,0.9080451130867004,BASE_SIGNALS,push_PIT
53,3,23,30830,1,0.9068111777305603,TP,3,p_xgb,0.9748437404632568,0.9748437404632568,0.15005247294902802,BASE_SIGNALS,push_PIT
53,3,23,30830,1,0.9068111777305603,TP,4,current_compound,-0.035872071981430054,0.7269059419631958,SOFT,G_tyre,push_NO_PIT
53,3,23,30830,1,0.9068111777305603,TP,5,p_ann,0.40633657574653625,0.40633657574653625,0.6096965074539185,BASE_SIGNALS,push_PIT
53,3,23,30830,1,0.9068111777305603,TP,6,lap_time,-0.38831257820129395,0.38831257820129395,85.538,G_pace,push_NO_PIT
53,3,23,30830,1,0.9068111777305603,TP,7,track_category_1,-0.3563850224018097,0.3563850224018097,,OTHER,push_NO_PIT
53,3,23,30830,1,0.9068111777305603,TP,8,pit_stops_so_far_4,0.34479475021362305,0.34479475021362305,,OTHER,push_PIT
53,3,23,30830,1,0.9068111777305603,TP,9,position_18,0.2095680683851242,0.2095680683851242,,OTHER,push_PIT
53,3,23,30830,1,0.9068111777305603,TP,10,pit_stops_so_far_0,0.19804954528808594,0.19804954528808594,,OTHER,push_PIT
53,3,23,30830,1,0.9068111777305603,TP,11,fcy_status_4,0.17873910069465637,0.17873910069465637,,OTHER,push_PIT
53,3,23,30830,1,0.9068111777305603,TP,12,position_16,0.12031178176403046,0.12031178176403046,,OTHER,push_PIT
53,17,34,31299,0,0.9710010290145874,FP,1,race_track,2.6153252124786377,8.398995399475098,Portuguese Grand Prix,G_track,push_PIT
53,17,34,31299,0,0.9710010290145874,FP,2,tcn_proba,4.528040885925293,4.528040885925293,0.9093593955039978,BASE_SIGNALS,push_PIT
53,17,34,31299,0,0.9710010290145874,FP,3,p_xgb,1.0676953792572021,1.0676953792572021,0.4718495309352875,BASE_SIGNALS,push_PIT
53,17,34,31299,0,0.9710010290145874,FP,4,current_compound,-0.004099428653717041,0.6654109358787537,MEDIUM,G_tyre,push_NO_PIT
53,17,34,31299,0,0.9710010290145874,FP,5,p_ann,0.4584437608718872,0.4584437608718872,0.5615813732147217,BASE_SIGNALS,push_PIT
53,17,34,31299,0,0.9710010290145874,FP,6,lap_time,-0.2905672490596771,0.2905672490596771,84.552,G_pace,push_NO_PIT
53,17,34,31299,0,0.9710010290145874,FP,7,track_category_1,-0.2592015266418457,0.2592015266418457,,OTHER,push_NO_PIT
53,17,34,31299,0,0.9710010290145874,FP,8,pit_stops_so_far_0,0.2294897884130478,0.2294897884130478,,OTHER,push_PIT
53,17,34,31299,0,0.9710010290145874,FP,9,pit_stops_so_far_4,0.21478614211082458,0.21478614211082458,,OTHER,push_PIT
53,17,34,31299,0,0.9710010290145874,FP,10,fcy_status_4,0.20156864821910858,0.20156864821910858,,OTHER,push_PIT
53,17,34,31299,0,0.9710010290145874,FP,11,position_18,0.16492679715156555,0.16492679715156555,,OTHER,push_PIT
53,17,34,31299,0,0.9710010290145874,FP,12,position_16,0.11757387220859528,0.11757387220859528,,OTHER,push_PIT
53,6,20,31024,0,0.8651988506317139,FP,1,race_track,3.320075750350952,7.879953384399414,Portuguese Grand Prix,G_track,push_PIT
53,6,20,31024,0,0.8651988506317139,FP,2,tcn_proba,4.952699661254883,4.952699661254883,0.894160270690918,BASE_SIGNALS,push_PIT
53,6,20,31024,0,0.8651988506317139,FP,3,current_compound,0.16704781353473663,0.6987482905387878,SOFT,G_tyre,push_PIT
53,6,20,31024,0,0.8651988506317139,FP,4,p_ann,0.4601852595806122,0.4601852595806122,0.560605525970459,BASE_SIGNALS,push_PIT
53,6,20,31024,0,0.8651988506317139,FP,5,track_category_1,-0.39737337827682495,0.39737337827682495,,OTHER,push_NO_PIT
53,6,20,31024,0,0.8651988506317139,FP,6,pit_stops_so_far_4,0.3403867483139038,0.3403867483139038,,OTHER,push_PIT
53,6,20,31024,0,0.8651988506317139,FP,7,lap_time,-0.3225927948951721,0.3225927948951721,84.982,G_pace,push_NO_PIT
53,6,20,31024,0,0.8651988506317139,FP,8,p_xgb,0.2810903489589691,0.2810903489589691,0.025220384821295738,BASE_SIGNALS,push_PIT
53,6,20,31024,0,0.8651988506317139,FP,9,position_18,0.2095680683851242,0.2095680683851242,,OTHER,push_PIT
53,6,20,31024,0,0.8651988506317139,FP,10,race_progress,0.1877163201570511,0.1877163201570511,0.303030303030303,G_race_phase,push_PIT
53,6,20,31024,0,0.8651988506317139,FP,11,pit_stops_so_far_0,0.17934545874595642,0.17934545874595642,,OTHER,push_PIT
53,6,20,31024,0,0.8651988506317139,FP,12,fcy_status_4,0.150549054145813,0.150549054145813,,OTHER,push_PIT
53,16,55,31255,0,0.7676593661308289,FP,1,race_track,3.8438262939453125,8.312192916870117,Portuguese Grand Prix,G_track,push_PIT
53,16,55,31255,0,0.7676593661308289,FP,2,tcn_proba,4.106016635894775,4.106016635894775,0.8382979035377502,BASE_SIGNALS,push_PIT
53,16,55,31255,0,0.7676593661308289,FP,3,current_compound,0.20089775323867798,0.6685096025466919,MEDIUM,G_tyre,push_PIT
53,16,55,31255,0,0.7676593661308289,FP,4,p_rf,0.5098953247070312,0.5098953247070312,0.007118353169831768,BASE_SIGNALS,push_PIT
53,16,55,31255,0,0.7676593661308289,FP,5,track_category_1,-0.38381969928741455,0.38381969928741455,,OTHER,push_NO_PIT
53,16,55,31255,0,0.7676593661308289,FP,6,pit_stops_so_far_4,0.31960904598236084,0.31960904598236084,,OTHER,push_PIT
53,16,55,31255,0,0.7676593661308289,FP,7,p_ann,0.2863377630710602,0.2863377630710602,0.48313650488853455,BASE_SIGNALS,push_PIT
53,16,55,31255,0,0.7676593661308289,FP,8,p_xgb,0.2841987609863281,0.2841987609863281,0.02551828697323799,BASE_SIGNALS,push_PIT
53,16,55,31255,0,0.7676593661308289,FP,9,position_18,0.2720204293727875,0.2720204293727875,,OTHER,push_PIT
53,16,55,31255,0,0.7676593661308289,FP,10,lapno,0.26819801330566406,0.26819801330566406,55,G_race_phase,push_PIT
53,16,55,31255,0,0.7676593661308289,FP,11,lap_time,-0.23946771025657654,0.23946771025657654,84.265,G_pace,push_NO_PIT
53,16,55,31255,0,0.7676593661308289,FP,12,pit_stops_so_far_0,0.17934545874595642,0.17934545874595642,,OTHER,push_PIT
53,4,45,30918,0,0.5495396256446838,FP,1,race_track,2.885106325149536,8.559672355651855,Portuguese Grand Prix,G_track,push_PIT
53,4,45,30918,0,0.5495396256446838,FP,2,tcn_proba,1.6731181144714355,1.6731181144714355,0.7062039971351624,BASE_SIGNALS,push_PIT
53,4,45,30918,0,0.5495396256446838,FP,3,p_xgb,1.1868704557418823,1.1868704557418823,0.2993086576461792,BASE_SIGNALS,push_PIT
53,4,45,30918,0,0.5495396256446838,FP,4,current_compound,0.04868626594543457,0.693859338760376,MEDIUM,G_tyre,push_PIT
53,4,45,30918,0,0.5495396256446838,FP,5,p_ann,0.45844781398773193,0.45844781398773193,0.5121275782585144,BASE_SIGNALS,push_PIT
53,4,45,30918,0,0.5495396256446838,FP,6,track_category_1,-0.37512797117233276,0.37512797117233276,,OTHER,push_NO_PIT
53,4,45,30918,0,0.5495396256446838,FP,7,lap_time,-0.25118300318717957,0.25118300318717957,83.736,G_pace,push_NO_PIT
53,4,45,30918,0,0.5495396256446838,FP,8,position_18,0.23613636195659637,0.23613636195659637,,OTHER,push_PIT
53,4,45,30918,0,0.5495396256446838,FP,9,pit_stops_so_far_0,0.2294897884130478,0.2294897884130478,,OTHER,push_PIT
53,4,45,30918,0,0.5495396256446838,FP,10,pit_stops_so_far_4,0.21478614211082458,0.21478614211082458,,OTHER,push_PIT
53,4,45,30918,0,0.5495396256446838,FP,11,position_12,0.18947400152683258,0.18947400152683258,,OTHER,push_PIT
53,4,45,30918,0,0.5495396256446838,FP,12,fcy_status_4,0.17873910069465637,0.17873910069465637,,OTHER,push_PIT
53,8,1,31136,1,0.06384709477424622,FN,1,race_track,4.166622161865234,7.314465045928955,Portuguese Grand Prix,G_track,push_PIT
53,8,1,31136,1,0.06384709477424622,FN,2,tcn_proba,1.1986140012741089,1.1986140012741089,0.6462430953979492,BASE_SIGNALS,push_PIT
53,8,1,31136,1,0.06384709477424622,FN,3,lap_time,-0.6481069922447205,0.6481069922447205,107.446,G_pace,push_NO_PIT
53,8,1,31136,1,0.06384709477424622,FN,4,lapno,0.5176445841789246,0.5176445841789246,1,G_race_phase,push_PIT
53,8,1,31136,1,0.06384709477424622,FN,5,current_compound,0.42694079875946045,0.4675661325454712,SOFT,G_tyre,push_PIT
53,8,1,31136,1,0.06384709477424622,FN,6,pit_stops_so_far_4,0.3121331036090851,0.3121331036090851,,OTHER,push_PIT
53,8,1,31136,1,0.06384709477424622,FN,7,p_rf,0.2950216233730316,0.2950216233730316,0.04771989937067563,BASE_SIGNALS,push_PIT
53,8,1,31136,1,0.06384709477424622,FN,8,tyre_age,0.24029988050460815,0.24029988050460815,5.0,G_tyre,push_PIT
53,8,1,31136,1,0.06384709477424622,FN,9,position_18,0.21205668151378632,0.21205668151378632,,OTHER,push_PIT
53,8,1,31136,1,0.06384709477424622,FN,10,p_ann,0.17409925162792206,0.17409925162792206,0.5998446941375732,BASE_SIGNALS,push_PIT
53,8,1,31136,1,0.06384709477424622,FN,11,fcy_status_4,0.1474877893924713,0.1474877893924713,,OTHER,push_PIT
53,8,1,31136,1,0.06384709477424622,FN,12,p_xgb,0.14613544940948486,0.14613544940948486,0.016200242564082146,BASE_SIGNALS,push_PIT
73,17,22,42396,1,0.9752639532089233,TP,1,race_track,3.255622625350952,8.03997802734375,Portuguese Grand Prix,G_track,push_PIT
73,17,22,42396,1,0.9752639532089233,TP,2,tcn_proba,4.48524284362793,4.48524284362793,0.8694583773612976,BASE_SIGNALS,push_PIT
73,17,22,42396,1,0.9752639532089233,TP,3,p_xgb,1.090199589729309,1.090199589729309,0.3576282858848572,BASE_SIGNALS,push_PIT
73,17,22,42396,1,0.9752639532089233,TP,4,current_compound,-0.08148199319839478,0.7725158333778381,SOFT,G_tyre,push_NO_PIT
73,17,22,42396,1,0.9752639532089233,TP,5,p_ann,0.4846545159816742,0.4846545159816742,0.5435941219329834,BASE_SIGNALS,push_PIT
73,17,22,42396,1,0.9752639532089233,TP,6,interval,0.4841185510158539,0.4841185510158539,0.2300000000000182,G_traffic,push_PIT
73,17,22,42396,1,0.9752639532089233,TP,7,track_category_1,-0.28328776359558105,0.28328776359558105,,OTHER,push_NO_PIT
73,17,22,42396,1,0.9752639532089233,TP,8,pit_stops_so_far_0,0.2294897884130478,0.2294897884130478,,OTHER,push_PIT
73,17,22,42396,1,0.9752639532089233,TP,9,pit_stops_so_far_4,0.21478614211082458,0.21478614211082458,,OTHER,push_PIT
73,17,22,42396,1,0.9752639532089233,TP,10,fcy_status_4,0.17873910069465637,0.17873910069465637,,OTHER,push_PIT
73,17,22,42396,1,0.9752639532089233,TP,11,tyre_age,0.15125520527362823,0.15125520527362823,25.0,G_tyre,push_PIT
73,17,22,42396,1,0.9752639532089233,TP,12,lap_time,-0.13893796503543854,0.13893796503543854,87.289,G_pace,push_NO_PIT
73,4,41,42085,1,0.9707711338996887,TP,1,race_track,2.803903341293335,8.469191551208496,Portuguese Grand Prix,G_track,push_PIT
73,4,41,42085,1,0.9707711338996887,TP,2,tcn_proba,4.371784687042236,4.371784687042236,0.8958516716957092,BASE_SIGNALS,push_PIT
73,4,41,42085,1,0.9707711338996887,TP,3,p_xgb,1.040393590927124,1.040393590927124,0.45627114176750183,BASE_SIGNALS,push_PIT
73,4,41,42085,1,0.9707711338996887,TP,4,current_compound,-0.005021542310714722,0.6662535667419434,MEDIUM,G_tyre,push_NO_PIT
73,4,41,42085,1,0.9707711338996887,TP,5,p_ann,0.4316409230232239,0.4316409230232239,0.6611142754554749,BASE_SIGNALS,push_PIT
73,4,41,42085,1,0.9707711338996887,TP,6,interval,0.25747647881507874,0.25747647881507874,13.490000000000691,G_traffic,push_PIT
73,4,41,42085,1,0.9707711338996887,TP,7,track_category_1,-0.24372637271881104,0.24372637271881104,,OTHER,push_NO_PIT
73,4,41,42085,1,0.9707711338996887,TP,8,pit_stops_so_far_0,0.2294897884130478,0.2294897884130478,,OTHER,push_PIT
73,4,41,42085,1,0.9707711338996887,TP,9,lap_time,-0.22414551675319672,0.22414551675319672,86.217,G_pace,push_NO_PIT
73,4,41,42085,1,0.9707711338996887,TP,10,pit_stops_so_far_4,0.21478614211082458,0.21478614211082458,,OTHER,push_PIT
73,4,41,42085,1,0.9707711338996887,TP,11,fcy_status_4,0.1985073834657669,0.1985073834657669,,OTHER,push_PIT
73,4,41,42085,1,0.9707711338996887,TP,12,position_18,0.19762970507144928,0.19762970507144928,,OTHER,push_PIT
73,1,37,42015,1,0.9649810194969177,TP,1,race_track,2.4696362018585205,8.057247161865234,Portuguese Grand Prix,G_track,push_PIT
73,1,37,42015,1,0.9649810194969177,TP,2,tcn_proba,4.630264759063721,4.630264759063721,0.9019648432731628,BASE_SIGNALS,push_PIT
73,1,37,42015,1,0.9649810194969177,TP,3,p_xgb,1.0821934938430786,1.0821934938430786,0.3135686218738556,BASE_SIGNALS,push_PIT
73,1,37,42015,1,0.9649810194969177,TP,4,current_compound,-0.0006864070892333984,0.699442446231842,MEDIUM,G_tyre,push_NO_PIT
73,1,37,42015,1,0.9649810194969177,TP,5,interval,0.5094118714332581,0.5094118714332581,0.0,G_traffic,push_PIT
73,1,37,42015,1,0.9649810194969177,TP,6,track_category_1,-0.2805171310901642,0.2805171310901642,,OTHER,push_NO_PIT
73,1,37,42015,1,0.9649810194969177,TP,7,p_ann,0.2776848077774048,0.2776848077774048,0.7251242399215698,BASE_SIGNALS,push_PIT
73,1,37,42015,1,0.9649810194969177,TP,8,pit_stops_so_far_0,0.2294897884130478,0.2294897884130478,,OTHER,push_PIT
73,1,37,42015,1,0.9649810194969177,TP,9,pit_stops_so_far_4,0.21478614211082458,0.21478614211082458,,OTHER,push_PIT
73,1,37,42015,1,0.9649810194969177,TP,10,lap_time,-0.20844411849975586,0.20844411849975586,85.526,G_pace,push_NO_PIT
73,1,37,42015,1,0.9649810194969177,TP,11,fcy_status_4,0.17873910069465637,0.17873910069465637,,OTHER,push_PIT
73,1,37,42015,1,0.9649810194969177,TP,12,position_16,0.11757387220859528,0.11757387220859528,,OTHER,push_PIT
73,11,40,42282,1,0.9484130144119263,TP,1,race_track,3.096346139907837,8.275591850280762,Portuguese Grand Prix,G_track,push_PIT
73,11,40,42282,1,0.9484130144119263,TP,2,tcn_proba,4.4511542320251465,4.4511542320251465,0.8926210403442383,BASE_SIGNALS,push_PIT
73,11,40,42282,1,0.9484130144119263,TP,3,p_xgb,1.001822590827942,1.001822590827942,0.219551220536232,BASE_SIGNALS,push_PIT
73,11,40,42282,1,0.9484130144119263,TP,4,current_compound,0.019800841808319092,0.6414311528205872,MEDIUM,G_tyre,push_PIT
73,11,40,42282,1,0.9484130144119263,TP,5,p_ann,0.43631798028945923,0.43631798028945923,0.6489393711090088,BASE_SIGNALS,push_PIT
73,11,40,42282,1,0.9484130144119263,TP,6,pit_stops_so_far_4,0.34479475021362305,0.34479475021362305,,OTHER,push_PIT
73,11,40,42282,1,0.9484130144119263,TP,7,pit_stops_so_far_0,0.2294897884130478,0.2294897884130478,,OTHER,push_PIT
73,11,40,42282,1,0.9484130144119263,TP,8,position_18,0.20021744072437286,0.20021744072437286,,OTHER,push_PIT
73,11,40,42282,1,0.9484130144119263,TP,9,fcy_status_4,0.1985073834657669,0.1985073834657669,,OTHER,push_PIT
73,11,40,42282,1,0.9484130144119263,TP,10,track_category_1,-0.17540283501148224,0.17540283501148224,,OTHER,push_NO_PIT
73,11,40,42282,1,0.9484130144119263,TP,11,p_rf,0.12033556401729584,0.12033556401729584,0.3054684755820533,BASE_SIGNALS,push_PIT
73,11,40,42282,1,0.9484130144119263,TP,12,position_16,0.11757387220859528,0.11757387220859528,,OTHER,push_PIT
73,7,25,42135,1,0.8837487101554871,TP,1,race_track,3.610987663269043,8.041300773620605,Portuguese Grand Prix,G_track,push_PIT
73,7,25,42135,1,0.8837487101554871,TP,2,tcn_proba,4.588770389556885,4.588770389556885,0.874882698059082,BASE_SIGNALS,push_PIT
73,7,25,42135,1,0.8837487101554871,TP,3,p_xgb,0.9920860528945923,0.9920860528945923,0.13575288653373718,BASE_SIGNALS,push_PIT
73,7,25,42135,1,0.8837487101554871,TP,4,current_compound,-0.016324371099472046,0.7157130241394043,MEDIUM,G_tyre,push_NO_PIT
73,7,25,42135,1,0.8837487101554871,TP,5,p_ann,0.39901211857795715,0.39901211857795715,0.6489596366882324,BASE_SIGNALS,push_PIT
73,7,25,42135,1,0.8837487101554871,TP,6,pit_stops_so_far_4,0.34479475021362305,0.34479475021362305,,OTHER,push_PIT
73,7,25,42135,1,0.8837487101554871,TP,7,track_category_1,-0.28328776359558105,0.28328776359558105,,OTHER,push_NO_PIT
73,7,25,42135,1,0.8837487101554871,TP,8,lap_time,-0.25171977281570435,0.25171977281570435,87.314,G_pace,push_NO_PIT
73,7,25,42135,1,0.8837487101554871,TP,9,interval,0.23335762321949005,0.23335762321949005,15.873000000000502,G_traffic,push_PIT
73,7,25,42135,1,0.8837487101554871,TP,10,position_18,0.21567772328853607,0.21567772328853607,,OTHER,push_PIT
73,7,25,42135,1,0.8837487101554871,TP,11,pit_stops_so_far_0,0.19804954528808594,0.19804954528808594,,OTHER,push_PIT
73,7,25,42135,1,0.8837487101554871,TP,12,fcy_status_4,0.1756778359413147,0.1756778359413147,,OTHER,push_PIT
73,8,51,42227,1,0.8759630918502808,TP,1,race_track,3.165787935256958,8.629467964172363,Portuguese Grand Prix,G_track,push_PIT
73,8,51,42227,1,0.8759630918502808,TP,2,tcn_proba,3.966991424560547,3.966991424560547,0.8668339848518372,BASE_SIGNALS,push_PIT
73,8,51,42227,1,0.8759630918502808,TP,3,p_xgb,0.9402870535850525,0.9402870535850525,0.15241661667823792,BASE_SIGNALS,push_PIT
73,8,51,42227,1,0.8759630918502808,TP,4,p_ann,0.8126696944236755,0.8126696944236755,0.7275686264038086,BASE_SIGNALS,push_PIT
73,8,51,42227,1,0.8759630918502808,TP,5,current_compound,0.09345249831676483,0.5676000714302063,MEDIUM,G_tyre,push_PIT
73,8,51,42227,1,0.8759630918502808,TP,6,p_svm,0.3488716781139374,0.3488716781139374,0.9379815623292777,BASE_SIGNALS,push_PIT
73,8,51,42227,1,0.8759630918502808,TP,7,pit_stops_so_far_4,0.34479475021362305,0.34479475021362305,,OTHER,push_PIT
73,8,51,42227,1,0.8759630918502808,TP,8,lapno,-0.2525729835033417,0.2525729835033417,51,G_race_phase,push_NO_PIT
73,8,51,42227,1,0.8759630918502808,TP,9,pit_stops_so_far_0,0.2294897884130478,0.2294897884130478,,OTHER,push_PIT
73,8,51,42227,1,0.8759630918502808,TP,10,position_18,0.19152005016803741,0.19152005016803741,,OTHER,push_PIT
73,8,51,42227,1,0.8759630918502808,TP,11,position_12,0.18947400152683258,0.18947400152683258,,OTHER,push_PIT
73,8,51,42227,1,0.8759630918502808,TP,12,fcy_status_4,0.18597327172756195,0.18597327172756195,,OTHER,push_PIT
73,22,22,42462,1,0.8517629504203796,TP,1,race_track,3.4494330883026123,7.803422927856445,Portuguese Grand Prix,G_track,push_PIT
73,22,22,42462,1,0.8517629504203796,TP,2,tcn_proba,4.639149188995361,4.639149188995361,0.8744573593139648,BASE_SIGNALS,push_PIT
73,22,22,42462,1,0.8517629504203796,TP,3,current_compound,-0.025848209857940674,0.801048994064331,SOFT,G_tyre,push_NO_PIT
73,22,22,42462,1,0.8517629504203796,TP,4,p_xgb,0.581596314907074,0.581596314907074,0.052446410059928894,BASE_SIGNALS,push_PIT
73,22,22,42462,1,0.8517629504203796,TP,5,p_ann,0.35908985137939453,0.35908985137939453,0.6206926703453064,BASE_SIGNALS,push_PIT
73,22,22,42462,1,0.8517629504203796,TP,6,pit_stops_so_far_4,0.34479475021362305,0.34479475021362305,,OTHER,push_PIT
73,22,22,42462,1,0.8517629504203796,TP,7,track_category_1,-0.31947436928749084,0.31947436928749084,,OTHER,push_NO_PIT
73,22,22,42462,1,0.8517629504203796,TP,8,lap_time,-0.2422894835472107,0.2422894835472107,86.873,G_pace,push_NO_PIT
73,22,22,42462,1,0.8517629504203796,TP,9,position_18,0.21567772328853607,0.21567772328853607,,OTHER,push_PIT
73,22,22,42462,1,0.8517629504203796,TP,10,pit_stops_so_far_0,0.17934545874595642,0.17934545874595642,,OTHER,push_PIT
73,22,22,42462,1,0.8517629504203796,TP,11,fcy_status_4,0.1756778359413147,0.1756778359413147,,OTHER,push_PIT
73,22,22,42462,1,0.8517629504203796,TP,12,interval,0.17170968651771545,0.17170968651771545,9.31100000000015,G_traffic,push_PIT
73,16,24,42332,1,0.8373295664787292,TP,1,race_track,3.295504093170166,7.998796463012695,Portuguese Grand Prix,G_track,push_PIT
73,16,24,42332,1,0.8373295664787292,TP,2,tcn_proba,4.646086692810059,4.646086692810059,0.8729965686798096,BASE_SIGNALS,push_PIT
73,16,24,42332,1,0.8373295664787292,TP,3,current_compound,0.029181569814682007,0.7386748790740967,SOFT,G_tyre,push_PIT
73,16,24,42332,1,0.8373295664787292,TP,4,p_xgb,0.5796648263931274,0.5796648263931274,0.054387472569942474,BASE_SIGNALS,push_PIT
73,16,24,42332,1,0.8373295664787292,TP,5,p_ann,0.403804749250412,0.403804749250412,0.5944905281066895,BASE_SIGNALS,push_PIT
73,16,24,42332,1,0.8373295664787292,TP,6,pit_stops_so_far_4,0.34479475021362305,0.34479475021362305,,OTHER,push_PIT
73,16,24,42332,1,0.8373295664787292,TP,7,track_category_1,-0.27364814281463623,0.27364814281463623,,OTHER,push_NO_PIT
73,16,24,42332,1,0.8373295664787292,TP,8,position_18,0.2095680683851242,0.2095680683851242,,OTHER,push_PIT
73,16,24,42332,1,0.8373295664787292,TP,9,pit_stops_so_far_0,0.17934545874595642,0.17934545874595642,,OTHER,push_PIT
73,16,24,42332,1,0.8373295664787292,TP,10,fcy_status_4,0.17873910069465637,0.17873910069465637,,OTHER,push_PIT
73,16,24,42332,1,0.8373295664787292,TP,11,interval,-0.16958558559417725,0.16958558559417725,1.4549999999999277,G_traffic,push_NO_PIT
73,16,24,42332,1,0.8373295664787292,TP,12,position_16,0.12031178176403046,0.12031178176403046,,OTHER,push_PIT
73,8,46,42222,0,0.9675185084342957,FP,1,race_track,2.6125664710998535,7.954360008239746,Portuguese Grand Prix,G_track,push_PIT
73,8,46,42222,0,0.9675185084342957,FP,2,tcn_proba,4.486701965332031,4.486701965332031,0.8780624866485596,BASE_SIGNALS,push_PIT
73,8,46,42222,0,0.9675185084342957,FP,3,p_xgb,1.1029818058013916,1.1029818058013916,0.40523427724838257,BASE_SIGNALS,push_PIT
73,8,46,42222,0,0.9675185084342957,FP,4,p_ann,0.9884670972824097,0.9884670972824097,0.7640106678009033,BASE_SIGNALS,push_PIT
73,8,46,42222,0,0.9675185084342957,FP,5,current_compound,0.005411326885223389,0.6933447122573853,MEDIUM,G_tyre,push_PIT
73,8,46,42222,0,0.9675185084342957,FP,6,interval,0.5657971501350403,0.5657971501350403,0.0,G_traffic,push_PIT
73,8,46,42222,0,0.9675185084342957,FP,7,lap_time,-0.29834869503974915,0.29834869503974915,84.085,G_pace,push_NO_PIT
73,8,46,42222,0,0.9675185084342957,FP,8,track_category_1,-0.2980300486087799,0.2980300486087799,,OTHER,push_NO_PIT
73,8,46,42222,0,0.9675185084342957,FP,9,pit_stops_so_far_0,0.2294897884130478,0.2294897884130478,,OTHER,push_PIT
73,8,46,42222,0,0.9675185084342957,FP,10,pit_stops_so_far_4,0.21478614211082458,0.21478614211082458,,OTHER,push_PIT
73,8,46,42222,0,0.9675185084342957,FP,11,pit_stops_so_far_3,0.21150919795036316,0.21150919795036316,,OTHER,push_PIT
73,8,46,42222,0,0.9675185084342957,FP,12,position_12,0.18947400152683258,0.18947400152683258,,OTHER,push_PIT
73,16,48,42356,0,0.6942063570022583,FP,1,race_track,3.3950250148773193,8.018506050109863,Portuguese Grand Prix,G_track,push_PIT
73,16,48,42356,0,0.6942063570022583,FP,2,tcn_proba,3.9175775051116943,3.9175775051116943,0.8457117080688477,BASE_SIGNALS,push_PIT
73,16,48,42356,0,0.6942063570022583,FP,3,current_compound,0.018341749906539917,0.7698842287063599,MEDIUM,G_tyre,push_PIT
73,16,48,42356,0,0.6942063570022583,FP,4,p_xgb,0.42925092577934265,0.42925092577934265,0.03660060837864876,BASE_SIGNALS,push_PIT
73,16,48,42356,0,0.6942063570022583,FP,5,track_category_1,-0.3574039041996002,0.3574039041996002,,OTHER,push_NO_PIT
73,16,48,42356,0,0.6942063570022583,FP,6,pit_stops_so_far_4,0.34479475021362305,0.34479475021362305,,OTHER,push_PIT
73,16,48,42356,0,0.6942063570022583,FP,7,p_ann,0.29739925265312195,0.29739925265312195,0.4342697560787201,BASE_SIGNALS,push_PIT
73,16,48,42356,0,0.6942063570022583,FP,8,pit_stops_so_far_0,0.21078570187091827,0.21078570187091827,,OTHER,push_PIT
73,16,48,42356,0,0.6942063570022583,FP,9,position_18,0.2095680683851242,0.2095680683851242,,OTHER,push_PIT
73,16,48,42356,0,0.6942063570022583,FP,10,position_12,0.18947400152683258,0.18947400152683258,,OTHER,push_PIT
73,16,48,42356,0,0.6942063570022583,FP,11,fcy_status_4,0.17873910069465637,0.17873910069465637,,OTHER,push_PIT
73,16,48,42356,0,0.6942063570022583,FP,12,interval,-0.17240090668201447,0.17240090668201447,1.2070000000003347,G_traffic,push_NO_PIT
73,1,3,41981,1,0.10476518422365189,FN,1,race_track,3.812237501144409,7.045235633850098,Portuguese Grand Prix,G_track,push_PIT
73,1,3,41981,1,0.10476518422365189,FN,2,tcn_proba,1.7903308868408203,1.7903308868408203,0.7650642991065979,BASE_SIGNALS,push_PIT
73,1,3,41981,1,0.10476518422365189,FN,3,lapno,0.5294925570487976,0.5294925570487976,3,G_race_phase,push_PIT
73,1,3,41981,1,0.10476518422365189,FN,4,tyre_age,0.35740986466407776,0.35740986466407776,7.0,G_tyre,push_PIT
73,1,3,41981,1,0.10476518422365189,FN,5,current_compound,0.31547150015830994,0.35609686374664307,MEDIUM,G_tyre,push_PIT
73,1,3,41981,1,0.10476518422365189,FN,6,pit_stops_so_far_4,0.3121331036090851,0.3121331036090851,,OTHER,push_PIT
73,1,3,41981,1,0.10476518422365189,FN,7,race_progress,-0.23879218101501465,0.23879218101501465,0.0454545454545454,G_race_phase,push_NO_PIT
73,1,3,41981,1,0.10476518422365189,FN,8,pit_stops_so_far_3,0.2377830445766449,0.2377830445766449,,OTHER,push_PIT
73,1,3,41981,1,0.10476518422365189,FN,9,fcy_status_4,0.19675897061824799,0.19675897061824799,,OTHER,push_PIT
73,1,3,41981,1,0.10476518422365189,FN,10,position_18,0.18322287499904633,0.18322287499904633,,OTHER,push_PIT
73,1,3,41981,1,0.10476518422365189,FN,11,p_rf,0.13187997043132782,0.13187997043132782,0.06178301875545891,BASE_SIGNALS,push_PIT
73,1,3,41981,1,0.10476518422365189,FN,12,track_category_1,-0.1252264678478241,0.1252264678478241,,OTHER,push_NO_PIT
73,11,2,42244,1,0.10213994979858398,FN,1,race_track,3.9903652667999268,7.295865535736084,Portuguese Grand Prix,G_track,push_PIT
73,11,2,42244,1,0.10213994979858398,FN,2,p_xgb,1.2272945642471313,1.2272945642471313,0.15354101359844208,BASE_SIGNALS,push_PIT
73,11,2,42244,1,0.10213994979858398,FN,3,tcn_proba,0.6765454411506653,0.6765454411506653,0.6332759261131287,BASE_SIGNALS,push_PIT
73,11,2,42244,1,0.10213994979858398,FN,4,lapno,0.555474579334259,0.555474579334259,2,G_race_phase,push_PIT
73,11,2,42244,1,0.10213994979858398,FN,5,pit_stops_so_far_4,0.3132092356681824,0.3132092356681824,,OTHER,push_PIT
73,11,2,42244,1,0.10213994979858398,FN,6,current_compound,0.20227274298667908,0.24546325206756592,MEDIUM,G_tyre,push_PIT
73,11,2,42244,1,0.10213994979858398,FN,7,race_progress,-0.23508736491203308,0.23508736491203308,0.0303030303030303,G_race_phase,push_NO_PIT
73,11,2,42244,1,0.10213994979858398,FN,8,fcy_status_4,0.20096395909786224,0.20096395909786224,,OTHER,push_PIT
73,11,2,42244,1,0.10213994979858398,FN,9,track_category_1,-0.18460027873516083,0.18460027873516083,,OTHER,push_NO_PIT
73,11,2,42244,1,0.10213994979858398,FN,10,lap_time,-0.176509290933609,0.176509290933609,121.115,G_pace,push_NO_PIT
73,11,2,42244,1,0.10213994979858398,FN,11,p_ann,0.1426423043012619,0.1426423043012619,0.6424717307090759,BASE_SIGNALS,push_PIT
73,11,2,42244,1,0.10213994979858398,FN,12,pit_stops_so_far_0,0.1351374089717865,0.1351374089717865,,OTHER,push_PIT
73,17,3,42377,1,0.06777700781822205,FN,1,race_track,3.995649814605713,7.544087886810303,Portuguese Grand Prix,G_track,push_PIT
73,17,3,42377,1,0.06777700781822205,FN,2,tcn_proba,1.408825159072876,1.408825159072876,0.6935818791389465,BASE_SIGNALS,push_PIT
73,17,3,42377,1,0.06777700781822205,FN,3,lapno,0.532010018825531,0.532010018825531,3,G_race_phase,push_PIT
73,17,3,42377,1,0.06777700781822205,FN,4,current_compound,0.42469173669815063,0.46531713008880615,SOFT,G_tyre,push_PIT
73,17,3,42377,1,0.06777700781822205,FN,5,pit_stops_so_far_4,0.3121331036090851,0.3121331036090851,,OTHER,push_PIT
73,17,3,42377,1,0.06777700781822205,FN,6,p_rf,0.27481192350387573,0.27481192350387573,0.04944158972620718,BASE_SIGNALS,push_PIT
73,17,3,42377,1,0.06777700781822205,FN,7,pit_stops_so_far_3,0.23768995702266693,0.23768995702266693,,OTHER,push_PIT
73,17,3,42377,1,0.06777700781822205,FN,8,fcy_status_4,0.2195885181427002,0.2195885181427002,,OTHER,push_PIT
73,17,3,42377,1,0.06777700781822205,FN,9,position_18,0.2027178257703781,0.2027178257703781,,OTHER,push_PIT
73,17,3,42377,1,0.06777700781822205,FN,10,p_svm,0.1920812726020813,0.1920812726020813,0.28281397935819086,BASE_SIGNALS,push_PIT
73,17,3,42377,1,0.06777700781822205,FN,11,race_progress,-0.18479223549365997,0.18479223549365997,0.0454545454545454,G_race_phase,push_NO_PIT
73,17,3,42377,1,0.06777700781822205,FN,12,p_xgb,0.1681431531906128,0.1681431531906128,0.010688462294638157,BASE_SIGNALS,push_PIT
73,4,2,42046,1,0.048078753054142,FN,1,race_track,4.056873321533203,7.508439540863037,Portuguese Grand Prix,G_track,push_PIT
73,4,2,42046,1,0.048078753054142,FN,2,tcn_proba,1.0484440326690674,1.0484440326690674,0.6234650015830994,BASE_SIGNALS,push_PIT
73,4,2,42046,1,0.048078753054142,FN,3,lapno,0.5272530913352966,0.5272530913352966,2,G_race_phase,push_PIT
73,4,2,42046,1,0.048078753054142,FN,4,current_compound,0.47184377908706665,0.47184377908706665,MEDIUM,G_tyre,push_PIT
73,4,2,42046,1,0.048078753054142,FN,5,race_progress,-0.3479560613632202,0.3479560613632202,0.0303030303030303,G_race_phase,push_NO_PIT
73,4,2,42046,1,0.048078753054142,FN,6,pit_stops_so_far_4,0.30880123376846313,0.30880123376846313,,OTHER,push_PIT
73,4,2,42046,1,0.048078753054142,FN,7,p_xgb,0.2972257733345032,0.2972257733345032,0.02158263884484768,BASE_SIGNALS,push_PIT
73,4,2,42046,1,0.048078753054142,FN,8,fcy_status_4,0.19675897061824799,0.19675897061824799,,OTHER,push_PIT
73,4,2,42046,1,0.048078753054142,FN,9,p_rf,0.14730200171470642,0.14730200171470642,0.05691735351912524,BASE_SIGNALS,push_PIT
73,4,2,42046,1,0.048078753054142,FN,10,p_ann,0.14414845407009125,0.14414845407009125,0.6133467555046082,BASE_SIGNALS,push_PIT
73,4,2,42046,1,0.048078753054142,FN,11,track_category_1,-0.1252264678478241,0.1252264678478241,,OTHER,push_NO_PIT
73,4,2,42046,1,0.048078753054142,FN,12,pit_stops_so_far_0,0.11643330752849579,0.11643330752849579,,OTHER,push_PIT
73,16,3,42311,1,0.04343058913946152,FN,1,race_track,4.134210109710693,7.303173542022705,Portuguese Grand Prix,G_track,push_PIT
73,16,3,42311,1,0.04343058913946152,FN,2,tcn_proba,1.1522027254104614,1.1522027254104614,0.6432172060012817,BASE_SIGNALS,push_PIT
73,16,3,42311,1,0.04343058913946152,FN,3,current_compound,0.46603506803512573,0.5066604614257812,SOFT,G_tyre,push_PIT
73,16,3,42311,1,0.04343058913946152,FN,4,lapno,0.5031539797782898,0.5031539797782898,3,G_race_phase,push_PIT
73,16,3,42311,1,0.04343058913946152,FN,5,tyre_age,0.3867490589618683,0.3867490589618683,7.0,G_tyre,push_PIT
73,16,3,42311,1,0.04343058913946152,FN,6,pit_stops_so_far_4,0.3121331036090851,0.3121331036090851,,OTHER,push_PIT
73,16,3,42311,1,0.04343058913946152,FN,7,p_rf,0.25843897461891174,0.25843897461891174,0.04336182274836156,BASE_SIGNALS,push_PIT
73,16,3,42311,1,0.04343058913946152,FN,8,pit_stops_so_far_3,0.2377830445766449,0.2377830445766449,,OTHER,push_PIT
73,16,3,42311,1,0.04343058913946152,FN,9,race_progress,-0.2373361736536026,0.2373361736536026,0.0454545454545454,G_race_phase,push_NO_PIT
73,16,3,42311,1,0.04343058913946152,FN,10,position_18,0.2027178257703781,0.2027178257703781,,OTHER,push_PIT
73,16,3,42311,1,0.04343058913946152,FN,11,fcy_status_4,0.19675897061824799,0.19675897061824799,,OTHER,push_PIT
73,16,3,42311,1,0.04343058913946152,FN,12,p_xgb,0.18067584931850433,0.18067584931850433,0.012981666252017021,BASE_SIGNALS,push_PIT
73,7,3,42113,1,0.04273282736539841,FN,1,race_track,4.043818473815918,7.327993392944336,Portuguese Grand Prix,G_track,push_PIT
73,7,3,42113,1,0.04273282736539841,FN,2,tcn_proba,1.0894564390182495,1.0894564390182495,0.5936698317527771,BASE_SIGNALS,push_PIT
73,7,3,42113,1,0.04273282736539841,FN,3,lapno,0.503490149974823,0.503490149974823,3,G_race_phase,push_PIT
73,7,3,42113,1,0.04273282736539841,FN,4,current_compound,0.4426342248916626,0.48325955867767334,MEDIUM,G_tyre,push_PIT
73,7,3,42113,1,0.04273282736539841,FN,5,tyre_age,0.35877570509910583,0.35877570509910583,8.0,G_tyre,push_PIT
73,7,3,42113,1,0.04273282736539841,FN,6,pit_stops_so_far_4,0.3121331036090851,0.3121331036090851,,OTHER,push_PIT
73,7,3,42113,1,0.04273282736539841,FN,7,position_18,0.2864118218421936,0.2864118218421936,,OTHER,push_PIT
73,7,3,42113,1,0.04273282736539841,FN,8,race_progress,-0.2501988410949707,0.2501988410949707,0.0454545454545454,G_race_phase,push_NO_PIT
73,7,3,42113,1,0.04273282736539841,FN,9,p_rf,0.23873120546340942,0.23873120546340942,0.052679822535487794,BASE_SIGNALS,push_PIT
73,7,3,42113,1,0.04273282736539841,FN,10,pit_stops_so_far_3,0.22429588437080383,0.22429588437080383,,OTHER,push_PIT
73,7,3,42113,1,0.04273282736539841,FN,11,fcy_status_4,0.19675897061824799,0.19675897061824799,,OTHER,push_PIT
73,7,3,42113,1,0.04273282736539841,FN,12,track_category_1,-0.18460027873516083,0.18460027873516083,,OTHER,push_NO_PIT
73,4,3,42047,1,0.03797691687941551,FN,1,race_track,4.211415767669678,7.6682329177856445,Portuguese Grand Prix,G_track,push_PIT
73,4,3,42047,1,0.03797691687941551,FN,2,tcn_proba,1.0307064056396484,1.0307064056396484,0.6056632399559021,BASE_SIGNALS,push_PIT
73,4,3,42047,1,0.03797691687941551,FN,3,lapno,0.5013020038604736,0.5013020038604736,3,G_race_phase,push_PIT
73,4,3,42047,1,0.03797691687941551,FN,4,current_compound,0.44531843066215515,0.4859437644481659,MEDIUM,G_tyre,push_PIT
73,4,3,42047,1,0.03797691687941551,FN,5,p_rf,0.4466676414012909,0.4466676414012909,0.03528130005497573,BASE_SIGNALS,push_PIT
73,4,3,42047,1,0.03797691687941551,FN,6,pit_stops_so_far_4,0.3121331036090851,0.3121331036090851,,OTHER,push_PIT
73,4,3,42047,1,0.03797691687941551,FN,7,p_xgb,0.2357385754585266,0.2357385754585266,0.012246073223650455,BASE_SIGNALS,push_PIT
73,4,3,42047,1,0.03797691687941551,FN,8,position_18,0.22650457918643951,0.22650457918643951,,OTHER,push_PIT
73,4,3,42047,1,0.03797691687941551,FN,9,fcy_status_4,0.19408518075942993,0.19408518075942993,,OTHER,push_PIT
73,4,3,42047,1,0.03797691687941551,FN,10,race_progress,-0.19330941140651703,0.19330941140651703,0.0454545454545454,G_race_phase,push_NO_PIT
73,4,3,42047,1,0.03797691687941551,FN,11,track_category_1,-0.18460027873516083,0.18460027873516083,,OTHER,push_NO_PIT
73,4,3,42047,1,0.03797691687941551,FN,12,tyre_age,0.16323839128017426,0.16323839128017426,3.0,G_tyre,push_PIT
73,11,3,42245,1,0.03630451112985611,FN,1,race_track,4.117997646331787,7.560654163360596,Portuguese Grand Prix,G_track,push_PIT
73,11,3,42245,1,0.03630451112985611,FN,2,tcn_proba,0.9294279217720032,0.9294279217720032,0.5971607565879822,BASE_SIGNALS,push_PIT
73,11,3,42245,1,0.03630451112985611,FN,3,lapno,0.5013020038604736,0.5013020038604736,3,G_race_phase,push_PIT
73,11,3,42245,1,0.03630451112985611,FN,4,current_compound,0.44531843066215515,0.4859437644481659,MEDIUM,G_tyre,push_PIT
73,11,3,42245,1,0.03630451112985611,FN,5,p_rf,0.362673282623291,0.362673282623291,0.034250512429093535,BASE_SIGNALS,push_PIT
73,11,3,42245,1,0.03630451112985611,FN,6,pit_stops_so_far_4,0.3121331036090851,0.3121331036090851,,OTHER,push_PIT
73,11,3,42245,1,0.03630451112985611,FN,7,p_xgb,0.28517305850982666,0.28517305850982666,0.024353813380002975,BASE_SIGNALS,push_PIT
73,11,3,42245,1,0.03630451112985611,FN,8,position_18,0.23716478049755096,0.23716478049755096,,OTHER,push_PIT
73,11,3,42245,1,0.03630451112985611,FN,9,fcy_status_4,0.19408518075942993,0.19408518075942993,,OTHER,push_PIT
73,11,3,42245,1,0.03630451112985611,FN,10,track_category_1,-0.18460027873516083,0.18460027873516083,,OTHER,push_NO_PIT
73,11,3,42245,1,0.03630451112985611,FN,11,race_progress,-0.17840665578842163,0.17840665578842163,0.0454545454545454,G_race_phase,push_NO_PIT
73,11,3,42245,1,0.03630451112985611,FN,12,tyre_age,0.14903540909290314,0.14903540909290314,3.0,G_tyre,push_PIT
73,16,2,42310,1,0.03169335797429085,FN,1,race_track,4.068727493286133,7.709299087524414,Portuguese Grand Prix,G_track,push_PIT
73,16,2,42310,1,0.03169335797429085,FN,2,tcn_proba,1.319953441619873,1.319953441619873,0.6445904970169067,BASE_SIGNALS,push_PIT
73,16,2,42310,1,0.03169335797429085,FN,3,lapno,0.5127835273742676,0.5127835273742676,2,G_race_phase,push_PIT
73,16,2,42310,1,0.03169335797429085,FN,4,current_compound,0.4220702052116394,0.484157919883728,SOFT,G_tyre,push_PIT
73,16,2,42310,1,0.03169335797429085,FN,5,race_progress,-0.36257773637771606,0.36257773637771606,0.0303030303030303,G_race_phase,push_NO_PIT
73,16,2,42310,1,0.03169335797429085,FN,6,pit_stops_so_far_4,0.2866978347301483,0.2866978347301483,,OTHER,push_PIT
73,16,2,42310,1,0.03169335797429085,FN,7,lap_time,-0.20347246527671814,0.20347246527671814,113.555,G_pace,push_NO_PIT
73,16,2,42310,1,0.03169335797429085,FN,8,fcy_status_4,0.19675897061824799,0.19675897061824799,,OTHER,push_PIT
73,16,2,42310,1,0.03169335797429085,FN,9,position_18,0.19321496784687042,0.19321496784687042,,OTHER,push_PIT
73,16,2,42310,1,0.03169335797429085,FN,10,track_category_1,-0.18460027873516083,0.18460027873516083,,OTHER,push_NO_PIT
73,16,2,42310,1,0.03169335797429085,FN,11,tyre_age,0.16341319680213928,0.16341319680213928,6.0,G_tyre,push_PIT
73,16,2,42310,1,0.03169335797429085,FN,12,p_svm,-0.14791256189346313,0.14791256189346313,0.03289960269300045,BASE_SIGNALS,push_NO_PIT
73,17,2,42376,1,0.024096131324768066,FN,1,race_track,4.186492443084717,7.760610580444336,Portuguese Grand Prix,G_track,push_PIT
73,17,2,42376,1,0.024096131324768066,FN,2,tcn_proba,1.5767964124679565,1.5767964124679565,0.6603072285652161,BASE_SIGNALS,push_PIT
73,17,2,42376,1,0.024096131324768066,FN,3,lap_time,-0.6164014339447021,0.6164014339447021,111.644,G_pace,push_NO_PIT
73,17,2,42376,1,0.024096131324768066,FN,4,current_compound,0.48048675060272217,0.5425744652748108,SOFT,G_tyre,push_PIT
73,17,2,42376,1,0.024096131324768066,FN,5,lapno,0.5112304091453552,0.5112304091453552,2,G_race_phase,push_PIT
73,17,2,42376,1,0.024096131324768066,FN,6,p_rf,0.36518120765686035,0.36518120765686035,0.03406586763659146,BASE_SIGNALS,push_PIT
73,17,2,42376,1,0.024096131324768066,FN,7,race_progress,-0.35787856578826904,0.35787856578826904,0.0303030303030303,G_race_phase,push_NO_PIT
73,17,2,42376,1,0.024096131324768066,FN,8,pit_stops_so_far_4,0.2709306478500366,0.2709306478500366,,OTHER,push_PIT
73,17,2,42376,1,0.024096131324768066,FN,9,position_18,0.22140730917453766,0.22140730917453766,,OTHER,push_PIT
73,17,2,42376,1,0.024096131324768066,FN,10,tyre_age,0.20781834423542023,0.20781834423542023,5.0,G_tyre,push_PIT
73,17,2,42376,1,0.024096131324768066,FN,11,p_xgb,-0.20132257044315338,0.20132257044315338,0.006861613132059574,BASE_SIGNALS,push_NO_PIT
73,17,2,42376,1,0.024096131324768066,FN,12,track_category_1,-0.18460027873516083,0.18460027873516083,,OTHER,push_NO_PIT
73,22,2,42442,1,0.023435840383172035,FN,1,race_track,4.358760356903076,7.904912948608398,Portuguese Grand Prix,G_track,push_PIT
73,22,2,42442,1,0.023435840383172035,FN,2,tcn_proba,1.6105895042419434,1.6105895042419434,0.6374968886375427,BASE_SIGNALS,push_PIT
73,22,2,42442,1,0.023435840383172035,FN,3,current_compound,0.47633281350135803,0.538420557975769,SOFT,G_tyre,push_PIT
73,22,2,42442,1,0.023435840383172035,FN,4,lapno,0.5041180849075317,0.5041180849075317,2,G_race_phase,push_PIT
73,22,2,42442,1,0.023435840383172035,FN,5,lap_time,-0.502977192401886,0.502977192401886,110.559,G_pace,push_NO_PIT
73,22,2,42442,1,0.023435840383172035,FN,6,p_rf,0.44959425926208496,0.44959425926208496,0.03474239814866869,BASE_SIGNALS,push_PIT
73,22,2,42442,1,0.023435840383172035,FN,7,race_progress,-0.357873797416687,0.357873797416687,0.0303030303030303,G_race_phase,push_NO_PIT
73,22,2,42442,1,0.023435840383172035,FN,8,pit_stops_so_far_4,0.2709306478500366,0.2709306478500366,,OTHER,push_PIT
73,22,2,42442,1,0.023435840383172035,FN,9,position_18,0.22140730917453766,0.22140730917453766,,OTHER,push_PIT
73,22,2,42442,1,0.023435840383172035,FN,10,tyre_age,0.2044694423675537,0.2044694423675537,6.0,G_tyre,push_PIT
73,22,2,42442,1,0.023435840383172035,FN,11,track_category_1,-0.18460027873516083,0.18460027873516083,,OTHER,push_NO_PIT
73,22,2,42442,1,0.023435840383172035,FN,12,p_xgb,-0.16962595283985138,0.16962595283985138,0.00477940496057272,BASE_SIGNALS,push_NO_PIT
73,7,2,42112,1,0.02239552140235901,FN,1,race_track,4.277078628540039,8.005379676818848,Portuguese Grand Prix,G_track,push_PIT
73,7,2,42112,1,0.02239552140235901,FN,2,tcn_proba,1.5253386497497559,1.5253386497497559,0.6122338175773621,BASE_SIGNALS,push_PIT
73,7,2,42112,1,0.02239552140235901,FN,3,current_compound,0.46886327862739563,0.5309510231018066,MEDIUM,G_tyre,push_PIT
73,7,2,42112,1,0.02239552140235901,FN,4,lapno,0.4807199537754059,0.4807199537754059,2,G_race_phase,push_PIT
73,7,2,42112,1,0.02239552140235901,FN,5,race_progress,-0.4205569624900818,0.4205569624900818,0.0303030303030303,G_race_phase,push_NO_PIT
73,7,2,42112,1,0.02239552140235901,FN,6,tyre_age,0.3537767827510834,0.3537767827510834,7.0,G_tyre,push_PIT
73,7,2,42112,1,0.02239552140235901,FN,7,position_18,0.28705328702926636,0.28705328702926636,,OTHER,push_PIT
73,7,2,42112,1,0.02239552140235901,FN,8,pit_stops_so_far_4,0.2709306478500366,0.2709306478500366,,OTHER,push_PIT
73,7,2,42112,1,0.02239552140235901,FN,9,p_rf,0.25845661759376526,0.25845661759376526,0.03998132926456436,BASE_SIGNALS,push_PIT
73,7,2,42112,1,0.02239552140235901,FN,10,interval,-0.2298164665699005,0.2298164665699005,1.3659999999999854,G_traffic,push_NO_PIT
73,7,2,42112,1,0.02239552140235901,FN,11,fcy_status_4,0.19675897061824799,0.19675897061824799,,OTHER,push_PIT
73,7,2,42112,1,0.02239552140235901,FN,12,track_category_1,-0.18460027873516083,0.18460027873516083,,OTHER,push_NO_PIT
73,8,3,42179,1,0.02157379500567913,FN,1,race_track,4.308583736419678,7.593959808349609,Portuguese Grand Prix,G_track,push_PIT
73,8,3,42179,1,0.02157379500567913,FN,2,tcn_proba,1.4140257835388184,1.4140257835388184,0.6535043120384216,BASE_SIGNALS,push_PIT
73,8,3,42179,1,0.02157379500567913,FN,3,current_compound,0.4996944069862366,0.5617821216583252,MEDIUM,G_tyre,push_PIT
73,8,3,42179,1,0.02157379500567913,FN,4,lapno,0.4868195354938507,0.4868195354938507,3,G_race_phase,push_PIT
73,8,3,42179,1,0.02157379500567913,FN,5,p_rf,0.30181410908699036,0.30181410908699036,0.029033819016404894,BASE_SIGNALS,push_PIT
73,8,3,42179,1,0.02157379500567913,FN,6,tyre_age,0.2973928451538086,0.2973928451538086,9.0,G_tyre,push_PIT
73,8,3,42179,1,0.02157379500567913,FN,7,race_progress,-0.28647541999816895,0.28647541999816895,0.0454545454545454,G_race_phase,push_NO_PIT
73,8,3,42179,1,0.02157379500567913,FN,8,pit_stops_so_far_4,0.2709306478500366,0.2709306478500366,,OTHER,push_PIT
73,8,3,42179,1,0.02157379500567913,FN,9,interval,-0.26237061619758606,0.26237061619758606,1.280999999999949,G_traffic,push_NO_PIT
73,8,3,42179,1,0.02157379500567913,FN,10,pit_stops_so_far_3,0.22429588437080383,0.22429588437080383,,OTHER,push_PIT
73,8,3,42179,1,0.02157379500567913,FN,11,position_18,0.20242352783679962,0.20242352783679962,,OTHER,push_PIT
73,8,3,42179,1,0.02157379500567913,FN,12,fcy_status_4,0.19408518075942993,0.19408518075942993,,OTHER,push_PIT
73,22,3,42443,1,0.020624075084924698,FN,1,race_track,4.545371055603027,7.812414646148682,Portuguese Grand Prix,G_track,push_PIT
73,22,3,42443,1,0.020624075084924698,FN,2,tcn_proba,1.415794014930725,1.415794014930725,0.6540771126747131,BASE_SIGNALS,push_PIT
73,22,3,42443,1,0.020624075084924698,FN,3,current_compound,0.4852682948112488,0.5473560094833374,SOFT,G_tyre,push_PIT
73,22,3,42443,1,0.020624075084924698,FN,4,lapno,0.4878220856189728,0.4878220856189728,3,G_race_phase,push_PIT
73,22,3,42443,1,0.020624075084924698,FN,5,p_rf,0.40816062688827515,0.40816062688827515,0.023781731935355634,BASE_SIGNALS,push_PIT
73,22,3,42443,1,0.020624075084924698,FN,6,tyre_age,0.38941583037376404,0.38941583037376404,7.0,G_tyre,push_PIT
73,22,3,42443,1,0.020624075084924698,FN,7,race_progress,-0.27107787132263184,0.27107787132263184,0.0454545454545454,G_race_phase,push_NO_PIT
73,22,3,42443,1,0.020624075084924698,FN,8,pit_stops_so_far_4,0.2709306478500366,0.2709306478500366,,OTHER,push_PIT
73,22,3,42443,1,0.020624075084924698,FN,9,interval,-0.26295241713523865,0.26295241713523865,0.8859999999999673,G_traffic,push_NO_PIT
73,22,3,42443,1,0.020624075084924698,FN,10,pit_stops_so_far_3,0.2377830445766449,0.2377830445766449,,OTHER,push_PIT
73,22,3,42443,1,0.020624075084924698,FN,11,position_18,0.2027178257703781,0.2027178257703781,,OTHER,push_PIT
73,22,3,42443,1,0.020624075084924698,FN,12,fcy_status_4,0.19408518075942993,0.19408518075942993,,OTHER,push_PIT
73,1,2,41980,1,0.018557734787464142,FN,1,race_track,4.384505271911621,7.354674339294434,Portuguese Grand Prix,G_track,push_PIT
73,1,2,41980,1,0.018557734787464142,FN,2,tcn_proba,1.5933548212051392,1.5933548212051392,0.6376563310623169,BASE_SIGNALS,push_PIT
73,1,2,41980,1,0.018557734787464142,FN,3,current_compound,0.48206672072410583,0.5441544055938721,MEDIUM,G_tyre,push_PIT
73,1,2,41980,1,0.018557734787464142,FN,4,lapno,0.5114538073539734,0.5114538073539734,2,G_race_phase,push_PIT
73,1,2,41980,1,0.018557734787464142,FN,5,race_progress,-0.35833895206451416,0.35833895206451416,0.0303030303030303,G_race_phase,push_NO_PIT
73,1,2,41980,1,0.018557734787464142,FN,6,pit_stops_so_far_4,0.2709306478500366,0.2709306478500366,,OTHER,push_PIT
73,1,2,41980,1,0.018557734787464142,FN,7,p_rf,0.26110804080963135,0.26110804080963135,0.04206767694618986,BASE_SIGNALS,push_PIT
73,1,2,41980,1,0.018557734787464142,FN,8,lap_time,-0.2321057915687561,0.2321057915687561,108.207,G_pace,push_NO_PIT
73,1,2,41980,1,0.018557734787464142,FN,9,position_18,0.23010466992855072,0.23010466992855072,,OTHER,push_PIT
73,1,2,41980,1,0.018557734787464142,FN,10,p_xgb,-0.21846343576908112,0.21846343576908112,0.006037392653524876,BASE_SIGNALS,push_NO_PIT
73,1,2,41980,1,0.018557734787464142,FN,11,track_category_1,-0.18460027873516083,0.18460027873516083,,OTHER,push_NO_PIT
73,1,2,41980,1,0.018557734787464142,FN,12,tyre_age,0.17604580521583557,0.17604580521583557,6.0,G_tyre,push_PIT
73,8,2,42178,1,0.011681795120239258,FN,1,race_track,4.628992080688477,7.446059226989746,Portuguese Grand Prix,G_track,push_PIT
73,8,2,42178,1,0.011681795120239258,FN,2,tcn_proba,1.723543643951416,1.723543643951416,0.6344702243804932,BASE_SIGNALS,push_PIT
73,8,2,42178,1,0.011681795120239258,FN,3,p_xgb,-0.748620331287384,0.748620331287384,0.002728896215558052,BASE_SIGNALS,push_NO_PIT
73,8,2,42178,1,0.011681795120239258,FN,4,current_compound,0.47243601083755493,0.5345237255096436,MEDIUM,G_tyre,push_PIT
73,8,2,42178,1,0.011681795120239258,FN,5,lapno,0.4724413752555847,0.4724413752555847,2,G_race_phase,push_PIT
73,8,2,42178,1,0.011681795120239258,FN,6,race_progress,-0.4421343207359314,0.4421343207359314,0.0303030303030303,G_race_phase,push_NO_PIT
73,8,2,42178,1,0.011681795120239258,FN,7,p_rf,0.34024694561958313,0.34024694561958313,0.03760397590830791,BASE_SIGNALS,push_PIT
73,8,2,42178,1,0.011681795120239258,FN,8,tyre_age,0.3140820562839508,0.3140820562839508,8.0,G_tyre,push_PIT
73,8,2,42178,1,0.011681795120239258,FN,9,interval,-0.23378556966781616,0.23378556966781616,1.0099999999997635,G_traffic,push_NO_PIT
73,8,2,42178,1,0.011681795120239258,FN,10,position_18,0.22140730917453766,0.22140730917453766,,OTHER,push_PIT
73,8,2,42178,1,0.011681795120239258,FN,11,track_category_1,-0.18460027873516083,0.18460027873516083,,OTHER,push_NO_PIT
73,8,2,42178,1,0.011681795120239258,FN,12,fcy_status_4,0.14787526428699493,0.14787526428699493,,OTHER,push_PIT
75,1,26,43099,1,0.927846372127533,TP,1,race_track,3.11396861076355,6.719728469848633,Russian Grand Prix,G_track,push_PIT
75,1,26,43099,1,0.927846372127533,TP,2,tcn_proba,4.270676136016846,4.270676136016846,0.8840054869651794,BASE_SIGNALS,push_PIT
75,1,26,43099,1,0.927846372127533,TP,3,p_xgb,1.393186092376709,1.393186092376709,0.9289000034332275,BASE_SIGNALS,push_PIT
75,1,26,43099,1,0.927846372127533,TP,4,current_compound,0.1636747568845749,0.4855126142501831,MEDIUM,G_tyre,push_PIT
75,1,26,43099,1,0.927846372127533,TP,5,p_svm,0.23288099467754364,0.23288099467754364,0.7882273763136425,BASE_SIGNALS,push_PIT
75,1,26,43099,1,0.927846372127533,TP,6,pit_stops_so_far_0,0.23263877630233765,0.23263877630233765,,OTHER,push_PIT
75,1,26,43099,1,0.927846372127533,TP,7,pit_stops_so_far_4,0.21478614211082458,0.21478614211082458,,OTHER,push_PIT
75,1,26,43099,1,0.927846372127533,TP,8,tyre_age,0.20986030995845795,0.20986030995845795,26.0,G_tyre,push_PIT
75,1,26,43099,1,0.927846372127533,TP,9,fcy_status_4,0.20922130346298218,0.20922130346298218,,OTHER,push_PIT
75,1,26,43099,1,0.927846372127533,TP,10,position_18,0.18695028126239777,0.18695028126239777,,OTHER,push_PIT
75,1,26,43099,1,0.927846372127533,TP,11,p_ann,-0.14481918513774872,0.14481918513774872,0.24669663608074188,BASE_SIGNALS,push_NO_PIT
75,1,26,43099,1,0.927846372127533,TP,12,position_16,0.11742983758449554,0.11742983758449554,,OTHER,push_PIT
75,4,22,43199,1,0.921227753162384,TP,1,race_track,3.1277363300323486,6.5790605545043945,Russian Grand Prix,G_track,push_PIT
75,4,22,43199,1,0.921227753162384,TP,2,tcn_proba,4.255354881286621,4.255354881286621,0.8860993981361389,BASE_SIGNALS,push_PIT
75,4,22,43199,1,0.921227753162384,TP,3,p_xgb,1.2117398977279663,1.2117398977279663,0.8033227920532227,BASE_SIGNALS,push_PIT
75,4,22,43199,1,0.921227753162384,TP,4,current_compound,0.14881812036037445,0.49834513664245605,MEDIUM,G_tyre,push_PIT
75,4,22,43199,1,0.921227753162384,TP,5,fcy_status_4,0.25283268094062805,0.25283268094062805,,OTHER,push_PIT
75,4,22,43199,1,0.921227753162384,TP,6,tyre_age,0.24620173871517181,0.24620173871517181,22.0,G_tyre,push_PIT
75,4,22,43199,1,0.921227753162384,TP,7,pit_stops_so_far_4,0.21478614211082458,0.21478614211082458,,OTHER,push_PIT
75,4,22,43199,1,0.921227753162384,TP,8,p_svm,0.20154109597206116,0.20154109597206116,0.5650538853513628,BASE_SIGNALS,push_PIT
75,4,22,43199,1,0.921227753162384,TP,9,pit_stops_so_far_0,0.19696223735809326,0.19696223735809326,,OTHER,push_PIT
75,4,22,43199,1,0.921227753162384,TP,10,position_18,0.18695028126239777,0.18695028126239777,,OTHER,push_PIT
75,4,22,43199,1,0.921227753162384,TP,11,track_category_1,-0.12961407005786896,0.12961407005786896,,OTHER,push_NO_PIT
75,4,22,43199,1,0.921227753162384,TP,12,interval,-0.12628528475761414,0.12628528475761414,0.8959999999997308,G_traffic,push_NO_PIT
75,22,28,43519,1,0.9130951762199402,TP,1,race_track,2.920449733734131,6.729727268218994,Russian Grand Prix,G_track,push_PIT
75,22,28,43519,1,0.9130951762199402,TP,2,tcn_proba,4.210005283355713,4.210005283355713,0.8752351999282837,BASE_SIGNALS,push_PIT
75,22,28,43519,1,0.9130951762199402,TP,3,p_xgb,1.4264966249465942,1.4264966249465942,0.8918370604515076,BASE_SIGNALS,push_PIT
75,22,28,43519,1,0.9130951762199402,TP,4,interval,0.6061169505119324,0.6061169505119324,0.0,G_traffic,push_PIT
75,22,28,43519,1,0.9130951762199402,TP,5,current_compound,0.2022942304611206,0.48361310362815857,MEDIUM,G_tyre,push_PIT
75,22,28,43519,1,0.9130951762199402,TP,6,pit_stops_so_far_0,0.23263877630233765,0.23263877630233765,,OTHER,push_PIT
75,22,28,43519,1,0.9130951762199402,TP,7,pit_stops_so_far_4,0.21478614211082458,0.21478614211082458,,OTHER,push_PIT
75,22,28,43519,1,0.9130951762199402,TP,8,fcy_status_4,0.20156864821910858,0.20156864821910858,,OTHER,push_PIT
75,22,28,43519,1,0.9130951762199402,TP,9,p_svm,0.176856130361557,0.176856130361557,0.6933027071122857,BASE_SIGNALS,push_PIT
75,22,28,43519,1,0.9130951762199402,TP,10,position_16,0.11742983758449554,0.11742983758449554,,OTHER,push_PIT
75,22,28,43519,1,0.9130951762199402,TP,11,track_category_1,-0.10910305380821228,0.10910305380821228,,OTHER,push_NO_PIT
75,22,28,43519,1,0.9130951762199402,TP,12,position_18,0.10183709859848022,0.10183709859848022,,OTHER,push_PIT
75,8,36,43370,1,0.8927419781684875,TP,1,race_track,2.8824827671051025,6.7919697761535645,Russian Grand Prix,G_track,push_PIT
75,8,36,43370,1,0.8927419781684875,TP,2,tcn_proba,4.15004825592041,4.15004825592041,0.8666911125183105,BASE_SIGNALS,push_PIT
75,8,36,43370,1,0.8927419781684875,TP,3,p_xgb,1.2576905488967896,1.2576905488967896,0.8048336505889893,BASE_SIGNALS,push_PIT
75,8,36,43370,1,0.8927419781684875,TP,4,interval,0.597661554813385,0.597661554813385,0.0,G_traffic,push_PIT
75,8,36,43370,1,0.8927419781684875,TP,5,current_compound,0.2022942304611206,0.48361310362815857,HARD,G_tyre,push_PIT
75,8,36,43370,1,0.8927419781684875,TP,6,pit_stops_so_far_0,0.23263877630233765,0.23263877630233765,,OTHER,push_PIT
75,8,36,43370,1,0.8927419781684875,TP,7,pit_stops_so_far_4,0.21478614211082458,0.21478614211082458,,OTHER,push_PIT
75,8,36,43370,1,0.8927419781684875,TP,8,p_svm,0.20470526814460754,0.20470526814460754,0.8038837424263541,BASE_SIGNALS,push_PIT
75,8,36,43370,1,0.8927419781684875,TP,9,fcy_status_4,0.20156864821910858,0.20156864821910858,,OTHER,push_PIT
75,8,36,43370,1,0.8927419781684875,TP,10,p_ann,-0.13607151806354523,0.13607151806354523,0.3364836573600769,BASE_SIGNALS,push_NO_PIT
75,8,36,43370,1,0.8927419781684875,TP,11,tyre_change_pursuer_1,0.11703077703714371,0.11703077703714371,,OTHER,push_PIT
75,8,36,43370,1,0.8927419781684875,TP,12,position_16,0.11469192802906036,0.11469192802906036,,OTHER,push_PIT
75,11,36,43422,1,0.8747727870941162,TP,1,race_track,2.9881765842437744,6.902230262756348,Russian Grand Prix,G_track,push_PIT
75,11,36,43422,1,0.8747727870941162,TP,2,tcn_proba,4.105147838592529,4.105147838592529,0.861814558506012,BASE_SIGNALS,push_PIT
75,11,36,43422,1,0.8747727870941162,TP,3,p_xgb,1.1676429510116577,1.1676429510116577,0.7868925333023071,BASE_SIGNALS,push_PIT
75,11,36,43422,1,0.8747727870941162,TP,4,current_compound,0.18380475044250488,0.46512362360954285,HARD,G_tyre,push_PIT
75,11,36,43422,1,0.8747727870941162,TP,5,pit_stops_so_far_0,0.23263877630233765,0.23263877630233765,,OTHER,push_PIT
75,11,36,43422,1,0.8747727870941162,TP,6,pit_stops_so_far_4,0.21478614211082458,0.21478614211082458,,OTHER,push_PIT
75,11,36,43422,1,0.8747727870941162,TP,7,fcy_status_4,0.20156864821910858,0.20156864821910858,,OTHER,push_PIT
75,11,36,43422,1,0.8747727870941162,TP,8,position_18,0.18695028126239777,0.18695028126239777,,OTHER,push_PIT
75,11,36,43422,1,0.8747727870941162,TP,9,interval,-0.13325875997543335,0.13325875997543335,1.3849999999993088,G_traffic,push_NO_PIT
75,11,36,43422,1,0.8747727870941162,TP,10,p_svm,0.12622159719467163,0.12622159719467163,0.9219338904376637,BASE_SIGNALS,push_PIT
75,11,36,43422,1,0.8747727870941162,TP,11,tyre_change_pursuer_1,0.11703077703714371,0.11703077703714371,,OTHER,push_PIT
75,11,36,43422,1,0.8747727870941162,TP,12,position_16,0.11469192802906036,0.11469192802906036,,OTHER,push_PIT
75,6,14,43296,1,0.7003780007362366,TP,1,race_track,2.7823445796966553,6.2118635177612305,Russian Grand Prix,G_track,push_PIT
75,6,14,43296,1,0.7003780007362366,TP,2,tcn_proba,2.7433552742004395,2.7433552742004395,0.8038265109062195,BASE_SIGNALS,push_PIT
75,6,14,43296,1,0.7003780007362366,TP,3,p_xgb,1.214205265045166,1.214205265045166,0.515191912651062,BASE_SIGNALS,push_PIT
75,6,14,43296,1,0.7003780007362366,TP,4,current_compound,0.08762191236019135,0.5838221311569214,MEDIUM,G_tyre,push_PIT
75,6,14,43296,1,0.7003780007362366,TP,5,tyre_age,0.31175661087036133,0.31175661087036133,14.0,G_tyre,push_PIT
75,6,14,43296,1,0.7003780007362366,TP,6,track_category_1,-0.2927114963531494,0.2927114963531494,,OTHER,push_NO_PIT
75,6,14,43296,1,0.7003780007362366,TP,7,lapno,-0.2369108349084854,0.2369108349084854,14,G_race_phase,push_NO_PIT
75,6,14,43296,1,0.7003780007362366,TP,8,fcy_status_4,0.23000313341617584,0.23000313341617584,,OTHER,push_PIT
75,6,14,43296,1,0.7003780007362366,TP,9,pit_stops_so_far_4,0.21478614211082458,0.21478614211082458,,OTHER,push_PIT
75,6,14,43296,1,0.7003780007362366,TP,10,position_18,0.146453395485878,0.146453395485878,,OTHER,push_PIT
75,6,14,43296,1,0.7003780007362366,TP,11,lap_time,-0.13923859596252441,0.13923859596252441,108.223,G_pace,push_NO_PIT
75,6,14,43296,1,0.7003780007362366,TP,12,pit_stops_so_far_0,0.12923210859298706,0.12923210859298706,,OTHER,push_PIT
75,5,28,43257,1,0.6926759481430054,TP,1,race_track,2.77822208404541,6.9207763671875,Russian Grand Prix,G_track,push_PIT
75,5,28,43257,1,0.6926759481430054,TP,2,tcn_proba,2.6782524585723877,2.6782524585723877,0.8066907525062561,BASE_SIGNALS,push_PIT
75,5,28,43257,1,0.6926759481430054,TP,3,p_xgb,1.386618971824646,1.386618971824646,0.6274989247322083,BASE_SIGNALS,push_PIT
75,5,28,43257,1,0.6926759481430054,TP,4,current_compound,0.18175718188285828,0.49263453483581543,HARD,G_tyre,push_PIT
75,5,28,43257,1,0.6926759481430054,TP,5,fcy_status_4,0.25283268094062805,0.25283268094062805,,OTHER,push_PIT
75,5,28,43257,1,0.6926759481430054,TP,6,pit_stops_so_far_4,0.21478614211082458,0.21478614211082458,,OTHER,push_PIT
75,5,28,43257,1,0.6926759481430054,TP,7,position_18,0.21351857483386993,0.21351857483386993,,OTHER,push_PIT
75,5,28,43257,1,0.6926759481430054,TP,8,pit_stops_so_far_0,0.19696223735809326,0.19696223735809326,,OTHER,push_PIT
75,5,28,43257,1,0.6926759481430054,TP,9,interval,-0.1409999579191208,0.1409999579191208,1.3279999999995198,G_traffic,push_NO_PIT
75,5,28,43257,1,0.6926759481430054,TP,10,track_category_1,-0.13821828365325928,0.13821828365325928,,OTHER,push_NO_PIT
75,5,28,43257,1,0.6926759481430054,TP,11,position_16,0.11742983758449554,0.11742983758449554,,OTHER,push_PIT
75,5,28,43257,1,0.6926759481430054,TP,12,p_svm,0.10329744219779968,0.10329744219779968,0.28551078322141316,BASE_SIGNALS,push_PIT
75,25,13,43557,1,0.6759709715843201,TP,1,race_track,2.6707143783569336,5.988648891448975,Russian Grand Prix,G_track,push_PIT
75,25,13,43557,1,0.6759709715843201,TP,2,tcn_proba,2.3050708770751953,2.3050708770751953,0.7848357558250427,BASE_SIGNALS,push_PIT
75,25,13,43557,1,0.6759709715843201,TP,3,p_xgb,1.394648551940918,1.394648551940918,0.6485926508903503,BASE_SIGNALS,push_PIT
75,25,13,43557,1,0.6759709715843201,TP,4,current_compound,0.06425893306732178,0.6071851253509521,MEDIUM,G_tyre,push_PIT
75,25,13,43557,1,0.6759709715843201,TP,5,tyre_age,0.32922524213790894,0.32922524213790894,13.0,G_tyre,push_PIT
75,25,13,43557,1,0.6759709715843201,TP,6,track_category_1,-0.3009072542190552,0.3009072542190552,,OTHER,push_NO_PIT
75,25,13,43557,1,0.6759709715843201,TP,7,position_18,0.23156656324863434,0.23156656324863434,,OTHER,push_PIT
75,25,13,43557,1,0.6759709715843201,TP,8,fcy_status_4,0.23000313341617584,0.23000313341617584,,OTHER,push_PIT
75,25,13,43557,1,0.6759709715843201,TP,9,pit_stops_so_far_4,0.21478614211082458,0.21478614211082458,,OTHER,push_PIT
75,25,13,43557,1,0.6759709715843201,TP,10,interval,-0.1831514835357666,0.1831514835357666,1.318000000000211,G_traffic,push_NO_PIT
75,25,13,43557,1,0.6759709715843201,TP,11,lap_time,-0.15315687656402588,0.15315687656402588,106.855,G_pace,push_NO_PIT
75,25,13,43557,1,0.6759709715843201,TP,12,p_svm,-0.1529361754655838,0.1529361754655838,0.023934547155074162,BASE_SIGNALS,push_NO_PIT
75,19,15,43453,1,0.4992923140525818,FN,1,race_track,2.6636528968811035,6.2588934898376465,Russian Grand Prix,G_track,push_PIT
75,19,15,43453,1,0.4992923140525818,FN,2,tcn_proba,1.5706257820129395,1.5706257820129395,0.7034334540367126,BASE_SIGNALS,push_PIT
75,19,15,43453,1,0.4992923140525818,FN,3,p_xgb,1.5376667976379395,1.5376667976379395,0.6235725283622742,BASE_SIGNALS,push_PIT
75,19,15,43453,1,0.4992923140525818,FN,4,current_compound,0.16338564455509186,0.48606371879577637,MEDIUM,G_tyre,push_PIT
75,19,15,43453,1,0.4992923140525818,FN,5,tyre_age,0.2992754578590393,0.2992754578590393,15.0,G_tyre,push_PIT
75,19,15,43453,1,0.4992923140525818,FN,6,track_category_1,-0.259257435798645,0.259257435798645,,OTHER,push_NO_PIT
75,19,15,43453,1,0.4992923140525818,FN,7,fcy_status_4,0.23000313341617584,0.23000313341617584,,OTHER,push_PIT
75,19,15,43453,1,0.4992923140525818,FN,8,pit_stops_so_far_4,0.21478614211082458,0.21478614211082458,,OTHER,push_PIT
75,19,15,43453,1,0.4992923140525818,FN,9,lapno,-0.2040313333272934,0.2040313333272934,15,G_race_phase,push_NO_PIT
75,19,15,43453,1,0.4992923140525818,FN,10,pit_stops_so_far_0,0.12923210859298706,0.12923210859298706,,OTHER,push_PIT
75,19,15,43453,1,0.4992923140525818,FN,11,position_18,0.1284053772687912,0.1284053772687912,,OTHER,push_PIT
75,19,15,43453,1,0.4992923140525818,FN,12,lap_time,-0.1254788041114807,0.1254788041114807,106.725,G_pace,push_NO_PIT
75,3,26,43151,1,0.4609130322933197,FN,1,race_track,3.0048105716705322,6.491182804107666,Russian Grand Prix,G_track,push_PIT
75,3,26,43151,1,0.4609130322933197,FN,2,tcn_proba,1.9813086986541748,1.9813086986541748,0.7748649716377258,BASE_SIGNALS,push_PIT
75,3,26,43151,1,0.4609130322933197,FN,3,p_xgb,1.478853702545166,1.478853702545166,0.7708498239517212,BASE_SIGNALS,push_PIT
75,3,26,43151,1,0.4609130322933197,FN,4,current_compound,0.11441394686698914,0.5567680597305298,HARD,G_tyre,push_PIT
75,3,26,43151,1,0.4609130322933197,FN,5,track_category_1,-0.2752443552017212,0.2752443552017212,,OTHER,push_NO_PIT
75,3,26,43151,1,0.4609130322933197,FN,6,lap_time,-0.25100943446159363,0.25100943446159363,105.393,G_pace,push_NO_PIT
75,3,26,43151,1,0.4609130322933197,FN,7,position_18,0.2402639538049698,0.2402639538049698,,OTHER,push_PIT
75,3,26,43151,1,0.4609130322933197,FN,8,pit_stops_so_far_4,0.21478614211082458,0.21478614211082458,,OTHER,push_PIT
75,3,26,43151,1,0.4609130322933197,FN,9,pit_stops_so_far_0,0.2011985331773758,0.2011985331773758,,OTHER,push_PIT
75,3,26,43151,1,0.4609130322933197,FN,10,fcy_status_4,0.1833304762840271,0.1833304762840271,,OTHER,push_PIT
75,3,26,43151,1,0.4609130322933197,FN,11,p_ann,-0.15505796670913696,0.15505796670913696,0.2339853048324585,BASE_SIGNALS,push_NO_PIT
75,3,26,43151,1,0.4609130322933197,FN,12,p_svm,-0.12584245204925537,0.12584245204925537,0.06825379018911372,BASE_SIGNALS,push_NO_PIT
75,19,47,43485,1,0.04341375455260277,FN,1,race_track,2.8513498306274414,7.488065719604492,Russian Grand Prix,G_track,push_PIT
75,19,47,43485,1,0.04341375455260277,FN,2,current_compound,0.5537910461425781,0.5633605718612671,HARD,G_tyre,push_PIT
75,19,47,43485,1,0.04341375455260277,FN,3,p_svm,0.5208601951599121,0.5208601951599121,0.7880598628332319,BASE_SIGNALS,push_PIT
75,19,47,43485,1,0.04341375455260277,FN,4,position_18,0.5108479261398315,0.5108479261398315,,OTHER,push_PIT
75,19,47,43485,1,0.04341375455260277,FN,5,p_xgb,0.4203604459762573,0.4203604459762573,0.020687434822320938,BASE_SIGNALS,push_PIT
75,19,47,43485,1,0.04341375455260277,FN,6,pit_stops_so_far_4,0.4122057855129242,0.4122057855129242,,OTHER,push_PIT
75,19,47,43485,1,0.04341375455260277,FN,7,tcn_proba,-0.3692318797111511,0.3692318797111511,0.20981313288211823,BASE_SIGNALS,push_NO_PIT
75,19,47,43485,1,0.04341375455260277,FN,8,fcy_status_4,0.27085253596305847,0.27085253596305847,,OTHER,push_PIT
75,19,47,43485,1,0.04341375455260277,FN,9,p_rf,0.2693607211112976,0.2693607211112976,0.0420184598744413,BASE_SIGNALS,push_PIT
75,19,47,43485,1,0.04341375455260277,FN,10,lap_time,0.23723629117012024,0.23723629117012024,118.451,G_pace,push_PIT
75,19,47,43485,1,0.04341375455260277,FN,11,track_category_1,-0.16145238280296326,0.16145238280296326,,OTHER,push_NO_PIT
75,19,47,43485,1,0.04341375455260277,FN,12,interval,-0.1541644185781479,0.1541644185781479,1.0309999999990396,G_traffic,push_NO_PIT
75,22,51,43542,1,0.02955109439790249,FN,1,race_track,3.5346884727478027,9.33800220489502,Russian Grand Prix,G_track,push_PIT
75,22,51,43542,1,0.02955109439790249,FN,2,lap_time,2.036839485168457,2.036839485168457,,G_pace,push_PIT
75,22,51,43542,1,0.02955109439790249,FN,3,p_xgb,-0.938027024269104,0.938027024269104,0.0030033120419830084,BASE_SIGNALS,push_NO_PIT
75,22,51,43542,1,0.02955109439790249,FN,4,tcn_proba,-0.641234815120697,0.641234815120697,0.00845023151487112,BASE_SIGNALS,push_NO_PIT
75,22,51,43542,1,0.02955109439790249,FN,5,current_compound,0.47681885957717896,0.4985951781272888,HARD,G_tyre,push_PIT
75,22,51,43542,1,0.02955109439790249,FN,6,position_18,0.44987279176712036,0.44987279176712036,,OTHER,push_PIT
75,22,51,43542,1,0.02955109439790249,FN,7,pit_stops_so_far_4,0.3609043061733246,0.3609043061733246,,OTHER,push_PIT
75,22,51,43542,1,0.02955109439790249,FN,8,track_category_1,-0.3358083665370941,0.3358083665370941,,OTHER,push_NO_PIT
75,22,51,43542,1,0.02955109439790249,FN,9,p_rf,0.3227207064628601,0.3227207064628601,0.023646296169521484,BASE_SIGNALS,push_PIT
75,22,51,43542,1,0.02955109439790249,FN,10,p_svm,0.24432985484600067,0.24432985484600067,0.00010773137977694806,BASE_SIGNALS,push_PIT
75,22,51,43542,1,0.02955109439790249,FN,11,race_progress,0.23139458894729614,0.23139458894729614,0.9622641509433962,G_race_phase,push_PIT
75,22,51,43542,1,0.02955109439790249,FN,12,fcy_status_4,0.1864917129278183,0.1864917129278183,,OTHER,push_PIT
75,25,47,43591,1,0.016705088317394257,FN,1,race_track,2.804783821105957,7.381046295166016,Russian Grand Prix,G_track,push_PIT
75,25,47,43591,1,0.016705088317394257,FN,2,pit_stops_so_far_4,0.6484427452087402,0.6484427452087402,,OTHER,push_PIT
75,25,47,43591,1,0.016705088317394257,FN,3,tcn_proba,-0.6354369521141052,0.6354369521141052,0.10022453963756561,BASE_SIGNALS,push_NO_PIT
75,25,47,43591,1,0.016705088317394257,FN,4,current_compound,0.5584229230880737,0.5731238126754761,HARD,G_tyre,push_PIT
75,25,47,43591,1,0.016705088317394257,FN,5,position_18,0.46229004859924316,0.46229004859924316,,OTHER,push_PIT
75,25,47,43591,1,0.016705088317394257,FN,6,p_xgb,0.3523576259613037,0.3523576259613037,0.015865644440054893,BASE_SIGNALS,push_PIT
75,25,47,43591,1,0.016705088317394257,FN,7,p_rf,0.2950582802295685,0.2950582802295685,0.04029558322692508,BASE_SIGNALS,push_PIT
75,25,47,43591,1,0.016705088317394257,FN,8,fcy_status_4,0.26939380168914795,0.26939380168914795,,OTHER,push_PIT
75,25,47,43591,1,0.016705088317394257,FN,9,lap_time,0.24266669154167175,0.24266669154167175,118.652,G_pace,push_PIT
75,25,47,43591,1,0.016705088317394257,FN,10,track_category_1,-0.21917051076889038,0.21917051076889038,,OTHER,push_NO_PIT
75,25,47,43591,1,0.016705088317394257,FN,11,race_progress,0.17039480805397034,0.17039480805397034,0.8867924528301887,G_race_phase,push_PIT
75,25,47,43591,1,0.016705088317394257,FN,12,tyre_change_pursuer_1,0.11321158707141876,0.11321158707141876,,OTHER,push_PIT
75,5,47,43276,1,0.01495214831084013,FN,1,race_track,3.0856003761291504,7.147542476654053,Russian Grand Prix,G_track,push_PIT
75,5,47,43276,1,0.01495214831084013,FN,2,tcn_proba,-0.7234089970588684,0.7234089970588684,0.0733087807893753,BASE_SIGNALS,push_NO_PIT
75,5,47,43276,1,0.01495214831084013,FN,3,pit_stops_so_far_4,0.6484427452087402,0.6484427452087402,,OTHER,push_PIT
75,5,47,43276,1,0.01495214831084013,FN,4,current_compound,0.4714581072330475,0.4911055266857147,MEDIUM,G_tyre,push_PIT
75,5,47,43276,1,0.01495214831084013,FN,5,position_18,0.4222404956817627,0.4222404956817627,,OTHER,push_PIT
75,5,47,43276,1,0.01495214831084013,FN,6,p_rf,0.37210407853126526,0.37210407853126526,0.028961554281216325,BASE_SIGNALS,push_PIT
75,5,47,43276,1,0.01495214831084013,FN,7,p_xgb,0.3536195755004883,0.3536195755004883,0.012352569960057735,BASE_SIGNALS,push_PIT
75,5,47,43276,1,0.01495214831084013,FN,8,track_category_1,-0.3245497941970825,0.3245497941970825,,OTHER,push_NO_PIT
75,5,47,43276,1,0.01495214831084013,FN,9,fcy_status_4,0.23576289415359497,0.23576289415359497,,OTHER,push_PIT
75,5,47,43276,1,0.01495214831084013,FN,10,lap_time,0.23415866494178772,0.23415866494178772,116.105,G_pace,push_PIT
75,5,47,43276,1,0.01495214831084013,FN,11,tyre_age,0.22190415859222412,0.22190415859222412,19.0,G_tyre,push_PIT
75,5,47,43276,1,0.01495214831084013,FN,12,lapno,0.15394246578216553,0.15394246578216553,47,G_race_phase,push_PIT
